val_fmap/animals/fmap_hks_wks/diag_ratio,trainer/global_step,val_fmap/animals/fmap_hks_wks/biject_error,val_fmap/animals/eval_B/lambda_10,val_fmap/animals/eval_A/lambda_10,val_fmap/animals/spectral_nn/ortho_error,val_fmap/animals/fmap_hks_wks/geo_at_25pct,_step,val_fmap/animals/eval_B/lambda_50,val_fmap/animals/spectral_nn/mean_error,val_fmap/animals/fmap_hks_wks/mean_error,val_fmap/animals/fmap_hks_wks/geo_mean_error,val_fmap/animals/fmap_hks_wks/accuracy,val_fmap/animals/spectral_nn/geo_at_25pct,val_fmap/animals/fmap_hks_wks/geo_at_05pct,val_fmap/animals/eval_A/lambda_50,val_fmap/animals/eval_B/lambda_max,_runtime,val_fmap/animals/fmap_hks_wks/top5_acc,val_fmap/animals/fmap_hks_wks/ortho_error,val_fmap/animals/fmap_hks_wks/median_error,val_fmap/animals/eval_A/lambda_mean,val_fmap/animals/spectral_nn/biject_error,val_fmap/animals/spectral_nn/accuracy,val_fmap/animals/eval_A/lambda_01,val_fmap/animals/spectral_nn/geo_at_10pct,val_fmap/animals/spectral_nn/top5_acc,val_fmap/animals/fmap_hks_wks/geomfum_accuracy,val_fmap/animals/spectral_nn/geo_at_01pct,epoch,val_fmap/animals/eval_B/lambda_01,val_fmap/geo@5%,val_fmap/animals/eval_A/lambda_20,val_fmap/animals/spectral_nn/top10_acc,val_fmap/animals/eval_A/lambda_100,val_fmap/animals/spectral_nn/top3_acc,val_fmap/animals/eval_A/lambda_max,val_fmap/animals/spectral_nn/diag_ratio,val_fmap/animals/eval_B/lambda_mean,val_fmap/animals/fmap_hks_wks/top3_acc,val_fmap/animals/eval_B/lambda_100,val_fmap/animals/spectral_nn/geo_at_05pct,val_fmap/animals/spectral_nn/geo_mean_error,val_fmap/animals/fmap_hks_wks/geo_at_01pct,val_fmap/animals/eval_A/lambda_05,val_fmap/animals/spectral_nn/median_error,_timestamp,val_fmap/animals/fmap_hks_wks/corr_error,val_fmap/animals/fmap_hks_wks/geo_at_10pct,val_fmap/animals/spectral_nn/corr_error,val_fmap/animals/eval_B/lambda_05,val_fmap/animals/eval_B/lambda_20,val_fmap/animals/fmap_hks_wks/top10_acc,train/stiffness_max,train/stiffness_area_ratio_mean,train/stiffness_std,train/area_std,train/area_mean,train/LogAreaSupervisionLoss,train/stiffness_mean,train/cosine_similarity,train/loss,train/GeneralizedLaplacianTestLoss,train/mcv_magnitude_std,train/stiffness_area_ratio_std,train/GradientL2RegularizationLoss,train/encoder_weight_norm,train/mcv_magnitude_mean,train/GeneralizedGradientSupervisionLoss
0.13806985318660736,2,18.378080368041992,0.23392345011234283,0.24746763706207275,6.908176898956299,0.4353249669075012,0,1.5245369672775269,0.021459920331835747,0.22768685221672058,0.39140236377716064,0.0022312498185783625,0.994112491607666,0.10205625742673874,1.6060724258422852,2.6297054290771484,250.548352743,0.011043749749660492,18.378080368041992,0.19612810015678406,1.5085679292678833,6.908176898956299,0.09401874989271164,5.0198560586078855e-17,0.9679561853408813,0.3055562674999237,0.003393750172108412,0.1867000013589859,0,2.7701365507004638e-17,0.8181375861167908,0.6229433417320251,0.4488687515258789,2.7449498176574707,0.21697498857975006,2.7449498176574707,0.12235784530639648,1.4412293434143066,0.007037498988211155,2.6297054290771484,0.8181375861167908,0.033559318631887436,0.005906249862164259,0.07498735934495926,0.01787344180047512,1776422718.7708397,12.773534774780273,0.2641562521457672,12.877098083496094,0.07122933864593506,0.5838677287101746,0.020600000396370888,,,,,,,,,,,,,,,,
,2,,,,,,1,,,,,,,,,,251.832286249,,,,,,,,,,,,0,,,,,,,,,,,,,,,,,1776422720.0566452,,,,,,,0.19004827737808228,0.04615861177444458,0.01810429058969021,0.41148531436920166,6.5274834632873535,33.772605895996094,0.01682152785360813,0.2978825271129608,56.81559753417969,16.815778732299805,0.010443792678415775,0.016517244279384613,0.01682152785360813,48.02541732788086,0.013225888833403587,6.227196216583252
0.14736008644104004,5,15.512207984924316,0.22110506892204285,0.22665561735630035,7.039353370666504,0.4468500316143036,2,1.4292354583740234,0.022361647337675095,0.2114066779613495,0.36986830830574036,0.0024187499657273293,0.9941312074661255,0.09565624594688416,1.4816521406173706,2.4507455825805664,339.1674797,0.011318749748170376,15.512207984924316,0.17702914774417877,1.3929816484451294,7.039353370666504,0.08775624632835388,7.432205892388133e-17,0.9654125571250916,0.2884812653064728,0.002987500047311187,0.17446249723434448,1,2.211772431870429e-17,0.80078125,0.5787221789360046,0.4280562400817871,2.536562204360962,0.20413753390312195,2.536562204360962,0.12127477675676346,1.3500367403030396,0.006987500470131636,2.4507455825805664,0.80078125,0.034940626472234726,0.0060812500305473804,0.0693168044090271,0.01865953765809536,1776422807.3899648,12.63787841796875,0.2602812349796295,12.83005428314209,0.06540543586015701,0.5532482266426086,0.021018747240304947,,,,,,,,,,,,,,,,
,5,,,,,,3,,,,,,,,,,340.358389923,,,,,,,,,,,,1,,,,,,,,,,,,,,,,,1776422808.5828383,,,,,,,0.15814408659934998,0.029411617666482925,0.013173568993806839,0.3793579638004303,5.885887622833252,32.623626708984375,0.009537155739963055,0.29463905096054077,55.18479919433594,16.8284969329834,0.0076080975122749805,0.01602843403816223,0.009537155739963055,48.0258903503418,0.008904031477868557,5.732668876647949
0.141013965010643,8,18.66619300842285,0.22032305598258972,0.21857009828090668,7.036192893981934,0.46117499470710754,4,1.418050765991211,0.02342475764453411,0.2184140682220459,0.3737294673919678,0.0021437499672174454,0.9938374161720276,0.09188748896121979,1.4486303329467773,2.4065234661102295,426.487149421,0.010887499898672104,18.66619300842285,0.19190290570259094,1.3529021739959717,7.036192893981934,0.07991249114274979,-8.131516293641283e-19,0.9617500305175781,0.2695874869823456,0.003481250023469329,0.16094374656677246,2,4.640385298237959e-17,0.7850437164306641,0.5686333179473877,0.40601250529289246,2.4450998306274414,0.18965625762939453,2.4450998306274414,0.11936245858669281,1.333706021308899,0.006612501107156277,2.4065234661102295,0.7850437164306641,0.036485705524683,0.005600000731647015,0.06497228890657425,0.0194114800542593,1776422894.7097538,12.717337608337402,0.25863125920295715,12.732076644897461,0.060886118561029434,0.5536017417907715,0.020349999889731407,,,,,,,,,,,,,,,,
,8,,,,,,5,,,,,,,,,,427.762890447,,,,,,,,,,,,2,,,,,,,,,,,,,,,,,1776422895.9875443,,,,,,,0.14577972888946533,0.027102772146463394,0.011456134729087353,0.3550911545753479,5.334022045135498,31.560367584228516,0.007986159063875675,0.3114602267742157,53.68993377685547,16.822282791137695,0.007033766247332096,0.016328444704413414,0.007986160926520824,48.02650833129883,0.0067014615051448345,5.307278156280518
0.13297484815120697,11,13.781448364257812,0.2625649869441986,0.26618191599845886,6.922351360321045,0.4729125201702118,6,1.742966890335083,0.023072930052876472,0.20898543298244476,0.36100661754608154,0.0024625000078231096,0.99423748254776,0.0972374975681305,1.8034181594848633,2.9771904945373535,514.980586921,0.011518750339746475,13.781448364257812,0.1771300733089447,1.6869142055511475,6.922351360321045,0.08171875029802322,6.646159317336142e-17,0.9634062051773071,0.2733062505722046,0.00374374957755208,0.1639374941587448,3,-6.0173220572945496e-18,0.7889062166213989,0.6988853812217712,0.41016870737075806,3.053478717803955,0.1921437680721283,3.053478717803955,0.11949760466814041,1.6435582637786865,0.006962500046938658,2.9771904945373535,0.7889062166213989,0.03599291667342186,0.0061874995008111,0.07768550515174866,0.019180534407496452,1776422983.203181,12.40939998626709,0.2720312774181366,12.693726539611816,0.07139932364225388,0.6771764755249023,0.02083124965429306,,,,,,,,,,,,,,,,
,11,,,,,,7,,,,,,,,,,536.185214355,,,,,,,,,,,,3,,,,,,,,,,,,,,,,,1776423004.4090807,,,,,,,0.1635374128818512,0.028504645451903343,0.011724094860255718,0.3432314991950989,4.824649810791016,30.485647201538086,0.007644689176231623,0.3164428770542145,52.181427001953125,16.822864532470703,0.008487512357532978,0.01864428073167801,0.007644689176231623,48.027339935302734,0.0067129312083125114,4.872905731201172
0.13431531190872192,14,14.097480773925781,0.32223740220069885,0.33889883756637573,6.8335490226745605,0.4566125273704529,8,2.214369058609009,0.022315649315714836,0.213828906416893,0.3674722909927368,0.0027000000700354576,0.9944186806678772,0.09882499277591705,2.3299243450164795,3.8376450538635254,621.871371719,0.011124999262392521,14.097480773925781,0.17925307154655457,2.1946771144866943,6.8335490226745605,0.08423750847578049,-1.1384122811097797e-17,0.9647561311721802,0.28241875767707825,0.0032937503419816494,0.1727437674999237,4,2.813504637599884e-17,0.8014875054359436,0.8938480019569397,0.4253687560558319,3.983083486557007,0.19913747906684875,3.983083486557007,0.12304907292127609,2.1043622493743896,0.007256250362843275,3.8376450538635254,0.8014875054359436,0.03489670529961586,0.006493750493973494,0.10038161277770996,0.01853996515274048,1776423090.0939865,12.373167991638184,0.26399996876716614,12.783560752868652,0.09159035980701447,0.8517699241638184,0.02043749950826168,,,,,,,,,,,,,,,,
,14,,,,,,9,,,,,,,,,,623.173515738,,,,,,,,,,,,4,,,,,,,,,,,,,,,,,1776423091.3978455,,,,,,,0.15397757291793823,0.03300853446125984,0.011988497339189053,0.33105921745300293,4.335178852081299,29.36037826538086,0.007934250868856907,0.3069305121898651,50.72999954223633,16.827796936035156,0.0099239656701684,0.022071344777941704,0.007934250868856907,48.02838897705078,0.00886446051299572,4.54181432723999
0.14358927309513092,17,14.76896858215332,0.4277772605419159,0.4510634243488312,6.727756500244141,0.468356192111969,10,2.998838186264038,0.021588174626231194,0.2091977447271347,0.3661990761756897,0.002306249924004078,0.9944313764572144,0.09532500058412552,3.1713457107543945,5.2534565925598145,708.753844506,0.009812500327825546,14.76896858215332,0.16999830305576324,3.0047953128814697,6.727756500244141,0.08944375067949295,9.150666335777657e-17,0.9655374884605408,0.2987000048160553,0.003568749874830246,0.18274375796318054,5,4.0766001685454967e-17,0.8137063384056091,1.1975051164627075,0.4438374638557434,5.509685039520264,0.2126375138759613,5.509685039520264,0.12396663427352905,2.8600404262542725,0.006093749776482582,5.2534565925598145,0.8137063384056091,0.033869668841362,0.0056625003926455975,0.13426919281482697,0.017828984186053276,1776423176.9765296,12.431985855102539,0.2602812349796295,12.886786460876465,0.12242726981639862,1.1347103118896484,0.01861250214278698,,,,,,,,,,,,,,,,
,17,,,,,,11,,,,,,,,,,709.88180032,,,,,,,,,,,,5,,,,,,,,,,,,,,,,,1776423178.1063488,,,,,,,0.17003272473812103,0.04282967373728752,0.012896465137600899,0.3019891083240509,3.8256564140319824,28.07673454284668,0.008996434509754181,0.30857113003730774,49.24603271484375,16.821290969848633,0.012113221921026707,0.027936004102230072,0.008996434509754181,48.0295295715332,0.011920814402401447,4.347996234893799
0.15088719129562378,20,14.78082275390625,0.5531283020973206,0.5958395004272461,6.621659278869629,0.456012487411499,12,3.9421350955963135,0.02097211591899395,0.2105914205312729,0.3714919686317444,0.0023250000085681677,0.994575023651123,0.10233749449253082,4.171300411224365,6.9617414474487305,796.881774416,0.010250001214444637,14.78082275390625,0.1773459017276764,3.988960027694702,6.621659278869629,0.09381873905658722,-2.482822974991805e-17,0.9676123857498169,0.3092687427997589,0.003512500086799264,0.1885875165462494,6,7.974306978630885e-17,0.8245750069618225,1.576842188835144,0.4564187526702881,7.340569496154785,0.22078123688697815,7.340569496154785,0.12658089399337769,3.764268398284912,0.006562500260770321,6.9617414474487305,0.8245750069618225,0.032956674695014954,0.005737500265240669,0.1736898273229599,0.01730830781161785,1776423265.1043222,12.423529624938965,0.27054378390312195,12.973410606384277,0.1588992029428482,1.4818867444992065,0.01876875013113022,,,,,,,,,,,,,,,,
,20,,,,,,13,,,,,,,,,,819.028881426,,,,,,,,,,,,6,,,,,,,,,,,,,,,,,1776423287.252873,,,,,,,0.17338620126247406,0.05355937406420708,0.01409750897437334,0.28289178013801575,3.393498420715332,26.880409240722656,0.010010821744799614,0.3094576597213745,47.90583419799805,16.821704864501953,0.015429636463522911,0.034220945090055466,0.010010821744799614,48.030616760253906,0.015505936928093433,4.203707695007324
0.13851763308048248,23,17.167016983032227,0.7254171967506409,0.7829051613807678,6.523067951202393,0.47791245579719543,14,5.204745769500732,0.020424621179699898,0.20471356809139252,0.3620230555534363,0.0024312499444931746,0.9947813749313354,0.10645626485347748,5.540839672088623,9.270137786865234,905.280492245,0.010656250640749931,17.167016983032227,0.16791759431362152,5.3133769035339355,6.523067951202393,0.09716875106096268,2.065405138584886e-16,0.9688624739646912,0.31942498683929443,0.003587499726563692,0.1959562450647354,7,8.53267109746092e-17,0.8328562378883362,2.082517385482788,0.46912500262260437,9.818581581115723,0.22776876389980316,9.818581581115723,0.12914110720157623,4.987269878387451,0.006762500386685133,9.270137786865234,0.8328562378883362,0.032142385840415955,0.006099999416619539,0.22855353355407715,0.01689530909061432,1776423373.5031512,12.546051025390625,0.2872374951839447,12.988679885864258,0.20896901190280914,1.9472239017486572,0.020006252452731133,,,,,,,,,,,,,,,,
,23,,,,,,15,,,,,,,,,,906.523052471,,,,,,,,,,,,7,,,,,,,,,,,,,,,,,1776423374.7476664,,,,,,,0.18475241959095,0.06345371156930923,0.015432989224791527,0.26299938559532166,3.0316286087036133,25.779911041259766,0.010719334706664085,0.3097679913043976,46.71385955810547,16.820655822753906,0.018660370260477066,0.041738275438547134,0.010719334706664085,48.031612396240234,0.019295161589980125,4.113282680511475
0.14492158591747284,26,14.545621871948242,0.9222315549850464,0.9897117018699646,6.486529350280762,0.4598062336444855,16,6.620722770690918,0.020299432799220085,0.20712020993232727,0.36591076850891113,0.002468750113621354,0.9947749376296997,0.10868750512599945,7.043331146240234,11.836823463439941,993.223281216,0.010400000028312206,14.545621871948242,0.171269029378891,6.759830474853516,6.486529350280762,0.0984250009059906,1.9824636723897449e-16,0.9685249924659729,0.32343125343322754,0.002968749962747097,0.1976187378168106,8,-7.106945240642482e-17,0.835206151008606,2.6427385807037354,0.473737508058548,12.510381698608398,0.23169997334480286,12.510381698608398,0.1258898377418518,6.357117652893066,0.006593749392777681,11.836823463439941,0.835206151008606,0.03203967586159706,0.006200000178068876,0.28979790210723877,0.016764037311077118,1776423461.4457498,12.440914154052734,0.272356241941452,13.014473915100098,0.26432955265045166,2.4729039669036865,0.01978749968111515,,,,,,,,,,,,,,,,
,26,,,,,,17,,,,,,,,,,994.505447446,,,,,,,,,,,,8,,,,,,,,,,,,,,,,,1776423462.729748,,,,,,,0.18405042588710785,0.07724238932132721,0.016455097123980522,0.2362624555826187,2.6828372478485107,24.6175479888916,0.01157574076205492,0.30622851848602295,45.46858596801758,16.81929588317871,0.022373095154762268,0.052179157733917236,0.01157574076205492,48.03254699707031,0.023688560351729393,4.03173303604126
0.14293624460697174,29,14.075010299682617,1.1622830629348755,1.241972804069519,6.4276533126831055,0.454143762588501,18,8.369712829589844,0.02022792585194111,0.21013358235359192,0.37345412373542786,0.002343749860301614,0.9947124719619751,0.10351873934268951,8.88425064086914,15.10618782043457,1081.399898626,0.010306250303983688,14.075010299682617,0.17019464075565338,8.558205604553223,6.4276533126831055,0.09970000386238098,1.3021268091550908e-16,0.968887448310852,0.32385626435279846,0.0030812500044703484,0.19920624792575836,9,1.0749864540193776e-16,0.8363062143325806,3.3270726203918457,0.47402501106262207,15.91420841217041,0.2322624921798706,15.91420841217041,0.12637634575366974,8.068617820739746,0.006493750493973494,15.10618782043457,0.8363062143325806,0.03188149631023407,0.00611875019967556,0.36461639404296875,0.016722483560442924,1776423549.6228237,12.421852111816406,0.26522496342658997,13.001388549804688,0.3323248326778412,3.119809865951538,0.019237501546740532,,,,,,,,,,,,,,,,
,29,,,,,,19,,,,,,,,,,1082.624473266,,,,,,,,,,,,9,,,,,,,,,,,,,,,,,1776423550.8491638,,,,,,,0.21776191890239716,0.09356703609228134,0.01799253560602665,0.21468231081962585,2.3710250854492188,23.468997955322266,0.01234359759837389,0.3163394629955292,44.23955154418945,16.811317443847656,0.027481192722916603,0.0674683153629303,0.01234359573572874,48.033363342285156,0.026803141459822655,3.9592278003692627
0.13927637040615082,32,15.093499183654785,1.4448761940002441,1.54801607131958,6.407347679138184,0.4499812424182892,20,10.410659790039062,0.0201632808893919,0.21359919011592865,0.37916040420532227,0.0023250000085681677,0.9947437644004822,0.10343749076128006,11.038097381591797,18.788000106811523,1168.468239277,0.010806248523294926,15.093499183654785,0.18017087876796722,10.649508476257324,6.407347679138184,0.09910625219345093,2.257851024201063e-16,0.9688438177108765,0.3243875205516815,0.003131250152364373,0.19877499341964722,10,4.20724653033e-16,0.836206316947937,4.151120662689209,0.47523123025894165,19.84696388244629,0.23242498934268951,19.84696388244629,0.12858985364437103,10.015088081359863,0.0066312504932284355,18.788000106811523,0.836206316947937,0.03185005486011505,0.006099999416619539,0.45401981472969055,0.016699090600013733,1776423636.6907978,12.629337310791016,0.2610187530517578,13.090950012207031,0.41206902265548706,3.86409592628479,0.01942499913275242,,,,,,,,,,,,,,,,
,32,,,,,,21,,,,,,,,,,1169.689795673,,,,,,,,,,,,10,,,,,,,,,,,,,,,,,1776423637.914244,,,,,,,0.22482915222644806,0.1104496642947197,0.01918938383460045,0.19544440507888794,2.1012463569641113,22.37782096862793,0.01293118204921484,0.3175376355648041,43.09327697753906,16.81298828125,0.03362073004245758,0.08475498110055923,0.01293118204921484,48.03411865234375,0.03070494905114174,3.9024593830108643
0.14498549699783325,35,18.318641662597656,1.7748901844024658,1.8970812559127808,6.395714282989502,0.44286873936653137,22,12.782064437866211,0.02013826183974743,0.2161170393228531,0.3845358192920685,0.002456249902024865,0.9947624802589417,0.10190624743700027,13.54240608215332,23.13731575012207,1256.706280997,0.009975000284612179,18.318641662597656,0.17993725836277008,13.084953308105469,6.395714282989502,0.09906875342130661,3.5236570605778894e-16,0.9690999984741211,0.32256248593330383,0.003393750172108412,0.19866250455379486,11,1.3417001884508117e-16,0.8362687826156616,5.094255447387695,0.4744186997413635,24.398500442504883,0.23128126561641693,24.398500442504883,0.13030552864074707,12.307333946228027,0.0062937503680586815,23.13731575012207,0.8362687826156616,0.031831253319978714,0.005849999375641346,0.5558795928955078,0.016701320186257362,1776423724.9282832,12.699262619018555,0.2557874917984009,13.045717239379883,0.5030255317687988,4.732244491577148,0.018456250429153442,,,,,,,,,,,,,,,,
,35,,,,,,23,,,,,,,,,,1257.871900856,,,,,,,,,,,,11,,,,,,,,,,,,,,,,,1776423726.095964,,,,,,,0.24540948867797852,0.1321699023246765,0.020922835916280746,0.17766714096069336,1.8592134714126587,21.31039047241211,0.013638011179864407,0.31707900762557983,41.97959899902344,16.812761306762695,0.041473858058452606,0.10856860876083374,0.013638011179864407,48.034812927246094,0.03744078055024147,3.856436252593994
0.15133850276470184,38,17.073030471801758,2.1480023860931396,2.282559633255005,6.380248546600342,0.43971875309944153,24,15.462104797363281,0.020052829757332802,0.21578334271907806,0.3843197524547577,0.002281250199303031,0.9948000311851501,0.10240625590085983,16.38188934326172,28.19239616394043,1345.550091769,0.009893749840557575,17.073030471801758,0.17861701548099518,15.851433753967285,6.380248546600342,0.09989999979734421,6.776805679120645e-16,0.9694499969482422,0.3243562877178192,0.0031250002793967724,0.19934377074241638,12,1.8404331877941438e-16,0.8374749422073364,6.130508899688721,0.4767312705516815,29.700105667114258,0.2325812429189682,29.700105667114258,0.13010571897029877,14.947089195251465,0.006312500219792128,28.19239616394043,0.8374749422073364,0.031695231795310974,0.0063375006429851055,0.6676489114761353,0.016672050580382347,1776423813.7724833,12.509298324584961,0.2522062361240387,13.04301643371582,0.6046028137207031,5.734150409698486,0.018950000405311584,,,,,,,,,,,,,,,,
,38,,,,,,25,,,,,,,,,,1346.704524621,,,,,,,,,,,,12,,,,,,,,,,,,,,,,,1776423814.929076,,,,,,,0.2707357704639435,0.15676374733448029,0.022907350212335587,0.16051414608955383,1.661319613456726,20.3460693359375,0.014505806379020214,0.31502628326416016,40.96923828125,16.806941986083984,0.05095324665307999,0.13513155281543732,0.014505806379020214,48.0354118347168,0.042577486485242844,3.8162195682525635
0.1490948647260666,41,17.929914474487305,2.5903303623199463,2.7571892738342285,6.377624034881592,0.43799376487731934,26,18.62004280090332,0.02004189044237137,0.21615716814994812,0.37918293476104736,0.002125000348314643,0.9948562979698181,0.09578751027584076,19.748136520385742,34.009639739990234,1433.377964005,0.009687499143183231,17.929914474487305,0.1802513301372528,19.131681442260742,6.377624034881592,0.09947499632835388,4.46528664738155e-16,0.9696875214576721,0.3244312107563019,0.0027375000063329935,0.20009997487068176,13,5.224770269207646e-16,0.8380813002586365,7.395473003387451,0.47580623626708984,35.92721176147461,0.23243126273155212,35.92721176147461,0.13002370297908783,18.0082950592041,0.005987499374896288,34.009639739990234,0.8380813002586365,0.03166252002120018,0.0058999997563660145,0.806030809879303,0.016664015129208565,1776423901.600816,12.68007755279541,0.24483750760555267,12.998870849609375,0.7284715175628662,6.892546653747559,0.018200000748038292,,,,,,,,,,,,,,,,
,41,,,,,,27,,,,,,,,,,1434.538898022,,,,,,,,,,,,13,,,,,,,,,,,,,,,,,1776423902.7637002,,,,,,,0.26177793741226196,0.18726004660129547,0.024355972185730934,0.1478554904460907,1.4854919910430908,19.405250549316406,0.015540970489382744,0.3266136348247528,40.02948760986328,16.80010414123535,0.060017991811037064,0.1630065143108368,0.015540970489382744,48.03596115112305,0.048281919211149216,3.8241207599639893
0.1532725691795349,44,15.36280632019043,3.08937406539917,3.286607503890991,6.366113662719727,0.45186251401901245,28,22.141481399536133,0.019943250343203545,0.21278750896453857,0.373045414686203,0.0022499999031424522,0.9948062300682068,0.10086250305175781,23.54754638671875,40.60377883911133,1521.364873312,0.009887500666081905,15.36280632019043,0.1748112142086029,22.808128356933594,6.366113662719727,0.10017500817775726,7.000693427738902e-16,0.9697937369346619,0.3261750042438507,0.0029499998781830072,0.2009124904870987,14,-1.907653722488245e-16,0.8390874862670898,8.801617622375488,0.4779999852180481,42.93279266357422,0.23368750512599945,42.93279266357422,0.12923908233642578,21.469392776489258,0.006387501023709774,40.60377883911133,0.8390874862670898,0.03155525028705597,0.006556250154972076,0.960229754447937,0.0165781881660223,1776423989.5873814,12.667275428771973,0.2530812919139862,12.966402053833008,0.8662042021751404,8.194657325744629,0.01889999955892563,,,,,,,,,,,,,,,,
,44,,,,,,29,,,,,,,,,,1522.536895577,,,,,,,,,,,,14,,,,,,,,,,,,,,,,,1776423990.7614605,,,,,,,0.29140570759773254,0.22255782783031464,0.026185698807239532,0.13486267626285553,1.3318697214126587,18.519397735595703,0.01660834811627865,0.3230139911174774,39.1295280456543,16.805490493774414,0.07089203596115112,0.1974116712808609,0.01660834811627865,48.0364875793457,0.05814008042216301,3.804621934890747
0.14782162010669708,47,13.93678092956543,3.6419501304626465,3.879490375518799,6.3444318771362305,0.4446687400341034,30,26.101062774658203,0.01985280029475689,0.2159557044506073,0.37752217054367065,0.002081250073388219,0.9947938323020935,0.09746874123811722,27.770170211791992,48.14698791503906,1609.575157921,0.00982499960809946,13.93678092956543,0.17811964452266693,26.960283279418945,6.3444318771362305,0.10094375163316727,1.5650458359828257e-16,0.9701562523841858,0.32893750071525574,0.003243749961256981,0.20419374108314514,15,1.104802013762729e-16,0.8407498598098755,10.37332820892334,0.48250624537467957,50.901371002197266,0.23576249182224274,50.901371002197266,0.12822534143924713,25.363798141479492,0.006299999542534351,48.14698791503906,0.8407498598098755,0.03138625994324684,0.0061874995008111,1.1332207918167114,0.016466958448290825,1776424077.7974503,12.625267028808594,0.24689997732639313,13.100061416625977,1.0218391418457031,9.661266326904297,0.018281249329447746,,,,,,,,,,,,,,,,
,47,,,,,,31,,,,,,,,,,1610.725072084,,,,,,,,,,,,15,,,,,,,,,,,,,,,,,1776424078.9496822,,,,,,,0.3123977780342102,0.2633252441883087,0.027797043323516846,0.12674914300441742,1.2006809711456299,17.69670867919922,0.017725162208080292,0.3293762505054474,38.2723503112793,16.786169052124023,0.08268927037715912,0.2335655689239502,0.017725162208080292,48.036930084228516,0.06705447286367416,3.789456367492676
0.14314500987529755,50,15.384276390075684,4.277859210968018,4.565097332000732,6.339480400085449,0.4443374276161194,32,30.63613510131836,0.019724644720554352,0.21481643617153168,0.3745538592338562,0.0022562500089406967,0.9948187470436096,0.09889375418424606,32.63139343261719,56.61514663696289,1695.814580909,0.010193750262260437,15.384276390075684,0.17865616083145142,31.682613372802734,6.339480400085449,0.10225624591112137,-1.7553233172540317e-16,0.970281183719635,0.3319750130176544,0.0030562502797693014,0.20645621418952942,16,4.891378101168353e-16,0.8424749970436096,12.183073997497559,0.4854688048362732,59.974788665771484,0.2385687679052353,59.974788665771484,0.12822778522968292,29.784330368041992,0.006556250154972076,56.61514663696289,0.8424749970436096,0.03121873550117016,0.006450000684708357,1.3334887027740479,0.016365764662623405,1776424164.036571,12.755555152893066,0.24483750760555267,13.075468063354492,1.2005287408828735,11.319945335388184,0.01927500031888485,,,,,,,,,,,,,,,,
,50,,,,,,33,,,,,,,,,,1696.985953357,,,,,,,,,,,,16,,,,,,,,,,,,,,,,,1776424165.2107744,,,,,,,0.3358340859413147,0.31014156341552734,0.029657287523150444,0.11606448888778687,1.090060830116272,16.954618453979492,0.018916143104434013,0.33551865816116333,37.50716018676758,16.781246185302734,0.09691931307315826,0.2754698395729065,0.018916143104434013,48.037349700927734,0.07732231914997101,3.7712740898132324
0.14660833775997162,53,14.790273666381836,4.967519283294678,5.308334827423096,6.3251142501831055,0.44381242990493774,34,35.581363677978516,0.01960027404129505,0.21593700349330902,0.3762514889240265,0.0023874996695667505,0.9948812127113342,0.09995625913143158,37.85051345825195,65.91246795654297,1781.41690585,0.010624999180436134,14.790273666381836,0.17780572175979614,36.83030319213867,6.3251142501831055,0.1033562496304512,1.1003567848555385e-15,0.9704375267028809,0.33470627665519714,0.0031687503214925528,0.2088562399148941,17,1.1754377853001596e-15,0.8445187211036682,14.133416175842285,0.4895312488079071,69.85428619384766,0.24083125591278076,69.85428619384766,0.12912656366825104,34.6142692565918,0.006512499880045652,65.91246795654297,0.8445187211036682,0.031016279011964798,0.006512499880045652,1.5508366823196411,0.016226259991526604,1776424249.6390276,12.628522872924805,0.2464749962091446,13.098227500915527,1.3947046995162964,13.117850303649902,0.01928749866783619,,,,,,,,,,,,,,,,
,53,,,,,,35,,,,,,,,,,1782.557826215,,,,,,,,,,,,17,,,,,,,,,,,,,,,,,1776424250.7825332,,,,,,,0.3735993504524231,0.3642212450504303,0.031847357749938965,0.10656988620758057,0.9886918067932129,16.219411849975586,0.020148901268839836,0.32652032375335693,36.74864959716797,16.7794246673584,0.11263132840394974,0.3257109820842743,0.020148901268839836,48.03776168823242,0.09139219671487808,3.74979567527771
0.13936437666416168,56,15.569710731506348,5.716094017028809,6.115751266479492,6.297231674194336,0.4305124580860138,36,41.024898529052734,0.01943696290254593,0.22031237185001373,0.38468095660209656,0.0020624997559934855,0.9948562979698181,0.09953749924898148,43.610023498535156,76.25363159179688,1868.177357759,0.009531251154839993,15.569710731506348,0.17940710484981537,42.4908332824707,6.297231674194336,0.10503125190734863,-7.274454476291492e-16,0.970731258392334,0.33854371309280396,0.0027187501545995474,0.2120874971151352,18,1.790071996882192e-15,0.8471499681472778,16.25047492980957,0.4936375319957733,80.7796401977539,0.2438499927520752,80.7796401977539,0.12806154787540436,39.93256759643555,0.005943749565631151,76.25363159179688,0.8471499681472778,0.0307600237429142,0.006268750410526991,1.7864208221435547,0.016045019030570984,1776424336.3995197,12.704975128173828,0.2433999925851822,13.086836814880371,1.6061627864837646,15.078428268432617,0.018281249329447746,,,,,,,,,,,,,,,,
,56,,,,,,37,,,,,,,,,,1869.370654447,,,,,,,,,,,,18,,,,,,,,,,,,,,,,,1776424337.5952134,,,,,,,0.3627839684486389,0.42493754625320435,0.03291356936097145,0.10212727636098862,0.9053151607513428,15.575481414794922,0.021592525765299797,0.32621726393699646,36.098880767822266,16.773374557495117,0.12363207340240479,0.3688533902168274,0.021592525765299797,48.03812789916992,0.10477570444345474,3.7499983310699463
0.13712139427661896,59,16.92155647277832,6.5601396560668945,7.0261945724487305,6.286545276641846,0.4395250678062439,38,47.04728698730469,0.01928955316543579,0.2184501737356186,0.3791830241680145,0.002512499922886491,0.9949499368667603,0.10360001027584076,50.056373596191406,87.56218719482422,1955.28357615,0.010318749584257603,16.92155647277832,0.1766546368598938,48.781639099121094,6.286545276641846,0.10676874220371246,3.7068872277279397e-16,0.9710249900817871,0.34152501821517944,0.0029562502168118954,0.2153874784708023,19,1.9825720926069934e-15,0.8494186997413635,18.5978946685791,0.4976000189781189,92.83930969238281,0.24619998037815094,92.83930969238281,0.1277645379304886,45.827606201171875,0.006549999583512545,87.56218719482422,0.8494186997413635,0.03052285686135292,0.006762500386685133,2.051616907119751,0.015903031453490257,1776424423.5058925,12.777800559997559,0.2503187358379364,13.114503860473633,1.8419417142868042,17.247817993164062,0.019075000658631325,,,,,,,,,,,,,,,,
,59,,,,,,39,,,,,,,,,,1956.495611988,,,,,,,,,,,,19,,,,,,,,,,,,,,,,,1776424424.720005,,,,,,,0.3667660355567932,0.4949890077114105,0.03523103520274162,0.09364183247089386,0.8313078880310059,14.967287063598633,0.023064689710736275,0.32769080996513367,35.45066452026367,16.74884605407715,0.14024855196475983,0.43410685658454895,0.023064689710736275,48.03849792480469,0.12001924961805344,3.7345101833343506
0.14204002916812897,62,15.606110572814941,7.427605628967285,8.0018949508667,6.262170791625977,0.45058751106262207,40,53.245391845703125,0.019098905846476555,0.21647609770298004,0.37386420369148254,0.0024937500711530447,0.9949812293052673,0.10596875846385956,56.965755462646484,99.70533752441406,2040.854978639,0.010174999944865704,15.606110572814941,0.1717296987771988,55.57447052001953,6.262170791625977,0.10782499611377716,-1.621424348952072e-16,0.9717501401901245,0.3458687663078308,0.0028312501963227987,0.21933747828006744,20,-1.0332446703786857e-16,0.8534499406814575,21.10124397277832,0.5037187933921814,105.97068786621094,0.24954377114772797,105.97068786621094,0.128292977809906,52.085662841796875,0.006549999583512545,99.70533752441406,0.8534499406814575,0.03018110804259777,0.006643750239163637,2.3375613689422607,0.015745343640446663,1776424509.077412,12.654587745666504,0.2572999894618988,13.070943832397461,2.099376916885376,19.47369384765625,0.019037500023841858,,,,,,,,,,,,,,,,
,62,,,,,,41,,,,,,,,,,2042.011952987,,,,,,,,,,,,20,,,,,,,,,,,,,,,,,1776424510.2365031,,,,,,,0.4157772958278656,0.5660892128944397,0.0370311476290226,0.08953700214624405,0.769326388835907,14.426366806030273,0.02442079782485962,0.33247724175453186,34.90979766845703,16.742582321166992,0.15901802480220795,0.4912511110305786,0.02442079782485962,48.038902282714844,0.1367102563381195,3.740825891494751
0.14028513431549072,65,14.897552490234375,8.387497901916504,9.025382041931152,6.259334087371826,0.4432000517845154,42,60.038448333740234,0.019015805795788765,0.21918794512748718,0.37997233867645264,0.002306249924004078,0.9949750304222107,0.10473750531673431,64.23336029052734,112.69104766845703,2128.369057295,0.009700000286102295,14.897552490234375,0.17703522741794586,62.67589569091797,6.259334087371826,0.10895001143217087,9.185902906383436e-16,0.9715749025344849,0.34799379110336304,0.002931250026449561,0.22113123536109924,21,-1.2305694657710475e-16,0.8540438413619995,23.748088836669922,0.5060250163078308,119.68958282470703,0.25131872296333313,119.68958282470703,0.12889312207698822,58.7659912109375,0.006262499839067459,112.69104766845703,0.8540438413619995,0.030083509162068367,0.0064187501557171345,2.633709192276001,0.01566331274807453,1776424596.591496,12.761171340942383,0.254681259393692,13.204667091369629,2.3601953983306885,21.939924240112305,0.018431248143315315,,,,,,,,,,,,,,,,
,65,,,,,,43,,,,,,,,,,2129.482238384,,,,,,,,,,,,21,,,,,,,,,,,,,,,,,1776424597.7067916,,,,,,,0.40366336703300476,0.6455971002578735,0.038606517016887665,0.08429037779569626,0.713894248008728,13.918136596679688,0.025813529267907143,0.32996323704719543,34.375064849853516,16.728479385375977,0.173346608877182,0.557111918926239,0.025813529267907143,48.0393180847168,0.15501561760902405,3.7284207344055176
0.13804231584072113,68,14.150260925292969,9.387040138244629,10.108733177185059,6.272183418273926,0.44741249084472656,44,67.22664642333984,0.018909530714154243,0.21601364016532898,0.37404143810272217,0.002268749987706542,0.9949812293052673,0.10398124903440475,71.97977447509766,126.67607879638672,2214.291425216,0.010056249797344208,14.150260925292969,0.1743079572916031,70.29376983642578,6.272183418273926,0.11042500287294388,1.2119753985129211e-15,0.9718624353408813,0.3512437343597412,0.0028312501963227987,0.22285626828670502,22,1.0132411402963282e-15,0.8559937477111816,26.5440673828125,0.5090749859809875,134.4730224609375,0.2540750205516815,134.4730224609375,0.12786543369293213,65.89759063720703,0.006212499458342791,126.67607879638672,0.8559937477111816,0.029920026659965515,0.006531250197440386,2.9478540420532227,0.015584572218358517,1776424682.5138285,12.585907936096191,0.2524000108242035,13.091048240661621,2.638314962387085,24.437150955200195,0.01849375106394291,,,,,,,,,,,,,,,,
,68,,,,,,45,,,,,,,,,,2215.452186604,,,,,,,,,,,,22,,,,,,,,,,,,,,,,,1776424683.6768415,,,,,,,0.4305195212364197,0.7371394634246826,0.04045513644814491,0.08268037438392639,0.6642305254936218,13.429372787475586,0.027433939278125763,0.3303321897983551,33.867286682128906,16.7252254486084,0.18982236087322235,0.6302781701087952,0.02743394300341606,48.03973388671875,0.17284370958805084,3.7126643657684326
0.13579832017421722,71,15.50920295715332,10.477242469787598,11.319738388061523,6.267096996307373,0.45143750309944153,46,75.04798126220703,0.018807707354426384,0.21688079833984375,0.3743937015533447,0.002306249924004078,0.9950250387191772,0.10363125056028366,80.48117065429688,141.77586364746094,2299.993571495,0.009881249628961086,15.50920295715332,0.17417265474796295,78.69075775146484,6.267096996307373,0.11156249791383743,-4.1378575912909277e-16,0.9718375205993652,0.3554125130176544,0.002843750175088644,0.2255062758922577,23,4.787294692609745e-16,0.8569563627243042,29.568876266479492,0.5131750106811523,150.86936950683594,0.25658127665519714,150.86936950683594,0.12841714918613434,73.63971710205078,0.006212499458342791,141.77586364746094,0.8569563627243042,0.029806841164827347,0.006243749987334013,3.2998316287994385,0.015510210767388344,1776424768.2161224,12.655442237854004,0.25471875071525574,13.091461181640625,2.9504759311676025,27.196088790893555,0.018425000831484795,,,,,,,,,,,,,,,,
,71,,,,,,47,,,,,,,,,,2301.403829496,,,,,,,,,,,,23,,,,,,,,,,,,,,,,,1776424769.6284661,,,,,,,0.439940482378006,0.8231035470962524,0.04224826768040657,0.0790858045220375,0.6234662532806396,13.014729499816895,0.028686271980404854,0.33630552887916565,33.42579650878906,16.705810546875,0.20833581686019897,0.7085014581680298,0.028686271980404854,48.04021072387695,0.18832413852214813,3.705233097076416
0.1429276317358017,74,15.868291854858398,11.583799362182617,12.525875091552734,6.254203796386719,0.44731253385543823,48,83.10155487060547,0.018723836168646812,0.21709667146205902,0.37614086270332336,0.0020874999463558197,0.9950562119483948,0.10280625522136688,89.12671661376953,157.4613037109375,2388.103058767,0.00982499960809946,15.868291854858398,0.17625437676906586,87.23893737792969,6.254203796386719,0.11268125474452972,1.015572174967172e-15,0.9719625115394592,0.3576187789440155,0.0029562502168118954,0.22738124430179596,24,-4.839878497975292e-16,0.8576062917709351,32.62215805053711,0.5164437294006348,167.6414031982422,0.2586812674999237,167.6414031982422,0.12735615670681,81.62008666992188,0.006162500008940697,157.4613037109375,0.8576062917709351,0.029700396582484245,0.006106249988079071,3.6499135494232178,0.01545273419469595,1776424856.3253648,12.740285873413086,0.25209999084472656,13.148321151733398,3.2593274116516113,30.068387985229492,0.01809374988079071,,,,,,,,,,,,,,,,
,74,,,,,,49,,,,,,,,,,2389.230941791,,,,,,,,,,,,24,,,,,,,,,,,,,,,,,1776424857.4551446,,,,,,,0.44990432262420654,0.9281391501426697,0.04455498233437538,0.0747796818614006,0.5847686529159546,12.602616310119629,0.030371692031621933,0.33649373054504395,32.98455810546875,16.685016632080078,0.22925928235054016,0.7929919362068176,0.030371692031621933,48.04075241088867,0.20850051939487457,3.6968958377838135
0.13659213483333588,77,16.46269416809082,12.736673355102539,13.779436111450195,6.249896049499512,0.4451749622821808,50,91.51079559326172,0.018649501726031303,0.2181156873703003,0.37813302874565125,0.0020624997559934855,0.9951000213623047,0.10475624352693558,97.92217254638672,173.29534912109375,2475.538277159,0.00981875043362379,16.46269416809082,0.17489981651306152,95.92035675048828,6.249896049499512,0.11319375038146973,1.183569301593801e-15,0.9720249772071838,0.35971876978874207,0.002937499899417162,0.22888125479221344,25,1.3918445389282663e-15,0.8585500121116638,35.814823150634766,0.5179124474525452,184.59315490722656,0.26010629534721375,184.59315490722656,0.12852095067501068,89.73326110839844,0.006193750072270632,173.29534912109375,0.8585500121116638,0.029582692310214043,0.006387501023709774,4.0139641761779785,0.01538977213203907,1776424943.7608285,12.752900123596191,0.25513124465942383,13.146180152893066,3.5760209560394287,32.994903564453125,0.01849374920129776,,,,,,,,,,,,,,,,
,77,,,,,,51,,,,,,,,,,2476.645305049,,,,,,,,,,,,25,,,,,,,,,,,,,,,,,1776424944.869976,,,,,,,0.4711973965167999,1.0324841737747192,0.045882873237133026,0.07265593111515045,0.5508009791374207,12.216094970703125,0.03184842690825462,0.34041622281074524,32.58828353881836,16.67125129699707,0.24541954696178436,0.8716577291488647,0.03184842690825462,48.04130935668945,0.22742260992527008,3.7009057998657227
0.14272119104862213,80,15.866388320922852,13.919770240783691,15.104117393493652,6.238914966583252,0.4511561989784241,52,100.26294708251953,0.01850898563861847,0.21361790597438812,0.37156808376312256,0.002306249924004078,0.9951062202453613,0.10759998857975006,107.12742614746094,190.24105834960938,2563.850677676,0.010300000198185444,15.866388320922852,0.1695626676082611,105.28771209716797,6.238914966583252,0.11475624144077301,4.0592529337857286e-16,0.9722562432289124,0.364362508058548,0.0028812498785555363,0.23154999315738678,26,4.657732532997727e-16,0.859962522983551,39.101322174072266,0.52300626039505,203.05039978027344,0.26301875710487366,203.05039978027344,0.12920749187469482,98.40418243408203,0.0063375006429851055,190.24105834960938,0.859962522983551,0.029395367950201035,0.006756249815225601,4.401102066040039,0.01526593416929245,1776425032.0731957,12.700496673583984,0.26364997029304504,13.162691116333008,3.9194376468658447,36.09342575073242,0.019356250762939453,,,,,,,,,,,,,,,,
,80,,,,,,53,,,,,,,,,,2565.06726079,,,,,,,,,,,,26,,,,,,,,,,,,,,,,,1776425033.2916896,,,,,,,0.4845871031284332,1.1549981832504272,0.04804981127381325,0.07077264040708542,0.5210170745849609,11.8765869140625,0.03364775702357292,0.3457735776901245,32.21111297607422,16.646526336669922,0.26575201749801636,0.9799037575721741,0.03364775702357292,48.04191970825195,0.24412648379802704,3.6879682540893555
0.15011698007583618,83,15.163785934448242,15.236518859863281,16.55152130126953,6.227606773376465,0.45517498254776,54,109.67588806152344,0.018403777852654457,0.21357405185699463,0.3708055019378662,0.0023999998811632395,0.995193600654602,0.10789375752210617,117.26447296142578,208.25050354003906,2651.559484355,0.009943749755620956,15.163785934448242,0.16830337047576904,115.29998779296875,6.227606773376465,0.11629999428987503,-9.284023202993374e-16,0.9724687933921814,0.3670187294483185,0.0028875002171844244,0.234375,27,1.3633300217918976e-15,0.861481249332428,42.74625015258789,0.5268999934196472,222.61691284179688,0.26621875166893005,222.61691284179688,0.13077829778194427,107.66669464111328,0.006299999542534351,208.25050354003906,0.861481249332428,0.029204772785305977,0.006749999709427357,4.820028305053711,0.01516367681324482,1776425119.7814116,12.63101863861084,0.2662625014781952,13.211606979370117,4.290454387664795,39.332427978515625,0.019062502309679985,,,,,,,,,,,,,,,,
,83,,,,,,55,,,,,,,,,,2652.773238745,,,,,,,,,,,,27,,,,,,,,,,,,,,,,,1776425120.9979024,,,,,,,0.4967832565307617,1.279988408088684,0.05008856579661369,0.06963249295949936,0.49639028310775757,11.579551696777344,0.03545388579368591,0.3529844284057617,31.904237747192383,16.61981201171875,0.2849983870983124,1.077054500579834,0.03545388579368591,48.04262924194336,0.26448023319244385,3.704838514328003
0.14680933952331543,86,15.383734703063965,16.5678768157959,18.01682472229004,6.213534832000732,0.4564061760902405,56,119.33257293701172,0.018310965970158577,0.21377024054527283,0.37019503116607666,0.0024125000927597284,0.9951687455177307,0.10663126409053802,127.61347198486328,227.07418823242188,2739.240600819,0.010256250388920307,15.383734703063965,0.1692279726266861,125.61549377441406,6.213534832000732,0.1177312582731247,3.332295377134198e-16,0.9727311730384827,0.3705187141895294,0.002850000048056245,0.23716875910758972,28,4.216191198253005e-15,0.8623375296592712,46.446075439453125,0.5303062796592712,242.65711975097656,0.2693937122821808,242.65711975097656,0.13046421110630035,117.24346160888672,0.006524999625980854,227.07418823242188,0.8623375296592712,0.02906748279929161,0.006412499584257603,5.247474193572998,0.015072263777256012,1776425207.4628415,12.723870277404785,0.2679624855518341,13.183005332946777,4.670426845550537,42.706573486328125,0.01979999989271164,,,,,,,,,,,,,,,,
,86,,,,,,57,,,,,,,,,,2740.444655627,,,,,,,,,,,,28,,,,,,,,,,,,,,,,,1776425208.6691844,,,,,,,0.5265512466430664,1.4135664701461792,0.05223311856389046,0.06728973239660263,0.4707021713256836,11.264242172241211,0.037013761699199677,0.345860093832016,31.55363655090332,16.602375030517578,0.3089095652103424,1.1890902519226074,0.03701375797390938,48.043434143066406,0.29173189401626587,3.6869795322418213
0.14921283721923828,89,14.51978874206543,17.848249435424805,19.46595001220703,6.2008562088012695,0.4603874981403351,58,129.16835021972656,0.018142571672797203,0.21215173602104187,0.37088796496391296,0.0022562500089406967,0.9951624870300293,0.10700000077486038,137.91334533691406,245.89547729492188,2825.349377306,0.010562500916421413,14.51978874206543,0.16752716898918152,135.92686462402344,6.2008562088012695,0.11933749914169312,-1.3393149436713436e-15,0.973118782043457,0.37606245279312134,0.00294375023804605,0.24060627818107605,29,3.1892349004747356e-15,0.8647061586380005,50.06332778930664,0.5365625023841858,263.0143127441406,0.2741124927997589,263.0143127441406,0.13012339174747467,126.78907775878906,0.006749999709427357,245.89547729492188,0.8647061586380005,0.028808964416384697,0.006506249774247408,5.676964282989502,0.014940900728106499,1776425293.5715063,12.535599708557129,0.2700375020503998,13.145493507385254,5.05431604385376,46.08114242553711,0.020506249740719795,,,,,,,,,,,,,,,,
,89,,,,,,59,,,,,,,,,,2826.596442971,,,,,,,,,,,,29,,,,,,,,,,,,,,,,,1776425294.8207262,,,,,,,0.5413755178451538,1.5659209489822388,0.05411190167069435,0.06648082286119461,0.45053890347480774,11.000143051147461,0.03926001861691475,0.35051631927490234,31.255233764648438,16.570173263549805,0.32369309663772583,1.2891408205032349,0.03926001861691475,48.04427719116211,0.3068596124649048,3.6848790645599365
0.15037904679775238,92,16.41124153137207,19.180130004882812,20.947782516479492,6.197493553161621,0.45961877703666687,60,138.88999938964844,0.01802091859281063,0.21127471327781677,0.36682555079460144,0.0024187499657273293,0.9951938390731812,0.10888124257326126,148.203369140625,264.9071960449219,2911.885993317,0.01107499934732914,16.41124153137207,0.16835127770900726,146.2410125732422,6.197493553161621,0.12099999934434891,-9.642352020999834e-16,0.9735125303268433,0.3790937066078186,0.0028562499210238457,0.24383126199245453,30,1.7654606075667711e-15,0.8668312430381775,53.77828598022461,0.5397124886512756,283.3418273925781,0.27629998326301575,283.3418273925781,0.13024617731571198,136.32215881347656,0.007062499411404133,264.9071960449219,0.8668312430381775,0.028569340705871582,0.0064187501557171345,6.110691547393799,0.014821774326264858,1776425380.10837,12.677872657775879,0.26913121342658997,13.10215950012207,5.439232349395752,49.527889251708984,0.0203000009059906,,,,,,,,,,,,,,,,
,92,,,,,,61,,,,,,,,,,2913.244425628,,,,,,,,,,,,30,,,,,,,,,,,,,,,,,1776425381.469045,,,,,,,0.552773654460907,1.7218331098556519,0.056116942316293716,0.06387576460838318,0.4325562119483948,10.762335777282715,0.04140085726976395,0.3566586673259735,31.000484466552734,16.527437210083008,0.34282201528549194,1.3953328132629395,0.04140085726976395,48.04522705078125,0.3270863890647888,3.710667610168457
0.1603478044271469,95,15.336007118225098,20.44331169128418,22.343505859375,6.182361602783203,0.46178749203681946,62,148.1851043701172,0.017870480194687843,0.21160319447517395,0.36601752042770386,0.002681249985471368,0.9953312277793884,0.10850000381469727,158.59120178222656,283.4864807128906,2999.60126296,0.01120000146329403,15.336007118225098,0.17023631930351257,156.4234161376953,6.182361602783203,0.12257499247789383,6.518928192394968e-15,0.9739312529563904,0.3831999599933624,0.003100000089034438,0.24723747372627258,31,2.9195396100689663e-15,0.8689813017845154,57.297489166259766,0.5446624755859375,303.5226135253906,0.27928125858306885,303.5226135253906,0.13014782965183258,145.6975860595703,0.00716250017285347,283.4864807128906,0.8689813017845154,0.028311388567090034,0.006831250619143248,6.523636817932129,0.014667562209069729,1776425467.8237057,12.569655418395996,0.27121248841285706,13.196372032165527,5.811927318572998,52.79944610595703,0.020218750461935997,,,,,,,,,,,,,,,,
,95,,,,,,63,,,,,,,,,,3000.81505141,,,,,,,,,,,,31,,,,,,,,,,,,,,,,,1776425469.039701,,,,,,,0.5784522891044617,1.8880618810653687,0.05795074626803398,0.06317311525344849,0.41620469093322754,10.536887168884277,0.04366929084062576,0.3637293577194214,30.7440242767334,16.48660659790039,0.35230904817581177,1.4893137216567993,0.043669287115335464,48.04629898071289,0.3446626663208008,3.720487117767334
0.15408538281917572,98,16.935853958129883,21.880949020385742,23.918684005737305,6.16325044631958,0.4607124626636505,64,158.7659454345703,0.01769130490720272,0.21225585043430328,0.36798790097236633,0.0026750003453344107,0.9954313039779663,0.11237500607967377,170.24644470214844,304.7397155761719,3084.909142054,0.011043749749660492,16.935853958129883,0.16659463942050934,167.93064880371094,6.16325044631958,0.12482500076293945,1.2060664966728751e-15,0.9740875959396362,0.38828128576278687,0.0033687499817460775,0.2511000335216522,32,-2.8459222825572006e-15,0.8716874718666077,61.31317138671875,0.5497249960899353,326.198974609375,0.283631294965744,326.198974609375,0.13029132783412933,156.27980041503906,0.006993749178946018,304.7397155761719,0.8716874718666077,0.028024759143590927,0.0069125001318752766,7.003932952880859,0.014521205797791481,1776425553.1316607,12.520891189575195,0.2744687497615814,13.156562805175781,6.249417304992676,56.48725128173828,0.01953125,,,,,,,,,,,,,,,,
,98,,,,,,65,,,,,,,,,,3086.0636009,,,,,,,,,,,,32,,,,,,,,,,,,,,,,,1776425554.288077,,,,,,,0.5914798378944397,2.0429162979125977,0.06043069064617157,0.06311875581741333,0.4009540379047394,10.323012351989746,0.045541539788246155,0.3656984865665436,30.47552490234375,16.471651077270508,0.3731342852115631,1.610795497894287,0.045541539788246155,48.04757308959961,0.3650655150413513,3.6808202266693115
0.15371669828891754,101,15.306319236755371,23.215852737426758,25.402219772338867,6.144383430480957,0.4648187458515167,66,168.66941833496094,0.01753568835556507,0.21199214458465576,0.36840611696243286,0.002543749986216426,0.9954686760902405,0.11778126657009125,181.06019592285156,324.3865051269531,3172.376664179,0.011325000785291195,15.306319236755371,0.16792283952236176,178.57359313964844,6.144383430480957,0.12723125517368317,3.740280654640493e-15,0.9743562340736389,0.3926437199115753,0.003350000362843275,0.2547750174999237,33,6.606585938040421e-15,0.8736811876296997,65.07025146484375,0.5537375807762146,347.3046875,0.2875249683856964,347.3046875,0.13166821002960205,166.14111328125,0.006925000809133053,324.3865051269531,0.8736811876296997,0.027802202850580215,0.006818749476224184,7.459662914276123,0.014386714436113834,1776425640.5991604,12.49729061126709,0.28193750977516174,13.16202449798584,6.66123628616333,59.96445083618164,0.020737498998641968,,,,,,,,,,,,,,,,
,101,,,,,,67,,,,,,,,,,3173.601375817,,,,,,,,,,,,33,,,,,,,,,,,,,,,,,1776425641.8259075,,,,,,,0.6180177927017212,2.2260959148406982,0.06260134279727936,0.06164569780230522,0.38703787326812744,10.120248794555664,0.0478946827352047,0.3633522689342499,30.2497501373291,16.439781188964844,0.39025819301605225,1.7285953760147095,0.0478946827352047,48.04893493652344,0.39505764842033386,3.689671516418457
0.14082585275173187,104,17.294198989868164,24.518939971923828,26.91071891784668,6.1253156661987305,0.47148749232292175,68,178.80230712890625,0.017349867150187492,0.20891106128692627,0.3617873787879944,0.0026625001337379217,0.9954562187194824,0.12219374626874924,191.97352600097656,343.9856262207031,3257.973316676,0.01140000019222498,17.294198989868164,0.16350877285003662,189.36961364746094,6.1253156661987305,0.12939375638961792,3.2276698674893467e-16,0.9746312499046326,0.3978624641895294,0.003074999898672104,0.2584562599658966,34,6.807597020819234e-15,0.8762999176979065,68.83338165283203,0.5596875548362732,368.70074462890625,0.2914375066757202,368.70074462890625,0.13158883154392242,176.06265258789062,0.007168750278651714,343.9856262207031,0.8762999176979065,0.027544425800442696,0.007224999833852053,7.937195301055908,0.014225775375962257,1776425726.195621,12.647187232971191,0.2905125319957733,13.230942726135254,7.097122669219971,63.409786224365234,0.02082500047981739,,,,,,,,,,,,,,,,
,104,,,,,,69,,,,,,,,,,3259.284517012,,,,,,,,,,,,34,,,,,,,,,,,,,,,,,1776425727.509178,,,,,,,0.6086654663085938,2.451359748840332,0.06459209322929382,0.06167490780353546,0.375551700592041,9.95543098449707,0.050900980830192566,0.3713785409927368,30.03615951538086,16.382225036621094,0.3979470729827881,1.8377896547317505,0.050900980830192566,48.05036163330078,0.41014236211776733,3.698451042175293
0.13775138556957245,107,17.4720401763916,25.93673324584961,28.521968841552734,6.107371807098389,0.4793124794960022,70,189.44737243652344,0.017134830355644226,0.20602354407310486,0.3570495843887329,0.0028000003658235073,0.9954562783241272,0.12046874314546585,203.46441650390625,364.4723815917969,3345.265154602,0.011793749406933784,17.4720401763916,0.1628929227590561,200.75511169433594,6.107371807098389,0.1321062445640564,2.2826250438423568e-15,0.9744874238967896,0.40456873178482056,0.0037625001277774572,0.26375624537467957,35,4.3960603386683506e-15,0.8791875243186951,72.87114715576172,0.5669687390327454,390.99462890625,0.29618749022483826,390.99462890625,0.132375106215477,186.49708557128906,0.007506250403821468,364.4723815917969,0.8791875243186951,0.027262866497039795,0.0071312496438622475,8.452658653259277,0.014013155363500118,1776425813.4875202,12.586790084838867,0.28949999809265137,13.21988582611084,7.563369274139404,66.99456024169922,0.021168751642107964,,,,,,,,,,,,,,,,
,107,,,,,,71,,,,,,,,,,3346.458107128,,,,,,,,,,,,35,,,,,,,,,,,,,,,,,1776425814.6824832,,,,,,,0.6485437154769897,2.660845994949341,0.06690020859241486,0.061063721776008606,0.36438846588134766,9.78370189666748,0.05350023880600929,0.3775458037853241,29.811887741088867,16.325517654418945,0.41301804780960083,1.9509997367858887,0.05350023880600929,48.05193328857422,0.4364245533943176,3.7026114463806152
0.15059936046600342,110,14.651262283325195,26.98954963684082,29.737077713012695,6.07640266418457,0.4767250418663025,72,197.72633361816406,0.0169358029961586,0.20630469918251038,0.35937759280204773,0.0028812498785555363,0.9955124855041504,0.12677501142024994,212.19021606445312,381.2401123046875,3431.915927144,0.012468748725950718,14.651262283325195,0.16183628141880035,209.76695251464844,6.07640266418457,0.13513125479221344,-2.7082286066515415e-15,0.9744811654090881,0.41088125109672546,0.00367500027641654,0.2684812545776367,36,4.166155267992799e-15,0.8810562491416931,75.93749237060547,0.5743062496185303,409.3143310546875,0.3025437593460083,409.3143310546875,0.13391231000423431,194.72213745117188,0.007856249809265137,381.2401123046875,0.8810562491416931,0.026980575174093246,0.007799998857080936,8.837757110595703,0.013817445375025272,1776425900.1383069,12.49697208404541,0.2934875190258026,13.226409912109375,7.927619934082031,69.81815338134766,0.022193748503923416,,,,,,,,,,,,,,,,
,110,,,,,,73,,,,,,,,,,3450.020084277,,,,,,,,,,,,36,,,,,,,,,,,,,,,,,1776425918.2449417,,,,,,,0.6671525835990906,2.871774435043335,0.06865145266056061,0.06057419627904892,0.35436221957206726,9.633247375488281,0.05623079836368561,0.3771264851093292,29.620311737060547,16.281877517700195,0.41878649592399597,2.0553743839263916,0.05623079836368561,48.05369567871094,0.4664109945297241,3.7051334381103516
0.14478327333927155,113,14.969956398010254,28.039594650268555,30.965787887573242,6.044149398803711,0.48438122868537903,74,205.95054626464844,0.016776345670223236,0.2047353833913803,0.35727572441101074,0.0029000001959502697,0.9954875707626343,0.12420625239610672,221.04237365722656,397.6176452636719,3535.140101127,0.011862500570714474,14.969956398010254,0.15811586380004883,218.81370544433594,6.044149398803711,0.13733124732971191,7.246265219806869e-16,0.9744687676429749,0.41820624470710754,0.003737499937415123,0.2740062475204468,37,4.682072871770027e-15,0.8832250237464905,79.01840209960938,0.5817561745643616,427.2234191894531,0.3092000186443329,427.2234191894531,0.1352415829896927,202.94110107421875,0.007493749726563692,397.6176452636719,0.8832250237464905,0.02672460861504078,0.007825001142919064,9.225556373596191,0.013639270327985287,1776426003.3623734,12.495680809020996,0.29458120465278625,13.203531265258789,8.299790382385254,72.58464813232422,0.022087499499320984,,,,,,,,,,,,,,,,
,113,,,,,,75,,,,,,,,,,3536.293526553,,,,,,,,,,,,37,,,,,,,,,,,,,,,,,1776426004.518107,,,,,,,0.6868101358413696,3.1642513275146484,0.07129386067390442,0.06009848415851593,0.34456756711006165,9.482336044311523,0.06007510423660278,0.3864240050315857,29.418535232543945,16.215030670166016,0.43349939584732056,2.1536104679107666,0.06007510423660278,48.055580139160156,0.4894728660583496,3.721104383468628
0.13983593881130219,116,15.057981491088867,28.881258010864258,31.992977142333984,6.026362895965576,0.4866437613964081,76,212.94467163085938,0.016615750268101692,0.20104767382144928,0.3530798554420471,0.003087500110268593,0.9955000281333923,0.12901248037815094,228.37913513183594,411.35797119140625,3621.227485899,0.012537500821053982,15.057981491088867,0.15732194483280182,226.13758850097656,6.026362895965576,0.13996249437332153,5.0336254261984514e-15,0.9746813178062439,0.4232749938964844,0.003837500000372529,0.27851250767707825,38,5.303971237907712e-15,0.8856249451637268,81.48963165283203,0.5872374176979065,442.1894836425781,0.31412503123283386,442.1894836425781,0.13778673112392426,209.63658142089844,0.008225000463426113,411.35797119140625,0.8856249451637268,0.02647113986313343,0.00860000029206276,9.544913291931152,0.01349620334804058,1776426089.4499993,12.415762901306152,0.3020687401294708,13.199515342712402,8.615546226501465,74.660400390625,0.023906247690320015,,,,,,,,,,,,,,,,
,116,,,,,,77,,,,,,,,,,3622.473954212,,,,,,,,,,,,38,,,,,,,,,,,,,,,,,1776426090.698523,,,,,,,0.7544484734535217,3.4023783206939697,0.07310827821493149,0.05906323716044426,0.3358289301395416,9.336217880249023,0.0628734901547432,0.39035722613334656,29.228717803955078,16.17310905456543,0.43325871229171753,2.2317655086517334,0.0628734901547432,48.057552337646484,0.5062239766120911,3.719329833984375
0.1335756629705429,119,15.197914123535156,29.56287956237793,32.786468505859375,6.002254486083984,0.4785187542438507,78,218.34727478027344,0.0164263267070055,0.20253780484199524,0.3575788736343384,0.003031250089406967,0.9954749345779419,0.12751875817775726,234.34950256347656,422.3918151855469,3708.016876688,0.012862501665949821,15.197914123535156,0.1580800861120224,232.22975158691406,6.002254486083984,0.14319373667240143,-9.76454160583895e-15,0.9751938581466675,0.43095630407333374,0.003981249872595072,0.28430625796318054,39,4.364239004905901e-15,0.8879437446594238,83.5372314453125,0.5942687392234802,454.5126647949219,0.3199875056743622,454.5126647949219,0.13968545198440552,215.08016967773438,0.00813750084489584,422.3918151855469,0.8879437446594238,0.026147382333874702,0.008412499912083149,9.797282218933105,0.013289825059473515,1776426176.2388191,12.494176864624023,0.303974986076355,13.243667602539062,8.877362251281738,76.513427734375,0.024012502282857895,,,,,,,,,,,,,,,,
,119,,,,,,79,,,,,,,,,,3709.344014944,,,,,,,,,,,,39,,,,,,,,,,,,,,,,,1776426177.5687988,,,,,,,0.7316858768463135,3.6384432315826416,0.07448311895132065,0.06058092787861824,0.3282828629016876,9.210986137390137,0.06554875522851944,0.38698795437812805,29.0460262298584,16.111995697021484,0.4362335205078125,2.3109471797943115,0.06554875522851944,48.059635162353516,0.5240471959114075,3.7229764461517334
0.1369408220052719,122,16.569272994995117,29.948076248168945,33.269412994384766,5.980192184448242,0.4817938208580017,80,221.78732299804688,0.01617562584578991,0.20353099703788757,0.35988152027130127,0.002924999687820673,0.9955000281333923,0.12603749334812164,238.14402770996094,430.2156066894531,3794.108397386,0.01244375016540289,16.569272994995117,0.1557445377111435,236.13217163085938,5.980192184448242,0.1467437595129013,1.1690952025911194e-15,0.9761186838150024,0.43813127279281616,0.0037187503185123205,0.2896937429904938,40,7.898575456882773e-15,0.8909563422203064,84.80457305908203,0.6025124192237854,462.9743347167969,0.3253937065601349,462.9743347167969,0.13892143964767456,218.46456909179688,0.00795000046491623,430.2156066894531,0.8909563422203064,0.025752870365977287,0.007881250232458115,9.94778060913086,0.013075076043605804,1776426262.330572,12.515954971313477,0.2969687283039093,13.308273315429688,9.05398941040039,77.61540985107422,0.023237498477101326,,,,,,,,,,,,,,,,
,122,,,,,,81,,,,,,,,,,3795.322372638,,,,,,,,,,,,40,,,,,,,,,,,,,,,,,1776426263.5469003,,,,,,,0.7602095603942871,3.9290990829467773,0.07682250440120697,0.05940983444452286,0.3208492696285248,9.086690902709961,0.0692901760339737,0.39922115206718445,28.854753494262695,16.036542892456055,0.4393402636051178,2.3629355430603027,0.0692901760339737,48.06197738647461,0.5350654125213623,3.7314453125
0.13951873779296875,125,15.660240173339844,30.35118293762207,33.747989654541016,5.959273338317871,0.4635874927043915,82,225.14976501464844,0.015957830473780632,0.2057952731847763,0.3638140559196472,0.002687500324100256,0.9955438375473022,0.1194624975323677,241.85765075683594,437.3149108886719,3881.025082258,0.011506251059472561,15.660240173339844,0.16163475811481476,239.98294067382812,5.959273338317871,0.1499437540769577,-6.871239688344133e-15,0.9760063886642456,0.44718125462532043,0.0038499999791383743,0.2951500117778778,41,4.231641079210924e-15,0.8938561677932739,85.99433898925781,0.6114500164985657,471.529296875,0.33294999599456787,471.529296875,0.14108122885227203,221.81869506835938,0.0071312496438622475,437.3149108886719,0.8938561677932739,0.025429949164390564,0.006943750660866499,10.111939430236816,0.0128879863768816,1776426349.2472692,12.502015113830566,0.28421249985694885,13.291810989379883,9.2479829788208,78.68189239501953,0.021612498909235,,,,,,,,,,,,,,,,
,125,,,,,,83,,,,,,,,,,3882.161305258,,,,,,,,,,,,41,,,,,,,,,,,,,,,,,1776426350.3858905,,,,,,,0.7692157030105591,4.31122350692749,0.0799551010131836,0.061525534838438034,0.31437188386917114,8.974051475524902,0.07421115785837173,0.4085966944694519,28.694814682006836,15.94718074798584,0.43296706676483154,2.3968193531036377,0.07421115785837173,48.06452941894531,0.5469363331794739,3.7735090255737305
0.12779299914836884,128,14.791696548461914,30.80899429321289,34.28596496582031,5.93885612487793,0.455949991941452,84,229.06106567382812,0.015773577615618706,0.20548102259635925,0.36701345443725586,0.002606250112876296,0.9954875707626343,0.11941248923540115,245.87777709960938,444.3501281738281,3967.246753019,0.011712499894201756,14.791696548461914,0.16167090833187103,243.88290405273438,5.93885612487793,0.15309375524520874,7.630560679844356e-15,0.9758186936378479,0.4562375247478485,0.004018750041723251,0.3008500039577484,42,-4.84746791318269e-15,0.8956312537193298,87.418701171875,0.6207624077796936,479.354736328125,0.3388562500476837,479.354736328125,0.1433071494102478,225.29782104492188,0.00735000055283308,444.3501281738281,0.8956312537193298,0.02520185336470604,0.0073437499813735485,10.297163963317871,0.012696312740445137,1776426435.4690742,12.395415306091309,0.2820812463760376,13.290245056152344,9.468104362487793,79.8130111694336,0.02158750221133232,,,,,,,,,,,,,,,,
,128,,,,,,85,,,,,,,,,,3968.453128706,,,,,,,,,,,,42,,,,,,,,,,,,,,,,,1776426436.6772618,,,,,,,0.8126482963562012,4.607508659362793,0.08178016543388367,0.06235228851437569,0.30824539065361023,8.863788604736328,0.07770439982414246,0.40855735540390015,28.51868438720703,15.881478309631348,0.4345453977584839,2.451563596725464,0.07770439982414246,48.06723403930664,0.5680657029151917,3.7733349800109863
0.13214193284511566,131,14.526236534118652,30.973234176635742,34.4392204284668,5.923890113830566,0.46309375762939453,86,230.50314331054688,0.015546409413218498,0.2038372904062271,0.36245205998420715,0.0022437500301748514,0.9952750205993652,0.12013750523328781,247.35897827148438,446.56195068359375,4053.439796869,0.011143750511109829,14.526236534118652,0.16106410324573517,245.33999633789062,5.923890113830566,0.15761250257492065,3.0292608699244994e-15,0.9760750532150269,0.46547502279281616,0.0036937501281499863,0.30859997868537903,43,4.93013832883471e-15,0.8975124955177307,87.88600158691406,0.6301937699317932,483.2734069824219,0.3467499911785126,483.2734069824219,0.14503614604473114,226.43751525878906,0.006981249898672104,446.56195068359375,0.8975124955177307,0.024946661666035652,0.007031250279396772,10.358826637268066,0.012487780302762985,1776426521.6620522,12.422700881958008,0.28268125653266907,13.263368606567383,9.589394569396973,80.26544952392578,0.021406250074505806,,,,,,,,,,,,,,,,
,131,,,,,,87,,,,,,,,,,4054.611506096,,,,,,,,,,,,43,,,,,,,,,,,,,,,,,1776426522.836163,,,,,,,0.8218570351600647,4.981607437133789,0.08391863852739334,0.06268861889839172,0.30222174525260925,8.749652862548828,0.08204229921102524,0.4116719365119934,28.334444046020508,15.800882339477539,0.43521109223365784,2.489440441131592,0.08204229921102524,48.070106506347656,0.6024048924446106,3.7838239669799805
0.13243460655212402,134,23.15967559814453,30.772968292236328,34.15945816040039,5.925937175750732,0.4573562443256378,88,228.55813598632812,0.015372716821730137,0.2016528993844986,0.35948383808135986,0.0023999998811632395,0.995306134223938,0.11999999731779099,245.75022888183594,442.818359375,4139.310542359,0.010568751022219658,23.15967559814453,0.16340301930904388,243.62789916992188,5.925937175750732,0.1615312546491623,5.5111080629610676e-15,0.9764562249183655,0.4732312858104706,0.0034749996848404408,0.3150687515735626,44,-2.8817009542492222e-15,0.8986000418663025,87.29283905029297,0.637843668460846,480.5944519042969,0.35497498512268066,480.5944519042969,0.14689244329929352,224.50135803222656,0.00664374977350235,442.818359375,0.8986000418663025,0.024687083438038826,0.007243749685585499,10.275203704833984,0.012352160178124905,1776426607.532894,12.823248863220215,0.27860620617866516,13.329431533813477,9.572861671447754,79.82437133789062,0.020362498238682747,,,,,,,,,,,,,,,,
,134,,,,,,89,,,,,,,,,,4140.561442326,,,,,,,,,,,,44,,,,,,,,,,,,,,,,,1776426608.786082,,,,,,,0.8265345692634583,5.393137454986572,0.0871325209736824,0.06347217410802841,0.2965768277645111,8.647246360778809,0.0870201587677002,0.4230593740940094,28.138805389404297,15.691819190979004,0.4249776601791382,2.4893598556518555,0.0870201587677002,48.07322311401367,0.6166614294052124,3.7996532917022705
0.13134442269802094,137,12.90269660949707,30.679533004760742,33.99277114868164,5.912970542907715,0.4488000273704529,90,227.57081604003906,0.01527530699968338,0.2058859020471573,0.3657801151275635,0.0023874996695667505,0.9954313039779663,0.11790000647306442,244.61488342285156,439.97930908203125,4225.718165987,0.011268749833106995,12.90269660949707,0.169679194688797,242.38027954101562,5.912970542907715,0.16408751904964447,-2.0693082664058338e-15,0.9767187833786011,0.475481241941452,0.0036124999169260263,0.3184812366962433,45,2.9504393719848032e-15,0.9000687599182129,86.94786834716797,0.6407937407493591,478.617919921875,0.3574187457561493,478.617919921875,0.1484517902135849,223.40834045410156,0.006906249560415745,439.97930908203125,0.9000687599182129,0.024421902373433113,0.007600001059472561,10.214404106140137,0.012244745157659054,1776426693.9406304,12.265433311462402,0.2650562524795532,13.324068069458008,9.579710960388184,79.60986328125,0.021193750202655792,,,,,,,,,,,,,,,,
,137,,,,,,91,,,,,,,,,,4226.88288462,,,,,,,,,,,,45,,,,,,,,,,,,,,,,,1776426695.1075916,,,,,,,0.9186948537826538,5.822480201721191,0.09122145920991898,0.06460585445165634,0.29174745082855225,8.553257942199707,0.092231385409832,0.41820111870765686,28.003023147583008,15.625286102294922,0.4315234422683716,2.5195508003234863,0.092231385409832,48.07656478881836,0.6536245942115784,3.8243844509124756
0.13765986263751984,140,14.345926284790039,29.877376556396484,33.08914566040039,5.995083332061768,0.4606812298297882,92,219.70640563964844,0.015197270549833775,0.19920429587364197,0.3554213047027588,0.0021937501151114702,0.9954313039779663,0.11998124420642853,237.58973693847656,424.7163391113281,4311.540933538,0.010443748906254768,14.345926284790039,0.16580091416835785,235.21852111816406,5.995083332061768,0.1666250079870224,1.1519919133201606e-14,0.9764499664306641,0.4815187454223633,0.003431249875575304,0.3238062560558319,46,8.278425688013069e-16,0.8991624116897583,84.58126831054688,0.6465374827384949,465.15911865234375,0.3631812334060669,465.15911865234375,0.14920376241207123,216.01780700683594,0.0064187501557171345,424.7163391113281,0.8991624116897583,0.02435237169265747,0.007575000636279583,9.926640510559082,0.01209045760333538,1776426779.7634566,12.374024391174316,0.26519373059272766,13.291608810424805,9.360321998596191,77.42656707763672,0.019687501713633537,,,,,,,,,,,,,,,,
,140,,,,,,93,,,,,,,,,,4312.761867925,,,,,,,,,,,,46,,,,,,,,,,,,,,,,,1776426780.9865491,,,,,,,0.9044461846351624,6.293236255645752,0.09463183581829071,0.06759242713451385,0.2865699231624603,8.433609962463379,0.09762521088123322,0.4226219058036804,27.821949005126953,15.541604995727539,0.4297241270542145,2.515815258026123,0.09762521088123322,48.08005905151367,0.6909961104393005,3.8466360569000244
0.13013695180416107,143,15.534208297729492,29.92802619934082,33.1208381652832,6.050806045532227,0.45809370279312134,94,218.71023559570312,0.01526737306267023,0.20212599635124207,0.3573151230812073,0.002300000051036477,0.9953499436378479,0.11809999495744705,237.11172485351562,421.77490234375,4399.205550432,0.009724999777972698,15.534208297729492,0.16849756240844727,234.06553649902344,6.050806045532227,0.1657000035047531,-3.0143530900528237e-15,0.976099967956543,0.47943753004074097,0.003162499750033021,0.3214125335216522,47,2.2091161365478396e-15,0.8986124992370605,84.5336685180664,0.6436499953269958,461.7641906738281,0.3605312705039978,461.7641906738281,0.15053029358386993,214.88890075683594,0.0061562503688037395,421.77490234375,0.8986124992370605,0.024508196860551834,0.007449999917298555,9.950644493103027,0.01215039286762476,1776426867.4277856,12.497879981994629,0.2691812515258789,13.255241394042969,9.449352264404297,77.3170394897461,0.019037500023841858,,,,,,,,,,,,,,,,
,143,,,,,,95,,,,,,,,,,4400.720566769,,,,,,,,,,,,47,,,,,,,,,,,,,,,,,1776426868.945169,,,,,,,0.949164628982544,7.070396900177002,0.10063640028238297,0.0676390528678894,0.28158652782440186,8.348406791687012,0.1069902703166008,0.42039260268211365,27.718183517456055,15.463834762573242,0.4317567050457001,2.5300633907318115,0.1069902703166008,48.083438873291016,0.7188557982444763,3.9058337211608887
0.14232264459133148,146,14.161491394042969,29.84577751159668,32.83464050292969,6.081479072570801,0.4494125247001648,96,216.87643432617188,0.015359303914010525,0.20575584471225739,0.3658260703086853,0.001887500169686973,0.9953188300132751,0.11109375208616257,234.75599670410156,416.50872802734375,4485.686828176,0.008862500078976154,14.161491394042969,0.17225223779678345,231.80006408691406,6.081479072570801,0.16348125040531158,6.750784826980993e-16,0.9758437871932983,0.47555631399154663,0.00294375023804605,0.31818124651908875,48,1.064415482837644e-15,0.8970312476158142,84.11518096923828,0.6392499804496765,455.848388671875,0.35712501406669617,455.848388671875,0.14688974618911743,212.740478515625,0.005568750202655792,416.50872802734375,0.8970312476158142,0.0246584415435791,0.006399999838322401,9.858475685119629,0.012253099121153355,1776426953.9084349,12.296158790588379,0.2588687241077423,13.30853271484375,9.444843292236328,76.96155548095703,0.01679375022649765,,,,,,,,,,,,,,,,
,146,,,,,,97,,,,,,,,,,4486.921234079,,,,,,,,,,,,48,,,,,,,,,,,,,,,,,1776426955.1458833,,,,,,,1.0016484260559082,7.377631187438965,0.10250518471002579,0.07089124619960785,0.2766200304031372,8.236181259155273,0.10926847904920578,0.40488120913505554,27.54718780517578,15.434765815734863,0.4418666958808899,2.6737027168273926,0.10926847904920578,48.08679962158203,0.7978767156600952,3.876132011413574
0.14632147550582886,149,16.458749771118164,29.345918655395508,32.15253829956055,6.157723426818848,0.45966869592666626,98,210.84776306152344,0.015465399250388145,0.1997511088848114,0.3569740951061249,0.002050000010058284,0.9953188300132751,0.11626874655485153,229.64450073242188,404.8183288574219,4572.063564806,0.009743750095367432,16.458749771118164,0.1626587063074112,226.36038208007812,6.157723426818848,0.16224999725818634,4.3731836728289064e-15,0.9752312302589417,0.472718745470047,0.003162499750033021,0.316593736410141,49,-1.7256161777279289e-15,0.8946813344955444,82.4518814086914,0.6357499957084656,445.2778625488281,0.3537375330924988,445.2778625488281,0.1468123346567154,207.05380249023438,0.006037500221282244,404.8183288574219,0.8946813344955444,0.02488279528915882,0.0067125000059604645,9.61981201171875,0.012265302240848541,1776427040.2854297,12.503124237060547,0.2623937427997589,13.279958724975586,9.2820463180542,75.46548461914062,0.0179625004529953,,,,,,,,,,,,,,,,
,149,,,,,,99,,,,,,,,,,4573.275785911,,,,,,,,,,,,49,,,,,,,,,,,,,,,,,1776427041.500468,,,,,,,1.0176361799240112,7.881605625152588,0.10674431174993515,0.07155939936637878,0.2711261808872223,8.118890762329102,0.11425209045410156,0.4229348599910736,27.274730682373047,15.292512893676758,0.4459987282752991,2.7281463146209717,0.11425209045410156,48.090232849121094,0.8408154249191284,3.8632125854492188
0.1445266157388687,152,15.54600715637207,28.96853256225586,31.502134323120117,6.212785720825195,0.4513375163078308,100,206.3389892578125,0.0156815517693758,0.2035144418478012,0.3645835220813751,0.0020125003065913916,0.9952124953269958,0.10579375922679901,224.61521911621094,394.1799621582031,4658.59242755,0.00871250033378601,15.54600715637207,0.1636105626821518,220.92520141601562,6.212785720825195,0.15867500007152557,3.9123435394139428e-16,0.9748438596725464,0.46450620889663696,0.003262499812990427,0.3111937344074249,50,3.303401389237459e-15,0.8923062682151794,80.62995147705078,0.6288812756538391,433.5176086425781,0.3482062518596649,433.5176086425781,0.1462336927652359,202.06939697265625,0.005418750457465649,394.1799621582031,0.8923062682151794,0.02522134967148304,0.006037499755620956,9.465720176696777,0.012467635795474052,1776427126.814838,12.509804725646973,0.2562125027179718,13.266175270080566,9.170262336730957,73.8509292602539,0.016618749126791954,,,,,,,,,,,,,,,,
,152,,,,,,101,,,,,,,,,,4659.750953536,,,,,,,,,,,,50,,,,,,,,,,,,,,,,,1776427127.9757247,,,,,,,1.0612032413482666,8.705747604370117,0.1134326159954071,0.07461032271385193,0.26585689187049866,8.014053344726562,0.12273470312356949,0.4246184825897217,27.1259708404541,15.22453784942627,0.4443822205066681,2.883132219314575,0.12273471802473068,48.09357452392578,0.8622468113899231,3.887256622314453
0.14697645604610443,155,14.609236717224121,28.25894546508789,30.575712203979492,6.30219841003418,0.44993120431900024,102,199.16729736328125,0.015920229256153107,0.2026049941778183,0.36091968417167664,0.0020187499467283487,0.9951313734054565,0.10523124039173126,217.63877868652344,378.13983154296875,4745.17990036,0.008756250143051147,14.609236717224121,0.1675037145614624,213.42813110351562,6.30219841003418,0.1546812504529953,4.185996167749284e-15,0.9744874238967896,0.45716243982315063,0.003143749898299575,0.30598750710487366,51,1.4479520013543912e-16,0.8901625275611877,78.38379669189453,0.6203562617301941,418.3540344238281,0.34145623445510864,418.3540344238281,0.14580179750919342,194.67433166503906,0.005274999886751175,378.13983154296875,0.8901625275611877,0.02552761323750019,0.0057624997571110725,9.196806907653809,0.012648134492337704,1776427213.4016602,12.462013244628906,0.24949373304843903,13.263984680175781,8.949410438537598,71.5803451538086,0.016499998047947884,,,,,,,,,,,,,,,,
,155,,,,,,103,,,,,,,,,,4746.438634671,,,,,,,,,,,,51,,,,,,,,,,,,,,,,,1776427214.6632607,,,,,,,1.137351155281067,9.003097534179688,0.11478444188833237,0.07160436362028122,0.2612154185771942,7.91520357131958,0.12470729649066925,0.4222281873226166,26.96954345703125,15.200141906738281,0.4643828272819519,3.0398151874542236,0.12470728904008865,48.096981048583984,0.9141985177993774,3.8540730476379395
0.1400708705186844,158,13.357056617736816,26.886486053466797,29.00312614440918,6.350727081298828,0.4559812545776367,104,188.95352172851562,0.016050031408667564,0.20096538960933685,0.3604869544506073,0.001825000043027103,0.9949999451637268,0.10183124989271164,206.8795166015625,359.70233154296875,4831.980816169,0.008362500928342342,13.357056617736816,0.16361159086227417,203.04627990722656,6.350727081298828,0.1532375067472458,-2.552157703922253e-15,0.974187433719635,0.45288750529289246,0.0028687496669590473,0.3032812774181366,52,6.554381603435244e-15,0.8888874650001526,74.39189910888672,0.617968738079071,397.7890930175781,0.337918758392334,397.7890930175781,0.14546610414981842,184.99835205078125,0.005068749655038118,359.70233154296875,0.8888874650001526,0.025741146877408028,0.005906249862164259,8.727546691894531,0.012749300338327885,1776427300.202715,12.384422302246094,0.2499624788761139,13.199050903320312,8.495643615722656,68.19116973876953,0.016200000420212746,,,,,,,,,,,,,,,,
,158,,,,,,105,,,,,,,,,,4833.153751403,,,,,,,,,,,,52,,,,,,,,,,,,,,,,,1776427301.3785152,,,,,,,1.16176176071167,9.558652877807617,0.11794712394475937,0.0756622701883316,0.2570888102054596,7.819016933441162,0.12939143180847168,0.4289787709712982,26.795927047729492,15.123188018798828,0.4720567762851715,3.1905272006988525,0.12939141690731049,48.10051727294922,0.9334608912467957,3.8535945415496826
0.14011849462985992,161,16.94097137451172,26.00799560546875,27.949190139770508,6.408995628356934,0.4466562569141388,106,181.76304626464844,0.01625720225274563,0.20604978501796722,0.36595723032951355,0.00191249989438802,0.9949750304222107,0.10083125531673431,199.11904907226562,345.22650146484375,4919.074831287,0.008325000293552876,16.94097137451172,0.17034970223903656,195.29530334472656,6.408995628356934,0.14943750202655792,8.564763481766491e-15,0.9733124375343323,0.44718125462532043,0.0034500001929700375,0.2974187433719635,53,-1.4242079737769586e-15,0.8860000371932983,71.94324493408203,0.6103749871253967,382.6943054199219,0.3318687379360199,382.6943054199219,0.1447031944990158,177.82754516601562,0.00518124969676137,345.22650146484375,0.8860000371932983,0.026093777269124985,0.005856249947100878,8.406167030334473,0.012932098470628262,1776427387.2966008,12.445789337158203,0.2467374950647354,13.218650817871094,8.20321273803711,65.8411865234375,0.016068750992417336,,,,,,,,,,,,,,,,
,161,,,,,,107,,,,,,,,,,4920.254960462,,,,,,,,,,,,53,,,,,,,,,,,,,,,,,1776427388.479507,,,,,,,1.2544479370117188,10.22685432434082,0.12435078620910645,0.07764358818531036,0.25346848368644714,7.731247425079346,0.1357656717300415,0.430022269487381,26.626802444458008,15.035202026367188,0.471477210521698,3.3399758338928223,0.1357656866312027,48.10403823852539,0.9553977251052856,3.860217809677124
0.13241715729236603,164,14.251076698303223,24.873991012573242,26.660045623779297,6.4975810050964355,0.434556245803833,108,172.55978393554688,0.016462417319417,0.21093735098838806,0.374055415391922,0.001981250010430813,0.9949125647544861,0.09745001047849655,189.45323181152344,327.7878723144531,5005.842734731,0.008606250397861004,14.251076698303223,0.17783695459365845,185.81494140625,6.4975810050964355,0.1465812474489212,5.59659740426155e-15,0.972443699836731,0.44033125042915344,0.0025374998804181814,0.29279375076293945,54,2.4446590585203154e-15,0.882937490940094,68.92718505859375,0.6028812527656555,364.092041015625,0.3265312612056732,364.092041015625,0.14299868047237396,168.9120635986328,0.00553749967366457,327.7878723144531,0.882937490940094,0.026459679007530212,0.006324999500066042,8.017914772033691,0.013102560304105282,1776427474.0650413,12.45772647857666,0.23653748631477356,13.11696720123291,7.844104290008545,62.83678436279297,0.015806250274181366,,,,,,,,,,,,,,,,
,164,,,,,,109,,,,,,,,,,5006.998561238,,,,,,,,,,,,54,,,,,,,,,,,,,,,,,1776427475.2192695,,,,,,,1.2128514051437378,10.369050025939941,0.12543116509914398,0.08160418272018433,0.2508687376976013,7.653054237365723,0.1357005536556244,0.4225967228412628,26.49277114868164,15.014760971069336,0.493743896484375,3.4841244220733643,0.1357005536556244,48.107582092285156,1.0286285877227783,3.8248209953308105
0.134225532412529,167,14.352066993713379,23.47828483581543,25.104860305786133,6.557301044464111,0.43828749656677246,110,162.1923370361328,0.01657356508076191,0.21159008145332336,0.374496191740036,0.0019875001162290573,0.9948812127113342,0.0965375006198883,178.24342346191406,308.5911560058594,5092.618719523,0.008581249974668026,14.352066993713379,0.17934609949588776,175.00428771972656,6.557301044464111,0.14518125355243683,5.58087647276051e-15,0.9727062582969666,0.43428751826286316,0.002931250026449561,0.2897937595844269,55,4.1262024179367085e-15,0.881956160068512,64.94876098632812,0.5971187949180603,343.0566101074219,0.322543740272522,343.0566101074219,0.14208023250102997,159.0251922607422,0.005337499547749758,308.5911560058594,0.881956160068512,0.026571037247776985,0.005950000137090683,7.566298484802246,0.013200873509049416,1776427560.8412797,12.520829200744629,0.23792502284049988,13.165244102478027,7.406815528869629,59.13766860961914,0.015662500634789467,,,,,,,,,,,,,,,,
,167,,,,,,111,,,,,,,,,,5093.789504883,,,,,,,,,,,,55,,,,,,,,,,,,,,,,,1776427562.0136628,,,,,,,1.3176627159118652,11.058551788330078,0.12980863451957703,0.0811321958899498,0.24718767404556274,7.566147327423096,0.14156895875930786,0.43820831179618835,26.372156143188477,14.975205421447754,0.49748849868774414,3.7136709690093994,0.14156894385814667,48.11109924316406,1.0093289613723755,3.8306643962860107
0.1360393762588501,170,13.148978233337402,22.41307258605957,23.896772384643555,6.607132911682129,0.42432498931884766,112,153.56019592285156,0.016844773665070534,0.21717175841331482,0.3820009231567383,0.0018062499584630132,0.9947437644004822,0.09249375760555267,169.2156219482422,291.7662353515625,5179.342496338,0.008231249637901783,13.148978233337402,0.18829235434532166,166.10838317871094,6.607132911682129,0.14180000126361847,-1.5707378973883745e-15,0.9716125130653381,0.42730000615119934,0.0028187499847263098,0.2842312157154083,56,1.492621130860794e-15,0.8790187239646912,62.217926025390625,0.5885562300682068,325.1095886230469,0.3171999752521515,325.1095886230469,0.13839131593704224,150.5552215576172,0.005106250289827585,291.7662353515625,0.8790187239646912,0.027014899998903275,0.005968749988824129,7.205932140350342,0.013440639711916447,1776427647.5648603,12.403505325317383,0.23221251368522644,13.149636268615723,7.070427894592285,56.39684295654297,0.015981249511241913,,,,,,,,,,,,,,,,
,170,,,,,,113,,,,,,,,,,5180.564405522,,,,,,,,,,,,56,,,,,,,,,,,,,,,,,1776427648.7892327,,,,,,,1.357187032699585,11.509923934936523,0.13229252398014069,0.08574607968330383,0.24479973316192627,7.4890851974487305,0.1448897123336792,0.4318491220474243,26.195470809936523,14.88066577911377,0.5033119320869446,3.938418388366699,0.1448897123336792,48.11460876464844,1.030083179473877,3.825572967529297
0.12290363758802414,173,16.15131950378418,21.435073852539062,22.794069290161133,6.623402118682861,0.4254312515258789,114,146.361083984375,0.016993826255202293,0.21753372251987457,0.38244837522506714,0.0019062499050050974,0.9945436716079712,0.08945625275373459,161.49928283691406,278.70751953125,5266.381029206,0.00800000037997961,16.15131950378418,0.18693318963050842,158.68809509277344,6.623402118682861,0.1393749862909317,5.467089454758156e-15,0.9710063338279724,0.4222874939441681,0.002681249985471368,0.2800624668598175,57,3.640371424445954e-15,0.876912534236908,59.4931640625,0.5835999846458435,310.5963134765625,0.31213125586509705,310.5963134765625,0.13790838420391083,143.83790588378906,0.0051750000566244125,278.70751953125,0.876912534236908,0.027315301820635796,0.005618750583380461,6.88215970993042,0.01359635405242443,1776427734.6037557,12.511298179626465,0.2287374883890152,13.135344505310059,6.755618572235107,53.88741683959961,0.014962500892579556,,,,,,,,,,,,,,,,
,173,,,,,,115,,,,,,,,,,5267.644711895,,,,,,,,,,,,57,,,,,,,,,,,,,,,,,1776427735.869375,,,,,,,1.4091932773590088,11.619867324829102,0.13284873962402344,0.09011630713939667,0.24233828485012054,7.415689945220947,0.14417167007923126,0.417217493057251,26.07695770263672,14.878198623657227,0.5388615131378174,4.145117282867432,0.14417167007923126,48.11814498901367,1.1131625175476074,3.782923698425293
0.11893730610609055,176,17.25914192199707,20.32383918762207,21.574541091918945,6.6910786628723145,0.4205499291419983,116,138.0347137451172,0.01722678542137146,0.22014714777469635,0.38366249203681946,0.0016625000862404704,0.9943751096725464,0.08601249009370804,152.6113739013672,262.6294250488281,5353.405290837,0.007506250403821468,17.25914192199707,0.18906058371067047,149.9069061279297,6.6910786628723145,0.13679374754428864,3.6967499374152e-15,0.9705938100814819,0.4164874851703644,0.0025562497321516275,0.27601873874664307,58,6.412134278405146e-15,0.8745812773704529,56.45671844482422,0.5770187377929688,293.48681640625,0.3077625036239624,293.48681640625,0.13275830447673798,135.63507080078125,0.004825000185519457,262.6294250488281,0.8745812773704529,0.027631331235170364,0.005550000350922346,6.539444446563721,0.013719885610044003,1776427821.6275356,12.654349327087402,0.22206875681877136,13.262815475463867,6.426758289337158,51.0440673828125,0.01424375083297491,,,,,,,,,,,,,,,,
,176,,,,,,117,,,,,,,,,,5354.628559267,,,,,,,,,,,,58,,,,,,,,,,,,,,,,,1776427822.853337,,,,,,,1.3380234241485596,12.258719444274902,0.13636329770088196,0.09385756403207779,0.23988640308380127,7.336490154266357,0.14927582442760468,0.43010738492012024,25.951147079467773,14.829085350036621,0.5289760231971741,4.399291515350342,0.14927582442760468,48.12160873413086,1.1101840734481812,3.7854251861572266
0.11428505927324295,179,14.23531436920166,19.569276809692383,20.771997451782227,6.7450032234191895,0.4221999943256378,118,132.61309814453125,0.017599938437342644,0.2210395187139511,0.38324686884880066,0.001793749863281846,0.9940875768661499,0.08759374171495438,146.52943420410156,251.30201721191406,5441.172186345,0.0076812501065433025,14.23531436920166,0.18793296813964844,143.8212432861328,6.7450032234191895,0.13246874511241913,-1.4297374048566347e-15,0.969606339931488,0.40680626034736633,0.0024187499657273293,0.26964375376701355,59,3.951212187297548e-15,0.8707500100135803,54.35999298095703,0.5656624436378479,280.3380432128906,0.29899999499320984,280.3380432128906,0.13030479848384857,129.93434143066406,0.004687499720603228,251.30201721191406,0.8707500100135803,0.028202753514051437,0.005287500098347664,6.318675994873047,0.01397217158228159,1776427909.394559,12.550609588623047,0.22043123841285706,13.130858421325684,6.2145161628723145,49.24631118774414,0.014449999667704105,,,,,,,,,,,,,,,,
,179,,,,,,119,,,,,,,,,,5442.356561695,,,,,,,,,,,,59,,,,,,,,,,,,,,,,,1776427910.5812342,,,,,,,1.3808857202529907,12.434331893920898,0.13768702745437622,0.09467893093824387,0.23823951184749603,7.282649517059326,0.1494728922843933,0.4238382577896118,25.800878524780273,14.765019416809082,0.5620600581169128,4.631604194641113,0.1494728922843933,48.12502670288086,1.1679930686950684,3.7530593872070312
0.12398718297481537,182,14.288240432739258,19.4345703125,20.614402770996094,6.695145130157471,0.4307875335216522,120,131.9407958984375,0.01763230562210083,0.22142694890499115,0.38423269987106323,0.001793749863281846,0.99423748254776,0.08708125352859497,145.26483154296875,250.29884338378906,5527.023284205,0.007499999832361937,14.288240432739258,0.1886858344078064,142.302978515625,6.695145130157471,0.13065625727176666,8.287804036805069e-15,0.9703249931335449,0.40300628542900085,0.002762499963864684,0.2651124894618988,60,3.012618366576847e-15,0.8706750273704529,53.651493072509766,0.5612562298774719,278.2937316894531,0.2936437427997589,278.2937316894531,0.13180114328861237,129.40655517578125,0.004856250714510679,250.29884338378906,0.8706750273704529,0.0281987227499485,0.004999999422580004,6.251794815063477,0.014118127524852753,1776427995.245537,12.521615028381348,0.2281312644481659,13.058159828186035,6.136531352996826,48.714603424072266,0.014218749478459358,,,,,,,,,,,,,,,,
,182,,,,,,121,,,,,,,,,,5528.417075368,,,,,,,,,,,,60,,,,,,,,,,,,,,,,,1776427996.6418219,,,,,,,1.4086005687713623,12.816839218139648,0.13937893509864807,0.09399191290140152,0.2362133264541626,7.2203497886657715,0.15188267827033997,0.4115663170814514,25.77747344970703,14.816523551940918,0.5917389988899231,4.906248569488525,0.15188266336917877,48.12831115722656,1.2520486116409302,3.740450143814087
0.11654330044984818,185,14.557984352111816,17.996564865112305,19.16771125793457,6.76076078414917,0.4190625548362732,122,123.16735076904297,0.017543861642479897,0.21924377977848053,0.3818259537220001,0.0016625000862404704,0.9940813779830933,0.09026873856782913,135.45948791503906,236.36463928222656,5613.865142472,0.007537499535828829,14.557984352111816,0.18448972702026367,133.63966369628906,6.76076078414917,0.13256250321865082,8.747180497287177e-15,0.9706249833106995,0.4063562750816345,0.0024187499657273293,0.2673875093460083,61,5.986042824618343e-15,0.8722062706947327,49.956382751464844,0.5646250247955322,262.6175231933594,0.298799991607666,262.6175231933594,0.1311904340982437,121.23790740966797,0.004424999933689833,236.36463928222656,0.8722062706947327,0.028046976774930954,0.004956249613314867,5.795833587646484,0.013979621231555939,1776428082.0873802,12.503332138061523,0.22546246647834778,13.19544792175293,5.696681022644043,45.38345718383789,0.014231249690055847,,,,,,,,,,,,,,,,
,185,,,,,,123,,,,,,,,,,5615.078928183,,,,,,,,,,,,61,,,,,,,,,,,,,,,,,1776428083.3036685,,,,,,,1.5108463764190674,13.700987815856934,0.14713533222675323,0.0973047986626625,0.23492471873760223,7.1683831214904785,0.1600884199142456,0.4111611545085907,25.820096969604492,14.842975616455078,0.5975102782249451,5.344425678253174,0.1600884199142456,48.13135528564453,1.3021187782287598,3.8085782527923584
0.11171812564134598,188,15.09637451171875,17.692167282104492,18.84916877746582,6.763611793518066,0.41211873292922974,124,120.82078552246094,0.017720965668559074,0.21764519810676575,0.38201355934143066,0.0017812501173466444,0.9939125776290894,0.08788751065731049,133.197021484375,230.9229736328125,5700.115425815,0.007562499959021807,15.09637451171875,0.18484212458133698,130.9478302001953,6.763611793518066,0.13099373877048492,2.4182587356202934e-15,0.9697686433792114,0.40146875381469727,0.002793750027194619,0.2642124891281128,62,3.804790683903381e-15,0.8697749376296997,49.00318145751953,0.5613937377929688,256.7152404785156,0.29525625705718994,256.7152404785156,0.12855078279972076,118.70597839355469,0.004699999932199717,230.9229736328125,0.8697749376296997,0.028372664004564285,0.005350000690668821,5.699000835418701,0.014099852181971073,1776428168.3377974,12.488765716552734,0.22322499752044678,13.121026992797852,5.597835063934326,44.54703140258789,0.01406875066459179,,,,,,,,,,,,,,,,
,188,,,,,,125,,,,,,,,,,5701.406309719,,,,,,,,,,,,62,,,,,,,,,,,,,,,,,1776428169.6309974,,,,,,,1.4818719625473022,13.878131866455078,0.15153053402900696,0.0978330448269844,0.2342715710401535,7.135725021362305,0.16186389327049255,0.41587236523628235,25.672189712524414,14.774842262268066,0.63080894947052,5.37992525100708,0.16186389327049255,48.13434600830078,1.2524073123931885,3.761460304260254
0.12262319028377533,191,16.065370559692383,17.433794021606445,18.549034118652344,6.771049499511719,0.4395124912261963,126,119.07124328613281,0.017788050696253777,0.21640989184379578,0.37390825152397156,0.0019312499789521098,0.9939499497413635,0.09385626018047333,130.98976135253906,225.96693420410156,5786.959564152,0.008168750442564487,16.065370559692383,0.18230436742305756,128.49119567871094,6.771049499511719,0.12966249883174896,1.9833310341277333e-15,0.9695749878883362,0.39940622448921204,0.0028875002171844244,0.2633500099182129,63,-7.843118515760139e-16,0.8690186738967896,48.470252990722656,0.5568374991416931,251.39511108398438,0.29241248965263367,251.39511108398438,0.12964726984500885,116.67118835449219,0.004825000185519457,225.96693420410156,0.8690186738967896,0.028471486642956734,0.005824999883770943,5.627227783203125,0.014176322147250175,1776428255.1818128,12.626855850219727,0.23938749730587006,13.15482234954834,5.516129493713379,43.807674407958984,0.015575000084936619,,,,,,,,,,,,,,,,
,191,,,,,,127,,,,,,,,,,5788.158370266,,,,,,,,,,,,63,,,,,,,,,,,,,,,,,1776428256.3828804,,,,,,,1.5810226202011108,13.858735084533691,0.14854739606380463,0.09918142110109329,0.23110702633857727,7.052300453186035,0.1587146818637848,0.41026800870895386,25.492765426635742,14.723139762878418,0.6275272369384766,5.520165920257568,0.1587146818637848,48.136932373046875,1.2834734916687012,3.7171671390533447
0.11385248601436615,194,13.929910659790039,17.132219314575195,18.234155654907227,6.947579383850098,0.4477437138557434,128,117.42250061035156,0.01771658845245838,0.20943866670131683,0.3637559711933136,0.0018187500536441803,0.9938687682151794,0.0954437404870987,129.5953826904297,224.91172790527344,5873.953664558,0.008412499912083149,13.929910659790039,0.17571638524532318,127.53180694580078,6.947579383850098,0.13066250085830688,9.731798700229888e-16,0.9695874452590942,0.4007437527179718,0.0026625001337379217,0.2650499641895294,64,-7.318364664277155e-16,0.8706750273704529,47.915035247802734,0.5593187212944031,250.48829650878906,0.2949124872684479,250.48829650878906,0.12772245705127716,115.47443389892578,0.005150000099092722,224.91172790527344,0.8706750273704529,0.028373422101140022,0.005868750624358654,5.536865711212158,0.01407262496650219,1776428342.1758916,12.509775161743164,0.24365626275539398,13.16136360168457,5.440639972686768,43.30437469482422,0.015606248751282692,,,,,,,,,,,,,,,,
,194,,,,,,129,,,,,,,,,,5875.15229679,,,,,,,,,,,,64,,,,,,,,,,,,,,,,,1776428343.3769066,,,,,,,1.5497307777404785,14.605245590209961,0.15259993076324463,0.10199958086013794,0.22952313721179962,7.003316879272461,0.16429643332958221,0.42288240790367126,25.382226943969727,14.65124797821045,0.6265365481376648,5.902358055114746,0.1642964482307434,48.139434814453125,1.2693110704421997,3.7274975776672363
0.11193203926086426,197,14.598053932189941,17.383909225463867,18.44776725769043,6.8568501472473145,0.41613125801086426,130,118.84580993652344,0.01807279884815216,0.22145557403564453,0.38364651799201965,0.0015062501188367605,0.9936875700950623,0.08431249856948853,131.01483154296875,226.15867614746094,5960.559738442,0.007224999833852053,14.598053932189941,0.18666158616542816,128.49928283691406,6.8568501472473145,0.1277499943971634,2.00002774758401e-15,0.9683812856674194,0.3930937945842743,0.002593749901279807,0.2594749927520752,65,1.9032084935810545e-15,0.865668773651123,48.53469467163086,0.5503125190734863,251.58462524414062,0.2891937494277954,251.58462524414062,0.12640361487865448,116.24089813232422,0.004312499891966581,226.15867614746094,0.865668773651123,0.02896418794989586,0.0046312506310641766,5.605025768280029,0.014292009174823761,1776428428.7820387,12.449576377868652,0.21933747828006744,13.108964920043945,5.5241169929504395,43.82355499267578,0.013768749311566353,,,,,,,,,,,,,,,,
,197,,,,,,131,,,,,,,,,,5961.781157677,,,,,,,,,,,,65,,,,,,,,,,,,,,,,,1776428430.0057929,,,,,,,1.5426338911056519,14.885774612426758,0.15439026057720184,0.10488404333591461,0.22819145023822784,6.945956230163574,0.16602495312690735,0.4205726981163025,25.24158477783203,14.606636047363281,0.6699377298355103,6.07333517074585,0.16602495312690735,48.14188003540039,1.3394560813903809,3.688828468322754
0.12045664340257645,200,15.356368064880371,16.91326332092285,17.919172286987305,7.02944278717041,0.4193062484264374,132,115.31060028076172,0.017994960770010948,0.22062671184539795,0.3799610435962677,0.0017125000013038516,0.9936751127243042,0.08959376066923141,127.04747009277344,220.12120056152344,6046.260147209,0.007206249982118607,15.356368064880371,0.1922147572040558,125.02516174316406,7.02944278717041,0.12796874344348907,-1.0631686503392856e-15,0.9689374566078186,0.39381247758865356,0.0027312501333653927,0.25978124141693115,66,3.6485571508482195e-15,0.8669499754905701,47.218528747558594,0.5511062741279602,245.00303649902344,0.2888437509536743,245.00303649902344,0.12616758048534393,113.13824462890625,0.004481249954551458,220.12120056152344,0.8669499754905701,0.028803614899516106,0.005112499464303255,5.457718849182129,0.014257865026593208,1776428514.482341,12.552877426147461,0.22564375400543213,13.116242408752441,5.388254165649414,42.61130142211914,0.013662501238286495,,,,,,,,,,,,,,,,
,200,,,,,,133,,,,,,,,,,6047.436387135,,,,,,,,,,,,66,,,,,,,,,,,,,,,,,1776428515.661056,,,,,,,1.4864948987960815,15.134323120117188,0.15437832474708557,0.10374520719051361,0.22687652707099915,6.8974103927612305,0.1672603040933609,0.4135230779647827,25.211105346679688,14.6344575881958,0.7328462600708008,6.344089984893799,0.1672603040933609,48.144142150878906,1.4773478507995605,3.679072380065918
0.12186270207166672,203,17.42376708984375,16.388898849487305,17.306386947631836,7.035038471221924,0.4171624779701233,134,111.39918518066406,0.017872802913188934,0.2208538055419922,0.3840937912464142,0.001706250011920929,0.9938125014305115,0.08716875314712524,122.97706604003906,213.59593200683594,6132.169704236,0.006993749178946018,17.42376708984375,0.1861354261636734,121.20777893066406,7.035038471221924,0.12786249816417694,2.055755739249765e-15,0.970281183719635,0.39574378728866577,0.0027000000700354576,0.25981250405311584,67,8.886663106777437e-16,0.8689188361167908,45.64116668701172,0.5534687638282776,237.85372924804688,0.2907562553882599,237.85372924804688,0.12554331123828888,109.72883605957031,0.004356250166893005,213.59593200683594,0.8689188361167908,0.02853274717926979,0.004962500184774399,5.280445575714111,0.014188380911946297,1776428600.3920102,12.636847496032715,0.22533127665519714,13.154997825622559,5.215883255004883,41.192989349365234,0.0134000014513731,,,,,,,,,,,,,,,,
,203,,,,,,135,,,,,,,,,,6133.363046521,,,,,,,,,,,,67,,,,,,,,,,,,,,,,,1776428601.5877461,,,,,,,1.5133930444717407,15.985761642456055,0.15983441472053528,0.10659527778625488,0.22522307932376862,6.864643573760986,0.17388659715652466,0.4267502725124359,25.12325096130371,14.567130088806152,0.6698535084724426,6.7567949295043945,0.17388659715652466,48.14640426635742,1.339828372001648,3.6913020610809326
0.12453353404998779,206,16.598649978637695,15.81699275970459,16.70477294921875,7.065520763397217,0.40724995732307434,136,106.85560607910156,0.018552007153630257,0.22430741786956787,0.38630005717277527,0.0017499999376013875,0.9933313131332397,0.08627499639987946,117.91674041748047,202.86578369140625,6219.219826743,0.007312499452382326,16.598649978637695,0.191118985414505,116.01293182373047,7.065520763397217,0.12387500703334808,-1.5539869738234735e-15,0.9681062698364258,0.3826187252998352,0.0028062500059604645,0.2504187524318695,68,3.1141539000301144e-15,0.8615812659263611,43.991146087646484,0.5370875000953674,226.48947143554688,0.28053125739097595,226.48947143554688,0.12155687063932419,104.68817138671875,0.00459374999627471,202.86578369140625,0.8615812659263611,0.029561545699834824,0.004687499720603228,5.112792491912842,0.014652857556939125,1776428687.44237,12.54654598236084,0.22437499463558197,13.125032424926758,5.043946743011475,39.64955520629883,0.013968749903142452,,,,,,,,,,,,,,,,
,206,,,,,,137,,,,,,,,,,6220.480932195,,,,,,,,,,,,68,,,,,,,,,,,,,,,,,1776428688.7056875,,,,,,,1.5966482162475586,16.14495086669922,0.16207922995090485,0.11105827242136002,0.22650082409381866,6.859701156616211,0.17472349107265472,0.4299785792827606,25.07266616821289,14.533089637756348,0.6851752996444702,7.074163436889648,0.17472349107265472,48.14858627319336,1.3269798755645752,3.679699659347534
0.11333375424146652,209,15.260054588317871,15.474853515625,16.342132568359375,6.973827362060547,0.40319374203681946,138,104.80284118652344,0.018512876704335213,0.2249731868505478,0.38916799426078796,0.0015812498750165105,0.9933562278747559,0.08625625818967819,115.70399475097656,199.94378662109375,6304.810868133,0.007449999917298555,15.260054588317871,0.19512102007865906,113.90367126464844,6.973827362060547,0.12360625714063644,-9.307875650788056e-17,0.9681811928749084,0.3830249607563019,0.0025312500074505806,0.2512187659740448,69,1.9709169192527742e-15,0.8618687987327576,42.94625473022461,0.5383937358856201,223.11314392089844,0.2801187336444855,223.11314392089844,0.1227036714553833,102.78620147705078,0.004550000187009573,199.94378662109375,0.8618687987327576,0.0294987540692091,0.004956249613314867,4.984131336212158,0.014593617990612984,1776428773.033285,12.458634376525879,0.21376873552799225,13.010492324829102,4.913536548614502,38.80079650878906,0.013575000688433647,,,,,,,,,,,,,,,,
,209,,,,,,139,,,,,,,,,,6306.088267899,,,,,,,,,,,,69,,,,,,,,,,,,,,,,,1776428774.3128102,,,,,,,1.5784006118774414,16.008012771606445,0.15786103904247284,0.11256200075149536,0.22372883558273315,6.769028663635254,0.1707444190979004,0.41992565989494324,24.91276741027832,14.507298469543457,0.7194152474403381,7.030207633972168,0.1707444190979004,48.150672912597656,1.407211184501648,3.6362674236297607
0.11748461425304413,212,13.67866325378418,15.176774978637695,16.044631958007812,6.9861979484558105,0.4188312888145447,140,102.88627624511719,0.018481358885765076,0.22051550447940826,0.38136017322540283,0.0016812498215585947,0.9934187531471252,0.08988749980926514,113.52940368652344,196.84776306152344,6392.159417803,0.007462500594556332,13.67866325378418,0.18978570401668549,111.89904022216797,6.9861979484558105,0.12299375981092453,-1.1226913496087398e-15,0.9685062766075134,0.3832187354564667,0.0026374999433755875,0.2510499954223633,70,1.102633609417758e-15,0.8625563383102417,42.170536041259766,0.538224995136261,219.46067810058594,0.27956876158714294,219.46067810058594,0.12328235805034637,101.0740966796875,0.00466249929741025,196.84776306152344,0.8625563383102417,0.029466869309544563,0.005093750078231096,4.894272327423096,0.014590246602892876,1776428860.3815758,12.398560523986816,0.22664377093315125,13.097678184509277,4.819654941558838,38.06108093261719,0.014174998737871647,,,,,,,,,,,,,,,,
,212,,,,,,141,,,,,,,,,,6393.333523803,,,,,,,,,,,,70,,,,,,,,,,,,,,,,,1776428861.5581698,,,,,,,1.6602871417999268,16.547576904296875,0.16539615392684937,0.1138179674744606,0.22241221368312836,6.736595153808594,0.17463108897209167,0.4155440330505371,24.863210678100586,14.46972942352295,0.7473645806312561,7.399638652801514,0.17463108897209167,48.15268325805664,1.4148993492126465,3.6567153930664062
0.11704938113689423,215,14.579423904418945,14.850648880004883,15.74812126159668,7.020305156707764,0.4224500358104706,142,100.918701171875,0.018608333542943,0.22093906998634338,0.3817821741104126,0.0015625001396983862,0.9933375716209412,0.08845625817775726,111.44567108154297,192.34251403808594,6477.657155786,0.007275000214576721,14.579423904418945,0.18830646574497223,109.68341827392578,7.020305156707764,0.12164999544620514,2.81903406867956e-15,0.9676561951637268,0.3801562488079071,0.002693749964237213,0.24843750894069672,71,4.4173107012490664e-15,0.8606687188148499,41.30657958984375,0.5358687043190002,214.94442749023438,0.277906209230423,214.94442749023438,0.12285871058702469,98.94922637939453,0.004587499890476465,192.34251403808594,0.8606687188148499,0.029717858880758286,0.004825000185519457,4.8047709465026855,0.01463180873543024,1776428945.8793044,12.471589088439941,0.2288375049829483,13.150518417358398,4.725526809692383,37.26877975463867,0.013843751512467861,,,,,,,,,,,,,,,,
,215,,,,,,143,,,,,,,,,,6478.803837024,,,,,,,,,,,,71,,,,,,,,,,,,,,,,,1776428947.028499,,,,,,,1.6487947702407837,16.942840576171875,0.16603638231754303,0.11609207093715668,0.2220637947320938,6.698359489440918,0.1770600527524948,0.4194192886352539,24.74710464477539,14.426769256591797,0.7378474473953247,7.648705005645752,0.1770600527524948,48.15455627441406,1.3961232900619507,3.621798515319824
0.1223224326968193,218,16.012834548950195,14.422126770019531,15.344161033630371,7.018298149108887,0.4244749844074249,144,98.10228729248047,0.018822835758328438,0.21837648749351501,0.37563827633857727,0.001587499980814755,0.9931750297546387,0.08743750303983688,108.25679016113281,185.8779296875,6563.566422274,0.007112499792128801,16.012834548950195,0.18926645815372467,106.37968444824219,7.018298149108887,0.11966873705387115,4.2823817408832454e-15,0.9669437408447266,0.3746750056743622,0.0027812498155981302,0.24489375948905945,72,1.9322109016950417e-15,0.8578500151634216,40.178253173828125,0.5289062857627869,208.37088012695312,0.27316251397132874,208.37088012695312,0.12119954079389572,95.97256469726562,0.004493750166147947,185.8779296875,0.8578500151634216,0.03000577911734581,0.0049749999307096004,4.6894049644470215,0.01479811780154705,1776429031.7886426,12.540040016174316,0.23080624639987946,13.064253807067871,4.604648113250732,36.19844055175781,0.013062500394880772,,,,,,,,,,,,,,,,
,218,,,,,,145,,,,,,,,,,6564.720381783,,,,,,,,,,,,72,,,,,,,,,,,,,,,,,1776429032.945088,,,,,,,1.5111602544784546,16.82345962524414,0.1621568500995636,0.11195114254951477,0.22102071344852448,6.67422342300415,0.17506013810634613,0.41102996468544006,24.73102378845215,14.454062461853027,0.7920956015586853,7.688002109527588,0.17506013810634613,48.15641403198242,1.4840164184570312,3.602562665939331
0.12102828919887543,221,15.793306350708008,14.042128562927246,14.932343482971191,7.154197692871094,0.44167497754096985,146,95.94017028808594,0.018641553819179535,0.21428252756595612,0.36619579792022705,0.0015312499599531293,0.9932499527931213,0.09113125503063202,105.55328369140625,182.50172424316406,6649.912764378,0.00716250017285347,15.793306350708008,0.1837596595287323,104.03801727294922,7.154197692871094,0.12072499096393585,1.2939410827528253e-15,0.9676624536514282,0.3785249888896942,0.0028187499847263098,0.2475937455892563,73,5.191105791751971e-15,0.860231339931488,39.24434280395508,0.5327125191688538,204.12123107910156,0.2765812575817108,204.12123107910156,0.1214217022061348,94.04425811767578,0.0044999998062849045,182.50172424316406,0.860231339931488,0.029735298827290535,0.004956249613314867,4.563760280609131,0.01468314416706562,1776429118.1353426,12.570310592651367,0.24061250686645508,13.114377975463867,4.482937335968018,35.30917739868164,0.014087499119341373,,,,,,,,,,,,,,,,
,221,,,,,,147,,,,,,,,,,6651.072931419,,,,,,,,,,,,73,,,,,,,,,,,,,,,,,1776429119.297098,,,,,,,1.6928941011428833,17.010433197021484,0.16376157104969025,0.11605282127857208,0.2214222401380539,6.653519630432129,0.17572711408138275,0.4142235517501831,24.692188262939453,14.442569732666016,0.789547860622406,7.900672435760498,0.17572709918022156,48.15827941894531,1.4610799551010132,3.5959243774414062
0.12119598686695099,224,14.434487342834473,13.765687942504883,14.575194358825684,7.096627235412598,0.426862508058548,148,94.01787567138672,0.018650038167834282,0.21813605725765228,0.37324002385139465,0.0016187501605600119,0.9931749701499939,0.09047500789165497,103.34892272949219,178.84141540527344,6736.910156664,0.00732500059530139,14.434487342834473,0.18476098775863647,101.82018280029297,7.096627235412598,0.12147499620914459,4.971554851823656e-15,0.9674376249313354,0.37950628995895386,0.002931250026449561,0.2487812340259552,74,3.8187226818198194e-15,0.8599938154220581,38.4132080078125,0.5336187481880188,199.5135498046875,0.2775937616825104,199.5135498046875,0.12099748849868774,92.10283660888672,0.004550000187009573,178.84141540527344,0.8599938154220581,0.029756782576441765,0.0049749999307096004,4.452207088470459,0.0146638173609972,1776429205.1327283,12.447126388549805,0.23453126847743988,13.14384651184082,4.383239269256592,34.5869140625,0.013525000773370266,,,,,,,,,,,,,,,,
,224,,,,,,149,,,,,,,,,,6738.262514381,,,,,,,,,,,,74,,,,,,,,,,,,,,,,,1776429206.4872067,,,,,,,1.6744110584259033,17.319652557373047,0.16683678328990936,0.11741569638252258,0.2212202399969101,6.6432695388793945,0.1780564934015274,0.4189315736293793,24.6601505279541,14.406630516052246,0.7640928030014038,8.143558502197266,0.17805646359920502,48.160125732421875,1.4030959606170654,3.610074758529663
0.12182736396789551,227,15.38741397857666,13.767098426818848,14.507378578186035,7.03926944732666,0.4205375015735626,150,94.0084228515625,0.01862257719039917,0.22205880284309387,0.3803723156452179,0.0015812498750165105,0.9931750297546387,0.0890125036239624,103.24303436279297,179.18577575683594,6823.230822111,0.007268749643117189,15.38741397857666,0.18926608562469482,101.66941833496094,7.03926944732666,0.12196249514818192,3.9971823594109335e-15,0.9675125479698181,0.3784250020980835,0.002643750049173832,0.24908125400543213,75,4.103705222857634e-17,0.8601375222206116,38.328521728515625,0.5341062545776367,199.50941467285156,0.2768249809741974,199.50941467285156,0.12139081209897995,92.03256225585938,0.004481249954551458,179.18577575683594,0.8601375222206116,0.029712213203310966,0.004993749782443047,4.422604084014893,0.014649891294538975,1776429291.4530187,12.598400115966797,0.2274937480688095,13.110328674316406,4.365566730499268,34.54281234741211,0.013587499037384987,,,,,,,,,,,,,,,,
,227,,,,,,151,,,,,,,,,,6824.466215127,,,,,,,,,,,,75,,,,,,,,,,,,,,,,,1776429292.6908684,,,,,,,1.6293878555297852,17.469547271728516,0.16537578403949738,0.12058424949645996,0.21986615657806396,6.5782341957092285,0.17700918018817902,0.4244578182697296,24.551902770996094,14.385961532592773,0.80903160572052,8.270859718322754,0.17700918018817902,48.161922454833984,1.477435827255249,3.5875308513641357
0.12180496752262115,230,18.847610473632812,13.886579513549805,14.604216575622559,7.034404754638672,0.4166812598705292,152,94.68930053710938,0.01861991174519062,0.22005484998226166,0.3784942626953125,0.0017812501173466444,0.9931687712669373,0.09139999747276306,104.07135772705078,180.687744140625,6909.129265425,0.007399999536573887,18.847610473632812,0.18801607191562653,102.46632385253906,7.034404754638672,0.12193750590085983,4.0621802796514395e-15,0.9676624536514282,0.37851250171661377,0.002612499753013253,0.24895000457763672,76,2.426661302457056e-15,0.8601750731468201,38.57966613769531,0.5338249802589417,201.16897583007812,0.27650001645088196,201.16897583007812,0.12051604688167572,92.75562286376953,0.004693749826401472,180.687744140625,0.8601750731468201,0.02972899191081524,0.005449999589473009,4.445556163787842,0.01464579813182354,1776429377.3512158,12.719635963439941,0.22656872868537903,13.191991806030273,4.392900466918945,34.783721923828125,0.013949998654425144,,,,,,,,,,,,,,,,
,230,,,,,,153,,,,,,,,,,6910.331633273,,,,,,,,,,,,76,,,,,,,,,,,,,,,,,1776429378.5561707,,,,,,,1.7067368030548096,17.934667587280273,0.16965818405151367,0.11832647770643234,0.2172878235578537,6.5243239402771,0.1795855015516281,0.4263371229171753,24.450820922851562,14.359667778015137,0.8244339227676392,8.61340045928955,0.1795855015516281,48.16366958618164,1.5199538469314575,3.566648006439209
0.12082284688949585,233,13.649538040161133,13.776886940002441,14.510781288146973,7.051468372344971,0.41721871495246887,154,93.52674865722656,0.01884051412343979,0.21999427676200867,0.3793804943561554,0.0016625000862404704,0.9929686784744263,0.09264999628067017,102.95567321777344,178.09214782714844,6995.18571032,0.007418750785291195,13.649538040161133,0.18779219686985016,101.39411163330078,7.051468372344971,0.12048125267028809,2.718582737398778e-15,0.9673749208450317,0.37597501277923584,0.002768749836832285,0.24631249904632568,77,2.430781270712501e-16,0.8583750128746033,38.27064514160156,0.530343770980835,199.02235412597656,0.27443745732307434,199.02235412597656,0.12059115618467331,91.63627624511719,0.004699999932199717,178.09214782714844,0.8583750128746033,0.029997212812304497,0.00518124969676137,4.428860187530518,0.01479873713105917,1776429463.4080324,12.408702850341797,0.23065625131130219,13.105599403381348,4.371946334838867,34.45586013793945,0.014425001107156277,,,,,,,,,,,,,,,,
,233,,,,,,155,,,,,,,,,,6996.36807013,,,,,,,,,,,,77,,,,,,,,,,,,,,,,,1776429464.5927417,,,,,,,1.7581367492675781,18.32418441772461,0.16999205946922302,0.12374888360500336,0.21638692915439606,6.486620903015137,0.1818210333585739,0.4171775281429291,24.400012969970703,14.36205768585205,0.8733958005905151,8.873992919921875,0.18182100355625153,48.165367126464844,1.5726341009140015,3.551149845123291
0.11738313734531403,236,13.425049781799316,13.672537803649902,14.428383827209473,7.068736553192139,0.41759997606277466,156,92.92058563232422,0.01885358802974224,0.21926161646842957,0.3780486583709717,0.0015562501503154635,0.9928999543190002,0.09025000780820847,102.50799560546875,176.86868286132812,7082.022802836,0.007468749303370714,13.425049781799316,0.18627189099788666,100.94039916992188,7.068736553192139,0.12061875313520432,5.847590207191944e-15,0.9675000905990601,0.37683749198913574,0.0027375000063329935,0.24643751978874207,78,9.718788274160062e-16,0.8589062690734863,37.9812126159668,0.5306811928749084,197.83108520507812,0.2756437361240387,197.83108520507812,0.12040270864963531,90.98723602294922,0.004643749911338091,176.86868286132812,0.8589062690734863,0.030037177726626396,0.00507500022649765,4.4138102531433105,0.014766798354685307,1776429550.2452173,12.390684127807617,0.22746874392032623,13.084573745727539,4.351898193359375,34.17228317260742,0.013687499798834324,,,,,,,,,,,,,,,,
,236,,,,,,157,,,,,,,,,,7083.203152379,,,,,,,,,,,,78,,,,,,,,,,,,,,,,,1776429551.4279687,,,,,,,1.7346854209899902,18.66425132751465,0.1741623729467392,0.12148988991975784,0.21652455627918243,6.467519760131836,0.18427807092666626,0.41789376735687256,24.371826171875,14.355351448059082,0.8555209636688232,9.157299995422363,0.18427805602550507,48.167091369628906,1.5557000637054443,3.5487711429595947
0.12662126123905182,239,14.38912296295166,13.28593635559082,14.053040504455566,7.014483451843262,0.43982502818107605,158,90.34813690185547,0.018919790163636208,0.21498516201972961,0.36756616830825806,0.0017437499482184649,0.9929562211036682,0.09591250866651535,99.67536163330078,171.92958068847656,7168.978220067,0.008093751035630703,14.38912296295166,0.1811566948890686,98.12509155273438,7.014483451843262,0.11938124895095825,-2.5731370159598477e-15,0.9669561982154846,0.3747437298297882,0.00294375023804605,0.24437500536441803,79,3.4490639511108867e-15,0.8581437468528748,36.98984146118164,0.5284000039100647,192.6688232421875,0.2732374966144562,192.6688232421875,0.12040142714977264,88.52218627929688,0.004968749824911356,171.92958068847656,0.8581437468528748,0.030137713998556137,0.005256250035017729,4.299795150756836,0.014868802390992641,1776429637.2002945,12.394379615783691,0.24754999577999115,13.093125343322754,4.232742786407471,33.22126770019531,0.01497499831020832,,,,,,,,,,,,,,,,
,239,,,,,,159,,,,,,,,,,7170.14628462,,,,,,,,,,,,79,,,,,,,,,,,,,,,,,1776429638.3709362,,,,,,,1.6956547498703003,19.180683135986328,0.17412205040454865,0.12227503210306168,0.2147706300020218,6.440242290496826,0.18708421289920807,0.4191209077835083,24.35832405090332,14.355473518371582,0.8923127055168152,9.506467819213867,0.18708421289920807,48.16889953613281,1.582873821258545,3.562419891357422
0.11550866067409515,242,14.26274299621582,12.948270797729492,13.721083641052246,6.963547706604004,0.4471125304698944,160,88.33700561523438,0.01899511180818081,0.2129812091588974,0.36380714178085327,0.0017000000225380063,0.9928937554359436,0.09656249731779099,97.55493927001953,168.00335693359375,7255.371496317,0.00795000046491623,14.26274299621582,0.18129205703735352,95.86959838867188,6.963547706604004,0.11883749067783356,3.507394027990607e-17,0.9664687514305115,0.37241247296333313,0.0027249997947365046,0.24336251616477966,80,4.740131898106625e-15,0.8569750189781189,36.085750579833984,0.5265125632286072,188.17320251464844,0.2718375027179718,188.17320251464844,0.12039409577846527,86.46837615966797,0.005037500057369471,168.00335693359375,0.8569750189781189,0.030262187123298645,0.005312499590218067,4.192391872406006,0.014902838505804539,1776429723.5933409,12.434652328491211,0.24710628390312195,13.104026794433594,4.124177932739258,32.43260192871094,0.0149687509983778,,,,,,,,,,,,,,,,
,242,,,,,,161,,,,,,,,,,7276.630431357,,,,,,,,,,,,80,,,,,,,,,,,,,,,,,1776429744.8545687,,,,,,,1.774943232536316,19.231372833251953,0.17644350230693817,0.12073562294244766,0.21341367065906525,6.405877590179443,0.18592551350593567,0.42508700489997864,24.2976131439209,14.345972061157227,0.8909871578216553,9.71756362915039,0.18592551350593567,48.17057800292969,1.5815120935440063,3.545579433441162
0.1282566636800766,245,17.033044815063477,12.582637786865234,13.346586227416992,7.012938976287842,0.4363250434398651,162,86.06646728515625,0.019105760380625725,0.21716871857643127,0.3719415068626404,0.0015937499701976776,0.9927563071250916,0.0928187444806099,94.97661590576172,163.6094512939453,7360.99840738,0.007506250403821468,17.033044815063477,0.18247509002685547,93.32142639160156,7.012938976287842,0.11831249296665192,3.8199153042095535e-15,0.966487467288971,0.3706687092781067,0.002837499836459756,0.2411937564611435,81,-1.027389978647264e-15,0.856056272983551,34.99102783203125,0.5237937569618225,183.15525817871094,0.2700687646865845,183.15525817871094,0.11905919015407562,84.1962890625,0.004862499888986349,163.6094512939453,0.856056272983551,0.03038930520415306,0.004900000523775816,4.070127487182617,0.01493777148425579,1776429829.2203915,12.442752838134766,0.24168752133846283,13.086999893188477,4.011505603790283,31.566253662109375,0.013675002381205559,,,,,,,,,,,,,,,,
,245,,,,,,163,,,,,,,,,,7362.225362644,,,,,,,,,,,,81,,,,,,,,,,,,,,,,,1776429830.4497538,,,,,,,1.758927822113037,19.373123168945312,0.17621351778507233,0.12357693910598755,0.21334731578826904,6.368879318237305,0.18622834980487823,0.4080219566822052,24.265541076660156,14.357918739318848,0.9484452605247498,9.735958099365234,0.18622834980487823,48.172340393066406,1.6688470840454102,3.5385587215423584
0.12296395003795624,248,14.725502967834473,12.231557846069336,12.960755348205566,7.02683162689209,0.45048120617866516,164,83.84210968017578,0.018862759694457054,0.21226909756660461,0.3659694492816925,0.0019312499789521098,0.9931936860084534,0.100856252014637,92.28082275390625,160.192626953125,7446.982204538,0.00865000020712614,14.725502967834473,0.1765083223581314,90.86284637451172,7.02683162689209,0.11921250075101852,9.786008808854163e-16,0.967218816280365,0.37315627932548523,0.0029750000685453415,0.24226877093315125,82,6.512260349034182e-16,0.8582811951637268,33.90090560913086,0.5277000069618225,178.50628662109375,0.2727000415325165,178.50628662109375,0.12107879668474197,82.33731842041016,0.0055312504991889,160.192626953125,0.8582811951637268,0.03003387339413166,0.005737499333918095,3.9509730339050293,0.014905085787177086,1776429915.204654,12.408860206604004,0.2553875148296356,13.096372604370117,3.901641607284546,30.582963943481445,0.01543749962002039,,,,,,,,,,,,,,,,
,248,,,,,,165,,,,,,,,,,7448.32905465,,,,,,,,,,,,82,,,,,,,,,,,,,,,,,1776429916.5534358,,,,,,,1.6522587537765503,19.237348556518555,0.17605197429656982,0.12568598985671997,0.21340492367744446,6.356043815612793,0.18434661626815796,0.4075748026371002,24.147367477416992,14.266207695007324,0.906298041343689,9.86449146270752,0.18434661626815796,48.1739616394043,1.5855084657669067,3.524930000305176
0.124488465487957,251,13.734047889709473,12.23655891418457,12.964357376098633,7.058714866638184,0.43610623478889465,166,84.30401611328125,0.018844248726963997,0.21523258090019226,0.37090060114860535,0.001825000043027103,0.9929937720298767,0.09775000065565109,92.78768920898438,161.08575439453125,7534.170928681,0.008012499660253525,13.734047889709473,0.180202454328537,91.34916687011719,7.058714866638184,0.1197500079870224,-1.2886284921076463e-15,0.9676875472068787,0.37565624713897705,0.00286250002682209,0.24406251311302185,83,2.642309114564423e-15,0.8582936525344849,34.00935745239258,0.5290687680244446,179.97451782226562,0.2739562690258026,179.97451782226562,0.1196327805519104,82.64655303955078,0.004906250163912773,161.08575439453125,0.8582936525344849,0.029986707493662834,0.005350000690668821,3.9596924781799316,0.014812865294516087,1776430002.3934016,12.43196964263916,0.24773123860359192,13.130525588989258,3.9071881771087646,30.734331130981445,0.014868750236928463,,,,,,,,,,,,,,,,
,251,,,,,,167,,,,,,,,,,7535.403793537,,,,,,,,,,,,83,,,,,,,,,,,,,,,,,1776430003.62838,,,,,,,1.7490798234939575,19.740751266479492,0.18108128011226654,0.12695780396461487,0.21325236558914185,6.35432767868042,0.18748006224632263,0.4140869379043579,24.20735740661621,14.324487686157227,0.8856556415557861,10.285528182983398,0.18748006224632263,48.17548751831055,1.5228052139282227,3.5283544063568115
0.12224722653627396,254,14.01539421081543,12.301148414611816,13.002211570739746,7.022888660430908,0.429749995470047,168,84.48931884765625,0.01904459111392498,0.21835635602474213,0.37520644068717957,0.0019000002648681402,0.9928436875343323,0.09565000981092453,93.2626953125,160.70204162597656,7620.807026992,0.007931250147521496,14.01539421081543,0.18477797508239746,91.61644744873047,7.022888660430908,0.11855000257492065,-1.8959443390254016e-15,0.9664500951766968,0.3708812892436981,0.0028937498573213816,0.24184373021125793,84,3.989484523986286e-15,0.8567875623703003,34.28409194946289,0.5245062708854675,180.20541381835938,0.27108123898506165,180.20541381835938,0.11824106425046921,82.62323760986328,0.005131250247359276,160.70204162597656,0.8567875623703003,0.030286923050880432,0.005125000607222319,3.987499475479126,0.01490625087171793,1776430089.029348,12.365715980529785,0.2425999790430069,13.063790321350098,3.932037591934204,30.894407272338867,0.014587500132620335,,,,,,,,,,,,,,,,
,254,,,,,,169,,,,,,,,,,7621.995467015,,,,,,,,,,,,84,,,,,,,,,,,,,,,,,1776430090.219948,,,,,,,1.8256587982177734,20.123695373535156,0.18239840865135193,0.1245841234922409,0.21062850952148438,6.271060466766357,0.18788714706897736,0.4219447374343872,24.036727905273438,14.248351097106934,0.9363897442817688,10.569440841674805,0.18788714706897736,48.177005767822266,1.5912649631500244,3.5171284675598145
0.11815374344587326,257,16.43083381652832,12.34609317779541,13.038713455200195,7.044787883758545,0.4447937309741974,170,84.62726593017578,0.018970295786857605,0.21397355198860168,0.36682140827178955,0.0019312499789521098,0.9929437637329102,0.09574998915195465,93.55368041992188,161.21270751953125,7706.613447457,0.008218750357627869,16.43083381652832,0.17714346945285797,92.00936889648438,7.044787883758545,0.11841875314712524,-2.6454533008646308e-17,0.967218816280365,0.3717375099658966,0.0028687496669590473,0.24109375476837158,85,6.160978845148879e-16,0.8586062788963318,34.49105453491211,0.5257437229156494,180.75404357910156,0.2702687084674835,180.75404357910156,0.11978523433208466,82.93460845947266,0.005249999929219484,161.21270751953125,0.8586062788963318,0.0301619004458189,0.005681249778717756,4.0157036781311035,0.014918833039700985,1776430174.835888,12.505583763122559,0.24693749845027924,13.120171546936035,3.958994150161743,30.937013626098633,0.014787500724196434,,,,,,,,,,,,,,,,
,257,,,,,,171,,,,,,,,,,7708.110313549,,,,,,,,,,,,85,,,,,,,,,,,,,,,,,1776430176.3349204,,,,,,,1.9510688781738281,20.338911056518555,0.18322835862636566,0.11986786127090454,0.20784205198287964,6.234935760498047,0.18839435279369354,0.4142437279224396,23.995502471923828,14.243753433227539,0.9940018653869629,10.711600303649902,0.18839436769485474,48.17845916748047,1.6807653903961182,3.516624689102173
0.12136685103178024,260,15.376649856567383,12.344968795776367,13.025460243225098,7.0584635734558105,0.4421437084674835,172,84.35620880126953,0.019122472032904625,0.21639536321163177,0.3708222508430481,0.0016812498215585947,0.9927376508712769,0.09237499535083771,93.36449432373047,160.56895446777344,7793.237067204,0.007912500761449337,15.376649856567383,0.17868219316005707,91.98187255859375,7.0584635734558105,0.11788750439882278,-9.746977530644685e-16,0.9668312668800354,0.37085625529289246,0.00279999990016222,0.24036873877048492,86,3.2059858240396366e-15,0.8568562865257263,34.53329086303711,0.5250000357627869,180.79241943359375,0.26976874470710754,180.79241943359375,0.11863004416227341,82.75989532470703,0.004925000015646219,160.56895446777344,0.8568562865257263,0.03041451796889305,0.005118750035762787,4.032345294952393,0.014959663152694702,1776430261.459318,12.616127014160156,0.23916247487068176,13.158408164978027,3.977782726287842,30.953245162963867,0.0139999995008111,,,,,,,,,,,,,,,,
,260,,,,,,173,,,,,,,,,,7794.482737524,,,,,,,,,,,,86,,,,,,,,,,,,,,,,,1776430262.7071602,,,,,,,1.8876326084136963,20.696178436279297,0.1826532930135727,0.1235746517777443,0.20673522353172302,6.203717231750488,0.18962442874908447,0.4208047091960907,23.967872619628906,14.245356559753418,0.9900283813476562,11.016955375671387,0.18962442874908447,48.17989730834961,1.660282015800476,3.5186095237731934
0.12142723798751831,263,14.663535118103027,12.447487831115723,13.126898765563965,7.009041786193848,0.41859370470046997,174,84.7759780883789,0.019357144832611084,0.2220313549041748,0.37956035137176514,0.0017312502022832632,0.9924125075340271,0.0872500017285347,94.01605987548828,161.12413024902344,7879.04845203,0.006974999327212572,14.663535118103027,0.18962362408638,92.53782653808594,7.009041786193848,0.11723124980926514,2.0731571841181573e-15,0.9659875631332397,0.3673749566078186,0.002437500050291419,0.23803125321865082,87,3.673819061467132e-15,0.8551374673843384,34.803462982177734,0.5203624367713928,181.69522094726562,0.26711249351501465,181.69522094726562,0.11820779740810394,83.04529571533203,0.004512500017881393,161.12413024902344,0.8551374673843384,0.03077111765742302,0.004843749571591616,4.0726847648620605,0.015072205103933811,1776430347.2709692,12.515021324157715,0.23083125054836273,13.15494441986084,4.019347667694092,31.221954345703125,0.012900000438094139,,,,,,,,,,,,,,,,
,263,,,,,,175,,,,,,,,,,7880.291457616,,,,,,,,,,,,87,,,,,,,,,,,,,,,,,1776430348.5158813,,,,,,,1.794007420539856,21.223966598510742,0.18202967941761017,0.12127164006233215,0.20452530682086945,6.145441055297852,0.1913282573223114,0.4116135537624359,23.856008529663086,14.210124015808105,1.0020045042037964,11.534326553344727,0.1913282573223114,48.181297302246094,1.6796032190322876,3.5002517700195312
0.12053162604570389,266,15.841850280761719,12.688490867614746,13.358580589294434,6.947768688201904,0.4365125000476837,176,86.77057647705078,0.019014423713088036,0.21893632411956787,0.37369877099990845,0.0018562498735263944,0.9927376508712769,0.09288125485181808,96.21210479736328,165.63702392578125,7965.297432009,0.00800625141710043,15.841850280761719,0.18338049948215485,94.71527862548828,6.947768688201904,0.11909998953342438,2.513289056038648e-15,0.9671311974525452,0.37305623292922974,0.0027875001542270184,0.2416374832391739,88,3.115888623506091e-15,0.8579124808311462,35.40852355957031,0.5274438261985779,186.251220703125,0.2718999683856964,186.251220703125,0.11927682906389236,85.13056182861328,0.005049999803304672,165.63702392578125,0.8579124808311462,0.030237969011068344,0.005231250077486038,4.126643657684326,0.014910809695720673,1776430433.5197437,12.65419864654541,0.24163125455379486,13.141786575317383,4.07285737991333,31.809917449951172,0.014231249690055847,,,,,,,,,,,,,,,,
,266,,,,,,177,,,,,,,,,,7966.486207575,,,,,,,,,,,,88,,,,,,,,,,,,,,,,,1776430434.7106519,,,,,,,1.8769075870513916,21.582244873046875,0.18521614372730255,0.11977958679199219,0.20295268297195435,6.116678237915039,0.19308537244796753,0.4153023660182953,23.844486236572266,14.237509727478027,1.0269397497177124,11.786922454833984,0.19308537244796753,48.18266296386719,1.698777198791504,3.490105390548706
0.12555237114429474,269,14.573493957519531,12.790298461914062,13.467202186584473,6.901688098907471,0.42577502131462097,178,87.22663116455078,0.0191949512809515,0.22041071951389313,0.3770208954811096,0.001587499980814755,0.9924687743186951,0.09058750420808792,96.66478729248047,166.0289306640625,8050.745890242,0.00761875044554472,14.573493957519531,0.1896497905254364,95.14250946044922,6.901688098907471,0.1171875,-8.072969376327066e-16,0.9661436676979065,0.3689124882221222,0.00286250002682209,0.2386687695980072,89,-1.4471930598336513e-15,0.8564749360084534,35.646053314208984,0.5216436982154846,186.78346252441406,0.26788124442100525,186.78346252441406,0.11796010285615921,85.42221069335938,0.004774999339133501,166.0289306640625,0.8564749360084534,0.030550267547369003,0.004856249783188105,4.155544757843018,0.015016987919807434,1776430518.968159,12.433419227600098,0.23565003275871277,13.074522972106934,4.10146951675415,31.98206901550293,0.014231249690055847,,,,,,,,,,,,,,,,
,269,,,,,,179,,,,,,,,,,8052.05092829,,,,,,,,,,,,89,,,,,,,,,,,,,,,,,1776430520.2756329,,,,,,,1.9512646198272705,22.067869186401367,0.18862588703632355,0.11464982479810715,0.1991472840309143,6.059652805328369,0.19450139999389648,0.41446977853775024,23.738147735595703,14.192440032958984,1.0223366022109985,12.124520301818848,0.19450141489505768,48.18405532836914,1.7301112413406372,3.485858917236328
0.11819498240947723,272,15.140923500061035,12.585434913635254,13.272971153259277,6.898238658905029,0.42513129115104675,180,85.43435668945312,0.019395476207137108,0.22208069264888763,0.37861397862434387,0.001981250010430813,0.9923186898231506,0.09253750741481781,94.85983276367188,162.3284454345703,8135.991854815,0.007543750107288361,15.140923500061035,0.1927431970834732,93.30809783935547,6.898238658905029,0.11678124219179153,8.053453737222327e-16,0.9654688239097595,0.3658437430858612,0.0030562502797693014,0.23643752932548523,90,1.0336241411390557e-15,0.8543812036514282,35.04555892944336,0.5188999772071838,182.976806640625,0.265625,182.976806640625,0.11857365816831589,83.66997528076172,0.00507500022649765,162.3284454345703,0.8543812036514282,0.03085819073021412,0.005475000012665987,4.110947132110596,0.015151409432291985,1776430604.2139845,12.58156681060791,0.23595622181892395,13.134965896606445,4.052361011505127,31.420963287353516,0.013875000178813934,,,,,,,,,,,,,,,,
,272,,,,,,181,,,,,,,,,,8137.246779639,,,,,,,,,,,,90,,,,,,,,,,,,,,,,,1776430605.4709575,,,,,,,1.9346281290054321,22.1561336517334,0.1897486001253128,0.11348046362400055,0.19816264510154724,6.015537738800049,0.19406089186668396,0.40727800130844116,23.72089195251465,14.222644805908203,1.0850778818130493,12.232385635375977,0.19406089186668396,48.18544006347656,1.836839199066162,3.482515573501587
0.12049244344234467,275,14.850387573242188,12.56161117553711,13.239683151245117,6.928910255432129,0.4332124888896942,182,85.59685516357422,0.01915586180984974,0.2191624641418457,0.3744620680809021,0.001825000043027103,0.9924374222755432,0.0916374996304512,95.21471405029297,163.33253479003906,8221.196127277,0.007643750868737698,14.850387573242188,0.18454229831695557,93.66090393066406,6.928910255432129,0.11860000342130661,3.3060576845600487e-15,0.9658499360084534,0.37178751826286316,0.0026562497951090336,0.240268737077713,91,3.890334235312487e-15,0.8566125631332397,35.040958404541016,0.5246687531471252,184.0897216796875,0.2706812620162964,184.0897216796875,0.11924077570438385,83.9912338256836,0.004756249953061342,163.33253479003906,0.8566125631332397,0.030522461980581284,0.0049749999307096004,4.106229305267334,0.014988109469413757,1776430689.4177802,12.441695213317871,0.23796877264976501,13.067656517028809,4.0436553955078125,31.458707809448242,0.013606250286102295,,,,,,,,,,,,,,,,
,275,,,,,,183,,,,,,,,,,8222.52418164,,,,,,,,,,,,91,,,,,,,,,,,,,,,,,1776430690.7488456,,,,,,,1.8295700550079346,22.325666427612305,0.18578733503818512,0.11273057013750076,0.19691601395606995,5.989814281463623,0.19318480789661407,0.4096129238605499,23.666175842285156,14.207408905029297,1.056262731552124,12.395733833312988,0.19318480789661407,48.18688201904297,1.7682273387908936,3.468759775161743
0.1311136931180954,278,14.032637596130371,12.450654029846191,13.121274948120117,6.875411033630371,0.43653127551078796,184,85.10480499267578,0.018954625353217125,0.21615289151668549,0.369918555021286,0.0018687499687075615,0.9925875067710876,0.09418124705553055,94.34941101074219,162.60552978515625,8307.557164929,0.008150000125169754,14.032637596130371,0.18022988736629486,92.9388427734375,6.875411033630371,0.11968124657869339,-1.6869643702788206e-15,0.966768741607666,0.37386250495910645,0.0029374996665865183,0.24289372563362122,92,-2.0361316799277773e-16,0.8599187135696411,34.7559928894043,0.5276687741279602,182.82647705078125,0.2722937762737274,182.82647705078125,0.11976558715105057,83.49016571044922,0.005200000014156103,162.60552978515625,0.8599187135696411,0.03018110990524292,0.0054812501184642315,4.060486316680908,0.014887509867548943,1776430775.7789025,12.28914737701416,0.2404874861240387,13.118852615356445,3.998913288116455,31.17270278930664,0.014449999667704105,,,,,,,,,,,,,,,,
,278,,,,,,185,,,,,,,,,,8308.859642605,,,,,,,,,,,,92,,,,,,,,,,,,,,,,,1776430777.0843916,,,,,,,1.881065011024475,22.564332962036133,0.18954020738601685,0.11849900335073471,0.19725382328033447,5.976639270782471,0.1945343166589737,0.4160555899143219,23.63888931274414,14.192191123962402,1.0610017776489258,12.553075790405273,0.1945343166589737,48.188377380371094,1.710852026939392,3.469864845275879
0.11973952502012253,281,14.674463272094727,12.287174224853516,12.949747085571289,6.85910701751709,0.43297502398490906,186,83.89276123046875,0.019074084237217903,0.21799013018608093,0.3736844062805176,0.0017875002231448889,0.9926000237464905,0.09184373915195465,92.66576385498047,159.52716064453125,8393.532741407,0.007743750233203173,14.674463272094727,0.18399357795715332,91.35533905029297,6.85910701751709,0.11801249533891678,1.1774435593192578e-15,0.9660249352455139,0.3703312575817108,0.002962500089779496,0.24050626158714294,93,1.7782541932021e-15,0.8577748537063599,34.25810623168945,0.5248437523841858,179.40721130371094,0.2698500156402588,179.40721130371094,0.11930190771818161,82.1119613647461,0.004843749571591616,159.52716064453125,0.8577748537063599,0.030404893681406975,0.005350000225007534,4.010789394378662,0.014972790144383907,1776430861.7555177,12.357263565063477,0.2366500049829483,12.955114364624023,3.951221227645874,30.702259063720703,0.013693749904632568,,,,,,,,,,,,,,,,
,281,,,,,,187,,,,,,,,,,8394.801386611,,,,,,,,,,,,93,,,,,,,,,,,,,,,,,1776430863.0255516,,,,,,,1.932405948638916,22.420637130737305,0.1879434883594513,0.11474847048521042,0.19557242095470428,5.938841819763184,0.19160878658294678,0.41581666469573975,23.553442001342773,14.151869773864746,1.0328760147094727,12.65494441986084,0.19160878658294678,48.18983840942383,1.7218916416168213,3.462538719177246
0.1237349659204483,284,14.495376586914062,12.188858032226562,12.829704284667969,6.881141662597656,0.4161687195301056,188,83.517578125,0.019061682745814323,0.22002623975276947,0.3818245232105255,0.00183750013820827,0.9924812316894531,0.08678750693798065,92.48442077636719,159.6585235595703,8479.777246864,0.007125000469386578,14.495376586914062,0.18486255407333374,91.12229919433594,6.881141662597656,0.11960624903440475,5.683929889255257e-16,0.9662123918533325,0.37368127703666687,0.0025062502827495337,0.24254372715950012,94,2.9014876438970827e-15,0.8591250777244568,34.025936126708984,0.5282250046730042,179.34857177734375,0.2724437415599823,179.34857177734375,0.11978089064359665,81.84713745117188,0.004574999678879976,159.6585235595703,0.8591250777244568,0.03038724884390831,0.004931250121444464,3.9796125888824463,0.014885597862303257,1776430947.9997222,12.529030799865723,0.2227250188589096,13.183961868286133,3.9250547885894775,30.575450897216797,0.013150000013411045,,,,,,,,,,,,,,,,
,284,,,,,,189,,,,,,,,,,8480.970844675,,,,,,,,,,,,94,,,,,,,,,,,,,,,,,1776430949.1949897,,,,,,,1.8914119005203247,22.48836326599121,0.18691928684711456,0.11338675022125244,0.1948583573102951,5.922452449798584,0.1911340057849884,0.4197641611099243,23.516613006591797,14.15283203125,1.0618683099746704,12.732110977172852,0.1911340206861496,48.19139862060547,1.7465330362319946,3.4411380290985107
0.1197967603802681,287,20.91425895690918,12.364052772521973,13.015923500061035,6.862553119659424,0.4143500030040741,190,84.3397445678711,0.019207941368222237,0.22055664658546448,0.38221150636672974,0.001793749863281846,0.992243766784668,0.08656875789165497,93.63848114013672,161.3275604248047,8565.23982156,0.00735000055283308,20.91425895690918,0.18447910249233246,92.19232940673828,6.862553119659424,0.11891251057386398,5.3485861573054905e-15,0.9657124876976013,0.3733937442302704,0.00286250002682209,0.24178746342658997,95,4.8339153860266215e-15,0.8581749200820923,34.50312805175781,0.5263000130653381,181.15963745117188,0.2725812494754791,181.15963745117188,0.11915533244609833,82.75670623779297,0.004887499380856752,161.3275604248047,0.8581749200820923,0.030641255900263786,0.004887499380856752,4.045131683349609,0.014925234951078892,1776431033.4619625,12.900908470153809,0.22228752076625824,13.134763717651367,3.988659381866455,30.94973373413086,0.013112500309944153,,,,,,,,,,,,,,,,
,287,,,,,,191,,,,,,,,,,8566.356273341,,,,,,,,,,,,95,,,,,,,,,,,,,,,,,1776431034.5810404,,,,,,,1.949913740158081,22.971763610839844,0.18925459682941437,0.11683732271194458,0.19501616060733795,5.898481369018555,0.19380691647529602,0.4142340123653412,23.52301025390625,14.193486213684082,1.0740375518798828,13.237896919250488,0.19380691647529602,48.19294738769531,1.7509232759475708,3.430850028991699
0.1268763691186905,290,15.79286003112793,12.637565612792969,13.294929504394531,6.827176094055176,0.4223312735557556,192,86.08391571044922,0.0190837774425745,0.21909639239311218,0.37886717915534973,0.0017687500221654773,0.9924874901771545,0.0869312435388565,95.30989074707031,164.36680603027344,8651.09902191,0.007399999536573887,15.79286003112793,0.18582940101623535,93.92597198486328,6.827176094055176,0.11890625208616257,1.0350336039632868e-15,0.9662437438964844,0.373012512922287,0.003012500237673521,0.24230624735355377,96,2.9646966305529876e-15,0.859643816947937,35.202392578125,0.527162492275238,184.34169006347656,0.2720312774181366,184.34169006347656,0.11888617277145386,84.3832778930664,0.004925000015646219,164.36680603027344,0.859643816947937,0.03044634684920311,0.005081249866634607,4.120730876922607,0.014916731044650078,1776431119.3212023,12.574347496032715,0.23048748075962067,13.124662399291992,4.063164234161377,31.536819458007812,0.013724999502301216,,,,,,,,,,,,,,,,
,290,,,,,,193,,,,,,,,,,8652.324629826,,,,,,,,,,,,96,,,,,,,,,,,,,,,,,1776431120.5491269,,,,,,,1.8982183933258057,23.136980056762695,0.18928933143615723,0.11447067558765411,0.19359733164310455,5.897189140319824,0.1941991001367569,0.41502851247787476,23.51308822631836,14.179943084716797,1.0845474004745483,13.283888816833496,0.1941990852355957,48.1943473815918,1.7775038480758667,3.4357612133026123
0.12397956103086472,293,16.620710372924805,12.854692459106445,13.527044296264648,6.792117595672607,0.40498119592666626,194,87.66576385498047,0.019130563363432884,0.2267034351825714,0.39154958724975586,0.0018562498735263944,0.992312490940094,0.0853312537074089,97.27413940429688,167.3834991455078,8736.78810648,0.007199999410659075,16.620710372924805,0.19541321694850922,95.87265014648438,6.792117595672607,0.11980624496936798,2.2565499815940804e-15,0.9656500220298767,0.37412500381469727,0.002793750027194619,0.24306872487068176,97,4.37551470749975e-15,0.8585624694824219,35.80246353149414,0.5289687514305115,188.66908264160156,0.27306249737739563,188.66908264160156,0.11975062638521194,85.9031982421875,0.0047125001437962055,167.3834991455078,0.8585624694824219,0.030563177540898323,0.004943750333040953,4.185947418212891,0.01488314475864172,1776431205.0098877,12.57106876373291,0.22248125076293945,13.143860816955566,4.1281208992004395,32.12890625,0.013143748976290226,,,,,,,,,,,,,,,,
,293,,,,,,195,,,,,,,,,,8738.081950332,,,,,,,,,,,,97,,,,,,,,,,,,,,,,,1776431206.3066766,,,,,,,1.8525447845458984,23.276033401489258,0.18933090567588806,0.115305095911026,0.19238093495368958,5.862880229949951,0.1943047195672989,0.41161710023880005,23.444608688354492,14.144994735717773,1.089666485786438,13.384035110473633,0.1943047195672989,48.195831298828125,1.7792211771011353,3.436537981033325
0.11902599781751633,296,15.32949161529541,12.860786437988281,13.554335594177246,6.762043476104736,0.4143500030040741,196,87.62614440917969,0.01917589269578457,0.22285161912441254,0.38538259267807007,0.0016437500016763806,0.9923186898231506,0.08800625056028366,97.21461486816406,167.03057861328125,8822.632977155,0.007300000172108412,15.32949161529541,0.19298483431339264,95.76837921142578,6.762043476104736,0.11890000104904175,-2.638405986743475e-16,0.9661062955856323,0.37212496995925903,0.0030249999836087227,0.24137498438358307,98,4.172172590050094e-15,0.8580937385559082,35.75986099243164,0.5263562202453613,188.30441284179688,0.27128124237060547,188.30441284179688,0.12058310955762863,85.78871154785156,0.004487500060349703,167.03057861328125,0.8580937385559082,0.030554788187146187,0.004643749911338091,4.197986602783203,0.014958293177187443,1776431290.854188,12.497411727905273,0.22644998133182526,13.043886184692383,4.140258312225342,32.08039474487305,0.012881250120699406,,,,,,,,,,,,,,,,
,296,,,,,,197,,,,,,,,,,8823.823663252,,,,,,,,,,,,98,,,,,,,,,,,,,,,,,1776431292.0480227,,,,,,,1.9103875160217285,23.646663665771484,0.19235873222351074,0.11034999787807465,0.1900748610496521,5.8216023445129395,0.19591344892978668,0.4107711911201477,23.426851272583008,14.160045623779297,1.1387672424316406,13.606159210205078,0.19591344892978668,48.19731903076172,1.854865312576294,3.4450066089630127
0.12240959703922272,299,13.494200706481934,12.539009094238281,13.234320640563965,6.726531505584717,0.4252687096595764,198,85.50666809082031,0.019149361178278923,0.22065891325473785,0.38002511858940125,0.001656249980442226,0.9924498796463013,0.09230624884366989,95.03986358642578,163.53843688964844,8909.336784293,0.007418750785291195,13.494200706481934,0.19020962715148926,93.51490020751953,6.726531505584717,0.11912500113248825,2.573028595742599e-15,0.966362476348877,0.3725874722003937,0.002624999964609742,0.2408374845981598,99,4.0594155641116014e-15,0.8582000136375427,34.792850494384766,0.5277062058448792,183.95790100097656,0.271699994802475,183.95790100097656,0.12042640894651413,83.8969497680664,0.00471875024959445,163.53843688964844,0.8582000136375427,0.030490722507238388,0.004931250121444464,4.103686809539795,0.014977144077420235,1776431377.5588174,12.357527732849121,0.24031248688697815,13.044527053833008,4.0501790046691895,31.278108596801758,0.013593749143183231,,,,,,,,,,,,,,,,
,299,,,,,,199,,,,,,,,,,8910.570928569,,,,,,,,,,,,99,,,,,,,,,,,,,,,,,1776431378.795519,,,,,,,1.8442760705947876,23.878345489501953,0.19069701433181763,0.10965032875537872,0.18871061503887177,5.785706996917725,0.1950354427099228,0.4157584011554718,23.289722442626953,14.0895414352417,1.1482373476028442,14.00464153289795,0.19503545761108398,48.198829650878906,1.8454253673553467,3.414280652999878
0.11460750550031662,302,19.75058937072754,12.207727432250977,12.930580139160156,6.725925922393799,0.4071187674999237,200,83.17676544189453,0.01938820816576481,0.2247830629348755,0.39127296209335327,0.0016125001711770892,0.9922686815261841,0.08769375085830688,92.262451171875,158.8452911376953,8995.323758514,0.007262499071657658,19.75058937072754,0.19715285301208496,90.91474151611328,6.725925922393799,0.11788749694824219,2.797566865664347e-15,0.9658125638961792,0.36813122034072876,0.0028187499847263098,0.23718121647834778,100,3.0365792345887765e-15,0.855681300163269,33.8202018737793,0.5212562680244446,178.82313537597656,0.2682249844074249,178.82313537597656,0.12084048241376877,81.50869750976562,0.004418749827891588,158.8452911376953,0.855681300163269,0.03078286722302437,0.004737500101327896,4.015445709228516,0.015163278207182884,1776431463.5457973,12.779216766357422,0.2273624986410141,13.131325721740723,3.9631190299987793,30.390836715698242,0.01326875202357769,,,,,,,,,,,,,,,,
,302,,,,,,201,,,,,,,,,,8996.474194828,,,,,,,,,,,,100,,,,,,,,,,,,,,,,,1776431464.6987245,,,,,,,1.971653699874878,23.723251342773438,0.19082671403884888,0.11308036744594574,0.18867924809455872,5.76040506362915,0.19274906814098358,0.4169032871723175,23.28034782409668,14.105252265930176,1.1257703304290771,13.987293243408203,0.19274906814098358,48.20036315917969,1.7816412448883057,3.414499044418335
0.12523172795772552,305,14.34536075592041,12.141687393188477,12.866727828979492,6.729229927062988,0.4145500361919403,202,83.33092498779297,0.01906645856797695,0.2215045690536499,0.38630133867263794,0.0017812501173466444,0.9924999475479126,0.08951874077320099,92.13915252685547,159.5366668701172,9081.47492305,0.00751875014975667,14.34536075592041,0.1933766007423401,90.88745880126953,6.729229927062988,0.1197500079870224,3.478662670419741e-16,0.9665499329566956,0.3738062381744385,0.002793750027194619,0.24172498285770416,101,6.034669292054318e-15,0.8594063520431519,33.638492584228516,0.5282750129699707,178.99954223632812,0.27293750643730164,178.99954223632812,0.12159056216478348,81.66173553466797,0.004931250121444464,159.5366668701172,0.8594063520431519,0.030285106971859932,0.005118750035762787,3.993582010269165,0.014952056109905243,1776431549.6972556,12.470719337463379,0.23064374923706055,13.151078224182129,3.9374852180480957,30.2967529296875,0.013774999417364597,,,,,,,,,,,,,,,,
,305,,,,,,203,,,,,,,,,,9082.66168388,,,,,,,,,,,,101,,,,,,,,,,,,,,,,,1776431550.886052,,,,,,,1.9214030504226685,23.591283798217773,0.187445729970932,0.11048095673322678,0.18662075698375702,5.736629962921143,0.18993042409420013,0.4093568027019501,23.218721389770508,14.069075584411621,1.1352375745773315,13.940742492675781,0.18993043899536133,48.20189666748047,1.7932206392288208,3.4128267765045166
0.12569256126880646,308,15.895071029663086,12.44089412689209,13.19432258605957,6.674602031707764,0.4331750273704529,204,85.9033203125,0.018886970356106758,0.21876800060272217,0.37782812118530273,0.0016874999273568392,0.9925750494003296,0.0940999984741211,94.79786682128906,164.31150817871094,9167.824188695,0.007587499916553497,15.895071029663086,0.18894845247268677,93.45579528808594,6.674602031707764,0.12050624191761017,1.1050730643058504e-15,0.9671687483787537,0.37712499499320984,0.002812500111758709,0.2420562505722046,102,2.4324075739712292e-15,0.8610438108444214,34.55900573730469,0.5320624709129333,184.09719848632812,0.275362491607666,184.09719848632812,0.12161888182163239,84.09258270263672,0.004781249910593033,164.31150817871094,0.8610438108444214,0.030057426542043686,0.0052687497809529305,4.0864481925964355,0.014858790673315525,1776431636.046469,12.482117652893066,0.24056246876716614,13.129663467407227,4.027083873748779,31.128690719604492,0.01413124892860651,,,,,,,,,,,,,,,,
,308,,,,,,205,,,,,,,,,,9169.013914641,,,,,,,,,,,,102,,,,,,,,,,,,,,,,,1776431637.2383199,,,,,,,1.9521899223327637,24.013830184936523,0.19094495475292206,0.10868135839700699,0.18559087812900543,5.6984453201293945,0.19131122529506683,0.4239247739315033,23.16176414489746,14.045318603515625,1.0985673666000366,14.416227340698242,0.19131122529506683,48.203338623046875,1.7212984561920166,3.417809247970581
0.12313634902238846,311,14.39326286315918,12.786605834960938,13.539831161499023,6.661503314971924,0.4246937930583954,206,88.17134094238281,0.018827570602297783,0.21829818189144135,0.3782248795032501,0.0018499998841434717,0.9926499724388123,0.09018124639987946,97.43974304199219,168.4993896484375,9254.038810023,0.007806249428540468,14.39326286315918,0.18518735468387604,96.086181640625,6.661503314971924,0.12062500417232513,6.87779911148767e-15,0.9668688178062439,0.3791249990463257,0.0027437503449618816,0.24406875669956207,103,3.591202855923736e-15,0.8622999787330627,35.583126068115234,0.5339249968528748,189.39585876464844,0.27696874737739563,189.39585876464844,0.12147248536348343,86.29358673095703,0.005012500565499067,168.4993896484375,0.8622999787330627,0.029998300597071648,0.005337499547749758,4.193249225616455,0.014805891551077366,1776431722.2608342,12.422853469848633,0.23063752055168152,13.080520629882812,4.130228042602539,32.00962448120117,0.013575000688433647,,,,,,,,,,,,,,,,
,311,,,,,,207,,,,,,,,,,9255.525885281,,,,,,,,,,,,103,,,,,,,,,,,,,,,,,1776431723.750262,,,,,,,2.053832769393921,24.387434005737305,0.19362425804138184,0.10562778264284134,0.18197359144687653,5.646849155426025,0.1918017715215683,0.414562851190567,23.09623908996582,14.0357027053833,1.113133192062378,14.526175498962402,0.1918017715215683,48.204734802246094,1.794370174407959,3.413494825363159
0.12771190702915192,314,16.080642700195312,13.091192245483398,13.841971397399902,6.6883440017700195,0.4083375334739685,208,89.93976593017578,0.01895141787827015,0.22198235988616943,0.38614317774772644,0.001550000044517219,0.9923936128616333,0.08659999817609787,99.82307434082031,172.20054626464844,9339.564021508,0.007174999453127384,16.080642700195312,0.19373637437820435,98.37396240234375,6.6883440017700195,0.12125623971223831,5.729086909739278e-15,0.9665812849998474,0.37914374470710754,0.002543749986216426,0.24469998478889465,104,-1.101657827462521e-15,0.8625749945640564,36.448307037353516,0.534081220626831,194.12583923339844,0.27646252512931824,194.12583923339844,0.12164448201656342,88.0977783203125,0.004412500187754631,172.20054626464844,0.8625749945640564,0.030162300914525986,0.004643749911338091,4.301337718963623,0.014803342521190643,1776431807.7862303,12.576888084411621,0.22296878695487976,13.132772445678711,4.237520217895508,32.73231506347656,0.013087498024106026,,,,,,,,,,,,,,,,
,314,,,,,,209,,,,,,,,,,9340.854827385,,,,,,,,,,,,104,,,,,,,,,,,,,,,,,1776431809.079435,,,,,,,1.8224645853042603,24.78692626953125,0.19045020639896393,0.10203706473112106,0.17859385907649994,5.595468521118164,0.19226016104221344,0.42053040862083435,23.08356475830078,14.066770553588867,1.1522401571273804,14.784313201904297,0.19226016104221344,48.206199645996094,1.8294274806976318,3.4211316108703613
0.14074234664440155,317,16.90883445739746,13.241506576538086,13.961556434631348,6.667065143585205,0.40236252546310425,210,89.88025665283203,0.019329747185111046,0.22210441529750824,0.3858940005302429,0.001743749831803143,0.9920874238014221,0.0868687555193901,100.22915649414062,171.96376037597656,9425.126790663,0.007243749685585499,16.90883445739746,0.1948350965976715,98.655517578125,6.667065143585205,0.11903750151395798,5.6729794473131534e-15,0.9655624628067017,0.374437540769577,0.002406249986961484,0.2394937425851822,105,7.739035107201531e-16,0.8583250045776367,36.73343276977539,0.527793824672699,194.361328125,0.2739250361919403,194.361328125,0.12278802692890167,88.14088439941406,0.004537499975413084,171.96376037597656,0.8583250045776367,0.030773459002375603,0.005056250374764204,4.363190174102783,0.015033921226859093,1776431893.34801,12.59268569946289,0.2221125215291977,13.127389907836914,4.299553394317627,32.904170989990234,0.013281249441206455,,,,,,,,,,,,,,,,
,317,,,,,,211,,,,,,,,,,9426.441043753,,,,,,,,,,,,105,,,,,,,,,,,,,,,,,1776431894.6655495,,,,,,,1.957411289215088,25.07191276550293,0.19045992195606232,0.09709855914115906,0.17603997886180878,5.555966854095459,0.19273340702056885,0.41737425327301025,23.042442321777344,14.097142219543457,1.1755788326263428,15.006925582885742,0.19273340702056885,48.207603454589844,1.883649468421936,3.389138698577881
0.1273139864206314,320,15.840574264526367,13.326433181762695,14.00535774230957,6.668585777282715,0.38948750495910645,212,90.44031524658203,0.019251955673098564,0.22788336873054504,0.3961784541606903,0.0017374998424202204,0.9921125769615173,0.0851687490940094,100.78660583496094,173.19639587402344,9509.726906135,0.0070874993689358234,15.840574264526367,0.19947947561740875,99.35547637939453,6.668585777282715,0.1203249841928482,1.627929561986985e-15,0.9662061929702759,0.37563127279281616,0.002749999985098839,0.24044373631477356,106,2.8455428117968307e-15,0.8602811098098755,36.894832611083984,0.5285812020301819,195.8240966796875,0.27470624446868896,195.8240966796875,0.12425078451633453,88.7706298828125,0.004456249997019768,173.19639587402344,0.8602811098098755,0.03059188835322857,0.0047125001437962055,4.383652210235596,0.014971613883972168,1776431977.9490628,12.501235961914062,0.21669374406337738,13.091508865356445,4.324082851409912,33.14036560058594,0.012937500141561031,,,,,,,,,,,,,,,,
,320,,,,,,213,,,,,,,,,,9510.928664343,,,,,,,,,,,,106,,,,,,,,,,,,,,,,,1776431979.1532118,,,,,,,1.8866878747940063,25.1375732421875,0.1889256089925766,0.09819414466619492,0.17419564723968506,5.533014297485352,0.19133876264095306,0.4069932699203491,22.996931076049805,14.064356803894043,1.2132558822631836,15.013059616088867,0.19133876264095306,48.208961486816406,1.922337293624878,3.3993704319000244
0.14039993286132812,323,13.654203414916992,13.324408531188965,14.004792213439941,6.677590370178223,0.4017186760902405,214,90.88959503173828,0.01910061575472355,0.22372470796108246,0.39138251543045044,0.0018624999793246388,0.9922375082969666,0.08976250141859055,101.00352478027344,174.33688354492188,9594.781465363,0.007656250149011612,13.654203414916992,0.19240953028202057,99.68822479248047,6.677590370178223,0.12101250141859055,-1.3537890426740251e-15,0.9662624597549438,0.3783687949180603,0.0031250002793967724,0.24367499351501465,107,2.7060602023065705e-15,0.8618000745773315,36.85867691040039,0.5326061844825745,197.12315368652344,0.27611875534057617,197.12315368652344,0.12376658618450165,89.12041473388672,0.0049749999307096004,174.33688354492188,0.8618000745773315,0.03037129156291485,0.005043750163167715,4.372607707977295,0.014834808185696602,1776432063.0040991,12.371705055236816,0.22357499599456787,13.173325538635254,4.314262390136719,33.13120651245117,0.013893751427531242,,,,,,,,,,,,,,,,
,323,,,,,,215,,,,,,,,,,9595.960376044,,,,,,,,,,,,107,,,,,,,,,,,,,,,,,1776432064.1849384,,,,,,,1.962691068649292,25.705289840698242,0.19296421110630035,0.097078837454319,0.17232365906238556,5.475606918334961,0.1924486756324768,0.4162452220916748,22.895923614501953,14.02843952178955,1.2092761993408203,15.55126953125,0.1924486756324768,48.21046447753906,1.8728641271591187,3.391685724258423
0.13149826228618622,326,15.40526008605957,13.007352828979492,13.68873405456543,6.669936180114746,0.41571876406669617,216,88.70746612548828,0.019371526315808296,0.22103606164455414,0.38545137643814087,0.0019875001162290573,0.9919686913490295,0.09375,98.44247436523438,169.854736328125,9680.086999227,0.007993750274181366,15.40526008605957,0.18803133070468903,97.11321258544922,6.669936180114746,0.1198437362909317,4.82133864082579e-15,0.9652562737464905,0.37399375438690186,0.002793750027194619,0.2404937595129013,108,-4.320545657354735e-17,0.8580374717712402,35.92281723022461,0.5275687575340271,191.73219299316406,0.27323123812675476,191.73219299316406,0.12309867888689041,86.89893341064453,0.005087499972432852,169.854736328125,0.8580374717712402,0.03081137128174305,0.005231250077486038,4.281036853790283,0.015001998282968998,1776432148.3093336,12.515270233154297,0.2329312413930893,13.061437606811523,4.220230579376221,32.23733901977539,0.014231249690055847,,,,,,,,,,,,,,,,
,326,,,,,,217,,,,,,,,,,9681.362711878,,,,,,,,,,,,108,,,,,,,,,,,,,,,,,1776432149.5873287,,,,,,,1.8387606143951416,25.87959098815918,0.19360336661338806,0.09579582512378693,0.17011326551437378,5.420531272888184,0.19187743961811066,0.41012588143348694,22.856971740722656,14.03077507019043,1.2136772871017456,15.619775772094727,0.19187743961811066,48.21192169189453,1.8988244533538818,3.405473232269287
0.13074947893619537,329,15.232529640197754,13.04771614074707,13.743255615234375,6.6370930671691895,0.42067500948905945,218,89.56171417236328,0.018881812691688538,0.22181354463100433,0.385966420173645,0.00183750013820827,0.9924874901771545,0.0913500115275383,99.29464721679688,172.11585998535156,9764.919905329,0.007849999703466892,15.232529640197754,0.18644677102565765,98.00988006591797,6.6370930671691895,0.12167500704526901,-4.396277179102848e-15,0.9663375616073608,0.3786437511444092,0.002749999985098839,0.24376872181892395,109,3.1551909522586907e-15,0.8614874482154846,36.078399658203125,0.5340437293052673,193.76617431640625,0.2775687873363495,193.76617431640625,0.12249303609132767,87.92169952392578,0.005024999845772982,172.11585998535156,0.8614874482154846,0.030097099021077156,0.005137499887496233,4.296974182128906,0.014832010492682457,1776432233.1422446,12.533805847167969,0.2327437549829483,13.128936767578125,4.235592365264893,32.51271057128906,0.014143750071525574,,,,,,,,,,,,,,,,
,329,,,,,,219,,,,,,,,,,9766.199389133,,,,,,,,,,,,109,,,,,,,,,,,,,,,,,1776432234.4240687,,,,,,,1.9517077207565308,25.47059440612793,0.19149017333984375,0.09668045490980148,0.1712237000465393,5.453010082244873,0.18937359750270844,0.418379545211792,22.8652286529541,14.003362655639648,1.1993224620819092,15.412532806396484,0.18937359750270844,48.213279724121094,1.8789278268814087,3.408665418624878
0.1347850114107132,332,17.309049606323242,13.119317054748535,13.85175895690918,6.605900287628174,0.41418126225471497,220,90.28589630126953,0.01896054856479168,0.2212022840976715,0.3867228329181671,0.0017812501173466444,0.9923375844955444,0.089137502014637,100.08484649658203,173.18809509277344,9849.57845364,0.007512499578297138,17.309049606323242,0.18937599658966064,98.82581329345703,6.605900287628174,0.12221874296665192,3.92486607450615e-15,0.9668999314308167,0.3803250193595886,0.0026000000070780516,0.24473750591278076,110,6.939436004993471e-16,0.8629312515258789,36.32021713256836,0.5355374813079834,195.63546752929688,0.27869999408721924,195.63546752929688,0.12320320308208466,88.52265167236328,0.004731249529868364,173.18809509277344,0.8629312515258789,0.030164672061800957,0.004937500227242708,4.329657077789307,0.014770136214792728,1776432317.8007276,12.587164878845215,0.2277124971151352,13.12925910949707,4.270019054412842,32.68907165527344,0.013106250204145908,,,,,,,,,,,,,,,,
,332,,,,,,221,,,,,,,,,,9850.926432478,,,,,,,,,,,,110,,,,,,,,,,,,,,,,,1776432319.1510825,,,,,,,1.999722957611084,26.110769271850586,0.19530390202999115,0.09504007548093796,0.169538676738739,5.4142608642578125,0.19201619923114777,0.4154660105705261,22.83525848388672,14.017578125,1.15433931350708,16.000093460083008,0.19201619923114777,48.21453857421875,1.8098022937774658,3.4032270908355713
0.14387823641300201,335,14.732977867126465,13.407868385314941,14.163057327270508,6.559210777282715,0.40591245889663696,222,91.52411651611328,0.019148634746670723,0.22179724276065826,0.38618943095207214,0.0016937499167397618,0.9921374917030334,0.08807498961687088,101.55331420898438,175.60035705566406,9935.368239336,0.007243749685585499,14.732977867126465,0.19320720434188843,100.248291015625,6.559210777282715,0.1210625097155571,2.7652034308156548e-15,0.9666061997413635,0.37735626101493835,0.002606250112876296,0.24253126978874207,111,1.886728620559275e-15,0.8608063459396362,36.997127532958984,0.5308499932289124,197.73277282714844,0.27531251311302185,197.73277282714844,0.12405608594417572,89.78062438964844,0.00439374940469861,175.60035705566406,0.8608063459396362,0.030435647815465927,0.004706250037997961,4.429595470428467,0.014914021827280521,1776432403.5904741,12.434398651123047,0.22671248018741608,13.151061058044434,4.372552871704102,33.270877838134766,0.013081250712275505,,,,,,,,,,,,,,,,
,335,,,,,,223,,,,,,,,,,9936.66969987,,,,,,,,,,,,111,,,,,,,,,,,,,,,,,1776432404.894374,,,,,,,1.876348853111267,26.100358963012695,0.1913749724626541,0.09441301226615906,0.16716906428337097,5.357603549957275,0.18929007649421692,0.4168654978275299,22.765708923339844,14.012633323669434,1.2461199760437012,16.075231552124023,0.18929007649421692,48.21577453613281,1.883150577545166,3.3952815532684326
0.14151917397975922,338,13.91922664642334,13.801039695739746,14.561379432678223,6.54398775100708,0.41936251521110535,224,94.37572479248047,0.019031314179301262,0.22034181654453278,0.38717567920684814,0.00183750013820827,0.9922875761985779,0.08784376084804535,104.5279541015625,181.21897888183594,10021.111840269,0.007474999874830246,13.91922664642334,0.189796581864357,103.29173278808594,6.54398775100708,0.12224375456571579,9.817450671856243e-17,0.966825008392334,0.3794250190258026,0.0027875001542270184,0.2440187633037567,112,6.607290669452537e-15,0.8618999719619751,38.021514892578125,0.5335187315940857,204.25233459472656,0.27755001187324524,204.25233459472656,0.12355415523052216,92.54857635498047,0.004706250037997961,181.21897888183594,0.8618999719619751,0.030275702476501465,0.005168750416487455,4.5535359382629395,0.014854086562991142,1776432489.3343403,12.369039535522461,0.23108124732971191,13.139921188354492,4.4953532218933105,34.253849029541016,0.013850001618266106,,,,,,,,,,,,,,,,
,338,,,,,,225,,,,,,,,,,10022.356788606,,,,,,,,,,,,112,,,,,,,,,,,,,,,,,1776432490.581323,,,,,,,2.007434606552124,26.306198120117188,0.19272175431251526,0.09018981456756592,0.1654534786939621,5.334434986114502,0.18950530886650085,0.410269170999527,22.70172691345215,13.98938274383545,1.2495574951171875,16.233108520507812,0.18950532376766205,48.216922760009766,1.9505465030670166,3.377718925476074
0.14098232984542847,341,15.083503723144531,14.053117752075195,14.85577392578125,6.597359657287598,0.4164312183856964,226,95.72633361816406,0.019274329766631126,0.21828952431678772,0.3809053897857666,0.0019000002648681402,0.9919313192367554,0.09009999781847,106.27778625488281,183.54161071777344,10105.987638226,0.007843748666346073,15.083503723144531,0.18676182627677917,105.03529357910156,6.597359657287598,0.12062500417232513,3.597762279067274e-15,0.9662875533103943,0.3764750361442566,0.0027312501333653927,0.24178752303123474,113,-3.0270924655795284e-16,0.8602124452590942,38.77431106567383,0.529268741607666,207.57479858398438,0.27483126521110535,207.57479858398438,0.12341927736997604,93.85359191894531,0.0049749999307096004,183.54161071777344,0.8602124452590942,0.030650053173303604,0.0050187502056360245,4.661275386810303,0.014957093633711338,1776432574.2101407,12.400839805603027,0.23790623247623444,13.097091674804688,4.599106311798096,34.76457595825195,0.013487501069903374,,,,,,,,,,,,,,,,
,341,,,,,,227,,,,,,,,,,10107.117152456,,,,,,,,,,,,113,,,,,,,,,,,,,,,,,1776432575.341478,,,,,,,1.8711836338043213,26.880687713623047,0.19248390197753906,0.09135651588439941,0.1649799644947052,5.3115925788879395,0.1916806995868683,0.4146776795387268,22.682397842407227,14.00472640991211,1.2650365829467773,16.665943145751953,0.19168072938919067,48.21825408935547,1.9425530433654785,3.365886926651001
0.13038741052150726,344,17.006845474243164,14.131827354431152,14.91218376159668,6.596549034118652,0.4201999306678772,228,95.88591003417969,0.019444910809397697,0.21883752942085266,0.3816199004650116,0.0018812500638887286,0.9917874932289124,0.08685625344514847,106.67829895019531,183.66299438476562,10190.620838474,0.007712499238550663,17.006845474243164,0.1865924894809723,105.17021179199219,6.596549034118652,0.11967499554157257,1.0931468404085098e-15,0.9653500318527222,0.37113749980926514,0.00309374975040555,0.2387000173330307,114,3.691057876009651e-15,0.857856273651123,38.9476318359375,0.5241937637329102,207.14523315429688,0.2722437381744385,207.14523315429688,0.12347090244293213,94.00598907470703,0.004875000100582838,183.66299438476562,0.857856273651123,0.030964268371462822,0.005168750416487455,4.695045471191406,0.015116455033421516,1776432658.8429635,12.579163551330566,0.23330627381801605,13.119277000427246,4.631589412689209,34.882965087890625,0.01361250039190054,,,,,,,,,,,,,,,,
,344,,,,,,229,,,,,,,,,,10196.877782083,,,,,,,,,,,,114,,,,,,,,,,,,,,,,,1776432665.1021757,,,,,,,2.044530153274536,27.38711929321289,0.19229893386363983,0.09023052453994751,0.16264888644218445,5.270395755767822,0.1932384967803955,0.4101732671260834,22.70254898071289,14.036643981933594,1.3471910953521729,16.928726196289062,0.1932384967803955,48.21963882446289,2.0698373317718506,3.395317316055298
0.13882720470428467,347,15.326849937438965,13.875298500061035,14.58782958984375,6.600113391876221,0.4142437279224396,230,94.42967987060547,0.019480062648653984,0.21945559978485107,0.38432982563972473,0.0019249999895691872,0.9916313886642456,0.09076250344514847,104.65547180175781,180.67649841308594,10280.912503404,0.007731250487267971,15.326849937438965,0.18748918175697327,103.43785858154297,6.600113391876221,0.12011249363422394,4.346891770146133e-15,0.9652062058448792,0.3726375102996826,0.0027437503449618816,0.2396249920129776,115,3.043138657732314e-15,0.8575624823570251,38.237735748291016,0.5265125632286072,204.1622314453125,0.27307501435279846,204.1622314453125,0.12387679517269135,92.46458435058594,0.0048500001430511475,180.67649841308594,0.8575624823570251,0.031028376892209053,0.0055624996311962605,4.60237455368042,0.015055605210363865,1776432749.1348078,12.531278610229492,0.23131874203681946,13.170319557189941,4.545516490936279,34.2862434387207,0.013768749311566353,,,,,,,,,,,,,,,,
,347,,,,,,231,,,,,,,,,,10282.218133286,,,,,,,,,,,,115,,,,,,,,,,,,,,,,,1776432750.4426177,,,,,,,2.00665020942688,27.573307037353516,0.19090066850185394,0.08606182783842087,0.1591634601354599,5.187645435333252,0.1908511370420456,0.4145238697528839,22.507583618164062,13.951114654541016,1.3337022066116333,17.325122833251953,0.1908511221408844,48.22099304199219,2.0636849403381348,3.368633270263672
0.1262349933385849,350,15.135652542114258,13.637360572814941,14.315812110900879,6.638442516326904,0.40158748626708984,232,93.03973388671875,0.019448114559054375,0.22245191037654877,0.3892967700958252,0.001956250285729766,0.9915937781333923,0.08841875195503235,103.3992919921875,178.61888122558594,10366.455255235,0.007512499578297138,15.135652542114258,0.19279003143310547,102.19391632080078,6.638442516326904,0.12043750286102295,1.6890785645151674e-15,0.9644125699996948,0.37431246042251587,0.0032062497921288013,0.24101875722408295,116,1.9896736168367735e-15,0.8570312857627869,37.67452621459961,0.5264124870300293,202.68296813964844,0.2735312283039093,202.68296813964844,0.12413106858730316,91.19593048095703,0.004931250121444464,178.61888122558594,0.8570312857627869,0.03107023425400257,0.0052437493577599525,4.526671886444092,0.015003589913249016,1776432834.6773317,12.50638484954834,0.22901871800422668,13.139631271362305,4.4768524169921875,33.722530364990234,0.013525000773370266,,,,,,,,,,,,,,,,
,350,,,,,,233,,,,,,,,,,10367.638297932,,,,,,,,,,,,116,,,,,,,,,,,,,,,,,1776432835.8627687,,,,,,,1.8610817193984985,27.779296875,0.19055142998695374,0.08509840071201324,0.15767648816108704,5.147095680236816,0.18992352485656738,0.42194294929504395,22.504560470581055,13.991422653198242,1.3537465333938599,17.612207412719727,0.18992352485656738,48.222503662109375,2.0275373458862305,3.3658504486083984
0.13701646029949188,353,19.624662399291992,13.365190505981445,14.041991233825684,6.600552082061768,0.41144996881484985,234,90.45911407470703,0.019653456285595894,0.22359217703342438,0.3908217251300812,0.00191249989438802,0.9914812445640564,0.08571875095367432,100.70043182373047,172.81051635742188,10450.168480807,0.0078125,19.624662399291992,0.19337895512580872,99.37788391113281,6.600552082061768,0.11810625344514847,8.726743286335825e-16,0.9648188352584839,0.3679937720298767,0.0032875000033527613,0.23583748936653137,117,4.7173094423758055e-15,0.8536311388015747,36.849544525146484,0.5208125114440918,196.18467712402344,0.26983121037483215,196.18467712402344,0.122313492000103,88.59711456298828,0.004756249953061342,172.81051635742188,0.8536311388015747,0.03120223805308342,0.005262499675154686,4.459808826446533,0.015273847617208958,1776432918.390722,12.734457969665527,0.22671248018741608,13.067612648010254,4.407224655151367,32.936527252197266,0.013687499798834324,,,,,,,,,,,,,,,,
,353,,,,,,235,,,,,,,,,,10451.310494641,,,,,,,,,,,,117,,,,,,,,,,,,,,,,,1776432919.5351067,,,,,,,2.074406385421753,27.84160804748535,0.1961124986410141,0.08900900930166245,0.15880519151687622,5.158388137817383,0.1901177614927292,0.4152987003326416,22.526594161987305,13.982887268066406,1.352644681930542,17.737293243408203,0.1901177614927292,48.22395706176758,2.0136377811431885,3.38512921333313
0.13080205023288727,356,15.300880432128906,13.324318885803223,14.039146423339844,6.5783538818359375,0.41401246190071106,236,90.21174621582031,0.019835418090224266,0.22059190273284912,0.38443663716316223,0.00183750013820827,0.9913312196731567,0.08373750001192093,100.62322235107422,172.18148803710938,10534.720337371,0.007643750868737698,15.300880432128906,0.19146716594696045,99.21924591064453,6.5783538818359375,0.1182125061750412,4.73677087137192e-15,0.9641188383102417,0.36796876788139343,0.003006249899044633,0.23545001447200775,118,1.0443577426466621e-15,0.8523187637329102,36.78076171875,0.5194687247276306,195.97764587402344,0.26913750171661377,195.97764587402344,0.12205005437135696,88.31292724609375,0.004856249783188105,172.18148803710938,0.8523187637329102,0.03158441558480263,0.0048374999314546585,4.472108364105225,0.015304742380976677,1776433002.9428635,12.538745880126953,0.22623123228549957,13.097016334533691,4.416921615600586,32.83559799194336,0.013756250962615013,,,,,,,,,,,,,,,,
,356,,,,,,237,,,,,,,,,,10535.881312683,,,,,,,,,,,,118,,,,,,,,,,,,,,,,,1776433004.1059325,,,,,,,1.9485496282577515,27.82805633544922,0.1927070915699005,0.09167113155126572,0.1584550440311432,5.133893013000488,0.18897400796413422,0.40658333897590637,22.481151580810547,13.997231483459473,1.3915241956710815,18.064647674560547,0.18897400796413422,48.225154876708984,2.0919458866119385,3.349836587905884
0.13076625764369965,359,15.738920211791992,13.465651512145996,14.20388126373291,6.542866230010986,0.3994874954223633,238,91.39596557617188,0.019696595147252083,0.225860133767128,0.39411094784736633,0.0020000000949949026,0.9911499619483948,0.08421248942613602,101.98377227783203,174.70645141601562,10618.810739097,0.0074562500230968,15.738920211791992,0.19731765985488892,100.63213348388672,6.542866230010986,0.11975623667240143,9.110062964418075e-15,0.9641937613487244,0.3713562488555908,0.0027375000063329935,0.23849377036094666,119,-4.854515227303846e-16,0.8546124696731567,37.17606735229492,0.5231499671936035,198.69651794433594,0.27162501215934753,198.69651794433594,0.1219649463891983,89.50916290283203,0.004699999932199717,174.70645141601562,0.8546124696731567,0.03140250965952873,0.00518124969676137,4.512969493865967,0.015171037055552006,1776433087.03324,12.571863174438477,0.22200000286102295,13.134416580200195,4.455255508422852,33.20330810546875,0.013724999502301216,,,,,,,,,,,,,,,,
,359,,,,,,239,,,,,,,,,,10620.055888988,,,,,,,,,,,,119,,,,,,,,,,,,,,,,,1776433088.2802901,,,,,,,1.942792534828186,28.201692581176758,0.1936185359954834,0.08337312936782837,0.15459351241588593,5.083998680114746,0.18850474059581757,0.4200176000595093,22.402828216552734,13.967366218566895,1.3743278980255127,18.19715118408203,0.18850474059581757,48.22651672363281,2.055274248123169,3.35127854347229
0.1327705979347229,362,16.847890853881836,13.78065299987793,14.54847526550293,6.484981536865234,0.4040124714374542,240,93.45050048828125,0.019533423706889153,0.22294315695762634,0.3896579146385193,0.0020624997559934855,0.9913563132286072,0.08640000224113464,104.20618438720703,179.01971435546875,10703.406841282,0.008056250400841236,16.847890853881836,0.19542905688285828,102.85853576660156,6.484981536865234,0.12121874839067459,3.658314970400589e-15,0.9648500084877014,0.374287486076355,0.00286250002682209,0.2403562366962433,120,4.187188790139018e-15,0.8567686676979065,37.97987747192383,0.5274312496185303,203.10409545898438,0.2737562358379364,203.10409545898438,0.12103873491287231,91.65431213378906,0.005218749865889549,179.01971435546875,0.8567686676979065,0.031079141423106194,0.005356249399483204,4.611997127532959,0.015096963383257389,1776433171.6286254,12.652515411376953,0.2268437296152115,13.165693283081055,4.5487895011901855,34.0116081237793,0.014368750154972076,,,,,,,,,,,,,,,,
,362,,,,,,241,,,,,,,,,,10704.689318345,,,,,,,,,,,,120,,,,,,,,,,,,,,,,,1776433172.9139965,,,,,,,1.9447847604751587,28.441389083862305,0.19173240661621094,0.08214378356933594,0.15230293571949005,5.035854339599609,0.18727359175682068,0.4136347770690918,22.36210060119629,13.959977149963379,1.3456039428710938,18.392881393432617,0.18727359175682068,48.22775650024414,2.0253305435180664,3.366081714630127
0.1410304754972458,365,16.479700088500977,13.935553550720215,14.73179817199707,6.468948841094971,0.40521878004074097,242,95.04090881347656,0.019382940605282784,0.22418414056301117,0.39199256896972656,0.0020749999675899744,0.9913936853408813,0.08778750151395798,105.93231201171875,182.25758361816406,10788.011390842,0.008056250400841236,16.479700088500977,0.1936229169368744,104.57554626464844,6.468948841094971,0.12221251428127289,1.183569301593801e-15,0.9650187492370605,0.3793562650680542,0.0031999999191612005,0.2429812252521515,121,-5.0198560586078855e-17,0.8582187294960022,38.44536209106445,0.5317874550819397,206.88699340820312,0.27713748812675476,206.88699340820312,0.12193894386291504,93.15742492675781,0.005043750163167715,182.25758361816406,0.8582187294960022,0.03088271990418434,0.005387499928474426,4.671234607696533,0.014981590211391449,1776433256.233445,12.58042049407959,0.22571250796318054,13.178709983825684,4.6078877449035645,34.451351165771484,0.01464375015348196,,,,,,,,,,,,,,,,
,365,,,,,,243,,,,,,,,,,10789.215494782,,,,,,,,,,,,121,,,,,,,,,,,,,,,,,1776433257.440299,,,,,,,2.0265347957611084,28.428817749023438,0.19148753583431244,0.08042346686124802,0.1504523605108261,4.998264312744141,0.1857301890850067,0.41084590554237366,22.24213409423828,13.896088600158691,1.4000327587127686,18.330961227416992,0.1857301890850067,48.228981018066406,2.0690107345581055,3.347594738006592
0.14216779172420502,368,16.5460262298584,14.091073036193848,14.909819602966309,6.467411994934082,0.39476874470710754,244,95.94697570800781,0.0194453876465559,0.22922208905220032,0.3997173011302948,0.0020562501158565283,0.9912937879562378,0.0865437462925911,106.96576690673828,184.10916137695312,10872.680675881,0.007937499321997166,16.5460262298584,0.19704438745975494,105.62034606933594,6.467411994934082,0.12120623886585236,5.532195795215911e-15,0.9651312828063965,0.37809374928474426,0.0031062497291713953,0.24118125438690186,122,1.860599348202374e-15,0.8577061891555786,38.87710189819336,0.5299375057220459,208.62123107910156,0.27515625953674316,208.62123107910156,0.1216345950961113,94.08251953125,0.005087499972432852,184.10916137695312,0.8577061891555786,0.030980747193098068,0.005456250160932541,4.738392353057861,0.015005586668848991,1776433340.9028475,12.590668678283691,0.2199687659740448,13.16200065612793,4.675682067871094,34.84304428100586,0.014681249856948853,,,,,,,,,,,,,,,,
,368,,,,,,245,,,,,,,,,,10873.923920884,,,,,,,,,,,,122,,,,,,,,,,,,,,,,,1776433342.1484725,,,,,,,1.9257100820541382,28.411727905273438,0.1899624913930893,0.07845734804868698,0.14891837537288666,4.973952770233154,0.18391121923923492,0.42029398679733276,22.24441146850586,13.91915512084961,1.3384344577789307,18.368314743041992,0.18391123414039612,48.23031997680664,2.00933575630188,3.351118564605713
0.13534222543239594,371,16.67698097229004,14.081192970275879,14.913352012634277,6.462430000305176,0.40163129568099976,246,95.97557067871094,0.019514882937073708,0.22433876991271973,0.3926717936992645,0.0021437499672174454,0.9913062453269958,0.08933749794960022,106.97571563720703,183.91441345214844,10957.537399988,0.008012499660253525,16.67698097229004,0.1944352090358734,105.51947021484375,6.462430000305176,0.12115626037120819,3.7135550710887255e-15,0.964787483215332,0.37629371881484985,0.003337500151246786,0.24021874368190765,123,4.365052156535265e-15,0.8566812872886658,38.85957336425781,0.5274375081062317,208.13037109375,0.27425625920295715,208.13037109375,0.12261383980512619,94.00452423095703,0.005162499845027924,183.91441345214844,0.8566812872886658,0.031095413491129875,0.005656249821186066,4.746784687042236,0.015070432797074318,1776433425.7590132,12.514104843139648,0.22900626063346863,13.126038551330566,4.682780742645264,34.8006591796875,0.014687499962747097,,,,,,,,,,,,,,,,
,371,,,,,,247,,,,,,,,,,10958.789289623,,,,,,,,,,,,123,,,,,,,,,,,,,,,,,1776433427.0138655,,,,,,,1.9655652046203613,28.76067352294922,0.18880663812160492,0.07878734916448593,0.14682157337665558,4.907702922821045,0.18286122381687164,0.4066145122051239,22.183446884155273,13.920184135437012,1.3837084770202637,18.46060562133789,0.18286122381687164,48.23161315917969,2.1010966300964355,3.3553788661956787
0.1265210658311844,374,17.8525390625,13.938703536987305,14.738419532775879,6.469832897186279,0.40920621156692505,248,95.13158416748047,0.019569138064980507,0.22020460665225983,0.3856618106365204,0.0020125003065913916,0.9912624955177307,0.08985000103712082,106.07801818847656,182.36244201660156,11042.469658688,0.008106250315904617,17.8525390625,0.19085636734962463,104.77184295654297,6.469832897186279,0.12108124047517776,4.374105244675519e-15,0.9649186730384827,0.37453123927116394,0.0032875000033527613,0.23966874182224274,124,3.43236723765461e-15,0.8566063642501831,38.53290939331055,0.526506245136261,207.24794006347656,0.2746124565601349,207.24794006347656,0.12478046864271164,93.17753601074219,0.0051750000566244125,182.36244201660156,0.8566063642501831,0.031144198030233383,0.005593750160187483,4.7057414054870605,0.015106669627130032,1776433510.6913996,12.623810768127441,0.23142501711845398,13.154617309570312,4.642200946807861,34.48630142211914,0.014925001189112663,,,,,,,,,,,,,,,,
,374,,,,,,249,,,,,,,,,,11043.682182503,,,,,,,,,,,,124,,,,,,,,,,,,,,,,,1776433511.90686,,,,,,,1.9010637998580933,28.822338104248047,0.18456821143627167,0.07477915287017822,0.14416572451591492,4.875331401824951,0.18071343004703522,0.4063819944858551,22.19321632385254,13.9872465133667,1.4208335876464844,18.737022399902344,0.18071343004703522,48.2328987121582,2.0984537601470947,3.3304574489593506
0.12867945432662964,377,16.062299728393555,14.15524959564209,14.943892478942871,6.472596168518066,0.4152999520301819,250,96.88691711425781,0.01933428645133972,0.21711435914039612,0.38288357853889465,0.0020062497351318598,0.9914436936378479,0.08991874009370804,108.36561584472656,186.10179138183594,11127.231454805,0.007837499491870403,16.062299728393555,0.1886960119009018,106.799560546875,6.472596168518066,0.1224062517285347,1.7874157015596026e-15,0.9653376340866089,0.37828752398490906,0.0031687503214925528,0.2430875152349472,125,2.3352088492079037e-15,0.859556257724762,39.18766784667969,0.5310562252998352,211.25625610351562,0.2771437466144562,211.25625610351562,0.12519174814224243,94.96906280517578,0.004875000100582838,186.10179138183594,0.859556257724762,0.03079797513782978,0.0052437493577599525,4.773996829986572,0.014988778159022331,1776433595.4537969,12.585926055908203,0.22788749635219574,13.150574684143066,4.706179141998291,35.127227783203125,0.014437498524785042,,,,,,,,,,,,,,,,
,377,,,,,,251,,,,,,,,,,11128.506709991,,,,,,,,,,,,125,,,,,,,,,,,,,,,,,1776433596.7312262,,,,,,,1.9733134508132935,28.903108596801758,0.18562468886375427,0.07446754723787308,0.14282406866550446,4.8309149742126465,0.17964604496955872,0.40451285243034363,22.095949172973633,13.941703796386719,1.4293702840805054,18.713457107543945,0.17964604496955872,48.234188079833984,2.1236331462860107,3.3231499195098877
0.14420436322689056,380,15.96586799621582,14.188834190368652,14.950234413146973,6.437487602233887,0.4119500517845154,252,96.79739379882812,0.019303737208247185,0.21612130105495453,0.38144347071647644,0.0017812501173466444,0.9915624260902405,0.0838875100016594,108.58123016357422,185.59169006347656,11213.063769006,0.007031250279396772,15.96586799621582,0.18742896616458893,106.86395263671875,6.437487602233887,0.12228750437498093,4.62124912989359e-15,0.9656375646591187,0.37747499346733093,0.002924999687820673,0.24216876924037933,126,2.7096380694757727e-15,0.8598437309265137,39.279788970947266,0.5297874808311462,211.06106567382812,0.2768562138080597,211.06106567382812,0.1267613172531128,94.92597198486328,0.004474999848753214,185.59169006347656,0.8598437309265137,0.030725959688425064,0.004812499973922968,4.785829067230225,0.015014918521046638,1776433681.285805,12.57808780670166,0.22171248495578766,13.149270057678223,4.7131571769714355,35.17007827758789,0.013387500308454037,,,,,,,,,,,,,,,,
,380,,,,,,253,,,,,,,,,,11214.269145165,,,,,,,,,,,,126,,,,,,,,,,,,,,,,,1776433682.493637,,,,,,,1.961152195930481,28.749296188354492,0.18440358340740204,0.07126316428184509,0.1416369527578354,4.829501152038574,0.1784004122018814,0.403344064950943,22.158262252807617,13.983595848083496,1.3988251686096191,18.74915313720703,0.1784004122018814,48.23538589477539,2.098151445388794,3.3449862003326416
0.15098053216934204,383,18.32782745361328,14.271788597106934,15.0107421875,6.422787666320801,0.40229371190071106,254,97.46471405029297,0.019206823781132698,0.21874453127384186,0.385466605424881,0.001656249980442226,0.9915875792503357,0.08070000261068344,109.37803649902344,187.32118225097656,11298.176773035,0.006762500386685133,18.32782745361328,0.1867058426141739,107.74981689453125,6.422787666320801,0.12390624731779099,-1.3151914453335412e-15,0.9654250144958496,0.381137490272522,0.003012500237673521,0.24374376237392426,127,3.938255971336346e-15,0.8616313338279724,39.53287124633789,0.5322187542915344,212.82301330566406,0.2791437804698944,212.82301330566406,0.12535177171230316,95.64324188232422,0.0042937505058944225,187.32118225097656,0.8616313338279724,0.030541207641363144,0.004731249529868364,4.8149638175964355,0.014930196106433868,1776433766.3990998,12.666778564453125,0.21348121762275696,13.08964729309082,4.740194320678711,35.38810348510742,0.012906251475214958,,,,,,,,,,,,,,,,
,383,,,,,,255,,,,,,,,,,11299.358140505,,,,,,,,,,,,127,,,,,,,,,,,,,,,,,1776433767.5827265,,,,,,,1.9825338125228882,28.9929141998291,0.1836448758840561,0.07040410488843918,0.1393599957227707,4.78167200088501,0.1775408536195755,0.4154502749443054,22.103296279907227,13.963024139404297,1.4033260345458984,18.92275047302246,0.1775408536195755,48.23661804199219,2.104020833969116,3.358424186706543
0.14416031539440155,386,16.88969612121582,14.314825057983398,15.022126197814941,6.359394073486328,0.3930000066757202,256,97.66917419433594,0.019102590158581734,0.22132304310798645,0.38989874720573425,0.001756250043399632,0.991737425327301,0.08389374613761902,109.20849609375,188.26290893554688,11382.983419153,0.007293750066310167,16.88969612121582,0.19430837035179138,107.83741760253906,6.359394073486328,0.1239749938249588,1.7828620524351635e-15,0.9660438299179077,0.3830687701702118,0.002850000048056245,0.24530625343322754,128,7.884860299400831e-16,0.862156331539154,39.54098892211914,0.5353249907493591,213.52127075195312,0.2803874909877777,213.52127075195312,0.12487316876649857,95.99883270263672,0.0045437500812113285,188.26290893554688,0.862156331539154,0.03036866895854473,0.004812499973922968,4.818902969360352,0.014901773072779179,1776433851.2053678,12.589539527893066,0.215293750166893,13.150136947631836,4.746026515960693,35.471317291259766,0.013406248763203621,,,,,,,,,,,,,,,,
,386,,,,,,257,,,,,,,,,,11384.130445341,,,,,,,,,,,,128,,,,,,,,,,,,,,,,,1776433852.354826,,,,,,,1.9495596885681152,29.369882583618164,0.18729770183563232,0.07017456740140915,0.13810759782791138,4.758668899536133,0.1777723729610443,0.4207007586956024,22.02156639099121,13.925997734069824,1.3646811246871948,19.149320602416992,0.1777723729610443,48.237789154052734,2.015413999557495,3.3367233276367188
0.16058331727981567,389,18.914148330688477,14.573041915893555,15.338814735412598,6.356014728546143,0.3911062479019165,258,99.54502868652344,0.01911531388759613,0.22605909407138824,0.39596816897392273,0.002025000052526593,0.9915813207626343,0.0880812481045723,111.64765167236328,192.02886962890625,11468.550733112,0.007887500338256359,18.914148330688477,0.1976855993270874,109.94361114501953,6.356014728546143,0.12436248362064362,3.680703745262415e-15,0.9654874801635742,0.38451874256134033,0.003325000172480941,0.24521875381469727,129,4.3728042020685365e-15,0.8615626096725464,40.20853805541992,0.5376186966896057,217.35911560058594,0.2816687524318695,217.35911560058594,0.1257321983575821,97.87519073486328,0.005056250374764204,192.02886962890625,0.8615626096725464,0.03050142154097557,0.005262500606477261,4.911022663116455,0.014835687354207039,1776433936.7727778,12.786918640136719,0.21899999678134918,13.239250183105469,4.842831134796143,36.062740325927734,0.0147687504068017,,,,,,,,,,,,,,,,
,389,,,,,,259,,,,,,,,,,11469.78473532,,,,,,,,,,,,129,,,,,,,,,,,,,,,,,1776433938.0093951,,,,,,,1.950476884841919,29.52728271484375,0.1874786764383316,0.06975626945495605,0.1371205598115921,4.735086441040039,0.177594393491745,0.42247262597084045,21.959110260009766,13.891336441040039,1.3453094959259033,19.241270065307617,0.177594393491745,48.23887634277344,1.9929184913635254,3.332507848739624
0.14243783056735992,392,17.725374221801758,14.709785461425781,15.543091773986816,6.3477067947387695,0.3918125331401825,260,100.15913391113281,0.019361332058906555,0.22511480748653412,0.39401769638061523,0.001706250011920929,0.9914750456809998,0.0829937532544136,112.04985809326172,192.73704528808594,11552.708448681,0.007687500678002834,17.725374221801758,0.19834721088409424,110.55101013183594,6.3477067947387695,0.12265001237392426,3.657718659205722e-15,0.9652624726295471,0.37815621495246887,0.0030374997295439243,0.24103125929832458,130,4.353559613506919e-15,0.8576812744140625,40.687808990478516,0.5299562811851501,218.09266662597656,0.2771187126636505,218.09266662597656,0.12455923110246658,98.36665344238281,0.004662500228732824,192.73704528808594,0.8576812744140625,0.030871231108903885,0.004781249910593033,4.98488187789917,0.015064253471791744,1776434020.9305105,12.807755470275879,0.21274374425411224,13.311888694763184,4.924976825714111,36.41650390625,0.014050000347197056,,,,,,,,,,,,,,,,
,392,,,,,,261,,,,,,,,,,11553.883808572,,,,,,,,,,,,130,,,,,,,,,,,,,,,,,1776434022.108324,,,,,,,1.8758331537246704,30.150970458984375,0.18680201470851898,0.06770388782024384,0.13530661165714264,4.6923112869262695,0.17865857481956482,0.42098140716552734,21.987844467163086,13.950607299804688,1.3969160318374634,19.7669620513916,0.17865857481956482,48.240047454833984,2.0375747680664062,3.3447494506835938
0.13725681602954865,395,15.836775779724121,15.123398780822754,15.966066360473633,6.312851905822754,0.4068624973297119,262,103.15917205810547,0.019258661195635796,0.22139692306518555,0.3903837203979492,0.0018875000532716513,0.9915437698364258,0.08753126114606857,114.96167755126953,198.57615661621094,11636.962509075,0.007918749935925007,15.836775779724121,0.19545745849609375,113.54297637939453,6.312851905822754,0.12344373762607574,3.541329555989403e-15,0.9653249382972717,0.38097500801086426,0.0034000000450760126,0.24306249618530273,131,4.749727087333122e-15,0.8585438132286072,41.79207229614258,0.53373122215271,224.3372802734375,0.27921250462532043,224.3372802734375,0.12496258318424225,101.33692169189453,0.004893749952316284,198.57615661621094,0.8585438132286072,0.030631883069872856,0.005037500057369471,5.101413726806641,0.015052909031510353,1776434105.1845267,12.44898796081543,0.22616875171661377,13.139138221740723,5.036464214324951,37.433528900146484,0.014818750321865082,,,,,,,,,,,,,,,,
,395,,,,,,263,,,,,,,,,,11638.1170584,,,,,,,,,,,,131,,,,,,,,,,,,,,,,,1776434106.3416047,,,,,,,1.9183671474456787,30.039499282836914,0.18579643964767456,0.06773760914802551,0.1352042406797409,4.69456148147583,0.17859391868114471,0.40397584438323975,21.975313186645508,13.941553115844727,1.4649319648742676,19.63092041015625,0.17859391868114471,48.24104690551758,2.163100004196167,3.339022159576416
0.1349707692861557,398,15.147600173950195,15.63325309753418,16.505950927734375,6.318896293640137,0.42211249470710754,264,106.9542236328125,0.019002540037035942,0.21633575856685638,0.37881898880004883,0.002125000348314643,0.9917749762535095,0.09335000067949295,119.37571716308594,206.38011169433594,11722.711850837,0.008168749511241913,15.147600173950195,0.1896573007106781,117.88782501220703,6.318896293640137,0.12470626085996628,2.3070195927232806e-15,0.9659186601638794,0.3865937888622284,0.003193750511854887,0.2463749796152115,132,8.796891166895637e-15,0.8619312644004822,43.238399505615234,0.5403875708580017,233.02438354492188,0.2824375331401825,233.02438354492188,0.1250985711812973,105.16155242919922,0.0051437499932944775,206.38011169433594,0.8619312644004822,0.03029492311179638,0.005443749949336052,5.271712779998779,0.01485498994588852,1776434190.9340706,12.509268760681152,0.23810002207756042,13.255500793457031,5.193751811981201,38.71110916137695,0.015268750488758087,,,,,,,,,,,,,,,,
,398,,,,,,265,,,,,,,,,,11724.220288199,,,,,,,,,,,,132,,,,,,,,,,,,,,,,,1776434192.4447894,,,,,,,1.9572603702545166,30.479774475097656,0.19042478501796722,0.06501949578523636,0.1336778700351715,4.67467737197876,0.18047654628753662,0.4193180203437805,21.99382972717285,13.986891746520996,1.3628562688827515,19.914234161376953,0.18047654628753662,48.24205780029297,2.0678937435150146,3.3320794105529785
0.13952916860580444,401,13.926323890686035,15.776588439941406,16.68647575378418,6.303582191467285,0.41890624165534973,266,107.45294189453125,0.019258001819252968,0.21596108376979828,0.38015443086624146,0.001993749989196658,0.9913874268531799,0.08896250277757645,120.14386749267578,206.32101440429688,11808.222266474,0.008225000463426113,13.926323890686035,0.19008074700832367,118.50395965576172,6.303582191467285,0.12324374914169312,1.0934178909516312e-15,0.9655123949050903,0.3820750415325165,0.0034500001929700375,0.24383749067783356,133,4.326291928868908e-15,0.8599562644958496,43.663028717041016,0.5338187217712402,234.13966369628906,0.2791062593460083,234.13966369628906,0.1254802793264389,105.43517303466797,0.005406249780207872,206.32101440429688,0.8599562644958496,0.030608858913183212,0.005387499928474426,5.362619400024414,0.015029213391244411,1776434276.4443202,12.386649131774902,0.23281250894069672,13.241774559020996,5.27562141418457,38.98176193237305,0.01529999915510416,,,,,,,,,,,,,,,,
,401,,,,,,267,,,,,,,,,,11809.440904958,,,,,,,,,,,,133,,,,,,,,,,,,,,,,,1776434277.6653426,,,,,,,1.8047007322311401,30.79646110534668,0.18740172684192657,0.06385328620672226,0.13224883377552032,4.645421028137207,0.18021199107170105,0.4206463694572449,21.914512634277344,13.934045791625977,1.370240330696106,20.245811462402344,0.18021199107170105,48.24306869506836,2.075357675552368,3.3348660469055176
0.13762019574642181,404,15.356575965881348,15.940804481506348,16.888185501098633,6.283469200134277,0.41700002551078796,268,108.5767822265625,0.019275901839137077,0.2163064330816269,0.37903836369514465,0.001887500169686973,0.9914436936378479,0.09081250429153442,121.33271026611328,208.52076721191406,11892.720707162,0.008468749932944775,15.356575965881348,0.19065257906913757,119.65758514404297,6.283469200134277,0.1227250024676323,7.966717563423487e-16,0.9655937552452087,0.3810437321662903,0.004149999935179949,0.24191249907016754,134,6.246793447101107e-15,0.8598126173019409,44.12539291381836,0.5320811867713928,236.05685424804688,0.2786000072956085,236.05685424804688,0.12475227564573288,106.51277160644531,0.005224999506026506,208.52076721191406,0.8598126173019409,0.03064737841486931,0.005475000012665987,5.440168380737305,0.015102146193385124,1776434360.9427574,12.458995819091797,0.23121249675750732,13.174127578735352,5.3534746170043945,39.461917877197266,0.015693752095103264,,,,,,,,,,,,,,,,
,404,,,,,,269,,,,,,,,,,11893.943296045,,,,,,,,,,,,134,,,,,,,,,,,,,,,,,1776434362.1680079,,,,,,,1.9248311519622803,30.933046340942383,0.18543149530887604,0.06087810546159744,0.12998031079769135,4.59991979598999,0.1790236532688141,0.4105706810951233,21.86274528503418,13.946878433227539,1.4973959922790527,20.196557998657227,0.1790236532688141,48.24401092529297,2.239274501800537,3.3157684803009033
0.13636033236980438,407,18.115907669067383,15.592317581176758,16.53166389465332,6.246781349182129,0.41933128237724304,270,106.89684295654297,0.019134370610117912,0.21561111509799957,0.3810584247112274,0.002025000052526593,0.9914625883102417,0.09518124163150787,119.41083526611328,205.97572326660156,11977.220691215,0.008893749676644802,18.115907669067383,0.18923509120941162,117.8623046875,6.246781349182129,0.12420625239610672,4.018757982643395e-15,0.9664062857627869,0.3866937458515167,0.003668749937787652,0.24627497792243958,135,-1.1217155676535029e-15,0.8620562553405762,43.109779357910156,0.5393375754356384,232.85202026367188,0.2827312648296356,232.85202026367188,0.12586688995361328,105.04302978515625,0.0054812501184642315,205.97572326660156,0.8620562553405762,0.030442044138908386,0.005600000731647015,5.320132732391357,0.01485331542789936,1776434445.4432166,12.594383239746094,0.23353125154972076,13.234025955200195,5.240002155303955,38.687503814697266,0.01652500033378601,,,,,,,,,,,,,,,,
,407,,,,,,271,,,,,,,,,,11998.723520133,,,,,,,,,,,,135,,,,,,,,,,,,,,,,,1776434466.9483163,,,,,,,2.0153331756591797,30.984882354736328,0.18548141419887543,0.06054079160094261,0.12834207713603973,4.567774295806885,0.1771259605884552,0.41348379850387573,21.779865264892578,13.92432975769043,1.462600827217102,20.38706398010254,0.1771259605884552,48.245174407958984,2.181703805923462,3.287585973739624
0.14435385167598724,410,16.7206974029541,15.247320175170898,16.183029174804688,6.254001617431641,0.4061124622821808,272,104.24150085449219,0.019315429031848907,0.21901489794254303,0.3866537809371948,0.001993749989196658,0.9913936853408813,0.09239374846220016,116.50285339355469,201.18887329101562,12082.129853299,0.00903750117868185,16.7206974029541,0.19245563447475433,115.00928497314453,6.254001617431641,0.12331873923540115,5.6411039034420796e-15,0.9659062027931213,0.38085001707077026,0.0032062497921288013,0.2417437732219696,136,9.295190485369975e-15,0.859768807888031,42.14206314086914,0.5317562222480774,226.8516845703125,0.2789125144481659,226.8516845703125,0.12616266310214996,102.58345031738281,0.0055125001817941666,201.18887329101562,0.859768807888031,0.030758250504732132,0.005543750245124102,5.230016708374023,0.015029124915599823,1776434550.3522396,12.525870323181152,0.22926248610019684,13.110305786132812,5.163577556610107,37.90907669067383,0.016200000420212746,,,,,,,,,,,,,,,,
,410,,,,,,273,,,,,,,,,,12083.387546932,,,,,,,,,,,,136,,,,,,,,,,,,,,,,,1776434551.6121025,,,,,,,1.9882690906524658,30.745058059692383,0.1861117035150528,0.06223505735397339,0.1284656822681427,4.553356170654297,0.1756017804145813,0.42500579357147217,21.754365921020508,13.911367416381836,1.3838191032409668,20.08896827697754,0.1756017804145813,48.24647903442383,2.045935869216919,3.2894651889801025
0.14628249406814575,413,16.007043838500977,14.836396217346191,15.729096412658691,6.270414352416992,0.40404370427131653,274,101.20684051513672,0.019472038373351097,0.21886740624904633,0.3868829607963562,0.0017750001279637218,0.9912937879562378,0.09070000052452087,113.30957794189453,195.267333984375,12166.975188949,0.008118749596178532,16.007043838500977,0.19072188436985016,111.83905792236328,6.270414352416992,0.1218312457203865,2.779785950035585e-15,0.9651250243186951,0.37665003538131714,0.003325000172480941,0.23825623095035553,137,-5.36354814728579e-16,0.8585187196731567,41.03274917602539,0.526268720626831,220.3800048828125,0.27611252665519714,220.3800048828125,0.12598766386508942,99.60285186767578,0.0050062499940395355,195.267333984375,0.8585187196731567,0.031023606657981873,0.005249999929219484,5.105928897857666,0.015135427936911583,1776434635.197237,12.553648948669434,0.2282250076532364,13.159440040588379,5.043659687042236,36.88351821899414,0.015543750487267971,,,,,,,,,,,,,,,,
,413,,,,,,275,,,,,,,,,,12168.278121252,,,,,,,,,,,,137,,,,,,,,,,,,,,,,,1776434636.502686,,,,,,,1.9531384706497192,30.700693130493164,0.18337933719158173,0.05982828885316849,0.12746556103229523,4.541220188140869,0.17394424974918365,0.41574570536613464,21.76206398010254,13.909700393676758,1.475833535194397,20.30459213256836,0.17394424974918365,48.2477912902832,2.1651370525360107,3.3109703063964844
0.14721833169460297,416,17.770586013793945,14.627622604370117,15.414374351501465,6.265506744384766,0.40350624918937683,276,99.94469451904297,0.01938389241695404,0.21716615557670593,0.38318774104118347,0.0019000002648681402,0.9913000464439392,0.09018123894929886,111.69844055175781,192.95425415039062,12252.768147386,0.007843748666346073,17.770586013793945,0.19123885035514832,110.37785339355469,6.265506744384766,0.12340624630451202,3.088241468107711e-15,0.9650436639785767,0.3802562355995178,0.0035500002559274435,0.2413562536239624,138,4.901135920720723e-15,0.8591374754905701,40.44330978393555,0.5308937430381775,217.73464965820312,0.2788374722003937,217.73464965820312,0.12586070597171783,98.35102844238281,0.004737500101327896,192.95425415039062,0.8591374754905701,0.030901404097676277,0.005287500098347664,5.008607864379883,0.015079096890985966,1776434720.990082,12.493507385253906,0.2271125167608261,13.092727661132812,4.945109844207764,36.326358795166016,0.015218749642372131,,,,,,,,,,,,,,,,
,416,,,,,,277,,,,,,,,,,12254.054371093,,,,,,,,,,,,138,,,,,,,,,,,,,,,,,1776434722.2786083,,,,,,,1.7885364294052124,30.65459632873535,0.18014349043369293,0.06217985972762108,0.12686894834041595,4.513027191162109,0.1711956113576889,0.41268861293792725,21.6961669921875,13.885647773742676,1.414947509765625,20.49048614501953,0.1711956113576889,48.24913787841797,2.0547409057617188,3.2973196506500244
0.14520041644573212,419,21.64336395263672,14.741812705993652,15.55146598815918,6.267284870147705,0.39150622487068176,278,100.48969268798828,0.019604070112109184,0.2212255895137787,0.3904886841773987,0.0017999998526647687,0.9912499785423279,0.08313750475645065,112.53331756591797,193.781494140625,12337.526599253,0.007031250279396772,21.64336395263672,0.19455574452877045,111.07835388183594,6.267284870147705,0.12222499400377274,-4.607317131977151e-16,0.9634624123573303,0.37607499957084656,0.003100000089034438,0.2374500036239624,139,3.2652374727659694e-15,0.855074942111969,40.84041976928711,0.5236375331878662,218.70382690429688,0.27604374289512634,218.70382690429688,0.12636689841747284,98.80926513671875,0.004487500060349703,193.781494140625,0.855074942111969,0.03138190507888794,0.004981250036507845,5.066051483154297,0.015222279354929924,1776434805.7488785,12.76570987701416,0.2093374878168106,13.213750839233398,5.005844593048096,36.58729934692383,0.013487501069903374,,,,,,,,,,,,,,,,
,419,,,,,,279,,,,,,,,,,12338.756151271,,,,,,,,,,,,139,,,,,,,,,,,,,,,,,1776434806.9807673,,,,,,,1.8220767974853516,30.8211727142334,0.1813955157995224,0.06057343631982803,0.12460526823997498,4.458428859710693,0.16958972811698914,0.4080064594745636,21.653743743896484,13.883758544921875,1.3862055540084839,20.561800003051758,0.16958972811698914,48.25041198730469,2.0205674171447754,3.311386823654175
0.13675999641418457,422,17.202438354492188,14.808836936950684,15.665587425231934,6.253625869750977,0.39684373140335083,280,101.19261932373047,0.019587069749832153,0.22244545817375183,0.39081910252571106,0.0017875002231448889,0.9911813139915466,0.08621250838041306,113.48798370361328,195.16493225097656,12423.337961547,0.007143750321120024,17.202438354492188,0.19704562425613403,111.94805145263672,6.253625869750977,0.1228874996304512,5.900553483317861e-15,0.9646998643875122,0.37862497568130493,0.0033624996431171894,0.23913751542568207,140,2.797946336424717e-15,0.8565124869346619,41.076568603515625,0.5266187191009521,220.51783752441406,0.2775687873363495,220.51783752441406,0.1270252913236618,99.49449920654297,0.004650000017136335,195.16493225097656,0.8565124869346619,0.03121933527290821,0.004831250291317701,5.105271816253662,0.015185586176812649,1776434891.5598283,12.52577018737793,0.21489372849464417,13.080850601196289,5.0392985343933105,36.757572174072266,0.0139999995008111,,,,,,,,,,,,,,,,
,422,,,,,,281,,,,,,,,,,12424.609330483,,,,,,,,,,,,140,,,,,,,,,,,,,,,,,1776434892.8339112,,,,,,,1.9201843738555908,31.372987747192383,0.18229709565639496,0.05742255598306656,0.12163157016038895,4.396934986114502,0.16966338455677032,0.41200271248817444,21.549821853637695,13.837648391723633,1.4965546131134033,21.046031951904297,0.16966338455677032,48.251564025878906,2.1644089221954346,3.315072536468506
0.1394815891981125,425,15.145212173461914,14.978113174438477,15.848738670349121,6.268035411834717,0.4167749881744385,282,102.39441680908203,0.01953217200934887,0.21943184733390808,0.38727080821990967,0.00191249989438802,0.9911624193191528,0.0914124920964241,114.8228759765625,197.660400390625,12508.745956392,0.008481250144541264,15.145212173461914,0.1926647275686264,113.26737976074219,6.268035411834717,0.12309999018907547,7.734427247968467e-15,0.964981198310852,0.3800874948501587,0.0034562500659376383,0.2404937595129013,141,3.990026625072529e-15,0.8576937317848206,41.54074478149414,0.5299312472343445,223.43370056152344,0.27854999899864197,223.43370056152344,0.12685419619083405,100.70891571044922,0.005200000014156103,197.660400390625,0.8576937317848206,0.03110283426940441,0.005231250077486038,5.163324356079102,0.01514359749853611,1776434976.968243,12.516106605529785,0.22770622372627258,13.226134300231934,5.093900203704834,37.134578704833984,0.015150001272559166,,,,,,,,,,,,,,,,
,425,,,,,,283,,,,,,,,,,12509.963407325,,,,,,,,,,,,141,,,,,,,,,,,,,,,,,1776434978.187773,,,,,,,1.810408115386963,31.427297592163086,0.18010641634464264,0.055638279765844345,0.12040998041629791,4.370546817779541,0.16820894181728363,0.41747650504112244,21.5921573638916,13.910475730895996,1.4025566577911377,21.181081771850586,0.16820894181728363,48.25265121459961,2.0867438316345215,3.3109705448150635
0.13809198141098022,428,16.994522094726562,15.082282066345215,16.00086212158203,6.272811412811279,0.40355628728866577,284,102.71477508544922,0.019782304763793945,0.22018221020698547,0.38671600818634033,0.00191249989438802,0.9908562302589417,0.08561874181032181,115.06883239746094,197.55458068847656,12593.232520249,0.007643750868737698,16.994522094726562,0.19265271723270416,113.53855895996094,6.272811412811279,0.12236250191926956,6.807434390493361e-15,0.9643625617027283,0.3768000304698944,0.0032999999821186066,0.2388249784708023,142,1.8482394434360394e-15,0.8541001081466675,41.766727447509766,0.5255874991416931,223.71473693847656,0.2756437361240387,223.71473693847656,0.1266757994890213,100.83977508544922,0.004799999762326479,197.55458068847656,0.8541001081466675,0.03152230381965637,0.005287500098347664,5.214256763458252,0.015257746912539005,1776435061.4552336,12.559843063354492,0.21758125722408295,13.085114479064941,5.142014026641846,37.30696487426758,0.014150000177323818,,,,,,,,,,,,,,,,
,428,,,,,,285,,,,,,,,,,12594.467993293,,,,,,,,,,,,142,,,,,,,,,,,,,,,,,1776435062.692773,,,,,,,1.906930923461914,32.16523361206055,0.18108722567558289,0.05501082167029381,0.11884518712759018,4.3223958015441895,0.16936704516410828,0.41842105984687805,21.51325798034668,13.896698951721191,1.4815138578414917,21.788352966308594,0.16936704516410828,48.25358963012695,2.1370444297790527,3.2939932346343994
0.13796018064022064,431,15.533080101013184,15.270659446716309,16.18116569519043,6.28016996383667,0.41278746724128723,286,103.63323974609375,0.01979842595756054,0.21615782380104065,0.37986019253730774,0.00191249989438802,0.9907625913619995,0.08714999258518219,116.48387145996094,199.52658081054688,12677.590211892,0.007662500720471144,15.533080101013184,0.19032424688339233,114.85938262939453,6.28016996383667,0.12194375693798065,4.122136659789888e-15,0.9644312262535095,0.3770250082015991,0.003731250297278166,0.23890624940395355,143,3.4693385317363656e-15,0.8549813032150269,42.251522064208984,0.5255312323570251,226.53919982910156,0.2761937379837036,226.53919982910156,0.12613441050052643,101.84757995605469,0.004981250036507845,199.52658081054688,0.8549813032150269,0.03153296932578087,0.005087499972432852,5.279388904571533,0.015247536823153496,1776435145.8122358,12.52754020690918,0.22529375553131104,13.129030227661133,5.200712203979492,37.7081184387207,0.01426874939352274,,,,,,,,,,,,,,,,
,431,,,,,,287,,,,,,,,,,12678.884998498,,,,,,,,,,,,143,,,,,,,,,,,,,,,,,1776435147.1096854,,,,,,,1.8583868741989136,32.30522918701172,0.1802860051393509,0.05725551024079323,0.11813215911388397,4.305152416229248,0.16857390105724335,0.41097187995910645,21.467639923095703,13.8883638381958,1.5943938493728638,22.006912231445312,0.16857390105724335,48.254539489746094,2.277536153793335,3.2739574909210205
0.150420144200325,434,14.88698673248291,15.194620132446289,16.051767349243164,6.298755645751953,0.4230062663555145,288,103.03843688964844,0.01973644457757473,0.21384213864803314,0.3750762343406677,0.0021562499459832907,0.9907561540603638,0.08893125504255295,115.98505401611328,198.47193908691406,12761.865495644,0.008031249977648258,14.88698673248291,0.18993276357650757,114.41627502441406,6.298755645751953,0.1214437484741211,-2.2555741996388434e-15,0.9644374847412109,0.3774562180042267,0.0032312499824911356,0.23848126828670502,144,3.15898565986239e-15,0.8555436730384827,42.05409622192383,0.5262437462806702,225.29722595214844,0.2765125036239624,225.29722595214844,0.12653304636478424,101.35413360595703,0.005231250077486038,198.47193908691406,0.8555436730384827,0.031472038477659225,0.005437500309199095,5.252440929412842,0.015253267250955105,1776435230.087953,12.502768516540527,0.23338748514652252,13.248564720153809,5.163086414337158,37.53310012817383,0.014762499369680882,,,,,,,,,,,,,,,,
,434,,,,,,289,,,,,,,,,,12763.046975842,,,,,,,,,,,,144,,,,,,,,,,,,,,,,,1776435231.2717705,,,,,,,1.893525242805481,32.88957214355469,0.18118327856063843,0.05551454424858093,0.11665171384811401,4.264590740203857,0.1691875159740448,0.4156193137168884,21.424299240112305,13.885431289672852,1.5459142923355103,22.567415237426758,0.169187530875206,48.25556564331055,2.2180094718933105,3.2741079330444336
0.15300031006336212,437,14.890168190002441,15.253839492797852,16.118059158325195,6.290771961212158,0.4167937934398651,290,103.27787780761719,0.019881563261151314,0.21458983421325684,0.37828329205513,0.0019062499050050974,0.9907875061035156,0.08365000039339066,116.06298828125,198.19146728515625,12846.741663758,0.007431250065565109,14.890168190002441,0.18885482847690582,114.47357940673828,6.290771961212158,0.12075000256299973,-1.3667994687438512e-15,0.9633312225341797,0.37463754415512085,0.0030687502585351467,0.23590624332427979,145,-9.763240563231967e-16,0.8525811433792114,42.238407135009766,0.5216812491416931,224.86854553222656,0.27454376220703125,224.86854553222656,0.12718963623046875,101.33289337158203,0.004743750672787428,198.19146728515625,0.8525811433792114,0.031759943813085556,0.0049749999307096004,5.28911828994751,0.015361947938799858,1776435314.9641817,12.453095436096191,0.2211187183856964,13.150771141052246,5.198699474334717,37.65959548950195,0.013781250454485416,,,,,,,,,,,,,,,,
,437,,,,,,291,,,,,,,,,,12847.962154923,,,,,,,,,,,,145,,,,,,,,,,,,,,,,,1776435316.186883,,,,,,,1.903104305267334,33.20346450805664,0.18228524923324585,0.05534833297133446,0.11530942469835281,4.2372870445251465,0.1693396121263504,0.42488738894462585,21.405168533325195,13.878653526306152,1.517134428024292,22.664907455444336,0.1693396121263504,48.25655746459961,2.199185848236084,3.2890589237213135
0.14688505232334137,440,15.001113891601562,15.215964317321777,16.077484130859375,6.281818866729736,0.4111500084400177,292,102.99987030029297,0.019964715465903282,0.21947075426578522,0.3866056799888611,0.0019187500001862645,0.9907561540603638,0.08270625025033951,115.71636199951172,197.6446533203125,12931.530105539,0.007293750066310167,15.001113891601562,0.1928597390651703,114.04527282714844,6.281818866729736,0.11975623667240143,1.6558477679284866e-15,0.963043749332428,0.37210628390312195,0.0032812501303851604,0.23441874980926514,146,7.582909994363618e-16,0.8511875867843628,42.10232162475586,0.5199000239372253,224.17808532714844,0.2726125419139862,224.17808532714844,0.12630818784236908,101.02965545654297,0.004781249910593033,197.6446533203125,0.8511875867843628,0.03189130127429962,0.004987500142306089,5.271493434906006,0.015400386415421963,1776435399.7525172,12.545722007751465,0.21548126637935638,13.216926574707031,5.19502592086792,37.558345794677734,0.014081249013543129,,,,,,,,,,,,,,,,
,440,,,,,,293,,,,,,,,,,12932.815614556,,,,,,,,,,,,146,,,,,,,,,,,,,,,,,1776435401.0404642,,,,,,,1.901932954788208,33.309871673583984,0.18043659627437592,0.05212385952472687,0.11361300200223923,4.206148147583008,0.16764965653419495,0.41906505823135376,21.379636764526367,13.872335433959961,1.5920394659042358,22.870777130126953,0.16764964163303375,48.257530212402344,2.277601480484009,3.300983190536499
0.13528263568878174,443,14.591399192810059,15.263975143432617,16.145063400268555,6.296786308288574,0.4030125141143799,294,103.62705993652344,0.01995927281677723,0.2237372100353241,0.3915235996246338,0.0016437500016763806,0.9907561540603638,0.08433125913143158,116.56352996826172,199.02053833007812,13016.734439132,0.007293750066310167,14.591399192810059,0.19826796650886536,114.84935760498047,6.296786308288574,0.12043750286102295,7.418111264145821e-16,0.9637937545776367,0.37356874346733093,0.003337500151246786,0.23553751409053802,147,3.0188525290686385e-15,0.8524875044822693,42.32330322265625,0.5208000540733337,225.7674560546875,0.2736562490463257,225.7674560546875,0.1267840415239334,101.66394805908203,0.004481249954551458,199.02053833007812,0.8524875044822693,0.031814489513635635,0.0046812500804662704,5.305850505828857,0.015389210544526577,1776435484.9566953,12.536444664001465,0.21687498688697815,13.212265014648438,5.2337422370910645,37.70880126953125,0.014181249774992466,,,,,,,,,,,,,,,,
,443,,,,,,295,,,,,,,,,,13017.909419049,,,,,,,,,,,,147,,,,,,,,,,,,,,,,,1776435486.1336763,,,,,,,1.9367846250534058,33.25956726074219,0.1805400550365448,0.05362904816865921,0.11351203918457031,4.199156284332275,0.16683156788349152,0.4136292636394501,21.34090232849121,13.845852851867676,1.6367741823196411,22.941308975219727,0.16683156788349152,48.258544921875,2.2797844409942627,3.2957253456115723
0.13129879534244537,446,16.05186653137207,15.275535583496094,16.181760787963867,6.30946159362793,0.3995875120162964,296,103.48949432373047,0.02015942893922329,0.22317001223564148,0.3914026916027069,0.0015312499599531293,0.9906874299049377,0.07929999381303787,116.22294616699219,198.06851196289062,13100.534257181,0.006681249476969242,16.05186653137207,0.1970832198858261,114.68241882324219,6.30946159362793,0.11893124133348465,1.0924421089963943e-15,0.9628749489784241,0.36951252818107605,0.003268750151619315,0.2328687608242035,148,8.752764138475477e-16,0.8489375114440918,42.41653060913086,0.5164937376976013,225.40882873535156,0.2708750069141388,225.40882873535156,0.126803919672966,101.35108184814453,0.004100000020116568,198.06851196289062,0.8489375114440918,0.0321316234767437,0.004625000059604645,5.338766098022461,0.015507595613598824,1776435568.7564385,12.46915054321289,0.20921875536441803,13.099059104919434,5.262392044067383,37.71644592285156,0.013256250880658627,,,,,,,,,,,,,,,,
,446,,,,,,297,,,,,,,,,,13101.83322711,,,,,,,,,,,,148,,,,,,,,,,,,,,,,,1776435570.0579321,,,,,,,1.8566995859146118,33.746517181396484,0.1789902299642563,0.050955630838871,0.111834816634655,4.1582512855529785,0.16723690927028656,0.41500359773635864,21.27696418762207,13.826074600219727,1.6038886308670044,23.176198959350586,0.16723689436912537,48.25950241088867,2.284869432449341,3.2924697399139404
0.14980065822601318,449,14.505014419555664,15.231406211853027,16.112512588500977,6.284717559814453,0.4041125178337097,298,103.47771453857422,0.019967004656791687,0.22013460099697113,0.38900259137153625,0.0018687500851228833,0.9909625053405762,0.08375000208616257,116.10362243652344,198.6112060546875,13185.447972916,0.007443749345839024,14.505014419555664,0.1952628195285797,114.44721221923828,6.284717559814453,0.12002499401569366,8.775315543663176e-15,0.9632874131202698,0.37158751487731934,0.0033812501933425665,0.23434998095035553,149,3.09241564647178e-15,0.8495999574661255,42.29011917114258,0.5189937949180603,225.10482788085938,0.2727937400341034,225.10482788085938,0.12766887247562408,101.44976043701172,0.004868749994784594,198.6112060546875,0.8495999574661255,0.031894613057374954,0.004956249613314867,5.319956302642822,0.01542559452354908,1776435653.6695917,12.465110778808594,0.21787500381469727,13.243562698364258,5.240041732788086,37.67914962768555,0.013931251130998135,,,,,,,,,,,,,,,,
,449,,,,,,299,,,,,,,,,,13186.662302851,,,,,,,,,,,,149,,,,,,,,,,,,,,,,,1776435654.8870015,,,,,,,1.7578234672546387,33.543514251708984,0.1790391355752945,0.051817119121551514,0.11148461699485779,4.147876739501953,0.16592922806739807,0.41554024815559387,21.257431030273438,13.821443557739258,1.6125799417495728,23.13465690612793,0.16592922806739807,48.260440826416016,2.303225517272949,3.287946939468384
0.14974898099899292,452,15.220390319824219,15.394087791442871,16.24370574951172,6.268980026245117,0.40808749198913574,300,104.72057342529297,0.019912296906113625,0.2198164314031601,0.3876235783100128,0.0017000000225380063,0.9909687638282776,0.0841749981045723,117.41667938232422,200.88633728027344,13270.229572482,0.00748749915510416,15.220390319824219,0.19714759290218353,115.75896453857422,6.268980026245117,0.12031250447034836,4.375839968151496e-16,0.963043749332428,0.3731124699115753,0.0034000000450760126,0.2342125028371811,150,4.4143833553833556e-15,0.85071861743927,42.73725128173828,0.5209437012672424,227.58494567871094,0.274337500333786,227.58494567871094,0.12821157276630402,102.62364196777344,0.00494999997317791,200.88633728027344,0.85071861743927,0.03183836117386818,0.004987500142306089,5.369961738586426,0.015400132164359093,1776435738.4506838,12.457871437072754,0.2184687703847885,13.135590553283691,5.288268566131592,38.08230972290039,0.014006249606609344,,,,,,,,,,,,,,,,
,452,,,,,,301,,,,,,,,,,13271.519397266,,,,,,,,,,,,150,,,,,,,,,,,,,,,,,1776435739.7442195,,,,,,,2.060560464859009,33.87856674194336,0.18300053477287292,0.049689892679452896,0.11052576452493668,4.1357831954956055,0.16688933968544006,0.4099361300468445,21.250253677368164,13.842315673828125,1.5714606046676636,23.32183837890625,0.16688933968544006,48.261375427246094,2.2557785511016846,3.2719874382019043
0.13726960122585297,455,17.418886184692383,15.357553482055664,16.194913864135742,6.292056083679199,0.3920687437057495,302,103.91681671142578,0.020084455609321594,0.22179818153381348,0.3903258144855499,0.0017750001279637218,0.9906187653541565,0.0791187509894371,117.36412048339844,199.41790771484375,13354.992941123,0.006787500344216824,17.418886184692383,0.19875679910182953,115.58921813964844,6.292056083679199,0.11972499638795853,6.473120650607456e-15,0.9638562798500061,0.3713687062263489,0.0035375000443309546,0.233412504196167,151,1.018933201701877e-15,0.8501375913619995,42.65566635131836,0.5177063345909119,227.503662109375,0.27278754115104675,227.503662109375,0.12863117456436157,101.95968627929688,0.00439374940469861,199.41790771484375,0.8501375913619995,0.03197276219725609,0.004643749911338091,5.372777938842773,0.015460042282938957,1776435823.2151377,12.609169960021973,0.2112562507390976,13.15885066986084,5.295534133911133,37.915252685546875,0.013087498024106026,,,,,,,,,,,,,,,,
,455,,,,,,303,,,,,,,,,,13356.216000325,,,,,,,,,,,,151,,,,,,,,,,,,,,,,,1776435824.4404736,,,,,,,1.7387982606887817,33.789424896240234,0.17695704102516174,0.04843175411224365,0.10901227593421936,4.110395908355713,0.16461500525474548,0.4183908998966217,21.28085708618164,13.88361644744873,1.5692846775054932,23.313007354736328,0.16461500525474548,48.26241683959961,2.256946563720703,3.2866809368133545
0.15213638544082642,458,16.562253952026367,15.552947998046875,16.356224060058594,6.266079425811768,0.3978874981403351,304,104.83534240722656,0.02006009966135025,0.22332920134067535,0.39198392629623413,0.0018937496934086084,0.9908188581466675,0.08303750306367874,118.25811767578125,201.31727600097656,13439.968832318,0.007687500678002834,16.562253952026367,0.1997198909521103,116.44213104248047,6.266079425811768,0.11896251142024994,-6.971419969081794e-16,0.9627437591552734,0.36896875500679016,0.0034625004045665264,0.2310124784708023,152,2.3514718817951863e-15,0.8488125205039978,43.14773941040039,0.5159749984741211,228.93467712402344,0.2702687084674835,228.93467712402344,0.12749892473220825,102.99164581298828,0.0048374999314546585,201.31727600097656,0.8488125205039978,0.03205651417374611,0.004962500184774399,5.4098920822143555,0.015517918393015862,1776435908.1911912,12.514777183532715,0.21646250784397125,13.16121768951416,5.337784290313721,38.37533950805664,0.013837500475347042,,,,,,,,,,,,,,,,
,458,,,,,,305,,,,,,,,,,13441.24711543,,,,,,,,,,,,152,,,,,,,,,,,,,,,,,1776435909.4718213,,,,,,,1.82085120677948,34.28190231323242,0.17758752405643463,0.04968708008527756,0.10836905241012573,4.0904340744018555,0.1654859334230423,0.4202551543712616,21.189809799194336,13.809606552124023,1.6355061531066895,23.833290100097656,0.1654859334230423,48.26352310180664,2.330627679824829,3.289604425430298
0.14170943200588226,461,15.636114120483398,15.85972785949707,16.67749786376953,6.282573223114014,0.39271876215934753,306,106.56513214111328,0.02026223950088024,0.22462689876556396,0.39385440945625305,0.0015375000657513738,0.9906187653541565,0.07807499915361404,119.92176818847656,204.297119140625,13524.763750327,0.007281250320374966,15.636114120483398,0.2013397216796875,118.22288513183594,6.282573223114014,0.11797499656677246,7.165437947848075e-15,0.9624186754226685,0.3653562366962433,0.003031250089406967,0.22901871800422668,153,2.2160008203431225e-15,0.846068799495697,44.07744598388672,0.5110499858856201,232.24974060058594,0.2668062448501587,232.24974060058594,0.1262410283088684,104.54271697998047,0.004606250207871199,204.297119140625,0.846068799495697,0.032357752323150635,0.004612499848008156,5.519067764282227,0.01563844084739685,1776435992.9861057,12.49233341217041,0.20982500910758972,13.067117691040039,5.446864604949951,39.08238220214844,0.013281249441206455,,,,,,,,,,,,,,,,
,461,,,,,,307,,,,,,,,,,13526.015804017,,,,,,,,,,,,153,,,,,,,,,,,,,,,,,1776435994.2403953,,,,,,,1.8466506004333496,34.155059814453125,0.1794571429491043,0.04966101422905922,0.10813730955123901,4.090424060821533,0.16465885937213898,0.41355061531066895,21.22667694091797,13.86768913269043,1.6297969818115234,23.859296798706055,0.16465885937213898,48.264461517333984,2.361220598220825,3.2683985233306885
0.13520200550556183,464,18.975793838500977,16.480087280273438,17.376802444458008,6.238751411437988,0.40859371423721313,308,111.72496032714844,0.019893163815140724,0.22102400660514832,0.38718581199645996,0.001943750074133277,0.9907687902450562,0.08895624428987503,125.24995422363281,215.02198791503906,13609.147457956,0.008212500251829624,18.975793838500977,0.1939292550086975,123.61223602294922,6.238751411437988,0.12148124724626541,6.176753986758543e-15,0.9642062783241272,0.3751937747001648,0.0035937500651925802,0.23631249368190765,154,6.279319512275672e-15,0.8535813093185425,45.780521392822266,0.5229062438011169,243.41749572753906,0.2752937376499176,243.41749572753906,0.12673449516296387,109.60950469970703,0.005306250415742397,215.02198791503906,0.8535813093185425,0.0316760279238224,0.004937499761581421,5.710803031921387,0.015357562340795994,1776436077.369805,12.71124267578125,0.22677502036094666,13.138328552246094,5.642084121704102,40.67195510864258,0.015218749642372131,,,,,,,,,,,,,,,,
,464,,,,,,309,,,,,,,,,,13610.478680273,,,,,,,,,,,,154,,,,,,,,,,,,,,,,,1776436078.702885,,,,,,,1.8249011039733887,34.71541213989258,0.1773783266544342,0.0483173243701458,0.1068771481513977,4.065099239349365,0.1654488742351532,0.4117085635662079,21.17220115661621,13.829642295837402,1.672397255897522,24.06382942199707,0.1654488742351532,48.26530456542969,2.4104011058807373,3.2772953510284424
0.15065686404705048,467,17.2789249420166,17.002046585083008,17.97435188293457,6.1811137199401855,0.42418748140335083,310,115.88252258300781,0.019482530653476715,0.21456776559352875,0.3774687945842743,0.0018812500638887286,0.9911624193191528,0.0929187461733818,129.6168670654297,223.92054748535156,13693.876996191,0.008100000210106373,17.2789249420166,0.18886218965053558,128.0829315185547,6.1811137199401855,0.12381874769926071,3.3777776582699648e-15,0.9653687477111816,0.38248127698898315,0.003949999809265137,0.24184373021125793,155,2.6603068706276822e-15,0.8582187294960022,47.11046600341797,0.531181275844574,252.21974182128906,0.2814437448978424,252.21974182128906,0.12894274294376373,114.05211639404297,0.005093750078231096,223.92054748535156,0.8582187294960022,0.03105078637599945,0.005068749655038118,5.878540992736816,0.015116943046450615,1776436162.0994842,12.538933753967285,0.23982499539852142,13.20787239074707,5.799034595489502,42.07979965209961,0.014868750236928463,,,,,,,,,,,,,,,,
,467,,,,,,311,,,,,,,,,,13695.060968592,,,,,,,,,,,,155,,,,,,,,,,,,,,,,,1776436163.2855015,,,,,,,1.8212625980377197,35.519344329833984,0.18087369203567505,0.04689024016261101,0.10576244443655014,4.029939651489258,0.16743841767311096,0.418130099773407,21.13493537902832,13.824859619140625,1.5928561687469482,24.740615844726562,0.16743841767311096,48.266090393066406,2.2944648265838623,3.279965877532959
0.15499740839004517,470,15.786676406860352,17.110933303833008,18.11273956298828,6.142689228057861,0.41478750109672546,312,116.76286315917969,0.01930454932153225,0.21686729788780212,0.38104498386383057,0.0017750001279637218,0.9914999604225159,0.09166249632835388,130.76988220214844,225.784912109375,13778.743175621,0.008037500083446503,15.786676406860352,0.19157347083091736,129.13397216796875,6.142689228057861,0.12437499314546585,1.75619067899202e-15,0.9653500318527222,0.38461875915527344,0.003606250276789069,0.24259375035762787,156,4.253758803529628e-15,0.85918128490448,47.47083282470703,0.5341562628746033,253.97047424316406,0.28268125653266907,253.97047424316406,0.12973004579544067,115.08721923828125,0.005106249824166298,225.784912109375,0.85918128490448,0.030820146203041077,0.00494999997317791,5.9484148025512695,0.015060036443173885,1776436246.9651656,12.484695434570312,0.23407498002052307,13.144235610961914,5.847657203674316,42.416751861572266,0.015093750320374966,,,,,,,,,,,,,,,,
,470,,,,,,313,,,,,,,,,,13779.927514108,,,,,,,,,,,,156,,,,,,,,,,,,,,,,,1776436248.1522233,,,,,,,1.800966739654541,35.47712707519531,0.17878276109695435,0.04793764278292656,0.10496394336223602,3.989727735519409,0.16601558029651642,0.41692808270454407,21.13638687133789,13.868391990661621,1.5780352354049683,24.526187896728516,0.16601558029651642,48.266868591308594,2.3370258808135986,3.2781031131744385
0.14529375731945038,473,15.521631240844727,16.42085838317871,17.380523681640625,6.175658226013184,0.4265812039375305,314,112.17180633544922,0.01941334456205368,0.2122378647327423,0.3740260601043701,0.0020874999463558197,0.9912186861038208,0.0930125042796135,126.24681854248047,216.63328552246094,13864.173778664,0.008312500081956387,15.521631240844727,0.18591858446598053,124.447265625,6.175658226013184,0.12443125247955322,-4.1208898272915295e-15,0.965168833732605,0.3847687542438507,0.0033187498338520527,0.2433687448501587,157,5.283317186521863e-15,0.8588312864303589,45.62710952758789,0.5334500670433044,245.06654357910156,0.2827187478542328,245.06654357910156,0.12858064472675323,110.37266540527344,0.005125000607222319,216.63328552246094,0.8588312864303589,0.030976388603448868,0.0053437501192092896,5.749506950378418,0.015060215257108212,1776436332.3960955,12.44742488861084,0.23961876332759857,13.137008666992188,5.640347003936768,40.58935546875,0.015418751165270805,,,,,,,,,,,,,,,,
,473,,,,,,315,,,,,,,,,,13865.346248841,,,,,,,,,,,,157,,,,,,,,,,,,,,,,,1776436333.5707479,,,,,,,1.8364107608795166,35.618690490722656,0.17669230699539185,0.04599141702055931,0.103456050157547,3.9556310176849365,0.1645176112651825,0.41371917724609375,21.093788146972656,13.849075317382812,1.6159569025039673,24.578516006469727,0.1645176112651825,48.26781463623047,2.3910391330718994,3.2889187335968018
0.13709674775600433,476,17.223358154296875,15.656699180603027,16.54133415222168,6.232643127441406,0.4096999764442444,316,106.71611785888672,0.019597409293055534,0.21683251857757568,0.380296915769577,0.001793749863281846,0.9912251234054565,0.0881500095129013,120.65681457519531,205.98875427246094,13949.349970859,0.007743749767541885,17.223358154296875,0.19530558586120605,118.76153564453125,6.232643127441406,0.12289375066757202,-2.2139408362154e-16,0.9650936722755432,0.37854379415512085,0.0030437500681728125,0.23902499675750732,158,8.1395935998263e-15,0.8558874726295471,43.66556167602539,0.5257312655448914,233.71803283691406,0.27856874465942383,233.71803283691406,0.12823675572872162,104.98187255859375,0.0048062498681247234,205.98875427246094,0.8558874726295471,0.031259384006261826,0.005168750416487455,5.511294841766357,0.015238823369145393,1776436417.5720184,12.667716026306152,0.22559377551078796,13.190034866333008,5.414828777313232,38.728179931640625,0.014656251296401024,,,,,,,,,,,,,,,,
,476,,,,,,317,,,,,,,,,,13950.639716181,,,,,,,,,,,,158,,,,,,,,,,,,,,,,,1776436418.8643413,,,,,,,1.769472599029541,35.48353958129883,0.17544999718666077,0.0486687570810318,0.10393497347831726,3.9476990699768066,0.16288042068481445,0.4199692904949188,21.049602508544922,13.828224182128906,1.5594748258590698,24.922019958496094,0.16288045048713684,48.269012451171875,2.256948947906494,3.2735164165496826
0.1514536291360855,479,15.887091636657715,15.216729164123535,16.065589904785156,6.258449077606201,0.3888062834739685,318,102.8670654296875,0.020152240991592407,0.22098244726657867,0.39023491740226746,0.0018187500536441803,0.9907436966896057,0.08013124018907547,116.31462860107422,197.36962890625,14033.753695081,0.006937500089406967,15.887091636657715,0.20104250311851501,114.49696350097656,6.258449077606201,0.11918748915195465,4.766640641223896e-15,0.9626750349998474,0.36919376254081726,0.0033749996218830347,0.23233748972415924,159,2.3645365179736366e-15,0.8479499816894531,42.478668212890625,0.5144937634468079,224.83566284179688,0.2714812457561493,224.83566284179688,0.12760967016220093,101.01783752441406,0.004356250166893005,197.36962890625,0.8479499816894531,0.03213752433657646,0.0048500001430511475,5.37241268157959,0.015576614998281002,1776436501.9760218,12.45003604888916,0.20793749392032623,13.117568016052246,5.29047966003418,37.61917495727539,0.013318749144673347,,,,,,,,,,,,,,,,
,479,,,,,,319,,,,,,,,,,14034.961943586,,,,,,,,,,,,159,,,,,,,,,,,,,,,,,1776436503.1862154,,,,,,,1.8084028959274292,35.19423294067383,0.17545005679130554,0.045628149062395096,0.10274793952703476,3.926626443862915,0.16042539477348328,0.4169650673866272,20.979482650756836,13.788318634033203,1.5823140144348145,24.767427444458008,0.16042537987232208,48.270076751708984,2.243628978729248,3.2643754482269287
0.14412178099155426,482,17.314184188842773,14.512351036071777,15.308938980102539,6.288680553436279,0.39234375953674316,320,97.82561492919922,0.020312078297138214,0.2187008559703827,0.386491984128952,0.0016625000862404704,0.9912500381469727,0.08105000108480453,110.60047912597656,187.22146606445312,14118.507785276,0.007106251083314419,17.314184188842773,0.1952049732208252,108.93775939941406,6.288680553436279,0.11775624752044678,6.483474781354692e-15,0.9618500471115112,0.3644125163555145,0.003481250023469329,0.2291250079870224,160,3.203925839911914e-15,0.8449749946594238,40.48026657104492,0.5090562701225281,213.90687561035156,0.2682499885559082,213.90687561035156,0.12615954875946045,95.99667358398438,0.004443750251084566,187.22146606445312,0.8449749946594238,0.03235339745879173,0.005012500565499067,5.128407001495361,0.015752794221043587,1776436586.7295218,12.553234100341797,0.20729997754096985,13.079514503479004,5.058183193206787,35.89728927612305,0.013762501999735832,,,,,,,,,,,,,,,,
,482,,,,,,321,,,,,,,,,,14119.755059928,,,,,,,,,,,,160,,,,,,,,,,,,,,,,,1776436587.979737,,,,,,,1.8569986820220947,34.79903030395508,0.172984316945076,0.046082451939582825,0.1025322675704956,3.909738302230835,0.15759903192520142,0.4070201814174652,20.982723236083984,13.81818675994873,1.656134843826294,24.813417434692383,0.15759903192520142,48.27104187011719,2.3562207221984863,3.2546403408050537
0.15013492107391357,485,16.526403427124023,14.146515846252441,14.921721458435059,6.284669876098633,0.3912312686443329,322,95.87733459472656,0.020219380035996437,0.22030732035636902,0.3908066153526306,0.0016125001711770892,0.9907999634742737,0.0807187482714653,108.14368438720703,184.1192626953125,14203.943774246,0.006862499751150608,16.526403427124023,0.19580689072608948,106.62543487548828,6.284669876098633,0.11866874247789383,3.691654187204518e-15,0.9623688459396362,0.36889374256134033,0.0034062503837049007,0.23104378581047058,161,-1.4972832002024816e-16,0.8468312621116638,39.429595947265625,0.5139124989509583,209.59153747558594,0.27044999599456787,209.59153747558594,0.12571553885936737,94.12000274658203,0.0043875002302229404,184.1192626953125,0.8468312621116638,0.03223544731736183,0.004468750208616257,4.979812145233154,0.015616441145539284,1776436672.1659958,12.504097938537598,0.2109750211238861,13.16829776763916,4.915278911590576,35.06027603149414,0.013381250202655792,,,,,,,,,,,,,,,,
,485,,,,,,323,,,,,,,,,,14205.154095708,,,,,,,,,,,,161,,,,,,,,,,,,,,,,,1776436673.3782241,,,,,,,1.8696777820587158,34.63175964355469,0.1714581549167633,0.049568817019462585,0.1025022342801094,3.8936853408813477,0.15529561042785645,0.4212132394313812,20.98053741455078,13.831607818603516,1.6249054670333862,25.07390022277832,0.15529561042785645,48.27208709716797,2.2477455139160156,3.2550878524780273
0.15798026323318481,488,16.17693519592285,14.248992919921875,15.049604415893555,6.271347999572754,0.39464375376701355,324,96.16185760498047,0.020387141034007072,0.22028647363185883,0.38777783513069153,0.0016937499167397618,0.9906750321388245,0.08144374936819077,108.54846954345703,184.44786071777344,14288.625357473,0.007018749602138996,16.17693519592285,0.19869659841060638,107.02851104736328,6.271347999572754,0.11765001714229584,8.563028758290514e-16,0.9618436098098755,0.36527496576309204,0.0031687503214925528,0.22930000722408295,162,3.079838901270948e-15,0.8448249101638794,39.679256439208984,0.5099937319755554,210.17527770996094,0.26853129267692566,210.17527770996094,0.12531034648418427,94.43904113769531,0.004368749912828207,184.44786071777344,0.8448249101638794,0.03246993198990822,0.0048500001430511475,5.032532215118408,0.015742354094982147,1776436756.8472588,12.542159080505371,0.21121250092983246,13.202842712402344,4.968079090118408,35.275028228759766,0.01373124960809946,,,,,,,,,,,,,,,,
,488,,,,,,325,,,,,,,,,,14289.820779346,,,,,,,,,,,,162,,,,,,,,,,,,,,,,,1776436758.0454211,,,,,,,1.8755006790161133,34.65947341918945,0.1722404807806015,0.04684620350599289,0.10165629535913467,3.877699851989746,0.1549237221479416,0.41225624084472656,20.974626541137695,13.821160316467285,1.6061556339263916,25.114543914794922,0.1549237221479416,48.273014068603516,2.2202882766723633,3.2756104469299316
0.14357160031795502,491,16.677032470703125,14.761053085327148,15.62823486328125,6.250178813934326,0.39980003237724304,326,99.52861022949219,0.020384477451443672,0.22004066407680511,0.38771823048591614,0.001825000043027103,0.9905562400817871,0.08265625685453415,112.34209442138672,191.31272888183594,14373.328038275,0.007493749726563692,16.677032470703125,0.1956108808517456,110.79352569580078,6.250178813934326,0.11831249296665192,6.162442518081734e-15,0.962456226348877,0.3659312427043915,0.00367500027641654,0.23017500340938568,163,3.564206221828847e-15,0.8454686403274536,41.058902740478516,0.5110562443733215,217.60887145996094,0.26881250739097595,217.60887145996094,0.12666946649551392,97.8328857421875,0.00459374999627471,191.31272888183594,0.8454686403274536,0.03242851793766022,0.0051437499932944775,5.234453201293945,0.01573777012526989,1776436841.5503664,12.469337463378906,0.21650001406669617,13.129302024841309,5.1653313636779785,36.51054382324219,0.014100000262260437,,,,,,,,,,,,,,,,
,491,,,,,,327,,,,,,,,,,14374.468395817,,,,,,,,,,,,163,,,,,,,,,,,,,,,,,1776436842.693105,,,,,,,1.7224820852279663,34.634857177734375,0.1699180155992508,0.04731637239456177,0.10132952034473419,3.8786280155181885,0.15412287414073944,0.40782490372657776,20.923974990844727,13.789103507995605,1.6338647603988647,25.005897521972656,0.15412287414073944,48.273799896240234,2.258310079574585,3.2560884952545166
0.1457722783088684,494,15.97187614440918,15.385702133178711,16.294355392456055,6.2222514152526855,0.4118562340736389,328,104.47508239746094,0.020078836008906364,0.217550128698349,0.38372495770454407,0.0020125003065913916,0.9907436966896057,0.08303749561309814,117.93559265136719,201.02919006347656,14458.894730447,0.007199999410659075,15.97187614440918,0.1937396228313446,116.11254119873047,6.2222514152526855,0.11983125656843185,1.7011132086297565e-15,0.963056206703186,0.37193751335144043,0.0036812499165534973,0.23378123342990875,164,2.1573454828116567e-15,0.8489750623703003,42.793392181396484,0.5176500678062439,228.18699645996094,0.2733500003814697,228.18699645996094,0.1273617297410965,102.68273162841797,0.0046312506310641766,201.02919006347656,0.8489750623703003,0.03208133205771446,0.004943750333040953,5.448406219482422,0.015541448257863522,1776436927.116735,12.39084529876709,0.22492501139640808,13.129404067993164,5.36821174621582,38.07986068725586,0.013981251046061516,,,,,,,,,,,,,,,,
,494,,,,,,329,,,,,,,,,,14460.136500186,,,,,,,,,,,,164,,,,,,,,,,,,,,,,,1776436928.3610413,,,,,,,1.778645396232605,35.16120910644531,0.16906258463859558,0.04605546593666077,0.09981563687324524,3.8456714153289795,0.15518741309642792,0.4213382601737976,20.9169864654541,13.816720008850098,1.6029828786849976,25.172306060791016,0.15518741309642792,48.27455520629883,2.267008066177368,3.254438638687134
0.1514868289232254,497,36.46255874633789,15.999307632446289,16.951749801635742,6.214921951293945,0.4035499691963196,330,108.55879211425781,0.02006174437701702,0.21786510944366455,0.38228294253349304,0.0018125000642612576,0.9908751249313354,0.08182501047849655,122.50505828857422,208.61985778808594,14543.787170005,0.007224999833852053,36.46255874633789,0.19343958795070648,120.77452850341797,6.214921951293945,0.1200687438249588,8.193207397255708e-15,0.962975025177002,0.3723750114440918,0.003343750024214387,0.23431874811649323,165,3.8238726421391256e-15,0.8491936922073364,44.613059997558594,0.5173563361167908,237.02125549316406,0.27384376525878906,237.02125549316406,0.1286921352148056,106.57786560058594,0.004618749488145113,208.61985778808594,0.8491936922073364,0.032000426203012466,0.004931250121444464,5.676945686340332,0.015517249703407288,1776437012.0095663,12.996405601501465,0.21741248667240143,13.149406433105469,5.588411331176758,39.53915023803711,0.013781249523162842,,,,,,,,,,,,,,,,
,497,,,,,,331,,,,,,,,,,14544.945912323,,,,,,,,,,,,165,,,,,,,,,,,,,,,,,1776437013.1706326,,,,,,,1.8921983242034912,36.201229095458984,0.1730569452047348,0.043761130422353745,0.09823703020811081,3.7991886138916016,0.1571824550628662,0.4155493974685669,20.88897705078125,13.823205947875977,1.6581084728240967,25.990018844604492,0.1571824550628662,48.27531814575195,2.3339760303497314,3.2664268016815186
0.14543889462947845,500,23.202484130859375,16.324796676635742,17.276039123535156,6.195401191711426,0.40463119745254517,332,110.72462463378906,0.020040998235344887,0.2198522984981537,0.38459616899490356,0.0018624999793246388,0.9909313917160034,0.08172500133514404,124.97608947753906,212.60496520996094,14628.082044181,0.007268749643117189,23.202484130859375,0.20180585980415344,123.09385681152344,6.195401191711426,0.12040000408887863,4.105819417093981e-15,0.9629563093185425,0.3726937472820282,0.002824999624863267,0.23381248116493225,166,1.3621916095107878e-15,0.8490186929702759,45.65303039550781,0.5180374979972839,241.60792541503906,0.27421876788139343,241.60792541503906,0.12768663465976715,108.66840362548828,0.00471875024959445,212.60496520996094,0.8490186929702759,0.03198323771357536,0.005037500057369471,5.775180816650391,0.015512668527662754,1776437096.3047678,12.79261589050293,0.21518124639987946,13.135007858276367,5.6848673820495605,40.36001205444336,0.013668747618794441,,,,,,,,,,,,,,,,
,500,,,,,,333,,,,,,,,,,14629.30190366,,,,,,,,,,,,166,,,,,,,,,,,,,,,,,1776437097.526628,,,,,,,1.8684993982315063,36.5537223815918,0.17150546610355377,0.04393218457698822,0.09646565467119217,3.7570877075195312,0.15630990266799927,0.41274529695510864,20.7589054107666,13.754863739013672,1.7668681144714355,25.944063186645508,0.15630990266799927,48.27606964111328,2.4701030254364014,3.2467963695526123
0.13506418466567993,503,19.115234375,15.663969039916992,16.52417755126953,6.237236022949219,0.4101249873638153,334,105.87153625488281,0.020014939829707146,0.2168973833322525,0.38156649470329285,0.0017999998526647687,0.9914687871932983,0.08694375306367874,119.92012023925781,203.53460693359375,14713.334665655,0.007412500213831663,19.115234375,0.19174574315547943,118.10516357421875,6.237236022949219,0.1205187514424324,5.6529217071221716e-15,0.9639124870300293,0.3703312575817108,0.0027375000063329935,0.23297500610351562,167,4.5451381373851074e-15,0.8511313199996948,43.777923583984375,0.5139499306678772,232.04664611816406,0.2734937369823456,232.04664611816406,0.12863945960998535,103.92046356201172,0.0046812500804662704,203.53460693359375,0.8511313199996948,0.03178724646568298,0.0053437501192092896,5.549595832824707,0.015555491670966148,1776437181.5570989,12.695703506469727,0.22206248342990875,13.137296676635742,5.45501708984375,38.6330680847168,0.013968749903142452,,,,,,,,,,,,,,,,
,503,,,,,,335,,,,,,,,,,14714.873955015,,,,,,,,,,,,167,,,,,,,,,,,,,,,,,1776437183.098597,,,,,,,1.7695393562316895,36.757423400878906,0.17062799632549286,0.041380126029253006,0.09522438794374466,3.7334911823272705,0.15568476915359497,0.41288915276527405,20.803951263427734,13.821643829345703,1.7682924270629883,26.193082809448242,0.15568478405475616,48.27692794799805,2.4959781169891357,3.248664140701294
0.14338932931423187,506,16.240449905395508,14.813773155212402,15.528581619262695,6.232364177703857,0.4270000159740448,336,100.02159118652344,0.02008552849292755,0.21943068504333496,0.383423388004303,0.0017625000327825546,0.9912624955177307,0.08900625258684158,113.32373046875,192.36976623535156,14799.078098069,0.0076812501065433025,16.240449905395508,0.1887224018573761,111.44225311279297,6.232364177703857,0.11970625817775726,1.330316065639714e-16,0.9627124071121216,0.3688499927520752,0.003437500214204192,0.23109374940395355,168,2.4771309135862563e-15,0.8482937812805176,41.73752212524414,0.5129312872886658,219.19581604003906,0.27169373631477356,219.19581604003906,0.13089048862457275,98.41065216064453,0.004743750672787428,192.36976623535156,0.8482937812805176,0.031968966126441956,0.004825000185519457,5.220164775848389,0.015610435046255589,1776437267.3004456,12.441749572753906,0.23521874845027924,13.111982345581055,5.112626552581787,36.724029541015625,0.013762501999735832,,,,,,,,,,,,,,,,
,506,,,,,,337,,,,,,,,,,14800.285797116,,,,,,,,,,,,168,,,,,,,,,,,,,,,,,1776437268.5102935,,,,,,,1.747399091720581,35.90008544921875,0.17015911638736725,0.04168006777763367,0.09545323997735977,3.7402310371398926,0.1526629775762558,0.4059890806674957,20.872825622558594,13.883051872253418,1.7125691175460815,25.683828353881836,0.1526629775762558,48.277915954589844,2.412294626235962,3.2493906021118164
0.14418329298496246,509,15.740049362182617,14.74492073059082,15.442946434020996,6.238436698913574,0.4235500693321228,338,99.01695251464844,0.0201939195394516,0.21922168135643005,0.38376161456108093,0.0018562498735263944,0.9912499785423279,0.09015624970197678,112.16333770751953,190.31997680664062,14884.388724286,0.007974999956786633,15.740049362182617,0.18719753623008728,110.40180969238281,6.238436698913574,0.11855625361204147,1.8402163473596467e-15,0.962862491607666,0.3649499714374542,0.0032250003423541784,0.22926875948905945,169,4.3515538394878206e-15,0.8469124436378479,41.56509017944336,0.5087624192237854,216.50730895996094,0.2679624855518341,216.50730895996094,0.131784126162529,97.4949951171875,0.004962500184774399,190.31997680664062,0.8469124436378479,0.032071515917778015,0.005418750457465649,5.1886515617370605,0.01571846939623356,1776437352.6112409,12.52927017211914,0.22933125495910645,13.157927513122559,5.0760345458984375,36.4755744934082,0.015368751250207424,,,,,,,,,,,,,,,,
,509,,,,,,339,,,,,,,,,,14885.586861828,,,,,,,,,,,,169,,,,,,,,,,,,,,,,,1776437353.8112192,,,,,,,1.7223044633865356,35.665714263916016,0.17366327345371246,0.042108263820409775,0.0973544791340828,3.7891879081726074,0.1537773460149765,0.41173648834228516,21.152944564819336,14.049098014831543,1.557651162147522,26.25584602355957,0.1537773460149765,48.278568267822266,2.284182071685791,3.3145055770874023
0.1391747146844864,512,16.398374557495117,14.870475769042969,15.660506248474121,6.262332439422607,0.40463751554489136,340,99.95346069335938,0.02044408582150936,0.21877261996269226,0.38304993510246277,0.0017250000964850187,0.9913625121116638,0.08374375104904175,113.60199737548828,191.31639099121094,14969.017454353,0.007562499959021807,16.398374557495117,0.1950698047876358,111.91282653808594,6.262332439422607,0.11809374392032623,3.4600143930529903e-15,0.9630125761032104,0.36409375071525574,0.0034500001929700375,0.22851873934268951,170,3.5869202573424186e-15,0.8458499908447266,41.855472564697266,0.5071374773979187,218.97511291503906,0.2689875066280365,218.97511291503906,0.12917183339595795,98.04106140136719,0.00491249980404973,191.31639099121094,0.8458499908447266,0.032287776470184326,0.005137499887496233,5.306934833526611,0.015789372846484184,1776437437.2398593,12.567834854125977,0.21956874430179596,13.221031188964844,5.196275234222412,36.73794174194336,0.013681248761713505,,,,,,,,,,,,,,,,
,512,,,,,,341,,,,,,,,,,14970.181572983,,,,,,,,,,,,170,,,,,,,,,,,,,,,,,1776437438.4058654,,,,,,,1.8367431163787842,35.78000259399414,0.17219999432563782,0.041475214064121246,0.09547443687915802,3.7441256046295166,0.15152062475681305,0.40751367807388306,20.927282333374023,13.905133247375488,1.57807195186615,26.266355514526367,0.15152065455913544,48.27937316894531,2.303661584854126,3.2778701782226562
0.15885984897613525,515,16.795141220092773,15.132735252380371,16.04413414001465,6.2580180168151855,0.401893675327301,342,101.78779602050781,0.02038896083831787,0.21761749684810638,0.38242894411087036,0.001875000074505806,0.9909062385559082,0.08236250281333923,115.73668670654297,194.99188232421875,15053.99131116,0.007500000298023224,16.795141220092773,0.1922481656074524,113.85900115966797,6.2580180168151855,0.1174125000834465,1.4139080531383463e-15,0.9628313779830933,0.3660437762737274,0.0031187499407678843,0.2290937602519989,171,4.838143774499315e-15,0.8463937044143677,42.31973648071289,0.509399950504303,223.04171752929688,0.2692749798297882,223.04171752929688,0.12737946212291718,99.96166229248047,0.0048812502063810825,194.99188232421875,0.8463937044143677,0.03234104812145233,0.005162499845027924,5.385585784912109,0.015771470963954926,1776437522.2136927,12.449288368225098,0.2080874741077423,13.112648010253906,5.282917499542236,37.36061096191406,0.013650000095367432,,,,,,,,,,,,,,,,
,515,,,,,,343,,,,,,,,,,15055.126563921,,,,,,,,,,,,171,,,,,,,,,,,,,,,,,1776437523.3512254,,,,,,,1.870266079902649,37.09866714477539,0.17375025153160095,0.04024725779891014,0.09321765601634979,3.6822803020477295,0.15360529720783234,0.4031277596950531,20.809101104736328,13.852350234985352,1.732726812362671,27.073455810546875,0.15360531210899353,48.280208587646484,2.470871925354004,3.274320363998413
0.14989863336086273,518,14.777145385742188,15.555404663085938,16.533647537231445,6.244591236114502,0.42724373936653137,344,104.88609313964844,0.02051316201686859,0.21869733929634094,0.37892529368400574,0.0020187499467283487,0.990531325340271,0.08642499893903732,118.21177673339844,201.1793212890625,15139.375624468,0.008037500083446503,14.777145385742188,0.191610187292099,116.58525848388672,6.244591236114502,0.11730623990297318,1.7099494563355133e-15,0.9623125791549683,0.36541250348091125,0.003350000362843275,0.22962500154972076,172,2.020302328209489e-15,0.8449311852455139,43.29753112792969,0.5126875042915344,228.61073303222656,0.2680250108242035,228.61073303222656,0.1252915859222412,102.92866516113281,0.005125000607222319,201.1793212890625,0.8449311852455139,0.0326259471476078,0.005406249780207872,5.497541427612305,0.01578299142420292,1776437607.5977528,12.396697998046875,0.23077499866485596,13.166266441345215,5.401598930358887,38.399539947509766,0.015018748119473457,,,,,,,,,,,,,,,,
,518,,,,,,345,,,,,,,,,,15140.582156182,,,,,,,,,,,,172,,,,,,,,,,,,,,,,,1776437608.8068075,,,,,,,1.775171160697937,37.48086929321289,0.17148180305957794,0.04165516421198845,0.092461496591568,3.641841173171997,0.15256351232528687,0.41514885425567627,20.684545516967773,13.774529457092285,1.7084704637527466,27.56871795654297,0.15256352722644806,48.28085708618164,2.3873531818389893,3.268024444580078
0.1422194391489029,521,15.776322364807129,15.92122745513916,17.01140785217285,6.246830463409424,0.43004995584487915,346,107.42249298095703,0.02064463682472706,0.2148798704147339,0.3777533173561096,0.001956250285729766,0.99033123254776,0.09044374525547028,121.26030731201172,206.20277404785156,15223.607648503,0.008506249636411667,15.776322364807129,0.18990612030029297,119.41529083251953,6.246830463409424,0.11607499420642853,4.651986261483554e-15,0.9621313810348511,0.3632250130176544,0.003337500151246786,0.22804376482963562,173,3.753453711036192e-15,0.844537615776062,44.320743560791016,0.510168731212616,234.28712463378906,0.2670375108718872,234.28712463378906,0.12357265502214432,105.40626525878906,0.005356249399483204,206.20277404785156,0.844537615776062,0.032774437218904495,0.005575000308454037,5.651719093322754,0.015844300389289856,1776437691.829641,12.426558494567871,0.23433125019073486,13.16472053527832,5.56671142578125,39.2713737487793,0.01600000075995922,,,,,,,,,,,,,,,,
,521,,,,,,347,,,,,,,,,,15224.765919593,,,,,,,,,,,,173,,,,,,,,,,,,,,,,,1776437692.9902136,,,,,,,1.8435248136520386,38.2423095703125,0.17358700931072235,0.041105568408966064,0.09139914065599442,3.61403489112854,0.15398845076560974,0.41993117332458496,20.677894592285156,13.818743705749512,1.7339457273483276,28.18702507019043,0.15398845076560974,48.281558990478516,2.4059066772460938,3.244960069656372
0.14585913717746735,524,19.620500564575195,15.928145408630371,17.04551124572754,6.25689697265625,0.4065249562263489,348,106.97771453857422,0.020836930721998215,0.22005054354667664,0.3870835602283478,0.001793749863281846,0.9900312423706055,0.08233749866485596,121.10029602050781,204.81288146972656,15308.481238187,0.007293750066310167,19.620500564575195,0.19587968289852142,119.30921936035156,6.25689697265625,0.11627500504255295,6.581920338616376e-15,0.9624375700950623,0.36044377088546753,0.0036437497474253178,0.2263687700033188,174,4.786752591523502e-16,0.8425436615943909,44.405269622802734,0.5055687427520752,233.93701171875,0.2645125091075897,233.93701171875,0.12421315163373947,105.01191711425781,0.004693750292062759,204.81288146972656,0.8425436615943909,0.03300394490361214,0.004749999847263098,5.699680805206299,0.01593778096139431,1776437776.7031753,12.620759010314941,0.21991874277591705,13.177084922790527,5.624431133270264,39.34004211425781,0.013693749904632568,,,,,,,,,,,,,,,,
,524,,,,,,349,,,,,,,,,,15309.780643393,,,,,,,,,,,,174,,,,,,,,,,,,,,,,,1776437778.0052555,,,,,,,1.7724071741104126,38.15694808959961,0.1684820055961609,0.03882404416799545,0.08989934623241425,3.5832202434539795,0.15227743983268738,0.4174101650714874,20.626148223876953,13.786416053771973,1.8200418949127197,27.884986877441406,0.15227743983268738,48.28239440917969,2.531365156173706,3.2563607692718506
0.14758138358592987,527,16.959455490112305,15.832857131958008,16.770751953125,6.223531723022461,0.39940622448921204,350,107.05420684814453,0.020440449938178062,0.2220754474401474,0.3908294439315796,0.0019000002648681402,0.9905375838279724,0.0840187594294548,121.19365692138672,205.82176208496094,15393.986950419,0.007531248964369297,16.959455490112305,0.20046114921569824,119.08599090576172,6.223531723022461,0.11707498133182526,8.286882464958456e-15,0.9628249406814575,0.3649750053882599,0.0033187498338520527,0.22890625894069672,175,6.7984897225703556e-15,0.8457750678062439,44.24906921386719,0.5099437236785889,234.06398010253906,0.2683124840259552,234.06398010253906,0.12701965868473053,105.25409698486328,0.004843749571591616,205.82176208496094,0.8457750678062439,0.03250383958220482,0.005162499845027924,5.633976459503174,0.015760736539959908,1776437862.2097802,12.588034629821777,0.21983124315738678,13.123565673828125,5.569663047790527,39.25191879272461,0.01438125129789114,,,,,,,,,,,,,,,,
,527,,,,,,351,,,,,,,,,,15395.146069835,,,,,,,,,,,,175,,,,,,,,,,,,,,,,,1776437863.3706563,,,,,,,1.8468705415725708,38.24806594848633,0.16773122549057007,0.03724009543657303,0.08876261860132217,3.554664373397827,0.1508302241563797,0.4089519679546356,20.634824752807617,13.816636085510254,1.8829550743103027,27.908912658691406,0.1508302241563797,48.28327560424805,2.6365370750427246,3.2633743286132812
0.1435614675283432,530,21.98019027709961,15.646515846252441,16.533536911010742,6.194552898406982,0.4016687572002411,352,106.31409454345703,0.02004452981054783,0.2217855602502823,0.38873350620269775,0.002281250199303031,0.9908437728881836,0.08679375052452087,120.20140075683594,204.87911987304688,15479.114735261,0.0076249996200203896,21.98019027709961,0.1977998912334442,118.38752746582031,6.194552898406982,0.11994374543428421,6.875413866708202e-15,0.9637937545776367,0.37172502279281616,0.0037249999586492777,0.23384377360343933,176,5.542766766397644e-15,0.8499999642372131,43.69943618774414,0.5171187520027161,233.112060546875,0.27381250262260437,233.112060546875,0.12867464125156403,104.61975860595703,0.004962500184774399,204.87911987304688,0.8499999642372131,0.031955357640981674,0.005606249440461397,5.563727378845215,0.01548917405307293,1776437947.3369794,12.625679969787598,0.2256312519311905,13.177407264709473,5.489822864532471,38.86380386352539,0.014081249013543129,,,,,,,,,,,,,,,,
,530,,,,,,353,,,,,,,,,,15480.273676543,,,,,,,,,,,,176,,,,,,,,,,,,,,,,,1776437948.4983454,,,,,,,1.767320156097412,38.271724700927734,0.1670750230550766,0.039815571159124374,0.08910098671913147,3.555302381515503,0.1503927856683731,0.41802555322647095,20.54657554626465,13.747740745544434,1.6885266304016113,28.220888137817383,0.1503927856683731,48.284244537353516,2.383124589920044,3.2433807849884033
0.14596296846866608,533,17.49620246887207,15.760872840881348,16.67633819580078,6.181519508361816,0.3846437633037567,354,106.83690643310547,0.02014603652060032,0.22274328768253326,0.3924746811389923,0.0017000000225380063,0.9910187721252441,0.07878749817609787,120.94867706298828,205.21363830566406,15564.193518302,0.0070874993689358234,17.49620246887207,0.1981736719608307,119.06101989746094,6.181519508361816,0.11921250075101852,5.052327913673826e-15,0.9628562331199646,0.3674812614917755,0.003506250213831663,0.2310187667608261,177,1.0544516648725022e-14,0.8471499681472778,44.18991470336914,0.5112624764442444,233.62388610839844,0.27150627970695496,233.62388610839844,0.12783753871917725,104.95966339111328,0.004468750208616257,205.21363830566406,0.8471499681472778,0.03208429738879204,0.004768750164657831,5.621279716491699,0.015646355226635933,1776438032.4160795,12.557448387145996,0.19875623285770416,13.123552322387695,5.536938667297363,39.09223556518555,0.013293749652802944,,,,,,,,,,,,,,,,
,533,,,,,,355,,,,,,,,,,15565.348720487,,,,,,,,,,,,177,,,,,,,,,,,,,,,,,1776438033.5734508,,,,,,,1.6557303667068481,38.01231002807617,0.1643824577331543,0.03839506581425667,0.08791130036115646,3.536029577255249,0.14818264544010162,0.4152916967868805,20.623117446899414,13.813424110412598,1.7152615785598755,27.84638023376465,0.14818264544010162,48.285213470458984,2.401311159133911,3.273514747619629
0.13767880201339722,536,16.74564552307129,15.902695655822754,16.823522567749023,6.152637004852295,0.3929937183856964,356,108.10008239746094,0.0199530441313982,0.22335459291934967,0.39082977175712585,0.0017750001279637218,0.9911562204360962,0.08333749324083328,122.24181365966797,208.00291442871094,15649.599737231,0.007281250320374966,16.74564552307129,0.20081447064876556,120.43639373779297,6.152637004852295,0.12058748304843903,3.823493171378756e-15,0.9634188413619995,0.3728499710559845,0.0032999999821186066,0.23340000212192535,178,-4.698661165009055e-15,0.849649965763092,44.753868103027344,0.51810622215271,236.51266479492188,0.2751312553882599,236.51266479492188,0.1276654750108719,106.24578857421875,0.0046312506310641766,208.00291442871094,0.849649965763092,0.03181008994579315,0.0050062499940395355,5.649856090545654,0.015488438308238983,1776438117.8220632,12.519952774047852,0.21257498860359192,13.200210571289062,5.559394836425781,39.47954177856445,0.013937501236796379,,,,,,,,,,,,,,,,
,536,,,,,,357,,,,,,,,,,15650.814259993,,,,,,,,,,,,178,,,,,,,,,,,,,,,,,1776438119.038576,,,,,,,1.8036346435546875,38.30741500854492,0.1670321673154831,0.03650209680199623,0.08661714941263199,3.525942087173462,0.1485145092010498,0.41445305943489075,20.563371658325195,13.76817512512207,1.750946283340454,28.175199508666992,0.1485145092010498,48.286033630371094,2.506643772125244,3.2691075801849365
0.14515726268291473,539,14.991958618164062,16.00213623046875,16.97871971130371,6.148559093475342,0.40607500076293945,358,109.28638458251953,0.0198682714253664,0.22075068950653076,0.387346088886261,0.0017625000327825546,0.9912124276161194,0.08451874554157257,123.28215789794922,209.91708374023438,15734.321662073,0.007656249683350325,14.991958618164062,0.19671031832695007,121.52947235107422,6.148559093475342,0.12096875160932541,4.049603534450608e-15,0.964462399482727,0.3762499988079071,0.003325000172480941,0.23535624146461487,179,8.114711159967758e-16,0.8527374863624573,44.992679595947266,0.5240750312805176,238.82272338867188,0.2774749994277954,238.82272338867188,0.12898385524749756,107.20092010498047,0.00491249980404973,209.91708374023438,0.8527374863624573,0.03157342970371246,0.005137499887496233,5.674094200134277,0.015387019142508507,1776438202.5436625,12.3818359375,0.22151875495910645,13.15671443939209,5.581236839294434,39.6926383972168,0.014106250368058681,,,,,,,,,,,,,,,,
,539,,,,,,359,,,,,,,,,,15735.517925936,,,,,,,,,,,,179,,,,,,,,,,,,,,,,,1776438203.7426414,,,,,,,1.6676890850067139,38.55558776855469,0.1641479730606079,0.03635863959789276,0.08533571660518646,3.4706461429595947,0.14654749631881714,0.4200165271759033,20.484140396118164,13.776222229003906,1.6603221893310547,28.18391990661621,0.14654749631881714,48.286800384521484,2.3596932888031006,3.237126350402832
0.1447545289993286,542,15.382566452026367,15.759139060974121,16.78675651550293,6.158130645751953,0.4190874695777893,360,107.10740661621094,0.020268647000193596,0.21601472795009613,0.37850406765937805,0.001793749863281846,0.9909124970436096,0.08195625990629196,121.20587921142578,205.57456970214844,15819.051184586,0.007668749429285526,15.382566452026367,0.187299907207489,119.34819793701172,6.158130645751953,0.11839376389980316,3.669699093211687e-15,0.9633999466896057,0.3695625066757202,0.003100000089034438,0.23086249828338623,180,4.522044631111166e-15,0.8479748964309692,44.26577377319336,0.514718770980835,234.25595092773438,0.2727000415325165,234.25595092773438,0.1265881210565567,105.03795623779297,0.004731249529868364,205.57456970214844,0.8479748964309692,0.03213099017739296,0.005187499802559614,5.62199068069458,0.01565556973218918,1776438287.273655,12.404580116271973,0.22200000286102295,13.157698631286621,5.523047924041748,39.00341796875,0.014550000429153442,,,,,,,,,,,,,,,,
,542,,,,,,361,,,,,,,,,,15820.304397343,,,,,,,,,,,,180,,,,,,,,,,,,,,,,,1776438288.5290616,,,,,,,1.6978024244308472,38.855777740478516,0.16283740103244781,0.035075023770332336,0.0845135822892189,3.4449820518493652,0.14614349603652954,0.4201106131076813,20.502948760986328,13.817097663879395,1.6160557270050049,28.59377670288086,0.14614349603652954,48.28752136230469,2.315053939819336,3.240720272064209
0.14298497140407562,545,17.326087951660156,15.58470344543457,16.54998779296875,6.168190956115723,0.41078120470046997,362,105.25640869140625,0.02048639953136444,0.21818818151950836,0.38296863436698914,0.0014687498332932591,0.9906249642372131,0.07891874760389328,119.37195587158203,201.53604125976562,15904.543202131,0.007306248880922794,17.326087951660156,0.19572176039218903,117.40110778808594,6.168190956115723,0.11766249686479568,-8.809684752530966e-16,0.9625750184059143,0.3659812808036804,0.002512499922886491,0.22898748517036438,181,2.6369423138106196e-15,0.8457188010215759,43.781192779541016,0.5107499957084656,229.87730407714844,0.2697249948978424,229.87730407714844,0.12809376418590546,103.16358184814453,0.004506249446421862,201.53604125976562,0.8457188010215759,0.03245793655514717,0.0048500001430511475,5.569153785705566,0.015804918482899666,1776438372.7655406,12.595831871032715,0.21198749542236328,13.18472957611084,5.461833477020264,38.49522018432617,0.01380000077188015,,,,,,,,,,,,,,,,
,545,,,,,,363,,,,,,,,,,15905.698072411,,,,,,,,,,,,181,,,,,,,,,,,,,,,,,1776438373.9227579,,,,,,,1.6902320384979248,38.21669006347656,0.15851552784442902,0.03583040460944176,0.08385845273733139,3.4243505001068115,0.14202943444252014,0.4178684949874878,20.406322479248047,13.7471923828125,1.7246174812316895,28.051319122314453,0.14202944934368134,48.2880973815918,2.4372575283050537,3.234637498855591
0.14380238950252533,548,17.487245559692383,15.158623695373535,16.0428524017334,6.196530342102051,0.3939812481403351,364,102.06884002685547,0.020531250163912773,0.2212066948413849,0.389096200466156,0.0018187500536441803,0.990656316280365,0.07791250199079514,116.02569580078125,195.37081909179688,15989.901480664,0.006881250999867916,17.487245559692383,0.19502423703670502,114.17621612548828,6.196530342102051,0.11734998971223831,2.1803305688683494e-15,0.9624313116073608,0.3643687069416046,0.002606250112876296,0.22809374332427979,182,5.30749489496829e-15,0.844337522983551,42.65298843383789,0.5081124901771545,223.78123474121094,0.2684062421321869,223.78123474121094,0.12956301867961884,100.09049987792969,0.004356250166893005,195.37081909179688,0.844337522983551,0.03253798186779022,0.004812499973922968,5.424270153045654,0.015853313729166985,1776438458.1240416,12.52736759185791,0.20889998972415924,13.155524253845215,5.321130275726318,37.41410446166992,0.012775002047419548,,,,,,,,,,,,,,,,
,548,,,,,,365,,,,,,,,,,15991.094783287,,,,,,,,,,,,182,,,,,,,,,,,,,,,,,1776438459.3192987,,,,,,,1.5892486572265625,38.47894287109375,0.15872910618782043,0.03614906594157219,0.08365848660469055,3.395794153213501,0.1420060396194458,0.41560298204421997,20.391162872314453,13.7613525390625,1.7507537603378296,28.797805786132812,0.1420060247182846,48.28878402709961,2.443685531616211,3.233872890472412
0.1455998569726944,551,15.974382400512695,15.0548095703125,15.924614906311035,6.228937149047852,0.3876500129699707,366,100.84811401367188,0.020809674635529518,0.22358070313930511,0.3938184976577759,0.0018062499584630132,0.9904688596725464,0.07460000365972519,114.85639190673828,192.95802307128906,16074.291471757,0.0067125000059604645,15.974382400512695,0.19685326516628265,113.06853485107422,6.228937149047852,0.11591874808073044,6.714464054202729e-16,0.9618812203407288,0.35939377546310425,0.0026000000070780516,0.22513125836849213,183,2.2300412384768098e-15,0.8409813642501831,42.290828704833984,0.5029311776161194,221.63796997070312,0.2642437517642975,221.63796997070312,0.12716378271579742,98.96240997314453,0.004106250125914812,192.95802307128906,0.8409813642501831,0.032961513847112656,0.004568750038743019,5.404011249542236,0.015985066071152687,1776438542.5136318,12.495787620544434,0.19731248915195465,13.134110450744629,5.321378231048584,37.130252838134766,0.012743749655783176,,,,,,,,,,,,,,,,
,551,,,,,,367,,,,,,,,,,16075.481232158,,,,,,,,,,,,183,,,,,,,,,,,,,,,,,1776438543.7057948,,,,,,,1.7223173379898071,38.695655822753906,0.15999417006969452,0.03660285472869873,0.08350443840026855,3.3889288902282715,0.14203552901744843,0.41299381852149963,20.384382247924805,13.774998664855957,1.7637723684310913,29.08968734741211,0.14203552901744843,48.289527893066406,2.4280989170074463,3.2203121185302734
0.15418082475662231,554,18.135892868041992,14.919869422912598,15.792937278747559,6.249107837677002,0.3857937157154083,368,99.759033203125,0.020887045189738274,0.22273418307304382,0.39409521222114563,0.0016937499167397618,0.9906125068664551,0.08033750206232071,113.69679260253906,191.17686462402344,16159.270900482,0.006850000005215406,18.135892868041992,0.19381628930568695,111.75348663330078,6.249107837677002,0.11463124305009842,6.078579480039981e-15,0.9615063071250916,0.3559499979019165,0.0028750000055879354,0.22284375131130219,184,2.2268428420679776e-15,0.8394562005996704,41.73702621459961,0.49870628118515015,218.81117248535156,0.26171875,218.81117248535156,0.12567390501499176,97.93084716796875,0.004331250209361315,191.17686462402344,0.8394562005996704,0.033059876412153244,0.004625000059604645,5.364634990692139,0.0160683486610651,1776438627.492704,12.495314598083496,0.19847500324249268,13.14128303527832,5.298067569732666,36.77468490600586,0.012668750248849392,,,,,,,,,,,,,,,,
,554,,,,,,369,,,,,,,,,,16160.405262583,,,,,,,,,,,,184,,,,,,,,,,,,,,,,,1776438628.6297414,,,,,,,1.7576768398284912,38.8130989074707,0.15879635512828827,0.037091344594955444,0.08368083089590073,3.3833236694335938,0.1420980840921402,0.4167204201221466,20.328720092773438,13.705324172973633,1.883640170097351,29.322114944458008,0.1420980840921402,48.29021072387695,2.5421178340911865,3.2399299144744873
0.15337307751178741,557,17.690858840942383,14.953047752380371,15.828554153442383,6.210606098175049,0.38807499408721924,370,100.92011260986328,0.02057391218841076,0.2235994189977646,0.39441677927970886,0.0017999998526647687,0.9908813238143921,0.07774374634027481,114.22413635253906,193.63926696777344,16244.477641947,0.007168750278651714,17.690858840942383,0.19679781794548035,112.38520050048828,6.210606098175049,0.11616874486207962,5.745187312000688e-16,0.9618750214576721,0.3602437674999237,0.0035250000655651093,0.22554375231266022,185,2.5866353330072922e-15,0.8421562910079956,41.79214859008789,0.5041937232017517,220.61373901367188,0.26567503809928894,220.61373901367188,0.1265670657157898,99.05158996582031,0.0046312506310641766,193.63926696777344,0.8421562910079956,0.032719701528549194,0.004600000102072954,5.359249591827393,0.01590212620794773,1776438712.6998687,12.622371673583984,0.2041187435388565,13.175416946411133,5.300487518310547,37.014068603515625,0.013381250202655792,,,,,,,,,,,,,,,,
,557,,,,,,371,,,,,,,,,,16245.615339644,,,,,,,,,,,,185,,,,,,,,,,,,,,,,,1776438713.8399282,,,,,,,1.6371707916259766,38.8356819152832,0.15774454176425934,0.03737729787826538,0.08368668705224991,3.3803272247314453,0.14196009933948517,0.41002508997917175,20.37256622314453,13.750006675720215,1.8780937194824219,29.439037322998047,0.14196009933948517,48.290828704833984,2.5775651931762695,3.2420926094055176
0.1423318237066269,560,15.517258644104004,15.150102615356445,16.059751510620117,6.169114112854004,0.3971562385559082,372,102.87598419189453,0.020235560834407806,0.22157050669193268,0.39099380373954773,0.001656249980442226,0.9910812377929688,0.08186250180006027,116.04241180419922,197.86769104003906,16328.994953922,0.007056250236928463,15.517258644104004,0.19431546330451965,114.2353515625,6.169114112854004,0.11847500503063202,1.0629030208070267e-14,0.9631686806678772,0.3684999942779541,0.003162499750033021,0.23076249659061432,186,5.3078201556200355e-15,0.8469313383102417,42.26860427856445,0.5135937333106995,224.63438415527344,0.27191874384880066,224.63438415527344,0.12761415541172028,101.04322052001953,0.004468750208616257,197.86769104003906,0.8469313383102417,0.03215605020523071,0.004637500271201134,5.42945671081543,0.01564686745405197,1776438797.2164283,12.454827308654785,0.2133375108242035,13.156492233276367,5.360814094543457,37.535099029541016,0.013287500478327274,,,,,,,,,,,,,,,,
,560,,,,,,373,,,,,,,,,,16350.485054797,,,,,,,,,,,,186,,,,,,,,,,,,,,,,,1776438818.7096157,,,,,,,1.681369662284851,38.86942672729492,0.1588212102651596,0.03749904781579971,0.08414774388074875,3.378856897354126,0.14208407700061798,0.4187973141670227,20.317657470703125,13.708717346191406,1.7447230815887451,29.26548194885254,0.14208407700061798,48.291412353515625,2.4065322875976562,3.2299416065216064
0.13130158185958862,563,15.39969539642334,15.310280799865723,16.31574058532715,6.1612935066223145,0.38971254229545593,374,103.74982452392578,0.020335467532277107,0.22373129427433014,0.39179250597953796,0.0015687497798353434,0.9909186959266663,0.07591249793767929,117.26398468017578,199.33169555664062,16433.767361102,0.0067687490954995155,15.39969539642334,0.1943264901638031,115.46515655517578,6.1612935066223145,0.1177937462925911,3.55612891564383e-15,0.9636498689651489,0.36768749356269836,0.0028812496457248926,0.23025622963905334,187,5.02511443914444e-15,0.8466438055038452,42.64289855957031,0.5126187205314636,226.74630737304688,0.27089378237724304,226.74630737304688,0.12753130495548248,101.90013122558594,0.004312499891966581,199.33169555664062,0.8466438055038452,0.032224059104919434,0.004487500060349703,5.525096416473389,0.015716329216957092,1776438901.9895637,12.504440307617188,0.20539376139640808,13.128853797912598,5.441440105438232,37.80520248413086,0.012906251475214958,,,,,,,,,,,,,,,,
,563,,,,,,375,,,,,,,,,,16434.96212415,,,,,,,,,,,,187,,,,,,,,,,,,,,,,,1776438903.1867368,,,,,,,1.663751482963562,38.95458984375,0.15739700198173523,0.036938413977622986,0.08336077630519867,3.3644893169403076,0.14145226776599884,0.4161367416381836,20.353105545043945,13.747267723083496,1.7983075380325317,29.210676193237305,0.14145225286483765,48.29206085205078,2.4861245155334473,3.2412078380584717
0.14133049547672272,566,14.900690078735352,15.491174697875977,16.482576370239258,6.146873474121094,0.4039812386035919,376,105.26091003417969,0.020047219470143318,0.21788404881954193,0.383656769990921,0.001656249980442226,0.9911312460899353,0.08051875233650208,118.93296813964844,202.11614990234375,16518.627220229,0.006987500470131636,14.900690078735352,0.19041205942630768,117.11858367919922,6.146873474121094,0.1202625036239624,4.779380016750601e-15,0.9641686677932739,0.37312501668930054,0.0033062505535781384,0.23439373075962067,188,8.458349038537039e-15,0.8495999574661255,43.18242645263672,0.5188875198364258,230.15280151367188,0.27515625953674316,230.15280151367188,0.12814128398895264,103.2999267578125,0.0045312498696148396,202.11614990234375,0.8495999574661255,0.03179517015814781,0.004731249529868364,5.584408283233643,0.01553794089704752,1776438986.8493264,12.3992919921875,0.2144249826669693,13.148086547851562,5.486978530883789,38.2269401550293,0.013324999250471592,,,,,,,,,,,,,,,,
,566,,,,,,377,,,,,,,,,,16519.807934127,,,,,,,,,,,,188,,,,,,,,,,,,,,,,,1776438988.0322027,,,,,,,1.779565691947937,38.8125114440918,0.15761566162109375,0.036881592124700546,0.08267499506473541,3.3421881198883057,0.14000201225280762,0.4071398377418518,20.322603225708008,13.760030746459961,1.8452603816986084,29.0938777923584,0.14000201225280762,48.292789459228516,2.6092700958251953,3.220245838165283
0.14458215236663818,569,17.924772262573242,15.380875587463379,16.275108337402344,6.129391193389893,0.41013747453689575,378,104.57121276855469,0.01990848034620285,0.2143869698047638,0.3771059811115265,0.0018812500638887286,0.9911813139915466,0.08855000138282776,117.97722625732422,201.68431091308594,16603.425714725,0.007843748666346073,17.924772262573242,0.18893730640411377,116.37659454345703,6.129391193389893,0.12168125808238983,5.237780695277472e-16,0.964900016784668,0.3770124912261963,0.0033874998334795237,0.23700621724128723,189,1.867050351128663e-15,0.851425051689148,42.977508544921875,0.5228250026702881,228.82164001464844,0.2788749933242798,228.82164001464844,0.12841260433197021,102.81841278076172,0.005087499972432852,201.68431091308594,0.851425051689148,0.031611356884241104,0.00523750064894557,5.518007278442383,0.015424140729010105,1776439071.6482103,12.62032413482666,0.22589996457099915,13.251808166503906,5.41341495513916,38.06119155883789,0.014506249688565731,,,,,,,,,,,,,,,,
,569,,,,,,379,,,,,,,,,,16604.750974996,,,,,,,,,,,,189,,,,,,,,,,,,,,,,,1776439072.9756565,,,,,,,1.5677859783172607,39.08951187133789,0.1539684236049652,0.03545597568154335,0.08181977272033691,3.315586805343628,0.1396171748638153,0.42279213666915894,20.2854061126709,13.746803283691406,1.769552230834961,29.32061195373535,0.1396171748638153,48.2934684753418,2.4530911445617676,3.2228763103485107
0.16408707201480865,572,17.1575984954834,15.580751419067383,16.482460021972656,6.146845817565918,0.40533754229545593,380,105.46409606933594,0.02010096050798893,0.22069254517555237,0.38525649905204773,0.0017374998424202204,0.9909500479698181,0.08275000005960464,119.20558166503906,202.67312622070312,16688.598561734,0.00751875014975667,17.1575984954834,0.19556328654289246,117.43291473388672,6.146845817565918,0.1206437423825264,7.553419695272012e-15,0.9639376401901245,0.3713500201702118,0.0033062505535781384,0.23361875116825104,190,6.206623756610519e-15,0.8494874238967896,43.59709930419922,0.5160499215126038,230.63548278808594,0.27409374713897705,230.63548278808594,0.1291802078485489,103.59259796142578,0.004643749911338091,202.67312622070312,0.8494874238967896,0.0319417379796505,0.005168750416487455,5.594785690307617,0.015590786933898926,1776439156.821061,12.43552017211914,0.2159937471151352,13.07536506652832,5.490856647491455,38.48330307006836,0.013881250284612179,,,,,,,,,,,,,,,,
,572,,,,,,381,,,,,,,,,,16690.003584975,,,,,,,,,,,,190,,,,,,,,,,,,,,,,,1776439158.2282012,,,,,,,1.6995294094085693,39.01378631591797,0.15626895427703857,0.036988962441682816,0.0821116715669632,3.3283374309539795,0.1395851969718933,0.41400226950645447,20.38121223449707,13.824718475341797,1.7504483461380005,29.19121742248535,0.1395851969718933,48.29401779174805,2.436344861984253,3.2280163764953613
0.1472889930009842,575,16.431547164916992,15.492226600646973,16.4084529876709,6.179474353790283,0.3984124958515167,382,104.13800811767578,0.02040272019803524,0.22145512700080872,0.38826367259025574,0.0016125001711770892,0.9907999634742737,0.08166874200105667,118.28185272216797,200.25680541992188,16774.211523949,0.0075812493450939655,16.431547164916992,0.19301654398441315,116.35557556152344,6.179474353790283,0.11885625123977661,1.8086660641403185e-15,0.9635876417160034,0.36534377932548523,0.0036249998956918716,0.23000000417232513,191,6.466723857789791e-16,0.8476313352584839,43.32196807861328,0.5083749890327454,228.20425415039062,0.26953125,228.20425415039062,0.1291014701128006,102.38805389404297,0.00465625012293458,200.25680541992188,0.8476313352584839,0.03231072425842285,0.005100000184029341,5.574276447296143,0.015740109607577324,1776439242.433911,12.520873069763184,0.2166999876499176,13.10505485534668,5.48374605178833,38.324737548828125,0.014331250451505184,,,,,,,,,,,,,,,,
,575,,,,,,383,,,,,,,,,,16775.491763923,,,,,,,,,,,,191,,,,,,,,,,,,,,,,,1776439243.7162104,,,,,,,1.7049217224121094,39.27669906616211,0.15471091866493225,0.03541004657745361,0.08106891065835953,3.2889668941497803,0.13882115483283997,0.408201664686203,20.27204132080078,13.77855110168457,1.912559151649475,29.576845169067383,0.13882115483283997,48.294734954833984,2.6225996017456055,3.204380750656128
0.14281953871250153,578,17.600778579711914,14.958372116088867,15.741373062133789,6.194282531738281,0.403874933719635,384,100.53448486328125,0.020337117835879326,0.2216367870569229,0.38597631454467773,0.0017687500221654773,0.9906749725341797,0.08583749085664749,114.07383728027344,193.81640625,16858.196549889,0.007912500761449337,17.600778579711914,0.19535182416439056,112.18944549560547,6.194282531738281,0.11934375017881393,5.393201076703269e-15,0.9631500244140625,0.3670625388622284,0.0032749997917562723,0.23078122735023499,192,2.894819800536297e-15,0.8476375341415405,41.746334075927734,0.5106249451637268,220.35989379882812,0.2718312442302704,220.35989379882812,0.13051468133926392,98.96705627441406,0.005043750163167715,193.81640625,0.8476375341415405,0.03227664530277252,0.005256250035017729,5.329124927520752,0.01568170078098774,1776439326.4187179,12.539266586303711,0.22259999811649323,13.129728317260742,5.238504886627197,36.894351959228516,0.014331250451505184,,,,,,,,,,,,,,,,
,578,,,,,,385,,,,,,,,,,16859.392442065,,,,,,,,,,,,192,,,,,,,,,,,,,,,,,1776439327.617138,,,,,,,1.647250771522522,39.88380813598633,0.15571270883083344,0.03687285631895065,0.08090456575155258,3.269651412963867,0.1394064873456955,0.4048188030719757,20.309459686279297,13.815774917602539,1.9315251111984253,30.406024932861328,0.1394064724445343,48.29561996459961,2.6155173778533936,3.223896026611328
0.14265979826450348,581,19.227378845214844,15.19129753112793,15.961058616638184,6.182654857635498,0.4054749608039856,386,101.83949279785156,0.020509423688054085,0.22195056080818176,0.38712528347969055,0.0017000000225380063,0.9905813932418823,0.08163750171661377,115.16905212402344,196.05645751953125,16942.876031517,0.0069125001318752766,19.227378845214844,0.19662517309188843,113.37107849121094,6.182654857635498,0.1176375076174736,1.9252720077911345e-15,0.9625750184059143,0.36406874656677246,0.003418749663978815,0.22729374468326569,193,6.015370493384076e-15,0.8455876111984253,42.52939224243164,0.5069437623023987,222.07347106933594,0.2682875096797943,222.07347106933594,0.12721455097198486,100.23570251464844,0.004368749912828207,196.05645751953125,0.8455876111984253,0.03254945948719978,0.005068749655038118,5.4178619384765625,0.015834899619221687,1776439411.0981112,12.608519554138184,0.21693751215934753,13.149276733398438,5.32960844039917,37.55613708496094,0.013431250117719173,,,,,,,,,,,,,,,,
,581,,,,,,387,,,,,,,,,,16944.163901538,,,,,,,,,,,,193,,,,,,,,,,,,,,,,,1776439412.3884196,,,,,,,1.6334633827209473,39.83911895751953,0.1582271307706833,0.039372704923152924,0.08178941160440445,3.280773162841797,0.13961099088191986,0.4140568971633911,20.294254302978516,13.749332427978516,1.8285162448883057,30.86550521850586,0.13961100578308105,48.296302795410156,2.4459619522094727,3.264008045196533
0.14766037464141846,584,18.59953498840332,15.133073806762695,15.994612693786621,6.212035655975342,0.38715624809265137,388,101.22120666503906,0.020755859091877937,0.22342947125434875,0.39236781001091003,0.0016312499064952135,0.9903436899185181,0.07683125138282776,115.14215087890625,194.38111877441406,17027.624776547,0.006831250619143248,18.59953498840332,0.197354257106781,113.14784240722656,6.212035655975342,0.11733750998973846,7.4272185623947e-15,0.9626374840736389,0.36253121495246887,0.0037875003181397915,0.22661247849464417,194,3.932238649279052e-15,0.8429437279701233,42.29743576049805,0.5047187805175781,221.56832885742188,0.2663937509059906,221.56832885742188,0.1292644590139389,99.54705047607422,0.004187500104308128,194.38111877441406,0.8429437279701233,0.032793883234262466,0.0048812502063810825,5.460093975067139,0.01591041497886181,1776439495.8471816,12.606704711914062,0.20144376158714294,13.157190322875977,5.377004623413086,37.34769821166992,0.012874999083578587,,,,,,,,,,,,,,,,
,584,,,,,,389,,,,,,,,,,17028.903355422,,,,,,,,,,,,194,,,,,,,,,,,,,,,,,1776439497.1279094,,,,,,,1.751891016960144,39.939552307128906,0.15703225135803223,0.03604207932949066,0.08066818118095398,3.2899935245513916,0.13998918235301971,0.4032202661037445,20.331649780273438,13.768973350524902,1.9455777406692505,30.6751651763916,0.13998918235301971,48.296974182128906,2.625216484069824,3.272543430328369
0.15263603627681732,587,17.74402618408203,15.0755615234375,15.96647834777832,6.2122344970703125,0.39125001430511475,390,101.28779602050781,0.020626233890652657,0.2203068733215332,0.3878643810749054,0.0017875002231448889,0.9905624985694885,0.07754374295473099,115.31291961669922,194.3648681640625,17112.429641958,0.00716250017285347,17.74402618408203,0.1935725063085556,113.24022674560547,6.2122344970703125,0.11788124591112137,1.7330971727180788e-15,0.9628186821937561,0.36284998059272766,0.003481250023469329,0.22772501409053802,195,2.9140643890979145e-15,0.8433937430381775,42.07148742675781,0.5066249966621399,222.23243713378906,0.2671999931335449,222.23243713378906,0.1279979795217514,99.43289184570312,0.004525000229477882,194.3648681640625,0.8433937430381775,0.03262937068939209,0.004812499973922968,5.4540791511535645,0.015840115025639534,1776439580.6518395,12.536579132080078,0.20428124070167542,13.186713218688965,5.376613616943359,37.16413879394531,0.013087498024106026,,,,,,,,,,,,,,,,
,587,,,,,,391,,,,,,,,,,17113.732425588,,,,,,,,,,,,195,,,,,,,,,,,,,,,,,1776439581.9571128,,,,,,,1.7187414169311523,40.47905731201172,0.15683883428573608,0.03592658042907715,0.07947935163974762,3.2336502075195312,0.13900738954544067,0.40655505657196045,20.193382263183594,13.718033790588379,1.9292148351669312,31.076454162597656,0.13900738954544067,48.29780578613281,2.6099743843078613,3.2415590286254883
0.15135861933231354,590,16.141332626342773,15.05812931060791,16.009950637817383,6.185280799865723,0.3921000361442566,392,101.41510009765625,0.02062610723078251,0.22147580981254578,0.3897605240345001,0.0017312502022832632,0.9906625151634216,0.078506238758564,115.15949249267578,194.91293334960938,17197.002795742,0.006800000090152025,16.141332626342773,0.19302943348884583,113.27161407470703,6.185280799865723,0.11701250076293945,3.04118709382184e-15,0.9625874161720276,0.3628062903881073,0.003312499960884452,0.2265000194311142,196,-3.153076758022344e-15,0.8431311845779419,42.0870361328125,0.5065062642097473,221.93470764160156,0.26755622029304504,221.93470764160156,0.12642967700958252,99.66765594482422,0.004250000696629286,194.91293334960938,0.8431311845779419,0.0326741598546505,0.004756249953061342,5.457210063934326,0.015844034031033516,1776439665.2251008,12.472232818603516,0.20642498135566711,13.129860877990723,5.387778282165527,37.23813247680664,0.012793749570846558,,,,,,,,,,,,,,,,
,590,,,,,,393,,,,,,,,,,17198.220373628,,,,,,,,,,,,196,,,,,,,,,,,,,,,,,1776439666.4448764,,,,,,,1.57313072681427,40.70915603637695,0.1537129431962967,0.035479284822940826,0.07891000062227249,3.2146172523498535,0.13804516196250916,0.4275927245616913,20.162992477416992,13.719705581665039,1.8493523597717285,31.23713493347168,0.13804516196250916,48.2984619140625,2.4632833003997803,3.2285332679748535
0.1471261978149414,593,16.526901245117188,15.089766502380371,16.089263916015625,6.170600414276123,0.40303751826286316,394,101.70817565917969,0.020679103210568428,0.21626833081245422,0.38191959261894226,0.0015312499599531293,0.9906625151634216,0.07555624842643738,115.76307678222656,195.28492736816406,17281.207530436,0.006612501107156277,16.526901245117188,0.18652528524398804,113.67424774169922,6.170600414276123,0.1169624999165535,3.758007360160631e-15,0.9626750349998474,0.3625812530517578,0.002812500111758709,0.2265937477350235,197,6.827166870032597e-15,0.8430938124656677,42.23149108886719,0.5055124759674072,222.34774780273438,0.26720622181892395,222.34774780273438,0.12603379786014557,99.92198181152344,0.003962500020861626,195.28492736816406,0.8430938124656677,0.03270465508103371,0.0041937497444450855,5.478793621063232,0.015888256952166557,1776439749.4294252,12.486865997314453,0.2078937441110611,13.086028099060059,5.402263164520264,37.320556640625,0.012993751093745232,,,,,,,,,,,,,,,,
,593,,,,,,395,,,,,,,,,,17282.4315429,,,,,,,,,,,,197,,,,,,,,,,,,,,,,,1776439750.656143,,,,,,,1.652751088142395,40.640113830566406,0.15372063219547272,0.03450411930680275,0.07753166556358337,3.192203998565674,0.1368953287601471,0.4138756990432739,20.119606018066406,13.702001571655273,1.8883428573608398,30.98202133178711,0.1368953287601471,48.299015045166016,2.578214645385742,3.2252628803253174
0.15162616968154907,596,17.852439880371094,14.857466697692871,15.822072982788086,6.15994930267334,0.3973749876022339,396,100.60702514648438,0.02044028975069523,0.21844469010829926,0.38563597202301025,0.0018187499372288585,0.9908499717712402,0.07778751105070114,114.3935546875,193.68536376953125,17365.191701318,0.0071062492206692696,17.852439880371094,0.19195222854614258,112.41962432861328,6.15994930267334,0.1186937615275383,1.951997591342902e-15,0.9636000394821167,0.3668937385082245,0.0031374995596706867,0.22996877133846283,198,3.1150212617681028e-15,0.8462938070297241,41.598201751708984,0.5106000304222107,220.90542602539062,0.2712250053882599,220.90542602539062,0.12791310250759125,98.88837432861328,0.004349999595433474,193.68536376953125,0.8462938070297241,0.032300110906362534,0.004606250207871199,5.379794120788574,0.015732908621430397,1776439833.4137843,12.556838035583496,0.20930001139640808,13.167387962341309,5.297752380371094,36.77406692504883,0.013381250202655792,,,,,,,,,,,,,,,,
,596,,,,,,397,,,,,,,,,,17366.462179969,,,,,,,,,,,,198,,,,,,,,,,,,,,,,,1776439834.686894,,,,,,,1.6377090215682983,40.942230224609375,0.15303444862365723,0.033501312136650085,0.07643222063779831,3.1484909057617188,0.13555027544498444,0.4131520092487335,20.096097946166992,13.730498313903809,1.8429992198944092,31.219026565551758,0.13555027544498444,48.29973602294922,2.5654046535491943,3.2169747352600098
0.147613987326622,599,17.931795120239258,14.794760704040527,15.726518630981445,6.141966819763184,0.3917687237262726,398,100.34864044189453,0.02034333348274231,0.2188461720943451,0.389663964509964,0.0016437500016763806,0.9908751249313354,0.07596874982118607,113.85084533691406,193.15708923339844,17450.022102409,0.007081250660121441,17.931795120239258,0.19282160699367523,112.01556396484375,6.141966819763184,0.11929374933242798,2.8255934918230974e-15,0.9635687470436096,0.3682250380516052,0.002993749687448144,0.23160001635551453,199,5.210567220748086e-15,0.8471249938011169,41.47983169555664,0.51214998960495,220.20338439941406,0.2728250026702881,220.20338439941406,0.12965939939022064,98.57020568847656,0.00430000014603138,193.15708923339844,0.8471249938011169,0.03217513859272003,0.004468750208616257,5.357128620147705,0.015666378661990166,1776439918.244679,12.620269775390625,0.20419374108314514,13.124679565429688,5.273700714111328,36.64310073852539,0.01315625011920929,,,,,,,,,,,,,,,,
,599,,,,,,399,,,,,,,,,,17451.308626187,,,,,,,,,,,,199,,,,,,,,,,,,,,,,,1776439919.5333345,,,,,,,1.56913423538208,41.14661407470703,0.1545807123184204,0.03424985706806183,0.07617736607789993,3.1361141204833984,0.1351832002401352,0.4254886507987976,20.09450340270996,13.743426322937012,1.7556425333023071,31.549896240234375,0.1351832002401352,48.30051803588867,2.403352737426758,3.214826822280884
0.14369548857212067,602,17.03614044189453,14.74775505065918,15.653913497924805,6.124004364013672,0.39230626821517944,400,99.83092498779297,0.020417360588908195,0.22001197934150696,0.389750212430954,0.001656249980442226,0.9907687902450562,0.07786875218153,113.32689666748047,191.77369689941406,17535.664885148,0.00705625070258975,17.03614044189453,0.19261465966701508,111.40068817138672,6.124004364013672,0.11911875009536743,3.289957282298639e-15,0.9632624983787537,0.3669750392436981,0.003181250300258398,0.23006877303123474,200,1.0940142021464982e-15,0.8456562757492065,41.441951751708984,0.5106874108314514,218.21034240722656,0.27185627818107605,218.21034240722656,0.1296139508485794,98.00670623779297,0.004399999976158142,191.77369689941406,0.8456562757492065,0.032331954687833786,0.004587499890476465,5.348855972290039,0.01575031690299511,1776440003.8873963,12.552562713623047,0.20691873133182526,13.203126907348633,5.262454509735107,36.53384780883789,0.01288750022649765,,,,,,,,,,,,,,,,
,602,,,,,,401,,,,,,,,,,17536.902020397,,,,,,,,,,,,200,,,,,,,,,,,,,,,,,1776440005.126701,,,,,,,1.6095786094665527,40.94149398803711,0.15133589506149292,0.034163299947977066,0.0758049488067627,3.119518756866455,0.13361519575119019,0.4188493490219116,19.984806060791016,13.6483793258667,1.7800954580307007,31.735002517700195,0.13361519575119019,48.301151275634766,2.4243905544281006,3.2167749404907227
0.14638449251651764,605,18.96204948425293,14.700302124023438,15.637094497680664,6.1373982429504395,0.39377501606941223,402,99.33927917480469,0.02049204707145691,0.21918484568595886,0.3859216868877411,0.0016062500653788447,0.9907812476158142,0.074924997985363,113.14521026611328,190.58995056152344,17620.09663937,0.006549999583512545,18.96204948425293,0.18987169861793518,111.07794952392578,6.1373982429504395,0.1182125061750412,1.6871270006046934e-15,0.9632124900817871,0.3656312823295593,0.0029124999418854713,0.22863124310970306,201,3.529078071440317e-16,0.8456125259399414,41.31764221191406,0.5083312392234802,217.7021484375,0.27008751034736633,217.7021484375,0.12816371023654938,97.48137664794922,0.003937500063329935,190.58995056152344,0.8456125259399414,0.032421279698610306,0.004343749955296516,5.3569135665893555,0.015774555504322052,1776440088.3192909,12.694428443908691,0.20259377360343933,13.219438552856445,5.269812107086182,36.3729133605957,0.012293749488890171,,,,,,,,,,,,,,,,
,605,,,,,,403,,,,,,,,,,17621.53969709,,,,,,,,,,,,201,,,,,,,,,,,,,,,,,1776440089.7643564,,,,,,,1.565274953842163,41.52165985107422,0.15318766236305237,0.03319086879491806,0.07505235075950623,3.1007893085479736,0.13426950573921204,0.409591943025589,19.99998664855957,13.674907684326172,1.861561894416809,32.102542877197266,0.13426952064037323,48.3017463684082,2.5328502655029297,3.2241578102111816
0.15088535845279694,608,19.290678024291992,14.463715553283691,15.401253700256348,6.193423271179199,0.39637497067451477,404,97.36065673828125,0.020706338807940483,0.21903525292873383,0.384242981672287,0.0019062499050050974,0.9905813932418823,0.07813750952482224,111.23528289794922,186.38726806640625,17704.334573106,0.007143750321120024,19.290678024291992,0.1919896900653839,109.27246856689453,6.193423271179199,0.11710000038146973,1.6107449575530897e-15,0.9620999693870544,0.3622312545776367,0.0034437498543411493,0.2266625016927719,202,6.967733681695343e-15,0.8421374559402466,40.563899993896484,0.5034875273704529,214.55772399902344,0.26673126220703125,214.55772399902344,0.12732064723968506,95.42965698242188,0.004562500398606062,186.38726806640625,0.8421374559402466,0.03284471854567528,0.00471875024959445,5.29416036605835,0.01588287204504013,1776440172.5568535,12.702289581298828,0.2101062536239624,13.121788024902344,5.211010456085205,35.658817291259766,0.0133437504991889,,,,,,,,,,,,,,,,
,608,,,,,,405,,,,,,,,,,17705.596183347,,,,,,,,,,,,202,,,,,,,,,,,,,,,,,1776440173.820762,,,,,,,1.6288150548934937,41.678897857666016,0.1507575809955597,0.03333936259150505,0.07422159612178802,3.073528528213501,0.1333814561367035,0.42213332653045654,19.954702377319336,13.67064094543457,1.8978732824325562,32.362648010253906,0.1333814561367035,48.30247116088867,2.545360565185547,3.210397243499756
0.15837229788303375,611,18.909135818481445,14.342026710510254,15.252616882324219,6.229914665222168,0.3982250392436981,406,95.71771240234375,0.021022917702794075,0.21766212582588196,0.38353419303894043,0.0017000000225380063,0.9903000593185425,0.07573749870061874,109.83116912841797,182.77259826660156,17788.832652861,0.006599999964237213,18.909135818481445,0.19011034071445465,107.63330841064453,6.229914665222168,0.11506249010562897,2.842290205279374e-15,0.9614249467849731,0.35730624198913574,0.0033062496222555637,0.22346249222755432,203,1.3045662640431832e-15,0.8398250341415405,40.20724868774414,0.4985812306404114,210.54331970214844,0.2634812593460083,210.54331970214844,0.1253444105386734,93.80227661132812,0.004143749829381704,182.77259826660156,0.8398250341415405,0.03329130634665489,0.004312499891966581,5.25105094909668,0.016077667474746704,1776440257.054956,12.56046199798584,0.20301248133182526,13.103011131286621,5.168472766876221,35.25179672241211,0.01269999984651804,,,,,,,,,,,,,,,,
,611,,,,,,407,,,,,,,,,,17790.136827745,,,,,,,,,,,,203,,,,,,,,,,,,,,,,,1776440258.3601167,,,,,,,1.5162713527679443,42.08133316040039,0.1502275913953781,0.03341890498995781,0.07435490936040878,3.068222761154175,0.13383421301841736,0.4182768762111664,19.95390510559082,13.648910522460938,1.9262317419052124,32.781593322753906,0.13383421301841736,48.303253173828125,2.571761131286621,3.2366394996643066
0.1489441841840744,614,20.062345504760742,14.279083251953125,15.171934127807617,6.23050594329834,0.4022687077522278,408,95.16871643066406,0.021021287888288498,0.21753014624118805,0.38270875811576843,0.001587499980814755,0.9903936982154846,0.07259374856948853,109.08033752441406,181.62843322753906,17873.92485819,0.0064187501557171345,20.062345504760742,0.18952487409114838,106.9853515625,6.23050594329834,0.11517500132322311,-1.7710984588636958e-15,0.9614812135696411,0.35724374651908875,0.003143749898299575,0.22372499108314514,204,2.083348684539521e-15,0.8391562104225159,40.028568267822266,0.4983937442302704,209.11575317382812,0.26304376125335693,209.11575317382812,0.12375800311565399,93.24065399169922,0.00406875042244792,181.62843322753906,0.8391562104225159,0.033263981342315674,0.004468750208616257,5.221595287322998,0.016104191541671753,1776440342.1472077,12.695594787597656,0.19900622963905334,13.16493034362793,5.129027843475342,35.06361389160156,0.012337499298155308,,,,,,,,,,,,,,,,
,614,,,,,,409,,,,,,,,,,17875.155965672,,,,,,,,,,,,204,,,,,,,,,,,,,,,,,1776440343.3805156,,,,,,,1.612544298171997,41.7111701965332,0.14964796602725983,0.033331967890262604,0.07430823147296906,3.0619447231292725,0.13263709843158722,0.4141167104244232,19.97686767578125,13.703689575195312,2.0447754859924316,32.7006950378418,0.1326371133327484,48.30385971069336,2.714524030685425,3.2111010551452637
0.15300200879573822,617,16.338850021362305,14.454828262329102,15.386316299438477,6.205280780792236,0.3975687325000763,410,96.91413116455078,0.020828133448958397,0.21856580674648285,0.3872169852256775,0.0016062500653788447,0.990387499332428,0.07396876066923141,110.59434509277344,185.24411010742188,17957.751772283,0.006624999921768904,16.338850021362305,0.19079338014125824,108.63629913330078,6.205280780792236,0.11630625277757645,5.0852334496087614e-15,0.9616437554359436,0.3607812225818634,0.0032250003423541784,0.2256312519311905,205,3.5504910643469056e-15,0.8409624695777893,40.44380187988281,0.5033875107765198,213.17892456054688,0.26585623621940613,213.17892456054688,0.12398172169923782,94.91578674316406,0.004075000062584877,185.24411010742188,0.8409624695777893,0.03305955231189728,0.00439374940469861,5.288122653961182,0.01595093123614788,1776440425.9739366,12.43874454498291,0.20041874051094055,13.030028343200684,5.187435626983643,35.504512786865234,0.012493751011788845,,,,,,,,,,,,,,,,
,617,,,,,,411,,,,,,,,,,17958.951829814,,,,,,,,,,,,205,,,,,,,,,,,,,,,,,1776440427.1765249,,,,,,,1.480324387550354,42.05710220336914,0.1484975814819336,0.03392406180500984,0.07400017976760864,3.0473439693450928,0.1323934644460678,0.41467905044555664,19.939315795898438,13.67211627960205,2.058743715286255,33.038917541503906,0.1323934644460678,48.304420471191406,2.7152745723724365,3.2197253704071045
0.1345086246728897,620,18.759552001953125,14.235397338867188,15.163671493530273,6.171535491943359,0.39519378542900085,412,96.33259582519531,0.02048902027308941,0.21837162971496582,0.3880007863044739,0.0016625000862404704,0.9906998872756958,0.07801874727010727,109.17865753173828,184.72256469726562,18041.923848335,0.007081250660121441,18.759552001953125,0.19306634366512299,107.63212585449219,6.171535491943359,0.11847500503063202,4.3936750938888824e-15,0.9625312089920044,0.36611250042915344,0.0028000003658235073,0.22935625910758972,206,3.831570477563773e-15,0.8440937399864197,39.86695861816406,0.5096874833106995,211.64231872558594,0.27070000767707825,211.64231872558594,0.12772534787654877,94.38467407226562,0.004212500061839819,184.72256469726562,0.8440937399864197,0.032550569623708725,0.004524999763816595,5.204136371612549,0.015769891440868378,1776440510.1463203,12.714752197265625,0.2062000036239624,13.150528907775879,5.106164932250977,35.09811019897461,0.013306250795722008,,,,,,,,,,,,,,,,
,620,,,,,,413,,,,,,,,,,18043.291623413,,,,,,,,,,,,206,,,,,,,,,,,,,,,,,1776440511.5162582,,,,,,,1.6210688352584839,42.21388244628906,0.14930586516857147,0.03401241451501846,0.0741562694311142,3.030440092086792,0.1324600875377655,0.41706159710884094,19.91788673400879,13.686269760131836,2.0722339153289795,33.20667266845703,0.1324600726366043,48.304954528808594,2.6997461318969727,3.2010436058044434
0.14955778419971466,623,20.191225051879883,14.473566055297852,15.38325309753418,6.160572052001953,0.4032062888145447,414,97.90303039550781,0.02046249620616436,0.21902824938297272,0.3878014385700226,0.0014687498332932591,0.9907561540603638,0.07786875218153,111.18604278564453,188.02061462402344,18127.272519141,0.006499999202787876,20.191225051879883,0.1900927871465683,109.25553894042969,6.160572052001953,0.11830626428127289,3.2071242363207464e-15,0.9631437659263611,0.36525627970695496,0.0030374997295439243,0.2290937602519989,207,2.267120952775814e-15,0.8444186449050903,40.649776458740234,0.5092249512672424,214.12937927246094,0.2705250084400177,214.12937927246094,0.12760776281356812,96.05787658691406,0.0038562496192753315,188.02061462402344,0.8444186449050903,0.0324438251554966,0.004424999933689833,5.2856011390686035,0.01574685610830784,1776440595.4948454,12.600533485412598,0.21114374697208405,13.112480163574219,5.189243793487549,35.79475021362305,0.012225001119077206,,,,,,,,,,,,,,,,
,623,,,,,,415,,,,,,,,,,18128.475159353,,,,,,,,,,,,207,,,,,,,,,,,,,,,,,1776440596.6997778,,,,,,,1.5259867906570435,41.8383674621582,0.14870814979076385,0.036135755479335785,0.07416805624961853,3.0292606353759766,0.1308753490447998,0.42065009474754333,19.939767837524414,13.701355934143066,1.9347933530807495,32.817081451416016,0.1308753490447998,48.305450439453125,2.5441107749938965,3.209019899368286
0.14355380833148956,626,21.740781784057617,14.321236610412598,15.159530639648438,6.18339204788208,0.40677499771118164,416,96.59522247314453,0.02050718478858471,0.21532930433750153,0.3832412362098694,0.0016187501605600119,0.9906500577926636,0.08186250180006027,109.85414123535156,185.57066345214844,18211.601838816,0.007031250279396772,21.740781784057617,0.18790115416049957,107.85223388671875,6.18339204788208,0.11839999258518219,3.100872423417167e-15,0.9624749422073364,0.36467501521110535,0.002793750027194619,0.2283250093460083,208,2.274005636571097e-15,0.8440312743186951,40.223941802978516,0.5083749890327454,211.53445434570312,0.2701687514781952,211.53445434570312,0.12753798067569733,94.80846405029297,0.00430000014603138,185.57066345214844,0.8440312743186951,0.032568469643592834,0.00494999997317791,5.212368488311768,0.01576085202395916,1776440679.8238528,12.679976463317871,0.21823750436306,13.176651000976562,5.116129398345947,35.40591812133789,0.012924999929964542,,,,,,,,,,,,,,,,
,626,,,,,,417,,,,,,,,,,18212.75925623,,,,,,,,,,,,208,,,,,,,,,,,,,,,,,1776440680.9839163,,,,,,,1.6601487398147583,42.472991943359375,0.15068280696868896,0.0343957282602787,0.07347581535577774,3.0178747177124023,0.13224273920059204,0.4136323034763336,19.868152618408203,13.635339736938477,1.9173439741134644,33.291961669921875,0.13224273920059204,48.305908203125,2.581524133682251,3.214805841445923
0.14646117389202118,629,16.42491912841797,14.240949630737305,15.111160278320312,6.185486316680908,0.3997187614440918,418,96.0963134765625,0.02048707939684391,0.21909083425998688,0.389123797416687,0.0015687497798353434,0.9905937910079956,0.08074375241994858,109.18513488769531,184.46861267089844,18295.796740059,0.0071875001303851604,16.42491912841797,0.19413545727729797,107.39398193359375,6.185486316680908,0.1188812404870987,2.3306552000834646e-15,0.962331235408783,0.3664500415325165,0.0033812501933425665,0.2293187528848648,209,4.636319540091138e-15,0.8444749116897583,39.92274475097656,0.5098812580108643,210.50735473632812,0.2709374725818634,210.50735473632812,0.1296740174293518,94.26069641113281,0.00432500010356307,184.46861267089844,0.8444749116897583,0.03256446495652199,0.004787500482052565,5.1924614906311035,0.015728404745459557,1776440764.0181482,12.546125411987305,0.21391871571540833,13.144277572631836,5.092090129852295,35.11234664916992,0.012931250035762787,,,,,,,,,,,,,,,,
,629,,,,,,419,,,,,,,,,,18296.990528149,,,,,,,,,,,,209,,,,,,,,,,,,,,,,,1776440765.2149458,,,,,,,1.4962085485458374,42.195621490478516,0.14780469238758087,0.036090634763240814,0.07395904511213303,3.0108115673065186,0.1308809220790863,0.41319382190704346,19.88034439086914,13.649097442626953,1.8818509578704834,33.22273254394531,0.1308809071779251,48.30653762817383,2.5136544704437256,3.2203047275543213
0.14602269232273102,632,17.41815948486328,14.115609169006348,15.013044357299805,6.182296276092529,0.3982187509536743,420,95.28557586669922,0.020468296483159065,0.21799376606941223,0.3849640488624573,0.0017625000327825546,0.9905873537063599,0.07971250265836716,108.39366149902344,182.62611389160156,18380.7671041,0.00716250017285347,17.41815948486328,0.19287143647670746,106.69330596923828,6.182296276092529,0.11867500096559525,3.8382383209245585e-15,0.9626125693321228,0.3665187358856201,0.003012500237673521,0.22966250777244568,210,9.853229343548264e-16,0.8448562622070312,39.6248893737793,0.5091249942779541,209.47120666503906,0.27079370617866516,209.47120666503906,0.1294834017753601,93.39482116699219,0.004412500187754631,182.62611389160156,0.8448562622070312,0.03249944746494293,0.004724999889731407,5.162050724029541,0.015747101977467537,1776440848.9899077,12.644499778747559,0.21038125455379486,13.111161231994629,5.061229228973389,34.79212951660156,0.013431250117719173,,,,,,,,,,,,,,,,
,632,,,,,,421,,,,,,,,,,18381.999157947,,,,,,,,,,,,210,,,,,,,,,,,,,,,,,1776440850.2238848,,,,,,,1.5997170209884644,42.52859878540039,0.14963071048259735,0.0347629114985466,0.07279074192047119,2.986104726791382,0.1304195076227188,0.4225620925426483,19.882471084594727,13.68805980682373,1.9322336912155151,33.493255615234375,0.1304195076227188,48.3072395324707,2.5413103103637695,3.20817494392395
0.1369008868932724,635,18.097108840942383,14.106111526489258,15.063117027282715,6.166747093200684,0.4021312892436981,422,95.56509399414062,0.020477600395679474,0.2157900631427765,0.38079169392585754,0.0015749998856335878,0.9908062219619751,0.07758749276399612,108.61554718017578,182.84536743164062,18464.779995654,0.0067937495186924934,18.097108840942383,0.18857750296592712,106.89746856689453,6.166747093200684,0.11838750541210175,5.3016944133454924e-15,0.96298748254776,0.36598750948905945,0.0027249997947365046,0.22900626063346863,211,6.232427768315674e-15,0.8449249863624573,39.682430267333984,0.5086062550544739,209.81448364257812,0.27047500014305115,209.81448364257812,0.13010932505130768,93.53112030029297,0.004162500146776438,182.84536743164062,0.8449249863624573,0.032457515597343445,0.004562500398606062,5.183735370635986,0.01577065885066986,1776440933.002516,12.694670677185059,0.20724377036094666,13.168622970581055,5.081937789916992,34.85609436035156,0.013118750415742397,,,,,,,,,,,,,,,,
,635,,,,,,423,,,,,,,,,,18466.104549251,,,,,,,,,,,,211,,,,,,,,,,,,,,,,,1776440934.3292398,,,,,,,1.536705493927002,42.35399627685547,0.14696231484413147,0.0345032773911953,0.0727219507098198,2.9768683910369873,0.1294657588005066,0.4171215295791626,19.914289474487305,13.704521179199219,1.951340913772583,33.29800033569336,0.1294657588005066,48.30796432495117,2.549712657928467,3.232771873474121
0.13214494287967682,638,18.014307022094727,14.236937522888184,15.231307029724121,6.162718772888184,0.3884499669075012,424,96.35114288330078,0.02048601396381855,0.22001422941684723,0.3896528482437134,0.0014500000979751348,0.9908562302589417,0.07332500070333481,109.70428466796875,184.29576110839844,18548.357360316,0.006425000261515379,18.014307022094727,0.1936882585287094,107.67455291748047,6.162718772888184,0.11834375560283661,2.95331250774189e-15,0.9628876447677612,0.36588746309280396,0.0031062497291713953,0.22826875746250153,212,-1.1735946416069343e-15,0.8443874716758728,40.01259994506836,0.5090687274932861,211.2515869140625,0.26925626397132874,211.2515869140625,0.12795911729335785,94.36228942871094,0.0037124997470527887,184.29576110839844,0.8443874716758728,0.0324552096426487,0.0042062499560415745,5.245479106903076,0.01579897105693817,1776441016.579434,12.607682228088379,0.19798125326633453,13.08587646484375,5.142082214355469,35.193233489990234,0.012256249785423279,,,,,,,,,,,,,,,,
,638,,,,,,425,,,,,,,,,,18549.528403221,,,,,,,,,,,,212,,,,,,,,,,,,,,,,,1776441017.7529938,,,,,,,1.488484263420105,41.86369323730469,0.14281047880649567,0.03451665863394737,0.07183975726366043,2.9535295963287354,0.12686122953891754,0.40922099351882935,19.849403381347656,13.681953430175781,1.9633195400238037,32.75668716430664,0.12686124444007874,48.308650970458984,2.6439292430877686,3.213796854019165
0.1321396380662918,641,16.922584533691406,13.986039161682129,14.93928337097168,6.170162677764893,0.39886876940727234,426,94.69308471679688,0.020421722903847694,0.2177809178829193,0.3847888112068176,0.0016312499064952135,0.9907812476158142,0.0757562518119812,107.66936492919922,181.785888671875,18632.904599372,0.006656250916421413,16.922584533691406,0.19097794592380524,105.90458679199219,6.170162677764893,0.11852501332759857,1.3408870368214476e-15,0.9637437462806702,0.36834999918937683,0.0028687501326203346,0.2301187515258789,213,1.3284729219464886e-15,0.8456311821937561,39.28874206542969,0.5124187469482422,208.0594482421875,0.2723250091075897,208.0594482421875,0.12946005165576935,92.92001342773438,0.004174999892711639,181.785888671875,0.8456311821937561,0.03234008327126503,0.004437500145286322,5.140365123748779,0.015701333060860634,1776441101.126726,12.613814353942871,0.203125,13.21140193939209,5.048181533813477,34.524593353271484,0.0124312499538064,,,,,,,,,,,,,,,,
,641,,,,,,427,,,,,,,,,,18634.200227214,,,,,,,,,,,,213,,,,,,,,,,,,,,,,,1776441102.424896,,,,,,,1.4248484373092651,41.55083465576172,0.1407092809677124,0.03443384915590286,0.07205009460449219,2.9511821269989014,0.12540629506111145,0.41248247027397156,19.842601776123047,13.69705581665039,1.940446376800537,32.8450927734375,0.12540629506111145,48.30939865112305,2.6682024002075195,3.1942384243011475
0.14797522127628326,644,16.3633975982666,13.439542770385742,14.272795677185059,6.172553539276123,0.4005499482154846,428,91.12853240966797,0.020299023017287254,0.2185816615819931,0.3860768973827362,0.0018187499372288585,0.9908562302589417,0.08144999295473099,103.16870880126953,175.17527770996094,18717.314137643,0.0076062497682869434,16.3633975982666,0.19320636987686157,101.54456329345703,6.172553539276123,0.12011874467134476,7.185116217278686e-15,0.9631624817848206,0.3699937164783478,0.003325000172480941,0.23240624368190765,214,4.718773115308661e-15,0.8471812605857849,37.66903305053711,0.515693724155426,199.70059204101562,0.2736625373363495,199.70059204101562,0.13069798052310944,89.40586853027344,0.004868749994784594,175.17527770996094,0.8471812605857849,0.03225475922226906,0.004925000015646219,4.890995502471924,0.015598483383655548,1776441185.536541,12.505791664123535,0.21465624868869781,13.134116172790527,4.816583633422852,33.179561614990234,0.013575000688433647,,,,,,,,,,,,,,,,
,644,,,,,,429,,,,,,,,,,18718.466327075,,,,,,,,,,,,214,,,,,,,,,,,,,,,,,1776441186.6910565,,,,,,,1.5697380304336548,41.70766830444336,0.14258785545825958,0.03583601117134094,0.07250437140464783,2.9467012882232666,0.12576797604560852,0.41111433506011963,19.824443817138672,13.6763916015625,1.8778815269470215,32.619117736816406,0.12576794624328613,48.310203552246094,2.512129783630371,3.201225996017456
0.1414405256509781,647,20.32158088684082,13.393425941467285,14.170219421386719,6.186412811279297,0.40963125228881836,430,90.27471160888672,0.020525792613625526,0.21865388751029968,0.3847648799419403,0.0020624997559934855,0.9905375838279724,0.08406250923871994,102.40479278564453,173.12677001953125,18801.484928584,0.00751875014975667,20.32158088684082,0.1915942132472992,100.58612823486328,6.186412811279297,0.11924374848604202,4.665592998748247e-15,0.9630750417709351,0.36582496762275696,0.003431249875575304,0.22946873307228088,215,6.754471114367444e-15,0.8459811806678772,37.47187805175781,0.5107750296592712,197.07664489746094,0.2706625163555145,197.07664489746094,0.1289445161819458,88.5421142578125,0.004843749571591616,173.12677001953125,0.8459811806678772,0.032491471618413925,0.005024999845772982,4.874109745025635,0.015742847695946693,1776441269.7072477,12.740050315856934,0.22230002284049988,13.192366600036621,4.799145221710205,33.02052307128906,0.013506249524652958,,,,,,,,,,,,,,,,
,647,,,,,,431,,,,,,,,,,18802.696750957,,,,,,,,,,,,215,,,,,,,,,,,,,,,,,1776441270.9213629,,,,,,,1.5052460432052612,40.92280197143555,0.1411946415901184,0.03568897396326065,0.0732208788394928,2.966789484024048,0.12459475547075272,0.42107895016670227,19.856426239013672,13.684920310974121,1.8949800729751587,32.40572738647461,0.12459475547075272,48.31080627441406,2.482163190841675,3.2045912742614746
0.14074553549289703,650,19.481035232543945,13.489922523498535,14.301804542541504,6.205790996551514,0.402412474155426,432,90.64336395263672,0.020548401400446892,0.21772490441799164,0.3858342468738556,0.0018437502440065145,0.9906874299049377,0.08263125270605087,103.27288055419922,173.93289184570312,18885.839786614,0.007306248880922794,19.481035232543945,0.19125154614448547,101.37809753417969,6.205790996551514,0.11876875162124634,1.6127507315721878e-16,0.962593674659729,0.36449378728866577,0.0027249997947365046,0.22876250743865967,216,3.2063110846913823e-15,0.8451875448226929,37.70804977416992,0.507937490940094,198.67454528808594,0.27005624771118164,198.67454528808594,0.12869267165660858,88.94792938232422,0.004643749911338091,173.93289184570312,0.8451875448226929,0.03258764371275902,0.004574999678879976,4.933009624481201,0.01576542854309082,1776441354.0621414,12.708548545837402,0.2199312448501587,13.057134628295898,4.860408306121826,33.19894027709961,0.013568750582635403,,,,,,,,,,,,,,,,
,650,,,,,,433,,,,,,,,,,18887.063112316,,,,,,,,,,,,216,,,,,,,,,,,,,,,,,1776441355.2878666,,,,,,,1.579581618309021,41.98220443725586,0.14379990100860596,0.03671009838581085,0.07326318323612213,2.9370317459106445,0.1266992837190628,0.41476762294769287,19.80071449279785,13.636480331420898,2.0636022090911865,33.660926818847656,0.1266992837190628,48.31132888793945,2.6262574195861816,3.227074146270752
0.14756526052951813,653,19.207128524780273,13.63400936126709,14.48521614074707,6.214187145233154,0.4045124650001526,434,91.36433410644531,0.020672911778092384,0.21809421479701996,0.3844437301158905,0.0017312502022832632,0.9905499815940857,0.07881874591112137,104.55079650878906,174.88059997558594,18970.553726115,0.006481249816715717,19.207128524780273,0.19203099608421326,102.62676239013672,6.214187145233154,0.11813749372959137,5.887651477465283e-15,0.9625436067581177,0.3624437153339386,0.0029562502168118954,0.2281000316143036,217,3.0961019338582307e-15,0.8416375517845154,38.20700454711914,0.5043125152587891,201.16531372070312,0.26830002665519714,201.16531372070312,0.12690024077892303,89.59568786621094,0.004162500146776438,174.88059997558594,0.8416375517845154,0.032749488949775696,0.004637499805539846,5.024171829223633,0.015847228467464447,1776441438.775903,12.613227844238281,0.21561874449253082,13.191202163696289,4.945285320281982,33.4712028503418,0.01244375016540289,,,,,,,,,,,,,,,,
,653,,,,,,435,,,,,,,,,,18971.83834018,,,,,,,,,,,,217,,,,,,,,,,,,,,,,,1776441440.0630002,,,,,,,1.497012734413147,42.52928924560547,0.14234893023967743,0.03654792159795761,0.07202199101448059,2.9088563919067383,0.12606637179851532,0.41494932770729065,19.77632713317871,13.668461799621582,2.014791965484619,33.87183380126953,0.12606637179851532,48.311954498291016,2.646662712097168,3.198878765106201
0.14601914584636688,656,19.974241256713867,13.56722354888916,14.450455665588379,6.215427398681641,0.4073062241077423,436,90.83740997314453,0.02079153247177601,0.21672919392585754,0.38396456837654114,0.0015375000657513738,0.9906187653541565,0.07865624874830246,104.06367492675781,173.39234924316406,19055.26345836,0.006200000178068876,19.974241256713867,0.18889513611793518,102.05500030517578,6.215427398681641,0.1165812537074089,-1.826067509008711e-15,0.9622625708580017,0.35976874828338623,0.0026750003453344107,0.22567500174045563,218,4.017131679384667e-15,0.840168833732605,38.11879348754883,0.5014687180519104,199.63536071777344,0.2658750116825104,199.63536071777344,0.12689505517482758,88.98033905029297,0.003837500000372529,173.39234924316406,0.840168833732605,0.032859575003385544,0.004468750208616257,5.0199360847473145,0.015953727066516876,1776441523.4853776,12.706361770629883,0.21073125302791595,13.104459762573242,4.935736179351807,33.351619720458984,0.012349999509751797,,,,,,,,,,,,,,,,
,656,,,,,,437,,,,,,,,,,19056.509237964,,,,,,,,,,,,218,,,,,,,,,,,,,,,,,1776441524.7336159,,,,,,,1.6072100400924683,42.5128059387207,0.1411922425031662,0.036090053617954254,0.07133698463439941,2.8856608867645264,0.12504328787326813,0.4112248122692108,19.735807418823242,13.65576457977295,2.095120429992676,33.66691207885742,0.12504328787326813,48.312469482421875,2.7845687866210938,3.194255828857422
0.13439150154590607,659,17.862157821655273,13.356980323791504,14.253920555114746,6.199220657348633,0.40653127431869507,438,89.95872497558594,0.020490901544690132,0.2141050398349762,0.3781483471393585,0.001656249980442226,0.9908437728881836,0.07911249995231628,102.51182556152344,172.00584411621094,19139.987659432,0.007512499578297138,17.862157821655273,0.18829640746116638,100.82080841064453,6.199220657348633,0.11771874874830246,7.31614204982356e-15,0.9629124999046326,0.36499378085136414,0.003393750172108412,0.22878123819828033,219,8.411240454142543e-16,0.8421187400817871,37.4259147644043,0.50738126039505,197.74269104003906,0.26919373869895935,197.74269104003906,0.12833918631076813,88.06121063232422,0.004706250037997961,172.00584411621094,0.8421187400817871,0.032583463937044144,0.004662500228732824,4.939225673675537,0.015797438099980354,1776441608.2097034,12.636247634887695,0.21490000188350677,13.203429222106934,4.846319198608398,32.799835205078125,0.013462499715387821,,,,,,,,,,,,,,,,
,659,,,,,,439,,,,,,,,,,19141.288468258,,,,,,,,,,,,219,,,,,,,,,,,,,,,,,1776441609.5129132,,,,,,,1.5671274662017822,42.43458557128906,0.13932524621486664,0.03486208617687225,0.07056524604558945,2.8598287105560303,0.1236337274312973,0.4157060384750366,19.74068832397461,13.690869331359863,2.087563991546631,33.706520080566406,0.12363371253013611,48.3129997253418,2.7604448795318604,3.1898672580718994
0.12729458510875702,662,17.472158432006836,12.675085067749023,13.552878379821777,6.197343826293945,0.41436246037483215,440,85.40319061279297,0.020581699907779694,0.21336530148983002,0.3761254549026489,0.0017312502022832632,0.9907999634742737,0.0828312560915947,97.25762939453125,163.39068603515625,19224.614315627,0.007849999703466892,17.472158432006836,0.18723426759243011,95.6649169921875,6.197343826293945,0.1177312582731247,5.715263332040088e-15,0.9634374976158142,0.3647187352180481,0.003249999601393938,0.2279374897480011,220,-8.169463369678276e-17,0.8428999185562134,35.45219039916992,0.5083062648773193,187.6875,0.2689562141895294,187.6875,0.12881416082382202,83.72659301757812,0.0046312506310641766,163.39068603515625,0.8428999185562134,0.03257289156317711,0.004787500482052565,4.698078632354736,0.015831157565116882,1776441692.8362978,12.610350608825684,0.2188187688589096,13.136252403259277,4.604308605194092,31.165163040161133,0.014475001022219658,,,,,,,,,,,,,,,,
,662,,,,,,441,,,,,,,,,,19225.851701663,,,,,,,,,,,,220,,,,,,,,,,,,,,,,,1776441694.0764282,,,,,,,1.4284377098083496,42.942317962646484,0.1399237960577011,0.03632492572069168,0.07071809470653534,2.846006155014038,0.12393994629383087,0.420467734336853,19.69369888305664,13.633319854736328,1.9774264097213745,34.288204193115234,0.12393994629383087,48.313560485839844,2.590876340866089,3.2142508029937744
0.14019495248794556,665,16.316659927368164,12.382811546325684,13.237565994262695,6.187117576599121,0.4059562385082245,442,83.55821990966797,0.020563999190926552,0.21777893602848053,0.38310009241104126,0.0018624999793246388,0.9906749725341797,0.0825124979019165,94.87928771972656,159.7262725830078,19308.894971262,0.007600001059472561,16.316659927368164,0.18892785906791687,93.30963897705078,6.187117576599121,0.1193312481045723,-8.910515554572118e-16,0.9631186723709106,0.3673187494277954,0.0029124999418854713,0.2310187667608261,221,4.470924498678475e-15,0.8431687355041504,34.630611419677734,0.5116812586784363,182.93576049804688,0.2713812589645386,182.93576049804688,0.12822164595127106,81.92443084716797,0.0048500001430511475,159.7262725830078,0.8431687355041504,0.03253981098532677,0.005249999929219484,4.586864948272705,0.015763448551297188,1776441777.1169982,12.535028457641602,0.21435000002384186,13.19548225402832,4.49261474609375,30.538942337036133,0.01407499797642231,,,,,,,,,,,,,,,,
,665,,,,,,443,,,,,,,,,,19310.074755267,,,,,,,,,,,,221,,,,,,,,,,,,,,,,,1776441778.299323,,,,,,,1.5664446353912354,42.75132369995117,0.14083662629127502,0.03469817340373993,0.07011653482913971,2.833716630935669,0.12225455045700073,0.4235367774963379,19.628293991088867,13.612833023071289,2.0327277183532715,34.27229690551758,0.12225455045700073,48.3139533996582,2.6024038791656494,3.181622266769409
0.13956744968891144,668,17.6823673248291,12.432106971740723,13.240633010864258,6.177093505859375,0.4040124714374542,444,84.11695098876953,0.020327622070908546,0.21754588186740875,0.3852238059043884,0.001756250043399632,0.9908562302589417,0.07792499661445618,95.30592346191406,161.15260314941406,19393.109999198,0.007300000172108412,17.6823673248291,0.19420170783996582,93.9073486328125,6.177093505859375,0.12068749219179153,-2.1265541411130684e-15,0.9637562036514282,0.37012502551078796,0.002931250026449561,0.23346875607967377,222,2.4923097440010533e-15,0.845550000667572,34.81103515625,0.5144624710083008,184.29893493652344,0.2740812599658966,184.29893493652344,0.129897341132164,82.45877838134766,0.004412500187754631,161.15260314941406,0.845550000667572,0.03225487470626831,0.004900000523775816,4.593390941619873,0.015638140961527824,1776441861.332046,12.54306697845459,0.20241877436637878,13.103591918945312,4.502838611602783,30.62271499633789,0.013006249442696571,,,,,,,,,,,,,,,,
,668,,,,,,445,,,,,,,,,,19394.409265453,,,,,,,,,,,,222,,,,,,,,,,,,,,,,,1776441862.6339471,,,,,,,1.5903306007385254,42.905303955078125,0.1427845060825348,0.03721776604652405,0.07051218301057816,2.8296382427215576,0.12285585701465607,0.42224830389022827,19.67412757873535,13.639019966125488,1.940058946609497,34.48926544189453,0.12285588681697845,48.3142204284668,2.5025200843811035,3.2053463459014893
0.14598895609378815,671,16.217409133911133,13.021943092346191,13.879499435424805,6.171162128448486,0.40830618143081665,446,87.95673370361328,0.020411593839526176,0.21815918385982513,0.38456636667251587,0.001825000043027103,0.9907750487327576,0.07928749918937683,99.88384246826172,168.1708984375,19477.826571845,0.007381249684840441,16.217409133911133,0.18822354078292847,98.27813720703125,6.171162128448486,0.12030000239610672,2.271674601900253e-15,0.962725043296814,0.36834999918937683,0.0030499997083097696,0.2323312610387802,223,-1.0724385789140367e-15,0.8442374467849731,36.58907699584961,0.5128874778747559,192.45648193359375,0.27243754267692566,192.45648193359375,0.13033543527126312,86.21495056152344,0.004574999678879976,168.1708984375,0.8442374467849731,0.03246110677719116,0.004943750333040953,4.8125152587890625,0.0157009344547987,1776441946.0489936,12.485352516174316,0.2088874876499176,13.169304847717285,4.724696636199951,32.09354782104492,0.013493748381733894,,,,,,,,,,,,,,,,
,671,,,,,,447,,,,,,,,,,19479.084472146,,,,,,,,,,,,223,,,,,,,,,,,,,,,,,1776441947.3087523,,,,,,,1.6127480268478394,43.30195617675781,0.14156216382980347,0.035778094083070755,0.06983833760023117,2.799956798553467,0.1222480908036232,0.4190167188644409,19.647541046142578,13.650336265563965,1.9287078380584717,34.83625030517578,0.1222480908036232,48.31452560424805,2.5076117515563965,3.1971278190612793
0.1472383588552475,674,16.520103454589844,13.414411544799805,14.349593162536621,6.193246841430664,0.4016875624656677,448,90.14944458007812,0.020640917122364044,0.2193925529718399,0.3861061930656433,0.001825000043027103,0.9905937910079956,0.07636874914169312,102.67689514160156,171.90699768066406,19561.813967126,0.0073312511667609215,16.520103454589844,0.19008463621139526,100.91012573242188,6.193246841430664,0.11840624362230301,2.6704441609404217e-15,0.9622563123703003,0.36489999294281006,0.002931250026449561,0.22846248745918274,224,9.945928629295775e-16,0.8422937393188477,37.683837890625,0.5076937675476074,197.12445068359375,0.26919373869895935,197.12445068359375,0.12869973480701447,88.32404327392578,0.004587499890476465,171.90699768066406,0.8422937393188477,0.032746296375989914,0.004843749571591616,4.967800617218018,0.01582888327538967,1776442030.03644,12.525116920471191,0.20694375038146973,13.163423538208008,4.886978626251221,33.01974868774414,0.013168751262128353,,,,,,,,,,,,,,,,
,674,,,,,,449,,,,,,,,,,19563.030679433,,,,,,,,,,,,224,,,,,,,,,,,,,,,,,1776442031.2553287,,,,,,,1.5159810781478882,44.042667388916016,0.14114941656589508,0.034672193229198456,0.06855659186840057,2.778430461883545,0.12297317385673523,0.40583449602127075,19.664108276367188,13.68309211730957,2.132744073867798,35.184322357177734,0.12297317385673523,48.314796447753906,2.8017475605010986,3.202460527420044
0.1521497517824173,677,18.034589767456055,13.240081787109375,14.15374755859375,6.236949443817139,0.41363123059272766,450,88.48491668701172,0.020757950842380524,0.2158982753753662,0.37981465458869934,0.0018125000642612576,0.9904375076293945,0.07916874438524246,101.23839569091797,169.01905822753906,19645.574226454,0.007506250403821468,18.034589767456055,0.1877296268939972,99.35948944091797,6.236949443817139,0.11723750084638596,5.9166538855792705e-15,0.9616125822067261,0.3625187575817108,0.0031062497291713953,0.22778749465942383,225,3.3560394047116304e-15,0.841093897819519,37.01785659790039,0.5055687427520752,194.582763671875,0.2664875090122223,194.582763671875,0.12820447981357574,86.75389862060547,0.004537499975413084,169.01905822753906,0.841093897819519,0.032996803522109985,0.004699999932199717,4.893937587738037,0.015840478241443634,1776442113.7964694,12.622276306152344,0.21473123133182526,13.240861892700195,4.826626300811768,32.444942474365234,0.013462499715387821,,,,,,,,,,,,,,,,
,677,,,,,,451,,,,,,,,,,19646.766508107,,,,,,,,,,,,225,,,,,,,,,,,,,,,,,1776442114.9911752,,,,,,,1.379257321357727,44.41950607299805,0.13879962265491486,0.03807507082819939,0.0690041184425354,2.771043300628662,0.1230461597442627,0.4091876149177551,19.617103576660156,13.646677017211914,2.1527788639068604,35.689815521240234,0.12304617464542389,48.315372467041016,2.7719414234161377,3.1992619037628174
0.14643143117427826,680,18.986265182495117,13.049766540527344,13.92603874206543,6.2699971199035645,0.41135624051094055,452,86.74425506591797,0.020937951281666756,0.21841952204704285,0.38214248418807983,0.001706250011920929,0.990387499332428,0.07822500914335251,99.77532196044922,165.9052734375,19730.313255036,0.006925000809133053,18.986265182495117,0.18908816576004028,97.71138000488281,6.2699971199035645,0.11616874486207962,1.3415917682335632e-15,0.9616624116897583,0.3582437336444855,0.003437500214204192,0.22484996914863586,226,1.7152620469806923e-15,0.837862491607666,36.431278228759766,0.5003187656402588,191.37196350097656,0.2645937502384186,191.37196350097656,0.12788546085357666,85.11559295654297,0.004362500738352537,165.9052734375,0.837862491607666,0.03320920094847679,0.004581250250339508,4.83955717086792,0.015998845919966698,1776442198.535131,12.570026397705078,0.21085000038146973,13.098001480102539,4.771419525146484,31.881595611572266,0.012874999083578587,,,,,,,,,,,,,,,,
,680,,,,,,453,,,,,,,,,,19731.538938465,,,,,,,,,,,,226,,,,,,,,,,,,,,,,,1776442199.7633705,,,,,,,1.4082828760147095,45.18349838256836,0.1398598998785019,0.036623917520046234,0.0683942660689354,2.748690366744995,0.12442263215780258,0.4221561551094055,19.612699508666992,13.662334442138672,2.065662384033203,36.27589416503906,0.12442263215780258,48.316139221191406,2.7185580730438232,3.201552391052246
0.16044385731220245,683,17.45423698425293,12.772156715393066,13.573493957519531,6.245441436767578,0.4054562747478485,454,85.09546661376953,0.02079819329082966,0.22100235521793365,0.3898029327392578,0.001706250011920929,0.9905624985694885,0.08064375072717667,97.50958251953125,162.35267639160156,19815.874021377,0.006993749178946018,17.45423698425293,0.19256149232387543,95.67444610595703,6.245441436767578,0.11744999885559082,1.5035173626942733e-15,0.9620875716209412,0.360275000333786,0.0031062497291713953,0.22577500343322754,227,-1.2999041947014955e-15,0.8405500054359436,35.80776596069336,0.5024250149726868,186.96743774414062,0.2660750150680542,186.96743774414062,0.1293008178472519,83.43524932861328,0.004524999763816595,162.35267639160156,0.8405500054359436,0.03289150074124336,0.004637499805539846,4.729837417602539,0.015915006399154663,1776442284.0961428,12.592246055603027,0.21486248075962067,13.102753639221191,4.657344818115234,31.328292846679688,0.012843750417232513,,,,,,,,,,,,,,,,
,683,,,,,,455,,,,,,,,,,19817.049544035,,,,,,,,,,,,227,,,,,,,,,,,,,,,,,1776442285.2741444,,,,,,,1.4930832386016846,45.0672492980957,0.13958686590194702,0.03766775131225586,0.06847763806581497,2.74080491065979,0.12334176152944565,0.4208272099494934,19.553821563720703,13.631209373474121,2.110917568206787,36.43928527832031,0.12334175407886505,48.316795349121094,2.753976345062256,3.181685209274292
0.14738647639751434,686,17.014005661010742,12.669625282287598,13.431021690368652,6.208259105682373,0.41109374165534973,456,84.47039794921875,0.02085469476878643,0.2197495549917221,0.38712048530578613,0.001656249980442226,0.9906874299049377,0.0773562490940094,96.72012329101562,160.759033203125,19900.558612717,0.006506249774247408,17.014005661010742,0.19249847531318665,94.67810821533203,6.208259105682373,0.11616874486207962,1.790668308077059e-15,0.9620999693870544,0.35893750190734863,0.0031999999191612005,0.22430624067783356,228,4.119426154358674e-15,0.8400439023971558,35.54030990600586,0.5013312697410583,184.80751037597656,0.2650875151157379,184.80751037597656,0.13031421601772308,82.6676254272461,0.004087500274181366,160.759033203125,0.8400439023971558,0.032948557287454605,0.004399999976158142,4.674122333526611,0.015972213819622993,1776442368.7801573,12.521599769592285,0.21936872601509094,13.117180824279785,4.60084867477417,31.10008430480957,0.01210624910891056,,,,,,,,,,,,,,,,
,686,,,,,,457,,,,,,,,,,19901.742167056,,,,,,,,,,,,228,,,,,,,,,,,,,,,,,1776442369.96666,,,,,,,1.499713659286499,44.323097229003906,0.13897527754306793,0.036174774169921875,0.06823384761810303,2.737612009048462,0.12131698429584503,0.4031084477901459,19.71344566345215,13.76351547241211,2.127362012863159,35.933712005615234,0.12131698429584503,48.317440032958984,2.8067965507507324,3.212196111679077
0.14131616055965424,689,16.125,12.606202125549316,13.391939163208008,6.215988636016846,0.4076562225818634,458,84.16803741455078,0.020783403888344765,0.217132568359375,0.3837119936943054,0.0015124999918043613,0.9906998872756958,0.07730624824762344,96.76110076904297,160.57115173339844,19985.229481747,0.006643750239163637,16.125,0.19054080545902252,94.67926788330078,6.215988636016846,0.11744374781847,1.197555509618864e-15,0.9621687531471252,0.36057499051094055,0.0026562497951090336,0.22610625624656677,229,6.800170235937708e-15,0.8403939008712769,35.297027587890625,0.5004125237464905,184.85958862304688,0.265812486410141,184.85958862304688,0.12856055796146393,82.4346694946289,0.004174999892711639,160.57115173339844,0.8403939008712769,0.032879769802093506,0.004225000273436308,4.667206287384033,0.01588018238544464,1776442453.4514697,12.41518497467041,0.2141062319278717,13.068771362304688,4.597472667694092,30.82170295715332,0.01244375016540289,,,,,,,,,,,,,,,,
,689,,,,,,459,,,,,,,,,,19986.413998921,,,,,,,,,,,,229,,,,,,,,,,,,,,,,,1776442454.638741,,,,,,,1.4430458545684814,44.585411071777344,0.13892552256584167,0.03557203337550163,0.06800605356693268,2.7214903831481934,0.12132058292627335,0.412087619304657,19.62981414794922,13.709399223327637,2.1398282051086426,36.275489807128906,0.12132058292627335,48.3181037902832,2.7945568561553955,3.1988024711608887
0.1426491141319275,692,16.99094581604004,12.489362716674805,13.302167892456055,6.209628582000732,0.40508124232292175,460,83.67272186279297,0.02073468267917633,0.215323343873024,0.38263198733329773,0.0016750001814216375,0.9908188581466675,0.07713750004768372,95.87096405029297,159.1611785888672,20069.220726214,0.00653750030323863,16.99094581604004,0.19607532024383545,93.88037872314453,6.209628582000732,0.11726249009370804,4.925855730253392e-15,0.9618124961853027,0.36128121614456177,0.0027437498793005943,0.2266562283039093,230,3.2755373934045817e-15,0.8393250107765198,34.9936637878418,0.5022563338279724,183.53213500976562,0.266587495803833,183.53213500976562,0.12813030183315277,81.82129669189453,0.004243750125169754,159.1611785888672,0.8393250107765198,0.032879576086997986,0.004424999933689833,4.644776821136475,0.01590222679078579,1776442537.4425373,12.581009864807129,0.2095874845981598,13.193665504455566,4.570888519287109,30.54629898071289,0.01204375084489584,,,,,,,,,,,,,,,,
,692,,,,,,461,,,,,,,,,,20070.449892164,,,,,,,,,,,,230,,,,,,,,,,,,,,,,,1776442538.674491,,,,,,,1.4991356134414673,45.21541976928711,0.1385207176208496,0.037625692784786224,0.06863401085138321,2.714859962463379,0.1223093643784523,0.419915109872818,19.53537368774414,13.630696296691895,2.2195849418640137,36.74983215332031,0.1223093643784523,48.31885528564453,2.812340497970581,3.1896979808807373
0.13202708959579468,695,15.519956588745117,12.293113708496094,13.13236141204834,6.200924396514893,0.4188937842845917,462,82.61260986328125,0.020647786557674408,0.21369589865207672,0.37764856219291687,0.0016062500653788447,0.9906936883926392,0.07970625162124634,94.18673706054688,156.9215087890625,20153.337614383,0.007337499875575304,15.519956588745117,0.18511995673179626,92.44487762451172,6.200924396514893,0.11814374476671219,4.2351105261628774e-15,0.9615436792373657,0.3632062077522278,0.003087500110268593,0.22836874425411224,231,3.837696219838316e-15,0.8396750092506409,34.45347213745117,0.5061125159263611,180.87525939941406,0.26826250553131104,180.87525939941406,0.12939004600048065,80.7372817993164,0.004787500482052565,156.9215087890625,0.8396750092506409,0.03284670040011406,0.004925000015646219,4.606550693511963,0.015874361619353294,1776442621.5596828,12.454146385192871,0.21354998648166656,13.17045783996582,4.501043796539307,30.16232681274414,0.013237499631941319,,,,,,,,,,,,,,,,
,695,,,,,,463,,,,,,,,,,20154.635025161,,,,,,,,,,,,231,,,,,,,,,,,,,,,,,1776442622.8593671,,,,,,,1.4256728887557983,45.063385009765625,0.13686463236808777,0.03660137951374054,0.06823623925447464,2.7031643390655518,0.1214047521352768,0.43179693818092346,19.493606567382812,13.594614028930664,2.1706342697143555,36.84943771362305,0.1214047521352768,48.31945037841797,2.7230494022369385,3.1957080364227295
0.1308981031179428,698,15.065313339233398,12.089544296264648,12.947295188903809,6.2059102058410645,0.41421249508857727,464,80.9748306274414,0.02063002996146679,0.21440710127353668,0.37906545400619507,0.0015749998856335878,0.9906749725341797,0.08259374648332596,92.43628692626953,153.9096221923828,20237.721472532,0.007231249939650297,15.065313339233398,0.188788041472435,90.76895141601562,6.2059102058410645,0.11743126809597015,2.635261800443267e-15,0.9625500440597534,0.36268752813339233,0.0033187498338520527,0.22795626521110535,232,1.9481486736305786e-15,0.8399624824523926,33.78556823730469,0.5065562725067139,177.48878479003906,0.26807498931884766,177.48878479003906,0.12969981133937836,79.19918823242188,0.004574999678879976,153.9096221923828,0.8399624824523926,0.032734598964452744,0.004987500142306089,4.551052093505859,0.015904324129223824,1776442705.9435937,12.467154502868652,0.21443749964237213,13.093741416931152,4.429163455963135,29.516590118408203,0.013412498869001865,,,,,,,,,,,,,,,,
,698,,,,,,465,,,,,,,,,,20238.914514126,,,,,,,,,,,,232,,,,,,,,,,,,,,,,,1776442707.1390448,,,,,,,1.408046007156372,44.97254943847656,0.13861721754074097,0.03878478705883026,0.06890375167131424,2.697909116744995,0.12129432708024979,0.4224936366081238,19.51553726196289,13.625990867614746,2.010195016860962,36.887874603271484,0.12129432708024979,48.319950103759766,2.6746716499328613,3.191516637802124
0.1285957247018814,701,16.626794815063477,11.908445358276367,12.795722007751465,6.211239337921143,0.4097437560558319,466,79.62964630126953,0.02075718156993389,0.2137896716594696,0.37899667024612427,0.0015625001396983862,0.9906249642372131,0.08428750932216644,90.98583221435547,151.49696350097656,20322.10638306,0.007181250024586916,16.626794815063477,0.18902239203453064,89.33816528320312,6.211239337921143,0.11644375324249268,5.584888020798706e-15,0.9621000289916992,0.3604750335216522,0.003262499812990427,0.2263062298297882,233,9.317091369254182e-16,0.8398123979568481,33.20091247558594,0.5041750073432922,174.79562377929688,0.26634374260902405,174.79562377929688,0.12989866733551025,77.87346649169922,0.004424999933689833,151.49696350097656,0.8398123979568481,0.03287087008357048,0.004662500228732824,4.484889507293701,0.015965774655342102,1776442790.328558,12.612489700317383,0.2211562544107437,13.180739402770996,4.37052583694458,29.022672653198242,0.013393751345574856,,,,,,,,,,,,,,,,
,701,,,,,,467,,,,,,,,,,20323.262927884,,,,,,,,,,,,233,,,,,,,,,,,,,,,,,1776442791.4876523,,,,,,,1.4609922170639038,44.697471618652344,0.13724276423454285,0.03849909082055092,0.06837618350982666,2.681551456451416,0.11976838111877441,0.4202474355697632,19.46872329711914,13.585196495056152,2.0420291423797607,36.4952278137207,0.11976838111877441,48.32062530517578,2.68251895904541,3.201856851577759
0.1323220133781433,704,14.649330139160156,11.668816566467285,12.601866722106934,6.2128071784973145,0.4070749580860138,468,78.1820068359375,0.020879535004496574,0.2143024504184723,0.3795199692249298,0.0016125001711770892,0.9903749823570251,0.0816812515258789,89.26496887207031,148.5984649658203,20405.301224535,0.006900000385940075,14.649330139160156,0.18687915802001953,87.59496307373047,6.2128071784973145,0.11586874723434448,5.6302618817172245e-15,0.9626937508583069,0.35942503809928894,0.0030562502797693014,0.22527500987052917,234,-4.982993184743378e-16,0.8397436738014221,32.59085464477539,0.5023124814033508,171.2012939453125,0.26496875286102295,171.2012939453125,0.1285013109445572,76.4364242553711,0.004349999595433474,148.5984649658203,0.8397436738014221,0.03297397121787071,0.00459374999627471,4.398487567901611,0.016007451340556145,1776442873.523496,12.531705856323242,0.21806873381137848,13.213361740112305,4.303869724273682,28.577192306518555,0.013312501832842827,,,,,,,,,,,,,,,,
,704,,,,,,469,,,,,,,,,,20406.57160342,,,,,,,,,,,,234,,,,,,,,,,,,,,,,,1776442874.796159,,,,,,,1.5756714344024658,44.87601089477539,0.13743603229522705,0.03804055601358414,0.06848201155662537,2.673220157623291,0.11942353844642639,0.41878411173820496,19.497203826904297,13.636702537536621,2.162299633026123,36.967071533203125,0.1194235235452652,48.321197509765625,2.7371764183044434,3.1871602535247803
0.129701629281044,707,15.880613327026367,11.77321720123291,12.67398738861084,6.20646333694458,0.41978123784065247,470,78.94927215576172,0.020617714151740074,0.21342885494232178,0.37613770365715027,0.0017499999376013875,0.9905375838279724,0.0846249982714653,90.15886688232422,150.52540588378906,20489.765944633,0.00800625141710043,15.880613327026367,0.18365740776062012,88.52124786376953,6.20646333694458,0.11798124760389328,4.8510457803518925e-15,0.9622374176979065,0.3649437427520752,0.003018750110641122,0.22913123667240143,235,4.211854389563063e-15,0.8412061929702759,32.93067932128906,0.508650004863739,173.35269165039062,0.2688562572002411,173.35269165039062,0.1301625818014145,77.2835922241211,0.004775000270456076,150.52540588378906,0.8412061929702759,0.032794177532196045,0.004962500184774399,4.4107184410095215,0.015799907967448235,1776442957.988418,12.55574893951416,0.22346249222755432,13.182379722595215,4.329823017120361,28.79926872253418,0.014618748798966408,,,,,,,,,,,,,,,,
,707,,,,,,471,,,,,,,,,,20491.137036426,,,,,,,,,,,,235,,,,,,,,,,,,,,,,,1776442959.3616703,,,,,,,1.4894256591796875,45.17916488647461,0.13619288802146912,0.039288315922021866,0.06871680915355682,2.653226375579834,0.11954770237207413,0.42687511444091797,19.476482391357422,13.633763313293457,2.0759339332580566,37.09458923339844,0.11954770237207413,48.3217658996582,2.683931589126587,3.1893739700317383
0.13647378981113434,710,15.508440017700195,12.057015419006348,12.900352478027344,6.192883014678955,0.4165312945842743,472,80.75316619873047,0.020442312583327293,0.21411123871803284,0.3781912326812744,0.0017875002231448889,0.9907625913619995,0.08045624941587448,92.31396484375,154.24537658691406,20574.054703078,0.007562499959021807,15.508440017700195,0.18562819063663483,90.58990478515625,6.192883014678955,0.12012500315904617,4.376869960215357e-15,0.9630624055862427,0.3676937222480774,0.003143749898299575,0.23169997334480286,236,3.966336807603721e-15,0.843481183052063,33.70417404174805,0.511650025844574,177.42372131347656,0.2726062536239624,177.42372131347656,0.13283389806747437,79.10897827148438,0.004993750248104334,154.24537658691406,0.843481183052063,0.0324346125125885,0.004931250121444464,4.481441974639893,0.015681078657507896,1776443042.2587059,12.497125625610352,0.21433125436306,13.202184677124023,4.401016712188721,29.412124633789062,0.013993749395012856,,,,,,,,,,,,,,,,
,710,,,,,,473,,,,,,,,,,20575.332032658,,,,,,,,,,,,236,,,,,,,,,,,,,,,,,1776443043.5567527,,,,,,,1.468504786491394,45.67643356323242,0.13556711375713348,0.039172474294900894,0.06820673495531082,2.6358606815338135,0.11981825530529022,0.42789748311042786,19.460887908935547,13.65027904510498,2.0645275115966797,37.44760513305664,0.11981824040412903,48.3224983215332,2.6451306343078613,3.1746292114257812
0.1490844339132309,713,15.96109676361084,12.03087043762207,12.839315414428711,6.190220832824707,0.425718754529953,474,80.61821746826172,0.020370090380311012,0.21308280527591705,0.3758178949356079,0.0019312499789521098,0.9909936189651489,0.0866125077009201,92.29728698730469,153.8900146484375,20658.652144801,0.007818750105798244,15.96109676361084,0.18293064832687378,90.53205108642578,6.190220832824707,0.12051249295473099,3.1059139635192246e-15,0.9634813070297241,0.3677562475204468,0.003312499960884452,0.23212501406669617,237,2.56099395162801e-15,0.8438687324523926,33.699459075927734,0.5099000334739685,177.124755859375,0.2725124657154083,177.124755859375,0.13222290575504303,78.9740982055664,0.004799999762326479,153.8900146484375,0.8438687324523926,0.03229757025837898,0.005150000099092722,4.487329959869385,0.015683360397815704,1776443126.8746612,12.527349472045898,0.22833123803138733,13.147156715393066,4.402023792266846,29.391191482543945,0.014143750071525574,,,,,,,,,,,,,,,,
,713,,,,,,475,,,,,,,,,,20659.868949624,,,,,,,,,,,,237,,,,,,,,,,,,,,,,,1776443128.0933936,,,,,,,1.3834658861160278,45.86717224121094,0.1349843144416809,0.03889588266611099,0.0676242858171463,2.6226327419281006,0.11949661374092102,0.42243048548698425,19.429054260253906,13.602680206298828,2.1369621753692627,37.757911682128906,0.11949661374092102,48.323177337646484,2.7256433963775635,3.2036216259002686
0.13131727278232574,716,18.147735595703125,11.826894760131836,12.648430824279785,6.189085960388184,0.407143771648407,476,79.5135726928711,0.020388029515743256,0.21449647843837738,0.3815905451774597,0.0018187500536441803,0.9909500479698181,0.07943124324083328,90.97820281982422,151.3094940185547,20743.267750642,0.007481250446289778,18.147735595703125,0.18788450956344604,89.25643920898438,6.189085960388184,0.12059999257326126,4.930843060246826e-15,0.9633063077926636,0.3674312233924866,0.002850000048056245,0.23256251215934753,238,1.0730348901089037e-15,0.8428187370300293,33.236812591552734,0.5085812211036682,174.68678283691406,0.2718999683856964,174.68678283691406,0.13152162730693817,77.65557098388672,0.004781249910593033,151.3094940185547,0.8428187370300293,0.03228546306490898,0.004650000017136335,4.44352388381958,0.015690194442868233,1776443211.4898157,12.647031784057617,0.21207499504089355,13.204483985900879,4.348657608032227,28.954166412353516,0.013487501069903374,,,,,,,,,,,,,,,,
,716,,,,,,477,,,,,,,,,,20744.473114454,,,,,,,,,,,,238,,,,,,,,,,,,,,,,,1776443212.6978204,,,,,,,1.393943428993225,45.56235122680664,0.1336248517036438,0.041316140443086624,0.06804971396923065,2.612921714782715,0.11847852170467377,0.41945916414260864,19.41576385498047,13.631744384765625,2.149165391921997,37.27412796020508,0.11847852170467377,48.323753356933594,2.755561113357544,3.1709823608398438
0.13181211054325104,719,15.708282470703125,11.32051944732666,12.11997127532959,6.190206527709961,0.41177505254745483,478,76.13268280029297,0.020394479855895042,0.21426178514957428,0.3790716826915741,0.0015437500551342964,0.9908062219619751,0.07884375005960464,87.25420379638672,144.68031311035156,20827.415870197,0.007156249601393938,15.708282470703125,0.18946146965026855,85.57744598388672,6.190206527709961,0.12031875550746918,7.560141748741422e-15,0.962725043296814,0.36851876974105835,0.002668749773874879,0.23280000686645508,239,3.014407300161448e-15,0.8424000144004822,31.860950469970703,0.5102812647819519,167.5474395751953,0.2726312577724457,167.5474395751953,0.1314210444688797,74.31458282470703,0.0045437500812113285,144.68031311035156,0.8424000144004822,0.03233179822564125,0.004437500145286322,4.278497695922852,0.01569349318742752,1776443295.637796,12.473756790161133,0.21361252665519714,13.036096572875977,4.169004440307617,27.730411529541016,0.013243749737739563,,,,,,,,,,,,,,,,
,719,,,,,,479,,,,,,,,,,20828.690700845,,,,,,,,,,,,239,,,,,,,,,,,,,,,,,1776443296.9153445,,,,,,,1.3933218717575073,45.22813415527344,0.13105633854866028,0.040354929864406586,0.06763193756341934,2.6016976833343506,0.1170109435915947,0.42154139280319214,19.376873016357422,13.590561866760254,2.0254547595977783,36.8896484375,0.11701095849275589,48.324214935302734,2.644695520401001,3.1844961643218994
0.13711869716644287,722,17.080307006835938,11.104524612426758,11.931029319763184,6.179046630859375,0.40661245584487915,480,74.84774017333984,0.020421409979462624,0.21464847028255463,0.37914255261421204,0.0017374998424202204,0.9906936883926392,0.07773125171661377,85.51809692382812,142.0478973388672,20912.051406065,0.007068749982863665,17.080307006835938,0.18926237523555756,84.04700469970703,6.179046630859375,0.11983125656843185,1.31340251174894e-15,0.9628000259399414,0.3668687641620636,0.0028249998576939106,0.23180626332759857,240,4.096603698627854e-15,0.8415250182151794,31.277889251708984,0.508593738079071,164.401611328125,0.27152499556541443,164.401611328125,0.13284896314144135,73.04569244384766,0.004412500187754631,142.0478973388672,0.8415250182151794,0.03242896497249603,0.004737500101327896,4.223160266876221,0.015746617689728737,1776443380.2727518,12.642304420471191,0.2110375016927719,13.152838706970215,4.109678745269775,27.23111343383789,0.013356251642107964,,,,,,,,,,,,,,,,
,722,,,,,,481,,,,,,,,,,20913.272066688,,,,,,,,,,,,240,,,,,,,,,,,,,,,,,1776443381.4966269,,,,,,,1.4558900594711304,44.225101470947266,0.13133855164051056,0.039433930069208145,0.06745819747447968,2.595036745071411,0.11416210234165192,0.41738346219062805,19.40923309326172,13.637092590332031,2.007925510406494,36.33457565307617,0.11416210234165192,48.32494354248047,2.645202398300171,3.176989793777466
0.14221465587615967,725,15.615654945373535,11.011679649353027,11.90426254272461,6.155669212341309,0.4140062630176544,482,74.82205963134766,0.02013690210878849,0.21814227104187012,0.3857228457927704,0.0017999998526647687,0.9912186861038208,0.08261875063180923,85.11343383789062,142.11976623535156,20996.46669084,0.007662500720471144,15.615654945373535,0.1906404346227646,83.71527862548828,6.155669212341309,0.12146250903606415,2.2302038688026826e-15,0.9639750123023987,0.37126874923706055,0.0036124999169260263,0.23429372906684875,241,4.544975507059235e-16,0.8448687195777893,31.05789566040039,0.5149000287055969,164.0944061279297,0.274212509393692,164.0944061279297,0.1311635822057724,73.0672378540039,0.0048500001430511475,142.11976623535156,0.8448687195777893,0.03194013610482216,0.004931250121444464,4.189869403839111,0.015599571168422699,1776443464.68912,12.44205093383789,0.21973122656345367,13.098554611206055,4.088895320892334,27.144840240478516,0.013893751427531242,,,,,,,,,,,,,,,,
,725,,,,,,483,,,,,,,,,,20997.707752218,,,,,,,,,,,,241,,,,,,,,,,,,,,,,,1776443465.932444,,,,,,,1.3334178924560547,43.851051330566406,0.12952612340450287,0.04037073627114296,0.06815896928310394,2.604963541030884,0.11360829323530197,0.4061010777950287,19.406246185302734,13.617578506469727,2.032456159591675,35.904685974121094,0.11360829323530197,48.3255500793457,2.6602623462677,3.1835906505584717
0.12966550886631012,728,16.150758743286133,10.872119903564453,11.805968284606934,6.178782939910889,0.40421250462532043,484,73.73880004882812,0.020205384120345116,0.21869347989559174,0.3894064426422119,0.0015999999595806003,0.9912562370300293,0.07838124781847,84.50305938720703,140.84429931640625,21080.777691212,0.007125000469386578,16.150758743286133,0.18759199976921082,82.92957305908203,6.178782939910889,0.1214437484741211,1.9549791473172373e-15,0.964706301689148,0.3688812553882599,0.0030687502585351467,0.23283125460147858,242,4.769947457849977e-16,0.8444375395774841,30.698030471801758,0.5113375186920166,162.17555236816406,0.27259373664855957,162.17555236816406,0.12778441607952118,72.25420379638672,0.00430000014603138,140.84429931640625,0.8444375395774841,0.031941745430231094,0.00432500010356307,4.137775897979736,0.01566728763282299,1776443548.9997528,12.509360313415527,0.21267499029636383,13.120986938476562,4.071029186248779,26.86192512512207,0.013137498870491982,,,,,,,,,,,,,,,,
,728,,,,,,485,,,,,,,,,,21082.046876587,,,,,,,,,,,,242,,,,,,,,,,,,,,,,,1776443550.2716303,,,,,,,1.4383381605148315,44.91476058959961,0.13135047256946564,0.041421446949243546,0.06856431066989899,2.586336374282837,0.11536730080842972,0.41994577646255493,19.414722442626953,13.624750137329102,1.981828212738037,37.42989730834961,0.11536730080842972,48.32620620727539,2.53608775138855,3.2035202980041504
0.12538200616836548,731,17.018625259399414,10.837241172790527,11.774117469787598,6.2877726554870605,0.40395623445510864,486,72.89672088623047,0.020537162199616432,0.22024689614772797,0.3876156210899353,0.0014062498230487108,0.9910063147544861,0.07554375380277634,84.0265884399414,139.04649353027344,21164.766514911,0.006587500683963299,17.018625259399414,0.18873082101345062,82.31995391845703,6.2877726554870605,0.11833750456571579,3.3263322651855276e-15,0.9634813070297241,0.3615500330924988,0.0026499999221414328,0.22773751616477966,243,2.943717318515393e-15,0.8411187529563904,30.586790084838867,0.5024999976158142,161.1108856201172,0.2664499580860138,161.1108856201172,0.1272406429052353,71.44122314453125,0.004181250464171171,139.04649353027344,0.8411187529563904,0.03245050087571144,0.003975000232458115,4.132562160491943,0.015871988609433174,1776443632.9885473,12.614615440368652,0.21498122811317444,13.134644508361816,4.0876240730285645,26.785139083862305,0.012000001035630703,,,,,,,,,,,,,,,,
,731,,,,,,487,,,,,,,,,,21166.107164656,,,,,,,,,,,,243,,,,,,,,,,,,,,,,,1776443634.3318417,,,,,,,1.3778125047683716,45.39712142944336,0.13163219392299652,0.040399324148893356,0.06791207939386368,2.576702117919922,0.11592530459165573,0.42878177762031555,19.346477508544922,13.588805198669434,2.0073463916778564,37.72003936767578,0.11592530459165573,48.32698440551758,2.5717647075653076,3.1808559894561768
0.1412992626428604,734,16.2804012298584,10.722991943359375,11.525565147399902,6.3171892166137695,0.41665002703666687,488,71.52214813232422,0.020719267427921295,0.2183476686477661,0.38317158818244934,0.0015187498647719622,0.9907999634742737,0.08156874775886536,82.56781005859375,135.9100799560547,21248.594290903,0.006887499708682299,16.2804012298584,0.18872560560703278,80.6953353881836,6.3171892166137695,0.11828125268220901,9.892260621757742e-16,0.9631686806678772,0.359312504529953,0.0032125001307576895,0.2271125167608261,244,1.4589024432964948e-15,0.8404750227928162,30.111740112304688,0.4988687336444855,157.5251922607422,0.26563122868537903,157.5251922607422,0.12701231241226196,69.9970474243164,0.004424999933689833,135.9100799560547,0.8404750227928162,0.0326760858297348,0.004574999678879976,4.06514310836792,0.01592324860394001,1776443716.816451,12.476716995239258,0.22804999351501465,13.147095680236816,4.021175861358643,26.31866455078125,0.01315625011920929,,,,,,,,,,,,,,,,
,734,,,,,,489,,,,,,,,,,21249.972934666,,,,,,,,,,,,244,,,,,,,,,,,,,,,,,1776443718.197526,,,,,,,1.4186798334121704,46.2283935546875,0.13317616283893585,0.0454922690987587,0.0687776431441307,2.5693955421447754,0.11704763025045395,0.4130847454071045,19.39604377746582,13.623144149780273,2.1797478199005127,38.523277282714844,0.11704763025045395,48.327659606933594,2.763129711151123,3.203385829925537
0.13512466847896576,737,15.556093215942383,10.510356903076172,11.233955383300781,6.249332427978516,0.4243125319480896,490,70.06875610351562,0.020492108538746834,0.21322491765022278,0.37761804461479187,0.0017625000327825546,0.990850031375885,0.08363749086856842,80.80547332763672,133.5557861328125,21332.945801528,0.007499999832361937,15.556093215942383,0.18564274907112122,79.0224609375,6.249332427978516,0.11988125741481781,1.0672344084861063e-15,0.9631686806678772,0.3640249967575073,0.00309374975040555,0.2304375022649765,245,-1.148712201748392e-16,0.8416186571121216,29.42398452758789,0.5038187503814697,154.3675537109375,0.26916250586509705,154.3675537109375,0.1296282410621643,68.6596450805664,0.004918749909847975,133.5557861328125,0.8416186571121216,0.032467037439346313,0.004987500142306089,3.955157995223999,0.015754707157611847,1776443801.1686568,12.60516357421875,0.2317124903202057,13.195464134216309,3.8967015743255615,25.689970016479492,0.013412498869001865,,,,,,,,,,,,,,,,
,737,,,,,,491,,,,,,,,,,21334.336168376,,,,,,,,,,,,245,,,,,,,,,,,,,,,,,1776443802.5608542,,,,,,,1.4554648399353027,46.170326232910156,0.13390739262104034,0.042158424854278564,0.06768041849136353,2.55546498298645,0.11604855954647064,0.4142892360687256,19.35469627380371,13.604971885681152,2.1790382862091064,38.539363861083984,0.11604855954647064,48.32827377319336,2.737405300140381,3.1941423416137695
0.1259089857339859,740,18.825563430786133,10.380722999572754,11.119980812072754,6.240669250488281,0.4159562587738037,492,69.3208236694336,0.02045181579887867,0.21286500990390778,0.3787630796432495,0.0018187500536441803,0.9908686876296997,0.07862500101327896,79.77972412109375,131.9221649169922,21416.962665314,0.007550000678747892,18.825563430786133,0.18688812851905823,78.1893081665039,6.240669250488281,0.1201312467455864,2.9700092211981666e-15,0.963200032711029,0.36583125591278076,0.003143749898299575,0.23193123936653137,246,3.4858726148667696e-15,0.8412812948226929,29.110782623291016,0.5065937638282776,152.82911682128906,0.27073749899864197,152.82911682128906,0.13011731207370758,67.79721069335938,0.004724999889731407,131.9221649169922,0.8412812948226929,0.03243542090058327,0.004724999889731407,3.916883707046509,0.01573660783469677,1776443885.1847968,12.784940719604492,0.22023126482963562,13.178915977478027,3.8440871238708496,25.347705841064453,0.01354374922811985,,,,,,,,,,,,,,,,
,740,,,,,,493,,,,,,,,,,21418.288630268,,,,,,,,,,,,246,,,,,,,,,,,,,,,,,1776443886.5133426,,,,,,,1.4115439653396606,46.0782470703125,0.13149181008338928,0.04321775212883949,0.06813128292560577,2.532550811767578,0.11508584022521973,0.422951340675354,19.22299575805664,13.533408164978027,2.0874176025390625,38.58287811279297,0.11508584022521973,48.329002380371094,2.6064631938934326,3.156925916671753
0.12692219018936157,743,17.375213623046875,10.11506175994873,10.928442001342773,6.261937141418457,0.4203187823295593,494,67.34033966064453,0.02085520140826702,0.21314917504787445,0.37629029154777527,0.001468749949708581,0.9905251264572144,0.08114374428987503,77.79410552978516,127.53404998779297,21501.035834479,0.006425000261515379,17.375213623046875,0.18434344232082367,76.19290161132812,6.261937141418457,0.11777500808238983,8.142846206343757e-15,0.962681233882904,0.36038124561309814,0.003262499812990427,0.2273624986410141,247,4.971066960846038e-15,0.837412416934967,28.45924186706543,0.5003874897956848,148.8267364501953,0.2653625011444092,148.8267364501953,0.12961243093013763,65.8086166381836,0.004131250083446503,127.53404998779297,0.837412416934967,0.032916586846113205,0.004493750166147947,3.8712687492370605,0.015988467261195183,1776443969.257817,12.575885772705078,0.22211875021457672,13.08548641204834,3.78840970993042,24.730405807495117,0.01269374880939722,,,,,,,,,,,,,,,,
,743,,,,,,495,,,,,,,,,,21502.342308873,,,,,,,,,,,,247,,,,,,,,,,,,,,,,,1776443970.5666103,,,,,,,1.3938767910003662,45.69715881347656,0.12999582290649414,0.04279700666666031,0.0674743801355362,2.5077414512634277,0.11277492344379425,0.42176398634910583,19.20526123046875,13.54028034210205,2.1236259937286377,38.31605911254883,0.11277492344379425,48.32968521118164,2.657294273376465,3.157123327255249
0.12915551662445068,746,21.818199157714844,9.841498374938965,10.67111587524414,6.26094913482666,0.41581249237060547,496,65.76110076904297,0.020871488377451897,0.21343158185482025,0.37596866488456726,0.001418749918229878,0.9905624985694885,0.08216249942779541,75.86196899414062,124.47688293457031,21584.941342936,0.006756249815225601,21.818199157714844,0.1832420974969864,74.24866485595703,6.26094913482666,0.11835624277591705,9.220597375902972e-16,0.9627124071121216,0.36024999618530273,0.003193750511854887,0.22756874561309814,248,1.7489265244363672e-15,0.8379374146461487,27.706514358520508,0.5011125206947327,145.0127716064453,0.2659437358379364,145.0127716064453,0.1305118203163147,64.18716430664062,0.004243750125169754,124.47688293457031,0.8379374146461487,0.03289295732975006,0.004862499888986349,3.770611047744751,0.016027705743908882,1776444053.163714,12.63870906829834,0.22081252932548523,13.114800453186035,3.683835744857788,24.09489631652832,0.013418749906122684,,,,,,,,,,,,,,,,
,746,,,,,,497,,,,,,,,,,21586.263230964,,,,,,,,,,,,248,,,,,,,,,,,,,,,,,1776444054.4878116,,,,,,,1.4735466241836548,45.638946533203125,0.1298077404499054,0.042601097375154495,0.06675955653190613,2.4865753650665283,0.11149042844772339,0.40948486328125,19.202939987182617,13.565903663635254,2.1742944717407227,38.253273010253906,0.11149042844772339,48.33037185668945,2.767585039138794,3.1503489017486572
0.12972892820835114,749,15.38786506652832,9.840193748474121,10.638218879699707,6.266254425048828,0.41966870427131653,498,65.87535858154297,0.020711781457066536,0.21031858026981354,0.37263089418411255,0.0013187499716877937,0.990668773651123,0.08023124933242798,75.83267211914062,125.03160858154297,21668.980547755,0.007181250024586916,15.38786506652832,0.1832711398601532,74.26787567138672,6.266254425048828,0.1191062405705452,-6.975214676685493e-16,0.962524950504303,0.3625375032424927,0.0035750004462897778,0.22899998724460602,249,3.4273799076611766e-15,0.8396249413490295,27.642839431762695,0.504925012588501,145.1592559814453,0.26814374327659607,145.1592559814453,0.12948976457118988,64.30487823486328,0.004281249362975359,125.03160858154297,0.8396249413490295,0.032706450670957565,0.004468749742954969,3.7533764839172363,0.01591809093952179,1776444137.2030497,12.569229125976562,0.21848127245903015,13.102477073669434,3.6605474948883057,24.055753707885742,0.013350001536309719,,,,,,,,,,,,,,,,
,749,,,,,,499,,,,,,,,,,21670.276607736,,,,,,,,,,,,249,,,,,,,,,,,,,,,,,1776444138.501038,,,,,,,1.3470871448516846,45.47087097167969,0.12875524163246155,0.043824080377817154,0.06803957372903824,2.4937667846679688,0.11177507042884827,0.41675299406051636,19.273439407348633,13.599968910217285,1.9449084997177124,38.70328140258789,0.11177507042884827,48.33100891113281,2.5020883083343506,3.179593324661255
0.13149034976959229,752,16.456933975219727,10.445366859436035,11.265924453735352,6.272060871124268,0.4071812629699707,500,69.58866119384766,0.020573658868670464,0.21729591488838196,0.3841235339641571,0.0015312499599531293,0.9907812476158142,0.07808125019073486,80.38787078857422,132.023193359375,21752.868632445,0.006918750237673521,16.456933975219727,0.18727493286132812,78.67139434814453,6.272060871124268,0.11900626122951508,5.680135181651558e-16,0.9634686708450317,0.36293748021125793,0.003262499812990427,0.22988750040531158,250,1.4828091011998001e-15,0.83965003490448,29.372142791748047,0.5033875107765198,153.7958526611328,0.26856252551078796,153.7958526611328,0.1311316341161728,68.00286102294922,0.004268750082701445,132.023193359375,0.83965003490448,0.03251613304018974,0.00459374999627471,3.9894046783447266,0.015858860686421394,1776444221.0910823,12.513179779052734,0.2135312557220459,13.079145431518555,3.8949742317199707,25.48210334777832,0.012881250120699406,,,,,,,,,,,,,,,,
,752,,,,,,501,,,,,,,,,,21754.192236762,,,,,,,,,,,,250,,,,,,,,,,,,,,,,,1776444222.4168346,,,,,,,1.3993053436279297,46.668800354003906,0.13059286773204803,0.045469436794519424,0.06832486391067505,2.4807960987091064,0.1137678399682045,0.42227861285209656,19.315706253051758,13.644806861877441,2.0590107440948486,39.661808013916016,0.1137678399682045,48.33156967163086,2.5931777954101562,3.1899893283843994
0.13960672914981842,755,16.924604415893555,10.152023315429688,10.895926475524902,6.27340030670166,0.40184375643730164,502,67.91956329345703,0.020625410601496696,0.22214926779270172,0.3908660411834717,0.0015687497798353434,0.9908124208450317,0.07496250420808792,78.20328521728516,128.1807861328125,21836.863866956,0.006706249434500933,16.924604415893555,0.19140782952308655,76.40167999267578,6.27340030670166,0.11819375306367874,6.108720300435078e-15,0.9639124870300293,0.3605000376701355,0.0027437503449618816,0.2282937616109848,251,1.2087770021040889e-15,0.8385500311851501,28.63677978515625,0.4998750388622284,148.74171447753906,0.26695623993873596,148.74171447753906,0.13026243448257446,66.21173858642578,0.004006249830126762,128.1807861328125,0.8385500311851501,0.03255205973982811,0.004268750082701445,3.8797662258148193,0.01596011035144329,1776444305.0861826,12.573983192443848,0.20483753085136414,13.150346755981445,3.7840099334716797,24.843595504760742,0.012487499974668026,,,,,,,,,,,,,,,,
,755,,,,,,503,,,,,,,,,,21838.361570991,,,,,,,,,,,,251,,,,,,,,,,,,,,,,,1776444306.5861685,,,,,,,1.324821949005127,47.10060501098633,0.13078638911247253,0.04361512511968613,0.0678611770272255,2.4896492958068848,0.11526550352573395,0.4119933843612671,19.380027770996094,13.662673950195312,2.40752911567688,39.659912109375,0.11526548862457275,48.33216857910156,2.904167652130127,3.2275922298431396
0.13361938297748566,758,15.633443832397461,9.579743385314941,10.256253242492676,6.260703086853027,0.41175001859664917,504,64.34351348876953,0.020438818261027336,0.21537446975708008,0.3820050060749054,0.0016625000862404704,0.9909625053405762,0.07654374837875366,73.71509552001953,122.06745910644531,21922.004780551,0.007137500215321779,15.633443832397461,0.18903684616088867,72.21422576904297,6.260703086853027,0.11988125741481781,3.58122819593687e-15,0.9636250138282776,0.3643437623977661,0.0025937501341104507,0.2300499826669693,252,4.067438660187994e-15,0.8405437469482422,26.957103729248047,0.5062062740325928,140.96217346191406,0.2698499858379364,140.96217346191406,0.1325032114982605,62.917240142822266,0.00439374940469861,122.06745910644531,0.8405437469482422,0.03243090212345123,0.004462499637156725,3.640880823135376,0.015811113640666008,1776444390.2268176,12.569069862365723,0.21157501637935638,13.114470481872559,3.5529627799987793,23.512588500976562,0.013225002214312553,,,,,,,,,,,,,,,,
,758,,,,,,505,,,,,,,,,,21923.36605744,,,,,,,,,,,,252,,,,,,,,,,,,,,,,,1776444391.5907102,,,,,,,1.3997105360031128,45.9566650390625,0.13379813730716705,0.04566425457596779,0.06961056590080261,2.5334036350250244,0.11487653106451035,0.40011483430862427,19.4816951751709,13.71805191040039,2.4566853046417236,39.210391998291016,0.11487653106451035,48.332786560058594,2.9633467197418213,3.2301244735717773
0.12095224112272263,761,17.89610481262207,10.002128601074219,10.700479507446289,6.232082366943359,0.4084811806678772,506,67.79399871826172,0.019930539652705193,0.2149973064661026,0.38252896070480347,0.001756250043399632,0.9916375875473022,0.08087500184774399,77.30707550048828,129.3033905029297,22006.098036837,0.007974999956786633,17.89610481262207,0.18802286684513092,75.85519409179688,6.232082366943359,0.1240999847650528,2.303387515445454e-16,0.9649375677108765,0.3758625388145447,0.0033562500029802322,0.23823127150535583,253,2.2205544694675616e-15,0.8452749848365784,27.992399215698242,0.5200562477111816,148.5771942138672,0.2795562446117401,148.5771942138672,0.13143034279346466,66.31621551513672,0.0049749999307096004,129.3033905029297,0.8452749848365784,0.0316690169274807,0.004781249910593033,3.7567598819732666,0.015477524138987064,1776444474.319764,12.72035026550293,0.2183687537908554,13.179839134216309,3.6658902168273926,24.527149200439453,0.01483750157058239,,,,,,,,,,,,,,,,
,761,,,,,,507,,,,,,,,,,22007.40913255,,,,,,,,,,,,253,,,,,,,,,,,,,,,,,1776444475.6336634,,,,,,,1.4593857526779175,45.35293197631836,0.13206268846988678,0.04555553197860718,0.06996075063943863,2.552016496658325,0.11420183628797531,0.42387107014656067,19.35992431640625,13.582972526550293,1.960917592048645,38.26473617553711,0.1142018511891365,48.33375549316406,2.497152805328369,3.2248198986053467
0.12086683511734009,764,16.574865341186523,10.412853240966797,11.199149131774902,6.214633941650391,0.4100499749183655,508,70.39696502685547,0.020200267434120178,0.21750296652317047,0.38677072525024414,0.00183750013820827,0.9914063215255737,0.07800626009702682,80.67249298095703,133.8815460205078,22090.012117914,0.00732500059530139,16.574865341186523,0.18669115006923676,79.11011505126953,6.214633941650391,0.12146876752376556,-1.9060274192295168e-16,0.9643187522888184,0.36934998631477356,0.0030624999199062586,0.23315000534057617,254,2.3641028371046424e-16,0.8426875472068787,29.255922317504883,0.5115500092506409,154.65281677246094,0.2737187445163727,154.65281677246094,0.13125024735927582,68.78624725341797,0.004793750122189522,133.8815460205078,0.8426875472068787,0.03202138841152191,0.004506249446421862,3.9494166374206543,0.015676595270633698,1776444558.2340925,12.629202842712402,0.21281251311302185,13.140036582946777,3.8668041229248047,25.576641082763672,0.012974999845027924,,,,,,,,,,,,,,,,
,764,,,,,,509,,,,,,,,,,22091.273415321,,,,,,,,,,,,254,,,,,,,,,,,,,,,,,1776444559.4972863,,,,,,,1.5056076049804688,45.72516632080078,0.1327744871377945,0.04472219944000244,0.06918235868215561,2.5253844261169434,0.11405379325151443,0.4111541509628296,19.4954891204834,13.758203506469727,1.9000203609466553,38.11517333984375,0.11405379325151443,48.33470916748047,2.51189923286438,3.211789608001709
0.12733668088912964,767,18.629165649414062,10.96096420288086,11.878767967224121,6.202057361602783,0.3995375335216522,510,74.0278549194336,0.020479323342442513,0.2255152314901352,0.3976505994796753,0.0017812501173466444,0.9912375807762146,0.07405000180006027,85.30121612548828,140.2448272705078,22173.7164983,0.006781250238418579,18.629165649414062,0.19106639921665192,83.41576385498047,6.202057361602783,0.11916249990463257,4.4173107012490664e-15,0.9636750221252441,0.36249998211860657,0.002968749962747097,0.2286374866962433,255,2.486726102812753e-15,0.8400687575340271,31.058177947998047,0.5039562582969666,162.2247772216797,0.2671374976634979,162.2247772216797,0.1322007030248642,72.25170135498047,0.004343749955296516,140.2448272705078,0.8400687575340271,0.0324120819568634,0.004518750589340925,4.193325042724609,0.015837473794817924,1776444641.9380453,12.700959205627441,0.2106187492609024,13.109757423400879,4.117181777954102,27.10689926147461,0.012325000017881393,,,,,,,,,,,,,,,,
,767,,,,,,511,,,,,,,,,,22175.16311808,,,,,,,,,,,,255,,,,,,,,,,,,,,,,,1776444643.3878531,,,,,,,1.493863582611084,46.80108642578125,0.13090431690216064,0.04477953910827637,0.06836169213056564,2.495039701461792,0.11467568576335907,0.4202423691749573,19.284212112426758,13.595701217651367,2.1965672969818115,39.116397857666016,0.11467568576335907,48.335391998291016,2.783985137939453,3.193354368209839
0.1308007836341858,770,18.119674682617188,10.919361114501953,11.835648536682129,6.21706485748291,0.39085623621940613,512,73.40148162841797,0.020470088347792625,0.229125514626503,0.402741938829422,0.0015312499599531293,0.9913812279701233,0.0721687600016594,85.2342529296875,138.94810485839844,22258.20175337,0.006624999921768904,18.119674682617188,0.19346410036087036,82.96764373779297,6.21706485748291,0.1193624883890152,1.4570050894946451e-15,0.9633312225341797,0.36173126101493835,0.0030687502585351467,0.22885623574256897,256,1.5300803159201681e-15,0.8403000235557556,30.816099166870117,0.5033812522888184,161.33302307128906,0.26739999651908875,161.33302307128906,0.13047991693019867,71.58879852294922,0.004062499850988388,138.94810485839844,0.8403000235557556,0.03243137523531914,0.0040124994702637196,4.169567108154297,0.015867235139012337,1776444726.4237213,12.669309616088867,0.20940625667572021,13.107184410095215,4.100356578826904,26.943681716918945,0.012387500144541264,,,,,,,,,,,,,,,,
,770,,,,,,513,,,,,,,,,,22259.677927447,,,,,,,,,,,,256,,,,,,,,,,,,,,,,,1776444727.9024048,,,,,,,1.3689724206924438,46.55440139770508,0.13034053146839142,0.04352618008852005,0.06756708770990372,2.5016961097717285,0.11465559899806976,0.4090089499950409,19.35335922241211,13.648927688598633,2.327932357788086,38.7126350402832,0.11465559899806976,48.336097717285156,2.905184507369995,3.2026216983795166
0.12944911420345306,773,16.288179397583008,10.599308967590332,11.496308326721191,6.249412536621094,0.40546250343322754,514,70.75959014892578,0.020622877404093742,0.22138582170009613,0.39047157764434814,0.001962499925866723,0.9911813139915466,0.08082500100135803,82.67803192138672,133.73985290527344,22342.068022119,0.007737499661743641,16.288179397583008,0.18987256288528442,80.33405303955078,6.249412536621094,0.1182125061750412,1.52021407615055e-15,0.963043749332428,0.3607625365257263,0.003512500086799264,0.22776249051094055,257,4.6389216253051035e-15,0.8387312293052673,29.89083480834961,0.5015812516212463,156.3050994873047,0.26605626940727234,156.3050994873047,0.1289317011833191,68.97197723388672,0.004862499888986349,133.73985290527344,0.8387312293052673,0.03260462358593941,0.004937500227242708,4.06562614440918,0.015966786071658134,1776444810.290508,12.504342079162598,0.22063753008842468,13.089057922363281,3.992628335952759,26.056106567382812,0.01413749996572733,,,,,,,,,,,,,,,,
,773,,,,,,515,,,,,,,,,,22343.528052123,,,,,,,,,,,,257,,,,,,,,,,,,,,,,,1776444811.7526987,,,,,,,1.3058059215545654,46.51370620727539,0.1257658749818802,0.0434613861143589,0.06707878410816193,2.474853038787842,0.11286991089582443,0.4166460633277893,19.268875122070312,13.604066848754883,2.1956942081451416,38.514991760253906,0.11286989599466324,48.33690643310547,2.756770610809326,3.189842939376831
0.11886792629957199,776,17.284700393676758,10.201432228088379,11.041695594787598,6.2880167961120605,0.41712498664855957,516,67.89368438720703,0.020804567262530327,0.2158677577972412,0.3803153336048126,0.0015062501188367605,0.9908375144004822,0.07898125052452087,78.86343383789062,127.43690490722656,22426.357252438,0.007256250362843275,17.284700393676758,0.18682731688022614,77.04613494873047,6.2880167961120605,0.11793749779462814,2.429209177562397e-15,0.9623374938964844,0.35916873812675476,0.002762499963864684,0.22748753428459167,258,2.7212390327213676e-15,0.8356313109397888,28.897686004638672,0.4977937340736389,149.92784118652344,0.2654687464237213,149.92784118652344,0.12964634597301483,65.97354888916016,0.00455624982714653,127.43690490722656,0.8356313109397888,0.03281301632523537,0.004424999933689833,3.9487574100494385,0.016070686280727386,1776444894.5793867,12.733567237854004,0.21544374525547028,13.124810218811035,3.8470492362976074,24.969974517822266,0.013425000011920929,,,,,,,,,,,,,,,,
,776,,,,,,517,,,,,,,,,,22427.67312004,,,,,,,,,,,,258,,,,,,,,,,,,,,,,,1776444895.8977978,,,,,,,1.3220373392105103,46.912254333496094,0.12513181567192078,0.04436897858977318,0.06639761477708817,2.4371795654296875,0.1116345226764679,0.41933247447013855,19.20615577697754,13.578545570373535,2.2103235721588135,39.046810150146484,0.1116345226764679,48.337623596191406,2.797102212905884,3.1903181076049805
0.11981378495693207,779,18.19901466369629,9.562447547912598,10.297653198242188,6.312381744384766,0.4015374779701233,518,63.52031707763672,0.02085430920124054,0.21607054769992828,0.38110753893852234,0.0014875000342726707,0.9910374283790588,0.07020624727010727,73.91959381103516,119.35028839111328,22510.8327872,0.006512499880045652,18.19901466369629,0.18726655840873718,72.08682250976562,6.312381744384766,0.11788749694824219,2.5071633137641047e-15,0.9618249535560608,0.3581874668598175,0.002606250112876296,0.22693122923374176,259,2.141082450224374e-15,0.833687424659729,27.0965576171875,0.49556252360343933,140.30067443847656,0.26461875438690186,140.30067443847656,0.12756605446338654,61.72739028930664,0.004231249913573265,119.35028839111328,0.833687424659729,0.03294842317700386,0.004043749999254942,3.710611581802368,0.016128823161125183,1776444979.0551896,12.62152099609375,0.20169375836849213,13.106316566467285,3.584587574005127,23.288257598876953,0.011937499977648258,,,,,,,,,,,,,,,,
,779,,,,,,519,,,,,,,,,,22512.115471804,,,,,,,,,,,,259,,,,,,,,,,,,,,,,,1776444980.3399584,,,,,,,1.3044466972351074,46.789581298828125,0.12528768181800842,0.04446650668978691,0.0656953901052475,2.415804386138916,0.10990297794342041,0.406210333108902,19.207490921020508,13.62781047821045,2.3577914237976074,39.4635009765625,0.10990297049283981,48.3381462097168,2.934238910675049,3.163764715194702
0.12190191447734833,782,19.821611404418945,9.370112419128418,10.045426368713379,6.353175163269043,0.3937625288963318,520,61.900569915771484,0.020738177001476288,0.21823576092720032,0.38494154810905457,0.0015000001294538379,0.9907374978065491,0.07091250270605087,72.00284576416016,116.8048095703125,22594.437346893,0.006875000428408384,19.821611404418945,0.19056998193264008,70.31228637695312,6.353175163269043,0.11825625598430634,2.940573132215185e-15,0.9620188474655151,0.35999372601509094,0.0030750001315027475,0.22872498631477356,260,1.8160928490218442e-15,0.8357186913490295,26.358049392700195,0.49877500534057617,137.06800842285156,0.267793744802475,137.06800842285156,0.12688462436199188,60.356815338134766,0.004124999511986971,116.8048095703125,0.8357186913490295,0.032787639647722244,0.004256249871104956,3.598397970199585,0.016027918085455894,1776445062.6598437,12.76523208618164,0.20220625400543213,13.159818649291992,3.473010778427124,22.725242614746094,0.01236250065267086,,,,,,,,,,,,,,,,
,782,,,,,,521,,,,,,,,,,22595.716828369,,,,,,,,,,,,260,,,,,,,,,,,,,,,,,1776445063.9414234,,,,,,,1.451808214187622,47.029296875,0.1263475865125656,0.04519201070070267,0.06619657576084137,2.3932974338531494,0.1093129888176918,0.4200792908668518,19.153547286987305,13.572673797607422,2.2132062911987305,40.43160629272461,0.1093129888176918,48.33869934082031,2.7300353050231934,3.1874687671661377
0.12803669273853302,785,18.673124313354492,9.27042293548584,9.970375061035156,6.342453479766846,0.3961687386035919,522,61.038394927978516,0.021048231050372124,0.22225895524024963,0.3892516493797302,0.001624999800696969,0.9908437728881836,0.07174374908208847,71.05571746826172,114.62134552001953,22678.814126572,0.006931249517947435,18.673124313354492,0.19295918941497803,69.30400848388672,6.342453479766846,0.11637498438358307,1.9407760988576772e-15,0.9611124992370605,0.3543250262737274,0.002775000175461173,0.2247624695301056,261,5.823791969505887e-16,0.831974983215332,26.11874008178711,0.4929313063621521,134.81407165527344,0.2621999979019165,134.81407165527344,0.12575162947177887,59.39914321899414,0.004418749827891588,114.62134552001953,0.831974983215332,0.03328149393200874,0.004450000356882811,3.5862975120544434,0.016240475699305534,1776445147.0364513,12.599081993103027,0.1986999809741974,13.098997116088867,3.4759788513183594,22.49451446533203,0.012612500227987766,,,,,,,,,,,,,,,,
,785,,,,,,523,,,,,,,,,,22680.161048877,,,,,,,,,,,,261,,,,,,,,,,,,,,,,,1776445148.3857286,,,,,,,1.362861156463623,47.356788635253906,0.1251479536294937,0.04571974277496338,0.06724896281957626,2.391876220703125,0.10981523990631104,0.42220768332481384,19.096723556518555,13.521171569824219,2.2554688453674316,40.95265579223633,0.10981523990631104,48.339263916015625,2.718999147415161,3.1835663318634033
0.11688517034053802,788,17.06011199951172,9.244147300720215,9.999645233154297,6.3646016120910645,0.40904998779296875,524,60.77566909790039,0.02133571356534958,0.21876905858516693,0.3836416006088257,0.0016750001814216375,0.9907875061035156,0.07658124715089798,70.90038299560547,113.83753967285156,22763.073582396,0.007449999917298555,17.06011199951172,0.19094997644424438,69.04596710205078,6.3646016120910645,0.11461250483989716,1.9545996765568674e-15,0.9604312181472778,0.34809374809265137,0.0027562500908970833,0.22016873955726624,262,-2.2068935220942443e-16,0.827787458896637,26.050127029418945,0.48483750224113464,133.98548889160156,0.25676873326301575,133.98548889160156,0.1280817836523056,59.16284942626953,0.004887499380856752,113.83753967285156,0.827787458896637,0.033692020922899246,0.004568750038743019,3.590566396713257,0.016444044187664986,1776445231.2957096,12.60996150970459,0.21031877398490906,13.066009521484375,3.5053231716156006,22.487125396728516,0.013449998572468758,,,,,,,,,,,,,,,,
,788,,,,,,525,,,,,,,,,,22764.395614836,,,,,,,,,,,,262,,,,,,,,,,,,,,,,,1776445232.6198347,,,,,,,1.4098016023635864,47.7949104309082,0.12655600905418396,0.04566839337348938,0.06708373129367828,2.374885082244873,0.11008723080158234,0.4146725535392761,19.047435760498047,13.507686614990234,2.391244411468506,41.675437927246094,0.11008723080158234,48.339717864990234,2.876962661743164,3.1647539138793945
0.11656279116868973,791,16.72650146484375,9.334355354309082,10.127381324768066,6.368984699249268,0.41241878271102905,526,61.37097930908203,0.021374372765421867,0.22130106389522552,0.3875129520893097,0.0016125001711770892,0.990443766117096,0.07361874729394913,71.56526947021484,115.31975555419922,22846.983842165,0.00680625019595027,16.72650146484375,0.19433079659938812,69.70623779296875,6.368984699249268,0.11458124220371246,5.687670386750332e-15,0.960037350654602,0.3474375009536743,0.0026625001337379217,0.2199312448501587,263,5.667666856667974e-16,0.8286437392234802,26.231014251708984,0.48611876368522644,135.29078674316406,0.25657498836517334,135.29078674316406,0.12821273505687714,59.81645965576172,0.004468750208616257,115.31975555419922,0.8286437392234802,0.033826086670160294,0.004406250547617674,3.6136841773986816,0.01646421290934086,1776445315.20601,12.614299774169922,0.21286872029304504,13.090032577514648,3.5474929809570312,22.727933883666992,0.012900001369416714,,,,,,,,,,,,,,,,
,791,,,,,,527,,,,,,,,,,22848.209453039,,,,,,,,,,,,263,,,,,,,,,,,,,,,,,1776445316.4340963,,,,,,,1.3396605253219604,48.14775085449219,0.12637430429458618,0.04832272231578827,0.06759814918041229,2.3763880729675293,0.11100369691848755,0.4184379279613495,19.097957611083984,13.526223182678223,2.543804168701172,42.0118408203125,0.11100369691848755,48.34022903442383,3.034057378768921,3.1952340602874756
0.12284474819898605,794,17.655515670776367,9.728996276855469,10.562057495117188,6.347884178161621,0.4071187674999237,528,64.01427459716797,0.02108202688395977,0.22110901772975922,0.3901989459991455,0.001587499980814755,0.9905937910079956,0.08009999990463257,74.41728973388672,120.96166229248047,22931.018720541,0.007218749262392521,17.655515670776367,0.19372962415218353,72.63543701171875,6.347884178161621,0.11574374884366989,1.699649535696901e-15,0.9613562226295471,0.3530375361442566,0.0030249999836087227,0.2238374948501587,264,2.8350260507237213e-15,0.8329562544822693,27.26443099975586,0.4936999976634979,141.28895568847656,0.2600500285625458,141.28895568847656,0.1274660974740982,62.47555923461914,0.004418749827891588,120.96166229248047,0.8329562544822693,0.03333711251616478,0.004793750122189522,3.7377073764801025,0.01622956432402134,1776445399.241054,12.613923072814941,0.21979376673698425,13.04300594329834,3.6705777645111084,23.645252227783203,0.013431250117719173,,,,,,,,,,,,,,,,
,794,,,,,,529,,,,,,,,,,22932.248712458,,,,,,,,,,,,264,,,,,,,,,,,,,,,,,1776445400.473394,,,,,,,1.3253965377807617,49.144065856933594,0.12650692462921143,0.05099507048726082,0.0686170905828476,2.3656346797943115,0.11232872307300568,0.42074862122535706,19.099531173706055,13.556681632995605,2.562974452972412,43.184242248535156,0.11232872307300568,48.340858459472656,3.0084617137908936,3.177103042602539
0.12386154383420944,797,15.528955459594727,9.876923561096191,10.698762893676758,6.333028793334961,0.40953129529953003,530,65.30651092529297,0.02100600115954876,0.2189978063106537,0.3858163356781006,0.0015562501503154635,0.9908188581466675,0.07553750276565552,75.74320220947266,122.81781005859375,23014.48672717,0.007068749982863665,15.528955459594727,0.19067908823490143,73.96544647216797,6.333028793334961,0.11668749153614044,1.8446615762668372e-15,0.9612561464309692,0.35339999198913574,0.0031187499407678843,0.22437499463558197,265,5.995095912758597e-16,0.831706166267395,27.788759231567383,0.49160000681877136,143.87425231933594,0.2612062394618988,143.87425231933594,0.12826718389987946,63.57205581665039,0.004512500017881393,122.81781005859375,0.831706166267395,0.033271100372076035,0.004550000187009573,3.827852725982666,0.016235260292887688,1776445482.708904,12.535911560058594,0.21348750591278076,13.04146671295166,3.7434635162353516,24.041257858276367,0.013081250712275505,,,,,,,,,,,,,,,,
,797,,,,,,531,,,,,,,,,,23015.808626777,,,,,,,,,,,,265,,,,,,,,,,,,,,,,,1776445484.0332987,,,,,,,1.2816076278686523,49.30461120605469,0.12431062012910843,0.04742206633090973,0.06731700152158737,2.343393087387085,0.11219725012779236,0.41923990845680237,19.079856872558594,13.537214279174805,2.6010921001434326,42.64240264892578,0.11219725012779236,48.34135818481445,3.0592353343963623,3.1991355419158936
0.12174104154109955,800,15.93833065032959,9.675354957580566,10.424538612365723,6.302910804748535,0.40517500042915344,532,64.36772918701172,0.020721210166811943,0.2171444594860077,0.38358092308044434,0.0016062500653788447,0.9910063147544861,0.07464375346899033,74.38636016845703,121.27618408203125,23097.826587102,0.007293750066310167,15.93833065032959,0.18780171871185303,72.59832763671875,6.302910804748535,0.11868125200271606,1.8419510708356235e-15,0.9621438384056091,0.3603687584400177,0.0028750000055879354,0.22715626657009125,266,3.621831567296452e-15,0.8348561525344849,27.257905960083008,0.5000124573707581,141.22198486328125,0.26689374446868896,141.22198486328125,0.13173717260360718,62.66156768798828,0.004618749488145113,121.27618408203125,0.8348561525344849,0.0328315831720829,0.004281249362975359,3.73941969871521,0.01602008193731308,1776445566.0485153,12.609199523925781,0.20798751711845398,13.098823547363281,3.6349825859069824,23.572799682617188,0.013024999760091305,,,,,,,,,,,,,,,,
,800,,,,,,533,,,,,,,,,,23099.084354455,,,,,,,,,,,,266,,,,,,,,,,,,,,,,,1776445567.3090284,,,,,,,1.308813214302063,48.894344329833984,0.12418510764837265,0.04811927303671837,0.06640484184026718,2.3265459537506104,0.10994670540094376,0.41548624634742737,19.022090911865234,13.523797035217285,2.622772693634033,42.28471374511719,0.10994670540094376,48.3416748046875,3.150221824645996,3.171637773513794
0.12201828509569168,803,16.022462844848633,9.308932304382324,10.01717758178711,6.270580291748047,0.415981262922287,534,62.40917205810547,0.020391618832945824,0.21722617745399475,0.38159334659576416,0.0018187500536441803,0.9910749793052673,0.08093125373125076,71.5151596069336,118.11060333251953,23182.262896592,0.007668749429285526,16.022462844848633,0.18624521791934967,70.04051971435547,6.270580291748047,0.12080623209476471,1.4214432582371206e-15,0.9636999368667603,0.36855626106262207,0.0032125001307576895,0.23253749310970306,267,2.380799550560919e-15,0.8417376279830933,26.121143341064453,0.5099624991416931,136.5329132080078,0.2730875015258789,136.5329132080078,0.13125167787075043,60.823551177978516,0.004931250121444464,118.11060333251953,0.8417376279830933,0.03226247429847717,0.004887499380856752,3.555513620376587,0.01573142409324646,1776445650.4851916,12.52730941772461,0.22442498803138733,13.100114822387695,3.4530694484710693,22.669750213623047,0.014281250536441803,,,,,,,,,,,,,,,,
,803,,,,,,535,,,,,,,,,,23183.502442865,,,,,,,,,,,,267,,,,,,,,,,,,,,,,,1776445651.727075,,,,,,,1.2210911512374878,48.36080551147461,0.12219671905040741,0.048678234219551086,0.06637721508741379,2.3084301948547363,0.10811945796012878,0.43184366822242737,18.971107482910156,13.511908531188965,2.3101139068603516,41.72499465942383,0.10811945796012878,48.34215545654297,2.8330445289611816,3.1506588459014893
0.12643592059612274,806,13.997466087341309,9.24997615814209,9.98471450805664,6.2818803787231445,0.41440626978874207,536,61.71255111694336,0.02054102160036564,0.218741312623024,0.38432425260543823,0.0017625000327825546,0.9908686876296997,0.08362501114606857,70.94351196289062,116.91346740722656,23266.151266878,0.007825001142919064,13.997466087341309,0.18595005571842194,69.45577239990234,6.2818803787231445,0.1198124960064888,1.7001916367831438e-15,0.9631749391555786,0.36467501521110535,0.0028812496457248926,0.2305937111377716,268,1.3727083705838972e-15,0.8391624689102173,25.96375846862793,0.5066062808036804,135.33734130859375,0.2706249952316284,135.33734130859375,0.129005566239357,60.28689956665039,0.004999999422580004,116.91346740722656,0.8391624689102173,0.03247401490807533,0.005249999929219484,3.5268054008483887,0.01583951711654663,1776445734.3731425,12.398965835571289,0.22290001809597015,13.147093772888184,3.441260814666748,22.530519485473633,0.014337501488626003,,,,,,,,,,,,,,,,
,806,,,,,,537,,,,,,,,,,23267.397538395,,,,,,,,,,,,268,,,,,,,,,,,,,,,,,1776445735.6219711,,,,,,,1.3394265174865723,48.92007827758789,0.12417874485254288,0.04909011349081993,0.06641307473182678,2.3021810054779053,0.10858755558729172,0.4254811704158783,19.040494918823242,13.54609203338623,2.177995204925537,42.60062026977539,0.10858755558729172,48.34262466430664,2.6525778770446777,3.192115068435669
0.1346987634897232,809,19.489463806152344,9.291770935058594,10.02402400970459,6.330539703369141,0.4177687466144562,538,61.57286834716797,0.02089075557887554,0.21726633608341217,0.3803790807723999,0.0016499999910593033,0.990543782711029,0.07856874912977219,71.33060455322266,115.98302459716797,23349.551360334,0.00732500059530139,19.489463806152344,0.18757101893424988,69.58590698242188,6.330539703369141,0.11746250838041306,3.632565168804058e-15,0.9623750448226929,0.3562124967575073,0.0035312497057020664,0.2251562774181366,269,3.7724814591633127e-16,0.8344125151634216,26.177614212036133,0.49563124775886536,135.22853088378906,0.263949990272522,135.22853088378906,0.12600259482860565,60.10674285888672,0.004731249529868364,115.98302459716797,0.8344125151634216,0.03295003995299339,0.00466249929741025,3.5785157680511475,0.016160806640982628,1776445817.7729383,12.588451385498047,0.21418127417564392,13.095688819885254,3.494516611099243,22.651933670043945,0.014018750749528408,,,,,,,,,,,,,,,,
,809,,,,,,539,,,,,,,,,,23351.117349568,,,,,,,,,,,,269,,,,,,,,,,,,,,,,,1776445819.3420372,,,,,,,1.3315294981002808,48.79528045654297,0.12402784824371338,0.04666319862008095,0.06556778401136398,2.2968385219573975,0.10763785988092422,0.4159931540489197,19.015066146850586,13.537439346313477,2.3525798320770264,42.303558349609375,0.10763785988092422,48.34312057495117,2.8356521129608154,3.180680990219116
0.1240704134106636,812,20.05120849609375,9.130339622497559,9.833062171936035,6.330578327178955,0.41840624809265137,540,60.428245544433594,0.020906565710902214,0.2168298065662384,0.38189104199409485,0.001550000044517219,0.990712583065033,0.07962500303983688,70.14501190185547,113.57417297363281,23433.552864496,0.007375000976026058,20.05120849609375,0.1883755624294281,68.38241577148438,6.330578327178955,0.1179249957203865,3.0273635161226498e-15,0.9614062309265137,0.3574187457561493,0.003281250363215804,0.2268437296152115,270,-4.1253892663073444e-17,0.8327125310897827,25.711498260498047,0.4960000216960907,132.86463928222656,0.2646937370300293,132.86463928222656,0.12968222796916962,58.875640869140625,0.004793750122189522,113.57417297363281,0.8327125310897827,0.03303956612944603,0.0046687498688697815,3.5263285636901855,0.01613706164062023,1776445901.7754366,12.59583854675293,0.21598124504089355,13.061492919921875,3.447129964828491,22.254011154174805,0.013949998654425144,,,,,,,,,,,,,,,,
,812,,,,,,541,,,,,,,,,,23434.853354622,,,,,,,,,,,,270,,,,,,,,,,,,,,,,,1776445903.0779395,,,,,,,1.3407076597213745,49.021724700927734,0.12438392639160156,0.048780545592308044,0.06594635546207428,2.2956414222717285,0.10800005495548248,0.41172370314598083,19.045137405395508,13.574434280395508,2.453319787979126,42.454341888427734,0.10800005495548248,48.34367370605469,3.0032999515533447,3.1749556064605713
0.12133657187223434,815,18.029420852661133,8.966659545898438,9.638641357421875,6.339629650115967,0.41869375109672546,542,59.33660888671875,0.020880447700619698,0.21466349065303802,0.3777758777141571,0.0015562501503154635,0.9907750487327576,0.07885000109672546,68.93262481689453,111.60142517089844,23517.042700657,0.007112499792128801,18.029420852661133,0.18575023114681244,67.19287109375,6.339629650115967,0.11816250532865524,4.754226526348937e-15,0.9615498781204224,0.3572874665260315,0.0032250003423541784,0.22591248154640198,271,2.100316448538919e-15,0.832931399345398,25.211530685424805,0.49495625495910645,130.6927947998047,0.2638687789440155,130.6927947998047,0.12989483773708344,57.74365997314453,0.004381250124424696,111.60142517089844,0.832931399345398,0.03305609151721001,0.004618749488145113,3.4621737003326416,0.0161313284188509,1776445985.2647033,12.664134979248047,0.21768750250339508,13.076104164123535,3.3929996490478516,21.863277435302734,0.01386875007301569,,,,,,,,,,,,,,,,
,815,,,,,,543,,,,,,,,,,23518.287237678,,,,,,,,,,,,271,,,,,,,,,,,,,,,,,1776445986.5118654,,,,,,,1.2663873434066772,49.67498016357422,0.12316563725471497,0.04760988429188728,0.06542623788118362,2.274900197982788,0.10799882560968399,0.4252668619155884,18.9544734954834,13.503960609436035,2.351112127304077,43.80678939819336,0.10799882560968399,48.344329833984375,2.812952756881714,3.1755034923553467
0.11778682470321655,818,17.970298767089844,8.861016273498535,9.522316932678223,6.350188255310059,0.4171062111854553,544,58.59151840209961,0.020973922684788704,0.2156197726726532,0.37839576601982117,0.001481250044889748,0.9909062385559082,0.07593125104904175,68.24454498291016,110.04051208496094,23601.09534216,0.006774999666959047,17.970298767089844,0.19101570546627045,66.4495849609375,6.350188255310059,0.11646874248981476,1.9047805867311585e-15,0.9613562226295471,0.3530625104904175,0.002987500047311187,0.2228499799966812,272,5.0647420285487854e-15,0.8303375244140625,24.944236755371094,0.4904625117778778,129.00572204589844,0.2612937390804291,129.00572204589844,0.12962092459201813,56.941898345947266,0.0041125002317130566,110.04051208496094,0.8303375244140625,0.03317240998148918,0.0045437500812113285,3.441161870956421,0.016277944669127464,1776446069.3175304,12.688103675842285,0.21562501788139343,13.094191551208496,3.373290777206421,21.627717971801758,0.012718751095235348,,,,,,,,,,,,,,,,
,818,,,,,,545,,,,,,,,,,23602.316049665,,,,,,,,,,,,272,,,,,,,,,,,,,,,,,1776446070.5408561,,,,,,,1.3965039253234863,49.781612396240234,0.123946912586689,0.0482347309589386,0.06564132124185562,2.275041103363037,0.10804177820682526,0.4277087450027466,18.971895217895508,13.506953239440918,2.3109629154205322,43.74952697753906,0.10804177820682526,48.34502410888672,2.7753162384033203,3.1897943019866943
0.11939633637666702,821,16.430299758911133,9.169816017150879,9.861132621765137,6.348086357116699,0.4118874669075012,546,60.51816177368164,0.020958663895726204,0.21662522852420807,0.38199108839035034,0.0012875000247731805,0.991062581539154,0.07592500001192093,70.61640167236328,113.40406036376953,23685.019682967,0.00634999992325902,16.430299758911133,0.18977633118629456,68.72985076904297,6.348086357116699,0.11640625447034836,6.370229864438581e-16,0.9616437554359436,0.35158127546310425,0.002962500089779496,0.2221374809741974,273,2.4603799900213552e-15,0.829837441444397,25.877607345581055,0.48840001225471497,133.2901611328125,0.2604312598705292,133.2901611328125,0.13024793565273285,58.83981704711914,0.004131250083446503,113.40406036376953,0.829837441444397,0.033129047602415085,0.004187500104308128,3.583207845687866,0.016339780762791634,1776446153.2387156,12.60244083404541,0.2091374695301056,13.02369499206543,3.5001912117004395,22.390108108520508,0.012625000439584255,,,,,,,,,,,,,,,,
,821,,,,,,547,,,,,,,,,,23686.206016328,,,,,,,,,,,,273,,,,,,,,,,,,,,,,,1776446154.4305608,,,,,,,1.3968137502670288,50.105525970458984,0.12497401237487793,0.04924631118774414,0.06553736329078674,2.252647638320923,0.10813058167695999,0.42125552892684937,18.912094116210938,13.484162330627441,2.477548360824585,44.2774543762207,0.10813058167695999,48.345603942871094,2.940687656402588,3.1751773357391357
0.12628354132175446,824,19.922874450683594,8.907750129699707,9.62365436553955,6.331180095672607,0.42279380559921265,548,58.823612213134766,0.02097373455762863,0.2106170356273651,0.37204644083976746,0.0017000000225380063,0.9906249642372131,0.08035624772310257,68.62462615966797,110.3790283203125,23768.793804291,0.007462500594556332,19.922874450683594,0.18100406229496002,66.7043228149414,6.331180095672607,0.11765624582767487,1.148929042182889e-15,0.9615563154220581,0.35420000553131104,0.003268750151619315,0.22491250932216644,274,1.7986371940448276e-15,0.8295875191688538,25.14942169189453,0.4919437766075134,129.56300354003906,0.2636125087738037,129.56300354003906,0.12785039842128754,57.27404022216797,0.00471875024959445,110.3790283203125,0.8295875191688538,0.03321129456162453,0.004574999678879976,3.4930379390716553,0.01628643088042736,1776446237.0162647,12.707002639770508,0.22106875479221344,13.080900192260742,3.393463373184204,21.717756271362305,0.014124998822808266,,,,,,,,,,,,,,,,
,824,,,,,,549,,,,,,,,,,23770.17007166,,,,,,,,,,,,274,,,,,,,,,,,,,,,,,1776446238.3946722,,,,,,,1.3866232633590698,50.23820114135742,0.12474179267883301,0.047753870487213135,0.06494040042161942,2.240138053894043,0.10768897831439972,0.4093868136405945,19.03189468383789,13.592657089233398,2.555424928665161,44.23946762084961,0.10768897831439972,48.34604263305664,3.1405131816864014,3.1989924907684326
0.13361163437366486,827,13.799558639526367,8.592368125915527,9.30217456817627,6.304867744445801,0.4157562553882599,550,57.28728485107422,0.02048306167125702,0.21558472514152527,0.37841343879699707,0.0017312502022832632,0.9909375905990601,0.08403749018907547,66.07305145263672,108.14991760253906,23852.564758439,0.007568750064820051,13.799558639526367,0.18840040266513824,64.53372955322266,6.304867744445801,0.12076874077320099,3.940532795898566e-16,0.9625998735427856,0.36361247301101685,0.0032250003423541784,0.23055624961853027,275,7.834986999466498e-16,0.8371375799179077,24.168872833251953,0.5055687427520752,125.65016174316406,0.2703687846660614,125.65016174316406,0.1285221427679062,55.842411041259766,0.004812499973922968,108.14991760253906,0.8371375799179077,0.032526444643735886,0.004743750672787428,3.334014415740967,0.01591123640537262,1776446320.7866113,12.392716407775879,0.23225626349449158,13.176359176635742,3.233396291732788,20.99822998046875,0.014568747952580452,,,,,,,,,,,,,,,,
,827,,,,,,551,,,,,,,,,,23853.969135841,,,,,,,,,,,,275,,,,,,,,,,,,,,,,,1776446322.1933947,,,,,,,1.3365273475646973,49.93796920776367,0.12366203218698502,0.04754871502518654,0.0649571493268013,2.2270326614379883,0.10603589564561844,0.4284210801124573,18.938411712646484,13.525712013244629,2.361445426940918,44.293155670166016,0.10603590309619904,48.34645080566406,2.8312435150146484,3.185561180114746
0.13673840463161469,830,14.167059898376465,8.719852447509766,9.47736644744873,6.315365791320801,0.41782498359680176,552,58.096126556396484,0.02053259126842022,0.21701332926750183,0.3812555968761444,0.0015187498647719622,0.9909500479698181,0.08211249858140945,66.98638153076172,109.58062744140625,23936.255609207,0.007393750362098217,14.167059898376465,0.18688930571079254,65.39948272705078,6.315365791320801,0.12046249210834503,3.4101953032272814e-15,0.9631813764572144,0.36268752813339233,0.003393750172108412,0.23036251962184906,276,3.2250677822753815e-15,0.8382874131202698,24.535829544067383,0.503837525844574,127.27533721923828,0.268512487411499,127.27533721923828,0.12716735899448395,56.651004791259766,0.004600000102072954,109.58062744140625,0.8382874131202698,0.032421912997961044,0.004574999678879976,3.3875250816345215,0.015949316322803497,1776446404.4777904,12.37906551361084,0.2248000055551529,13.06697940826416,3.28106689453125,21.290685653686523,0.013831250369548798,,,,,,,,,,,,,,,,
,830,,,,,,553,,,,,,,,,,23937.538161155,,,,,,,,,,,,276,,,,,,,,,,,,,,,,,1776446405.7628415,,,,,,,1.3964028358459473,50.00467300415039,0.12472901493310928,0.04925187677145004,0.06598210334777832,2.212167501449585,0.10606815665960312,0.4258236587047577,18.93141746520996,13.534908294677734,2.171828508377075,44.54029846191406,0.10606816411018372,48.34677505493164,2.6056580543518066,3.1842358112335205
0.13587285578250885,833,34.37686538696289,8.979765892028809,9.807019233703613,6.33057975769043,0.42107492685317993,554,59.59551239013672,0.02077263779938221,0.21264638006687164,0.37373992800712585,0.0017750001279637218,0.9908124208450317,0.07986874133348465,69.09871673583984,112.31273651123047,24020.539920743,0.007506250403821468,34.37686538696289,0.18241927027702332,67.32392120361328,6.33057975769043,0.11926250904798508,1.7034984534092246e-15,0.9623499512672424,0.3597375154495239,0.0031687503214925528,0.22801874577999115,277,3.384499711739375e-15,0.8340500593185425,25.317304611206055,0.4988124668598175,130.96702575683594,0.26656249165534973,130.96702575683594,0.12755542993545532,58.10533905029297,0.004724999889731407,112.31273651123047,0.8340500593185425,0.032754212617874146,0.004756249953061342,3.503866672515869,0.01609780453145504,1776446488.7622032,12.900545120239258,0.21973751485347748,13.115814208984375,3.405365467071533,21.95691680908203,0.014081249013543129,,,,,,,,,,,,,,,,
,833,,,,,,555,,,,,,,,,,24021.848681076,,,,,,,,,,,,277,,,,,,,,,,,,,,,,,1776446490.0732949,,,,,,,1.427425742149353,50.372596740722656,0.123984694480896,0.047581009566783905,0.06518879532814026,2.2064008712768555,0.10619127005338669,0.427751362323761,18.951953887939453,13.547734260559082,2.397155523300171,44.595394134521484,0.10619126260280609,48.34719467163086,2.782762289047241,3.1977128982543945
0.1264655739068985,836,20.545072555541992,8.914643287658691,9.670548439025879,6.34536075592041,0.4187374711036682,556,58.907100677490234,0.020874757319688797,0.21366025507450104,0.37579014897346497,0.0015312499599531293,0.9906125068664551,0.0837625116109848,68.5087661743164,110.74102783203125,24104.85589126,0.007262499071657658,20.545072555541992,0.1871347427368164,66.71463012695312,6.34536075592041,0.11958123743534088,1.7889877947097066e-15,0.9620875716209412,0.35842496156692505,0.0032125001307576895,0.22771874070167542,278,4.4885969940899884e-17,0.8330687880516052,25.086729049682617,0.4963687062263489,129.56858825683594,0.2656500041484833,129.56858825683594,0.12634938955307007,57.40100860595703,0.004618749488145113,110.74102783203125,0.8330687880516052,0.03288602456450462,0.004643749911338091,3.4662110805511475,0.01613215170800686,1776446573.0780191,12.677412986755371,0.22660624980926514,13.16534423828125,3.385338068008423,21.75212287902832,0.013962499797344208,,,,,,,,,,,,,,,,
,836,,,,,,557,,,,,,,,,,24106.069216788,,,,,,,,,,,,278,,,,,,,,,,,,,,,,,1776446574.2936296,,,,,,,1.3161197900772095,51.5120849609375,0.12386830896139145,0.050530750304460526,0.06490224599838257,2.178466558456421,0.10704688727855682,0.4163181185722351,18.861665725708008,13.507293701171875,2.4712138175964355,45.44962692260742,0.10704687982797623,48.34775924682617,2.925450325012207,3.1757967472076416
0.12537391483783722,839,15.472036361694336,8.853504180908203,9.51781177520752,6.37898588180542,0.41193750500679016,558,58.37558364868164,0.02082316391170025,0.21822629868984222,0.3823711574077606,0.0016437500016763806,0.9906749725341797,0.08139374852180481,67.89374542236328,109.73591613769531,24187.538134799,0.007531248964369297,15.472036361694336,0.18872228264808655,66.16625213623047,6.37898588180542,0.1189812496304512,8.54839202896196e-16,0.9619063138961792,0.3596937358379364,0.0029062500689178705,0.22811876237392426,279,4.819603917349813e-15,0.8334312438964844,24.8431396484375,0.49764373898506165,128.36143493652344,0.2659749984741211,128.36143493652344,0.12832118570804596,56.86316680908203,0.0044999998062849045,109.73591613769531,0.8334312438964844,0.03283897414803505,0.004900000523775816,3.4222607612609863,0.01605563797056675,1776446655.7602503,12.488821983337402,0.2212125062942505,13.10740852355957,3.3486478328704834,21.574657440185547,0.013781250454485416,,,,,,,,,,,,,,,,
,839,,,,,,559,,,,,,,,,,24188.864819124,,,,,,,,,,,,279,,,,,,,,,,,,,,,,,1776446657.089252,,,,,,,1.4356818199157715,51.86397933959961,0.12404981255531311,0.049340907484292984,0.06491061300039291,2.172342538833618,0.10738838464021683,0.41927802562713623,18.83952522277832,13.500190734863281,2.36360239982605,46.08545684814453,0.10738838464021683,48.348331451416016,2.8569445610046387,3.166884660720825
0.12809382379055023,842,17.322614669799805,8.856914520263672,9.48896312713623,6.380092144012451,0.4109812080860138,560,58.56180191040039,0.020750390365719795,0.2190096080303192,0.3845662474632263,0.0015687497798353434,0.9908999800682068,0.07828748971223831,68.1098403930664,109.92694091796875,24271.655956202,0.007306250743567944,17.322614669799805,0.18911027908325195,66.3591079711914,6.380092144012451,0.11867500096559525,-2.285064498730449e-15,0.9624749422073364,0.3589187264442444,0.002918750047683716,0.2270437479019165,280,1.4771170397942512e-15,0.8338813185691833,24.879091262817383,0.496487557888031,128.79612731933594,0.26596248149871826,128.79612731933594,0.12817682325839996,56.99050521850586,0.004743750672787428,109.92694091796875,0.8338813185691833,0.03275508061051369,0.004781249910593033,3.4221365451812744,0.016065746545791626,1776446739.8788662,12.558859825134277,0.2153874784708023,13.106096267700195,3.3512892723083496,21.58934783935547,0.013712501153349876,,,,,,,,,,,,,,,,
,842,,,,,,561,,,,,,,,,,24272.930421891,,,,,,,,,,,,280,,,,,,,,,,,,,,,,,1776446741.1548178,,,,,,,1.2946826219558716,52.09971237182617,0.12170589715242386,0.05117985978722572,0.06570923328399658,2.165438175201416,0.10751322656869888,0.42766982316970825,18.8022518157959,13.474014282226562,2.4740524291992188,46.56031036376953,0.10751322656869888,48.34888458251953,2.9009854793548584,3.162691831588745
0.1226978749036789,845,21.836273193359375,8.864520072937012,9.524407386779785,6.363213062286377,0.41062501072883606,562,58.85714340209961,0.02065896801650524,0.21772457659244537,0.3818814754486084,0.0016937499167397618,0.9910374283790588,0.0805250033736229,68.3507308959961,110.37115478515625,24355.754405065,0.0075812493450939655,21.836273193359375,0.18844467401504517,66.60540008544922,6.363213062286377,0.1188187524676323,1.208614371778216e-15,0.963131308555603,0.35935622453689575,0.002768749836832285,0.22772501409053802,281,1.3010968170912296e-15,0.8343687653541565,24.960908889770508,0.49697497487068176,129.321533203125,0.26614999771118164,129.321533203125,0.12811370193958282,57.260215759277344,0.004843749571591616,110.37115478515625,0.8343687653541565,0.03257618471980095,0.005125000607222319,3.4379191398620605,0.015999965369701385,1776446823.9764433,12.708898544311523,0.21580001711845398,13.04652214050293,3.368049144744873,21.679630279541016,0.014212502166628838,,,,,,,,,,,,,,,,
,845,,,,,,563,,,,,,,,,,24356.97718087,,,,,,,,,,,,281,,,,,,,,,,,,,,,,,1776446825.20159,,,,,,,1.4046876430511475,51.825660705566406,0.12302956730127335,0.05093762278556824,0.06547819823026657,2.168152332305908,0.10689425468444824,0.438215434551239,18.847261428833008,13.49995231628418,2.510920763015747,46.47727966308594,0.10689425468444824,48.34932327270508,2.9685237407684326,3.1790497303009033
0.120506651699543,848,16.58031463623047,8.601698875427246,9.2805757522583,6.356263160705566,0.41443127393722534,564,57.11697006225586,0.020768551155924797,0.21709439158439636,0.38165709376335144,0.0015062501188367605,0.9908313155174255,0.07775624841451645,66.31084442138672,107.26512145996094,24439.465750683,0.0071312496438622475,16.58031463623047,0.1837548166513443,64.66712188720703,6.356263160705566,0.11793124675750732,8.230178691337464e-16,0.9622125029563904,0.35771873593330383,0.0028249998576939106,0.22644998133182526,282,2.6089156876518693e-15,0.8324750661849976,24.22675895690918,0.49613121151924133,125.65160369873047,0.2651437520980835,125.65160369873047,0.12926404178142548,55.584590911865234,0.004368749912828207,107.26512145996094,0.8324750661849976,0.03283888101577759,0.004612499848008156,3.341796398162842,0.016076482832431793,1776446907.6880445,12.545767784118652,0.21945622563362122,13.050728797912598,3.282958507537842,21.087251663208008,0.013650000095367432,,,,,,,,,,,,,,,,
,848,,,,,,565,,,,,,,,,,24440.616330779,,,,,,,,,,,,282,,,,,,,,,,,,,,,,,1776446908.8410742,,,,,,,1.4204480648040771,52.14630126953125,0.12269813567399979,0.04939049482345581,0.0644417554140091,2.1533162593841553,0.10625378787517548,0.4281412363052368,18.791015625,13.46169376373291,2.5141189098358154,47.12714767456055,0.10625378787517548,48.349693298339844,2.956164598464966,3.175898551940918
