train/mcv_magnitude_std,val_fmap/animals/fmap_hks_wks/top5_acc,train/loss,val_fmap/animals/spectral_nn/top5_acc,val_fmap/animals/eval_B/lambda_01,val_fmap/animals/eval_B/lambda_100,val_fmap/animals/eval_A/lambda_01,val_fmap/animals/spectral_nn/ortho_error,val_fmap/animals/spectral_nn/diag_ratio,val_fmap/animals/spectral_nn/biject_error,train/stiffness_mean,val_fmap/animals/spectral_nn/geo_mean_error,val_fmap/animals/spectral_nn/geo_at_10pct,val_fmap/animals/eval_B/lambda_10,val_fmap/animals/spectral_nn/geo_at_25pct,train/LogAreaSupervisionLoss,val_fmap/animals/fmap_hks_wks/geo_mean_error,val_fmap/animals/fmap_hks_wks/median_error,train/stiffness_area_ratio_std,val_fmap/animals/eval_A/lambda_10,val_fmap/animals/eval_B/lambda_mean,val_fmap/animals/fmap_hks_wks/geo_at_10pct,_timestamp,val_fmap/animals/spectral_nn/mean_error,_runtime,train/area_mean,val_fmap/animals/eval_B/lambda_05,val_fmap/animals/eval_A/lambda_mean,val_fmap/animals/fmap_hks_wks/geo_at_05pct,epoch,val_fmap/animals/fmap_hks_wks/mean_error,val_fmap/animals/fmap_hks_wks/top10_acc,val_fmap/animals/fmap_hks_wks/ortho_error,val_fmap/animals/fmap_hks_wks/accuracy,val_fmap/animals/fmap_hks_wks/geo_at_25pct,val_fmap/animals/eval_B/lambda_50,val_fmap/animals/spectral_nn/top10_acc,val_fmap/animals/spectral_nn/geo_at_01pct,val_fmap/animals/eval_A/lambda_100,val_fmap/animals/spectral_nn/accuracy,val_fmap/animals/eval_A/lambda_05,train/cosine_similarity,val_fmap/animals/fmap_hks_wks/diag_ratio,val_fmap/animals/fmap_hks_wks/corr_error,train/mcv_magnitude_mean,train/GeneralizedGradientSupervisionLoss,val_fmap/animals/fmap_hks_wks/geomfum_accuracy,val_fmap/animals/eval_A/lambda_50,train/encoder_weight_norm,val_fmap/animals/eval_A/lambda_20,train/stiffness_max,_step,val_fmap/animals/fmap_hks_wks/top3_acc,val_fmap/animals/fmap_hks_wks/geo_at_01pct,val_fmap/geo@5%,val_fmap/animals/fmap_hks_wks/biject_error,val_fmap/animals/eval_B/lambda_max,train/stiffness_area_ratio_mean,val_fmap/animals/eval_B/lambda_20,val_fmap/animals/spectral_nn/corr_error,train/stiffness_std,val_fmap/animals/spectral_nn/top3_acc,train/area_std,val_fmap/animals/spectral_nn/geo_at_05pct,trainer/global_step,val_fmap/animals/spectral_nn/median_error,val_fmap/animals/eval_A/lambda_max
0.022167431190609932,,73.77863311767578,,,,,,,,0.017937513068318367,,,,,65.38794708251953,,,0.04276828095316887,,,,1776364040.6013525,,147.806000967,5.395755290985107,,,,0,,,,,,,,,,,,0.3835628628730774,,,0.03699168935418129,8.39067554473877,,,24.925256729125977,,0.12520602345466614,0,,,,,,0.36686915159225464,,,0.01192823238670826,,0.38422414660453796,,2,,
0.019569842144846916,,73.31563568115234,,,,,,,,0.01520449947565794,,,,,65.1184310913086,,,0.039391517639160156,,,,1776364048.1954947,,155.401370179,5.3019938468933105,,,,1,,,,,,,,,,,,0.38059914112091064,,,0.032305944710969925,8.197196006774902,,,24.92523193359375,,0.11232789605855942,1,,,,,,0.31695452332496643,,,0.010244491510093212,,0.3751447796821594,,5,,
0.017176948487758636,,72.84733581542969,,,,,,,,0.012675919570028782,,,,,64.84683227539062,,,0.03542156144976616,,,,1776364055.5861819,,162.790282396,5.210034370422363,,,,2,,,,,,,,,,,,0.3808938264846802,,,0.027594706043601036,8.00049877166748,,,24.925275802612305,,0.09447615593671799,2,,,,,,0.2691938579082489,,,0.008631483651697636,,0.37133631110191345,,8,,
0.014889420010149479,,72.35145568847656,,,,,,,,0.010381934233009815,,,,,64.56539916992188,,,0.03145010769367218,,,,1776364062.8117123,,170.015619642,5.114145755767822,,,,3,,,,,,,,,,,,0.37892207503318787,,,0.023349987342953682,7.7860636711120605,,,24.92538833618164,,0.0809091329574585,3,,,,,,0.2245611548423767,,,0.0072059291414916515,,0.3575674295425415,,11,,
0.012704428285360336,,71.8203353881836,,,,,,,,0.008291215635836124,,,,,64.25407409667969,,,0.02881217934191227,,,,1776364069.9261005,,177.130235433,5.014714241027832,,,,4,,,,,,,,,,,,0.379043847322464,,,0.01928151771426201,7.566258907318115,,,24.925569534301758,,0.06935909390449524,4,,,,,,0.183010533452034,,,0.005921091418713331,,0.35193294286727905,,14,,
0.010636155493557453,,71.33562469482422,,,,,,,,0.0064209625124931335,,,,,64.00497436523438,,,0.024973897263407707,,,,1776364077.3284345,,184.532569527,4.935371398925781,,,,5,,,,,,,,,,,,0.3760608732700348,,,0.015585004352033138,7.330644607543945,,,24.92582130432129,,0.05635997653007507,5,,,,,,0.14396408200263977,,,0.004713117145001888,,0.3563728332519531,,17,,
0.008635425940155983,,70.9085922241211,,,,,,,,0.004776401445269585,,,,,63.827537536621094,,,0.021260956302285194,,,,1776364085.1611192,,192.365708278,4.879097938537598,,,,6,,,,,,,,,,,,0.37816834449768066,,,0.012096812948584557,7.081056118011475,,,24.926158905029297,,0.04810149595141411,6,,,,,,0.10845531523227692,,,0.0036724659148603678,,0.35388442873954773,,20,,
0.006918400060385466,,70.40547943115234,,,,,,,,0.0033852418418973684,,,,,63.58640670776367,,,0.01782476343214512,,,,1776364092.43531,,199.639662365,4.80293083190918,,,,7,,,,,,,,,,,,0.3726711869239807,,,0.009177714586257935,6.819077968597412,,,24.926576614379883,,0.03883308917284012,7,,,,,,0.078011654317379,,,0.002760854084044695,,0.3465612828731537,,23,,
0.005340326577425003,,69.8973159790039,,,,,,,,0.002252025995403528,,,,,63.35529327392578,,,0.014277379959821701,,,,1776364100.4335978,,207.638364029,4.7327117919921875,,,,8,,,,,,,,,,,,0.37191346287727356,,,0.006666406989097595,6.5420241355896,,,24.927085876464844,,0.029967106878757477,8,,,,,,0.0528055876493454,,,0.0020297821611166,,0.3383493721485138,,26,,
0.003962889313697815,,69.4314193725586,,,,,,,,0.0014005053089931607,,,,,63.176185607910156,,,0.010919982567429543,,,,1776364107.7003317,,214.905314973,4.679468631744385,,,,9,,,,,,,,,,,,0.36365553736686707,,,0.004615552257746458,6.255232810974121,,,24.92769432067871,,0.023381052538752556,9,,,,,,0.033238060772418976,,,0.001436346210539341,,0.3326103985309601,,29,,
0.002859859261661768,,68.98541259765625,,,,,,,,0.0008472807239741087,,,,,63.0056266784668,,,0.007559522986412048,,,,1776364115.2285125,,222.433503994,4.627133846282959,,,,10,,,,,,,,,,,,0.35331207513809204,,,0.0032265828922390938,5.979782581329346,,,24.928388595581055,,0.019870147109031677,10,,,,,,0.020315300673246384,,,0.0010299786226823926,,0.326642245054245,,32,,
0.002130175707861781,,68.63719940185547,,,,,,,,0.0005952551728114486,,,,,62.84479904174805,,,0.005102182272821665,,,,1776364122.4715066,,229.675835726,4.576582431793213,,,,11,,,,,,,,,,,,0.34516680240631104,,,0.0024847802706062794,5.792399883270264,,,24.929153442382812,,0.01591453142464161,11,,,,,,0.01440594345331192,,,0.0008029646123759449,,0.3331575095653534,,35,,
0.0018673771992325783,,68.48229217529297,,,,,,,,0.0005903140990994871,,,,,62.70179748535156,,,0.004372379742562771,,,,1776364129.6651542,,236.86977901,4.5363078117370605,,,,12,,,,,,,,,,,,0.34102869033813477,,,0.0024013742804527283,5.780494213104248,,,24.929893493652344,,0.01674487441778183,12,,,,,,0.014375608414411545,,,0.0007836508448235691,,0.31946519017219543,,38,,
0.00195674248971045,,68.30760192871094,,,,,,,,0.0006518205045722425,,,,,62.498985290527344,,,0.0050672078505158424,,,,1776364136.7325566,,243.936972312,4.474442958831787,,,,13,,,,,,,,,,,,0.3493306636810303,,,0.0024721811059862375,5.808619499206543,,,24.9304141998291,,0.01635720580816269,13,,,,,,0.016057604923844337,,,0.0008265987271443009,,0.32445216178894043,,41,,
0.0019841562025249004,,68.0569839477539,,,,,,,,0.0006704534753225744,,,,,62.262290954589844,,,0.005674758926033974,,,,1776364143.8497262,,251.054014802,4.407746315002441,,,,14,,,,,,,,,,,,0.35648438334465027,,,0.002437450923025608,5.794692039489746,,,24.93067741394043,,0.018864385783672333,14,,,,,,0.01671917364001274,,,0.0008588999626226723,,0.31417420506477356,,44,,
0.001828799257054925,,67.76036834716797,,,,,,,,0.000612130737863481,,,,,62.027305603027344,,,0.0052183507941663265,,,,1776364151.0876737,,258.292326369,4.338420867919922,,,,15,,,,,,,,,,,,0.35918793082237244,,,0.002221493748947978,5.733065605163574,,,24.930740356445312,,0.01671040803194046,15,,,,,,0.015544271096587181,,,0.0007972437306307256,,0.3057324290275574,,47,,
0.0015865610912442207,,67.28797149658203,,,,,,,,0.0005339041235856712,,,,,61.64261245727539,,,0.004286404233425856,,,,1776364158.374647,,265.579501268,4.2337236404418945,,,,16,,,,,,,,,,,,0.35602352023124695,,,0.001980975503101945,5.645367622375488,,,24.930692672729492,,0.015481161884963512,16,,,,,,0.013910732232034206,,,0.0007172824698500335,,0.30318841338157654,,50,,
0.0014529902255162597,,66.870849609375,,,,,,,,0.0004913122393190861,,,,,61.2847785949707,,,0.0038317313883453608,,,,1776364165.8712718,,273.075687018,4.134406566619873,,,,17,,,,,,,,,,,,0.35613730549812317,,,0.00181486364454031,5.586062908172607,,,24.930673599243164,,0.014639883302152157,17,,,,,,0.013131449930369854,,,0.0006689514266327024,,0.29698801040649414,,53,,
0.0014761638594791293,,66.50997161865234,,,,,,,,0.0004984832485206425,,,,,60.94029235839844,,,0.00410480098798871,,,,1776364173.2487888,,280.452974122,4.040972709655762,,,,18,,,,,,,,,,,,0.3590189218521118,,,0.0018106772331520915,5.569684028625488,,,24.930782318115234,,0.013397579081356525,18,,,,,,0.013635838404297829,,,0.000671033572871238,,0.28655704855918884,,56,,
0.0015096847200766206,,66.2023696899414,,,,,,,,0.0005067036836408079,,,,,60.64851379394531,,,0.004362569656223059,,,,1776364180.5668547,,287.771483657,3.962836980819702,,,,19,,,,,,,,,,,,0.3584040105342865,,,0.0018099067965522408,5.553863525390625,,,24.93109703063965,,0.013831893913447857,19,,,,,,0.014142695814371109,,,0.0006740552489645779,,0.2727823555469513,,59,,
0.001419596723280847,,65.91921997070312,,,,,,,,0.00049360137199983,,,,,60.40214920043945,,,0.004303517751395702,,,,1776364187.7611191,,294.965517813,3.898162364959717,,,,20,,,,,,,,,,,,0.36524203419685364,,,0.0017402756493538618,5.517070293426514,,,24.931591033935547,,0.014354143291711807,20,,,,,,0.013986526988446712,,,0.0006616418831981719,,0.2690011262893677,,62,,
0.0013681763084605336,,65.62647247314453,,,,,,,,0.0004793596745003015,,,,,60.150390625,,,0.004260645713657141,,,,1776364195.1051986,,302.309485466,3.8316073417663574,,,,21,,,,,,,,,,,,0.3680107891559601,,,0.001672636833973229,5.476081371307373,,,24.932212829589844,,0.014481727033853531,21,,,,,,0.01382569968700409,,,0.0006534057320095599,,0.26213037967681885,,65,,
0.0013614658964797854,,65.3500747680664,,,,,,,,0.0004791447427123785,,,,,59.9007682800293,,,0.004465189296752214,,,,1776364202.26671,,309.47134136,3.7713754177093506,,,,22,,,,,,,,,,,,0.36636605858802795,,,0.0016800188459455967,5.449316501617432,,,24.932861328125,,0.013975033536553383,22,,,,,,0.014030310325324535,,,0.0006549374666064978,,0.2657725512981415,,68,,
0.001385701121762395,,65.04818725585938,,,,,,,,0.00048423459520563483,,,,,59.61737060546875,,,0.004692291375249624,,,,1776364209.4108388,,316.615247841,3.7005679607391357,,,,23,,,,,,,,,,,,0.3701625168323517,,,0.0017202351009473205,5.43082857131958,,,24.933452606201172,,0.014929987490177155,23,,,,,,0.014463496394455433,,,0.0006655482575297356,,0.2560359835624695,,71,,
0.0013527610572054982,,64.75672149658203,,,,,,,,0.000487190845888108,,,,,59.347801208496094,,,0.004931739065796137,,,,1776364216.830088,,324.034287087,3.633950710296631,,,,24,,,,,,,,,,,,0.3706319034099579,,,0.0017442659009248018,5.4089202880859375,,,24.933958053588867,,0.01415185909718275,24,,,,,,0.014806375838816166,,,0.0006653870805166662,,0.2543998062610626,,74,,
0.0013928014086559415,,64.43932342529297,,,,,,,,0.000489424099214375,,,,,59.05183029174805,,,0.005211474373936653,,,,1776364223.972936,,331.176983934,3.561577081680298,,,,25,,,,,,,,,,,,0.3759922981262207,,,0.0017833388410508633,5.3874921798706055,,,24.934402465820312,,0.013938126154243946,25,,,,,,0.015176158398389816,,,0.0006729631568305194,,0.25006189942359924,,77,,
0.0014524749713018537,,64.10932159423828,,,,,,,,0.0004979678778909147,,,,,58.74380111694336,,,0.005520109552890062,,,,1776364231.1955914,,338.400214824,3.488234043121338,,,,26,,,,,,,,,,,,0.3704304099082947,,,0.0018363367998972535,5.365532398223877,,,24.934844970703125,,0.014887514524161816,26,,,,,,0.01575569249689579,,,0.0006853293161839247,,0.24424830079078674,,80,,
0.0014910425525158644,,63.8889274597168,,,,,,,,0.0005043736309744418,,,,,58.54088592529297,,,0.005727692972868681,,,,1776364238.3624773,,345.567037377,3.4418604373931885,,,,27,,,,,,,,,,,,0.37087997794151306,,,0.001898967195302248,5.348042011260986,,,24.935340881347656,,0.015627847984433174,27,,,,,,0.016200238838791847,,,0.0006983397179283202,,0.24005314707756042,,83,,
0.0015636878088116646,,63.5705451965332,,,,,,,,0.0005142632871866226,,,,,58.23193359375,,,0.00621252553537488,,,,1776364245.5171237,,352.721554166,3.369497776031494,,,,28,,,,,,,,,,,,0.37304481863975525,,,0.0020047530997544527,5.338608741760254,,,24.935888290405273,,0.014929893426597118,28,,,,,,0.01688680425286293,,,0.0007105509866960347,,0.2423216700553894,,86,,
0.0015630910638719797,,63.26950454711914,,,,,,,,0.0005229021771810949,,,,,57.948787689208984,,,0.006535167805850506,,,,1776364252.8503752,,360.055495775,3.3050124645233154,,,,29,,,,,,,,,,,,0.3728867471218109,,,0.0021003142464905977,5.320711612701416,,,24.93645668029785,,0.0161820650100708,29,,,,,,0.017493823543190956,,,0.000722070224583149,,0.2360948920249939,,89,,
0.001668846234679222,,62.998294830322266,,,,,,,,0.0005350835854187608,,,,,57.68575668334961,,,0.007012720685452223,,,,1776364260.0211468,,367.226009849,3.245631694793701,,,,30,,,,,,,,,,,,0.37423384189605713,,,0.0022041690535843372,5.312543869018555,,,24.936979293823242,,0.015584424138069153,30,,,,,,0.018215272575616837,,,0.0007420461624860764,,0.22540736198425293,,92,,
0.0018017200054600835,,62.70354080200195,,,,,,,,0.0005462235421873629,,,,,57.4039306640625,,,0.007651046849787235,,,,1776364267.160205,,374.364591513,3.1839890480041504,,,,31,,,,,,,,,,,,0.37475964426994324,,,0.0023321891203522682,5.299610137939453,,,24.93743896484375,,0.016406625509262085,31,,,,,,0.018968870863318443,,,0.0007611599867232144,,0.22408819198608398,,95,,
0.0018516770796850324,,62.42272186279297,,,,,,,,0.0005568226333707571,,,,,57.13343811035156,,,0.007998254150152206,,,,1776364274.2842152,,381.488814653,3.1257760524749756,,,,32,,,,,,,,,,,,0.3720867335796356,,,0.002440148964524269,5.28928804397583,,,24.93785285949707,,0.016919605433940887,32,,,,,,0.019677400588989258,,,0.0007769047515466809,,0.21797986328601837,,98,,
0.001936224289238453,,62.133697509765625,,,,,,,,0.0005680727772414684,,,,,56.8484001159668,,,0.008538825437426567,,,,1776364281.7154617,,388.919678925,3.0656914710998535,,,,33,,,,,,,,,,,,0.37461939454078674,,,0.0025612839963287115,5.2852983474731445,,,24.938257217407227,,0.015979617834091187,33,,,,,,0.02046295814216137,,,0.0007891603745520115,,0.21632547676563263,,101,,
0.0020176228135824203,,61.85811996459961,,,,,,,,0.0005805912078358233,,,,,56.58482360839844,,,0.00911063700914383,,,,1776364288.875983,,396.080169358,3.0138654708862305,,,,34,,,,,,,,,,,,0.3765576183795929,,,0.002694816095754504,5.2732930183410645,,,24.938671112060547,,0.017345314845442772,34,,,,,,0.02131250873208046,,,0.0008105809101834893,,0.2168804109096527,,104,,
0.0021574581041932106,,61.56885528564453,,,,,,,,0.000597815087530762,,,,,56.30223846435547,,,0.010129250586032867,,,,1776364296.065592,,403.270128089,2.951270580291748,,,,35,,,,,,,,,,,,0.36816126108169556,,,0.0028571065049618483,5.2666120529174805,,,24.93907928466797,,0.017389902845025063,35,,,,,,0.022451763972640038,,,0.0008402621606364846,,0.2119428962469101,,107,,
0.0022055988665670156,,61.313743591308594,,,,,,,,0.000610126182436943,,,,,56.051658630371094,,,0.01049122679978609,,,,1776364303.1971412,,410.402003865,2.9006810188293457,,,,36,,,,,,,,,,,,0.37633559107780457,,,0.0029643091838806868,5.262086391448975,,,24.93946647644043,,0.017343908548355103,36,,,,,,0.023261135444045067,,,0.0008547724573872983,,0.20434945821762085,,110,,
0.0024000925477594137,,61.03043746948242,,,,,,,,0.0006254722829908133,,,,,55.776180267333984,,,0.011182264424860477,,,,1776364310.2935436,,417.498084776,2.8476264476776123,,,,37,,,,,,,,,,,,0.37138310074806213,,,0.0031194661278277636,5.254260063171387,,,24.939817428588867,,0.01849982887506485,37,,,,,,0.02427803725004196,,,0.0008842599345371127,,0.2016044557094574,,113,,
0.002518893452361226,,60.73345184326172,,,,,,,,0.0006394559168256819,,,,,55.48688888549805,,,0.011958175338804722,,,,1776364317.4432313,,424.647941448,2.792255163192749,,,,38,,,,,,,,,,,,0.36889341473579407,,,0.0032923277467489243,5.246561050415039,,,24.94014549255371,,0.018610553815960884,38,,,,,,0.025326063856482506,,,0.0009050554945133626,,0.2029317021369934,,116,,
0.0026928784791380167,,60.4576301574707,,,,,,,,0.0006523116608150303,,,,,55.21792221069336,,,0.012606450356543064,,,,1776364324.6197937,,431.824256973,2.739609479904175,,,,39,,,,,,,,,,,,0.3777482807636261,,,0.0034115263260900974,5.239708423614502,,,24.940467834472656,,0.019794277846813202,39,,,,,,0.02631760574877262,,,0.0009298544027842581,,0.19407117366790771,,119,,
0.0028253246564418077,,60.16539001464844,,,,,,,,0.000668277672957629,,,,,54.93362045288086,,,0.013431809842586517,,,,1776364331.7849267,,438.989243525,2.685678005218506,,,,40,,,,,,,,,,,,0.3676146864891052,,,0.003604792058467865,5.231773376464844,,,24.940784454345703,,0.020518269389867783,40,,,,,,0.02745109610259533,,,0.0009501716704107821,,0.19238631427288055,,122,,
0.002957938937470317,,59.9289436340332,,,,,,,,0.0006827478064224124,,,,,54.69821548461914,,,0.014336390420794487,,,,1776364339.0435832,,446.247989093,2.641583204269409,,,,41,,,,,,,,,,,,0.3792189061641693,,,0.003703212831169367,5.2307305335998535,,,24.941116333007812,,0.019593272358179092,41,,,,,,0.02856973558664322,,,0.0009741951944306493,,0.1911028027534485,,125,,
0.0030691802967339754,,59.65792465209961,,,,,,,,0.00069866341073066,,,,,54.43293380737305,,,0.015195444226264954,,,,1776364346.5415134,,453.746093479,2.592649459838867,,,,42,,,,,,,,,,,,0.37375375628471375,,,0.003888523206114769,5.224989414215088,,,24.941431045532227,,0.020240647718310356,42,,,,,,0.029720382764935493,,,0.0009993351995944977,,0.17961552739143372,,128,,
0.0032459397334605455,,59.37977981567383,,,,,,,,0.0007126854034140706,,,,,54.1568489074707,,,0.016277538612484932,,,,1776364353.8969107,,461.101263314,2.5424046516418457,,,,43,,,,,,,,,,,,0.3741740584373474,,,0.004059548955410719,5.222934246063232,,,24.941722869873047,,0.021403025835752487,43,,,,,,0.031035158783197403,,,0.0010289662750437856,,0.18659734725952148,,131,,
0.00340887438505888,,59.093788146972656,,,,,,,,0.0007265482563525438,,,,,53.88060760498047,,,0.016936611384153366,,,,1776364361.0326006,,468.237546803,2.493353843688965,,,,44,,,,,,,,,,,,0.3747319281101227,,,0.004217325709760189,5.213181018829346,,,24.942018508911133,,0.02086515538394451,44,,,,,,0.03219522908329964,,,0.001038640271872282,,0.1753808557987213,,134,,
0.003531010588631034,,58.83823013305664,,,,,,,,0.0007422256167046726,,,,,53.62844467163086,,,0.0180710107088089,,,,1776364368.2589667,,475.463256648,2.4506566524505615,,,,45,,,,,,,,,,,,0.379739373922348,,,0.004374590236693621,5.209784507751465,,,24.94231605529785,,0.021947475150227547,45,,,,,,0.03342923894524574,,,0.001073639141395688,,0.1750165820121765,,137,,
0.0036856476217508316,,58.57645034790039,,,,,,,,0.0007604435086250305,,,,,53.36783218383789,,,0.01915968768298626,,,,1776364375.510442,,482.71513902,2.4048311710357666,,,,46,,,,,,,,,,,,0.3731233775615692,,,0.004556942731142044,5.208618640899658,,,24.94260597229004,,0.02039860002696514,46,,,,,,0.03491511940956116,,,0.001091899466700852,,0.17365048825740814,,140,,
0.003939076326787472,,58.303768157958984,,,,,,,,0.0007749354699626565,,,,,53.10209655761719,,,0.02015630155801773,,,,1776364382.8404887,,490.04489532,2.361017942428589,,,,47,,,,,,,,,,,,0.3726786673069,,,0.0047690230421721935,5.201678276062012,,,24.942901611328125,,0.022074759006500244,47,,,,,,0.03625309467315674,,,0.001126672956161201,,0.16904765367507935,,143,,
0.004000600893050432,,58.11592483520508,,,,,,,,0.0007903151563368738,,,,,52.918033599853516,,,0.02107764407992363,,,,1776364390.181823,,497.386153229,2.330679416656494,,,,48,,,,,,,,,,,,0.38233259320259094,,,0.004879305604845285,5.19788932800293,,,24.943191528320312,,0.02244279906153679,48,,,,,,0.03741573914885521,,,0.0011411984451115131,,0.17075802385807037,,146,,
0.004261915106326342,,57.85106658935547,,,,,,,,0.0008072361815720797,,,,,52.660343170166016,,,0.022538548335433006,,,,1776364398.671975,,505.877136289,2.2853400707244873,,,,49,,,,,,,,,,,,0.3736476004123688,,,0.005077649839222431,5.1907267570495605,,,24.9434871673584,,0.02292194403707981,49,,,,,,0.03907099366188049,,,0.0011783301597461104,,0.16185222566127777,,149,,
0.004483755212277174,,57.59043502807617,,,,,,,,0.0008241726318374276,,,,,52.399269104003906,,,0.02359832264482975,,,,1776364405.5647068,,512.769443311,2.2454984188079834,,,,50,,,,,,,,,,,,0.3780424892902374,,,0.005290512926876545,5.191165447235107,,,24.943777084350586,,0.023626957088708878,50,,,,,,0.04056992009282112,,,0.001206885906867683,,0.1609923541545868,,152,,
0.004544768948107958,,57.385398864746094,,,,,,,,0.0008427794673480093,,,,,52.19959259033203,,,0.02461560256779194,,,,1776364412.8872015,,520.091482751,2.212211847305298,,,,51,,,,,,,,,,,,0.3791164755821228,,,0.005481883883476257,5.185810089111328,,,24.944063186645508,,0.0233310479670763,51,,,,,,0.041980355978012085,,,0.0012243131641298532,,0.1547466218471527,,155,,
0.004839130211621523,,57.147647857666016,,,,,,,,0.0008634673431515694,,,,,51.96516418457031,,,0.026183633133769035,,,,1776364420.0816667,,527.285972929,2.1753695011138916,,,,52,,,,,,,,,,,,0.376326322555542,,,0.005730651784688234,5.182485580444336,,,24.944360733032227,,0.02435191720724106,52,,,,,,0.043860699981451035,,,0.001274166046641767,,0.15808729827404022,,158,,
0.0051056076772511005,,56.88167190551758,,,,,,,,0.0008796883630566299,,,,,51.69938659667969,,,0.027553612366318703,,,,1776364427.353431,,534.557752855,2.1337344646453857,,,,53,,,,,,,,,,,,0.37338027358055115,,,0.005971426144242287,5.18228006362915,,,24.944650650024414,,0.02573144994676113,53,,,,,,0.045545995235443115,,,0.0012893638340756297,,0.15499114990234375,,161,,
0.005401968490332365,,56.67229080200195,,,,,,,,0.0008986350148916245,,,,,51.49607849121094,,,0.028855135664343834,,,,1776364434.5657732,,541.770352343,2.102215051651001,,,,54,,,,,,,,,,,,0.37526363134384155,,,0.006189344916492701,5.176219463348389,,,24.944944381713867,,0.027016127482056618,54,,,,,,0.047195956110954285,,,0.0013314473908394575,,0.14831431210041046,,164,,
0.005504833068698645,,56.48678970336914,,,,,,,,0.0009131819824688137,,,,,51.313087463378906,,,0.030087336897850037,,,,1776364441.8651204,,549.069379456,2.0753886699676514,,,,55,,,,,,,,,,,,0.37898990511894226,,,0.0063896761275827885,5.173707485198975,,,24.94523048400879,,0.025520317256450653,55,,,,,,0.04860251769423485,,,0.001354546518996358,,0.14968259632587433,,167,,
0.005727723706513643,,56.22697830200195,,,,,,,,0.0009367283200845122,,,,,51.0572509765625,,,0.031593095511198044,,,,1776364449.2541206,,556.458659617,2.038057327270508,,,,56,,,,,,,,,,,,0.3810553252696991,,,0.00654881726950407,5.169731616973877,,,24.945520401000977,,0.025192223489284515,56,,,,,,0.05063964053988457,,,0.0013805781491100788,,0.14187635481357574,,170,,
0.006166511215269566,,56.01531982421875,,,,,,,,0.0009551648399792612,,,,,50.8459587097168,,,0.03347519412636757,,,,1776364456.6694503,,563.87405966,2.0067639350891113,,,,57,,,,,,,,,,,,0.37786322832107544,,,0.0069030048325657845,5.169360637664795,,,24.94580841064453,,0.027628885582089424,57,,,,,,0.05252336338162422,,,0.0014242478646337986,,0.14344748854637146,,173,,
0.006239347625523806,,55.864646911621094,,,,,,,,0.0009730436140671372,,,,,50.70176696777344,,,0.034978561103343964,,,,1776364463.8055823,,571.009508796,1.9836606979370117,,,,58,,,,,,,,,,,,0.3805118799209595,,,0.007019590586423874,5.162881374359131,,,24.946094512939453,,0.02786339446902275,58,,,,,,0.054230816662311554,,,0.00145202805288136,,0.14078733325004578,,176,,
0.006503884680569172,,55.60636901855469,,,,,,,,0.0009970426326617599,,,,,50.447906494140625,,,0.036419179290533066,,,,1776364471.2026145,,578.407223106,1.9485701322555542,,,,59,,,,,,,,,,,,0.37435540556907654,,,0.007362027186900377,5.158458232879639,,,24.946382522583008,,0.02804780937731266,59,,,,,,0.05655378848314285,,,0.0014930147444829345,,0.14477910101413727,,179,,
0.006803739815950394,,55.462982177734375,,,,,,,,0.0010134284384548664,,,,,50.30485153198242,,,0.03764009103178978,,,,1776364478.856038,,586.060736952,1.928263783454895,,,,60,,,,,,,,,,,,0.3791969418525696,,,0.007548887748271227,5.158134937286377,,,24.946678161621094,,0.029780838638544083,60,,,,,,0.05792944133281708,,,0.0015211348654702306,,0.14040446281433105,,182,,
0.007178891450166702,,55.23167419433594,,,,,,,,0.0010308845667168498,,,,,50.07522964477539,,,0.03984832391142845,,,,1776364486.172774,,593.376935561,1.8969050645828247,,,,61,,,,,,,,,,,,0.3766695261001587,,,0.007827972061932087,5.156439781188965,,,24.946962356567383,,0.02989332564175129,61,,,,,,0.06003072112798691,,,0.0015500746667385101,,0.1357140988111496,,185,,
0.007221160922199488,,55.068111419677734,,,,,,,,0.0010544260730966926,,,,,49.91422653198242,,,0.041378770023584366,,,,1776364493.27078,,600.475190111,1.8740718364715576,,,,62,,,,,,,,,,,,0.3772384524345398,,,0.008087828755378723,5.15388298034668,,,24.947248458862305,,0.03099912405014038,62,,,,,,0.06203990429639816,,,0.001584532088600099,,0.13285981118679047,,188,,
0.0074783386662602425,,54.908203125,,,,,,,,0.0010745901381596923,,,,,49.75912094116211,,,0.04219340160489082,,,,1776364500.5333152,,607.73797284,1.8516347408294678,,,,63,,,,,,,,,,,,0.3760545551776886,,,0.008308048360049725,5.149080276489258,,,24.947538375854492,,0.03078734688460827,63,,,,,,0.06391075998544693,,,0.001617039437405765,,0.1335655301809311,,191,,
0.008005144074559212,,54.70821762084961,,,,,,,,0.0010956507176160812,,,,,49.56433868408203,,,0.045075301080942154,,,,1776364507.6778653,,614.882911384,1.8269213438034058,,,,64,,,,,,,,,,,,0.38187453150749207,,,0.00863570161163807,5.1438798904418945,,,24.947826385498047,,0.030560249462723732,64,,,,,,0.06626708805561066,,,0.0016562292585149407,,0.13328513503074646,,194,,
0.008136424235999584,,54.59202575683594,,,,,,,,0.001115631079301238,,,,,49.44615173339844,,,0.04637356474995613,,,,1776364514.938805,,622.143302561,1.8091580867767334,,,,65,,,,,,,,,,,,0.37828144431114197,,,0.008934969082474709,5.14586877822876,,,24.948110580444336,,0.029343586415052414,65,,,,,,0.06799232214689255,,,0.001671843696385622,,0.12642981112003326,,197,,
0.008402403444051743,,54.38142395019531,,,,,,,,0.0011384267127141356,,,,,49.23754119873047,,,0.04843223839998245,,,,1776364522.0813127,,629.285548088,1.7812718152999878,,,,66,,,,,,,,,,,,0.38224101066589355,,,0.00924382358789444,5.14388370513916,,,24.948396682739258,,0.0306562390178442,66,,,,,,0.07068133354187012,,,0.0017107828753069043,,0.13138878345489502,,200,,
0.008745629340410233,,54.2292594909668,,,,,,,,0.0011598445707932115,,,,,49.089412689208984,,,0.050825200974941254,,,,1776364529.4331062,,636.637822915,1.7628597021102905,,,,67,,,,,,,,,,,,0.3820381462574005,,,0.009435610845685005,5.139845371246338,,,24.94867515563965,,0.03306280076503754,67,,,,,,0.07272262126207352,,,0.001771325245499611,,0.1273479014635086,,203,,
0.009074420668184757,,54.123958587646484,,,,,,,,0.001179391983896494,,,,,48.98403549194336,,,0.052262622863054276,,,,1776364536.710604,,643.9152474,1.7482517957687378,,,,68,,,,,,,,,,,,0.38450437784194946,,,0.009648212231695652,5.139917373657227,,,24.948957443237305,,0.03257552906870842,68,,,,,,0.07446202635765076,,,0.0017802268266677856,,0.12607596814632416,,206,,
0.009370551444590092,,53.955482482910156,,,,,,,,0.001199462334625423,,,,,48.82079315185547,,,0.0535038560628891,,,,1776364544.0708187,,651.275708412,1.7269450426101685,,,,69,,,,,,,,,,,,0.37785229086875916,,,0.010033920407295227,5.134685039520264,,,24.949234008789062,,0.03547541797161102,69,,,,,,0.07668717205524445,,,0.0018294034525752068,,0.123552605509758,,209,,
0.009677610360085964,,53.798423767089844,,,,,,,,0.0012242376105859876,,,,,48.66588592529297,,,0.05597681552171707,,,,1776364551.1849623,,658.389021666,1.708276391029358,,,,70,,,,,,,,,,,,0.3786149322986603,,,0.010303723625838757,5.132538795471191,,,24.94951629638672,,0.03542725741863251,70,,,,,,0.07903482764959335,,,0.0018780718091875315,,0.12490727752447128,,212,,
0.009738242253661156,,53.66849899291992,,,,,,,,0.001245026825927198,,,,,48.53691864013672,,,0.05731407180428505,,,,1776364558.5682015,,665.772771738,1.6918673515319824,,,,71,,,,,,,,,,,,0.385051429271698,,,0.010489002801477909,5.1315789222717285,,,24.949790954589844,,0.03678731247782707,71,,,,,,0.0810573399066925,,,0.0018907046178355813,,0.12069971859455109,,215,,
0.010260951705276966,,53.546600341796875,,,,,,,,0.001266256789676845,,,,,48.413516998291016,,,0.05953027680516243,,,,1776364565.7599866,,672.96418631,1.6751552820205688,,,,72,,,,,,,,,,,,0.38679206371307373,,,0.010875697247684002,5.133085250854492,,,24.9500675201416,,0.03644799068570137,72,,,,,,0.08344731479883194,,,0.0019420137396082282,,0.11734043061733246,,218,,
0.010463755577802658,,53.3873291015625,,,,,,,,0.0012878087582066655,,,,,48.26094436645508,,,0.06110799312591553,,,,1776364573.108145,,680.313785147,1.656797170639038,,,,73,,,,,,,,,,,,0.3808598220348358,,,0.011121705174446106,5.1263861656188965,,,24.950340270996094,,0.036986690014600754,73,,,,,,0.08571168035268784,,,0.001956632826477289,,0.12012290954589844,,221,,
0.01069239154458046,,53.2912712097168,,,,,,,,0.0013151353923603892,,,,,48.162296295166016,,,0.06298889964818954,,,,1776364580.7598684,,687.964075892,1.6455726623535156,,,,74,,,,,,,,,,,,0.38823363184928894,,,0.011397556401789188,5.128978729248047,,,24.950611114501953,,0.03748195618391037,74,,,,,,0.08800727874040604,,,0.002009269082918763,,0.12329515814781189,,224,,
0.01136185135692358,,53.1319465637207,,,,,,,,0.001339971786364913,,,,,48.00728988647461,,,0.06682449579238892,,,,1776364587.8768904,,695.08188716,1.6247508525848389,,,,75,,,,,,,,,,,,0.38027626276016235,,,0.011842135339975357,5.124653339385986,,,24.950881958007812,,0.04046275466680527,75,,,,,,0.0910852700471878,,,0.00206961203366518,,0.12148893624544144,,227,,
0.011515865102410316,,53.03826141357422,,,,,,,,0.001355865621007979,,,,,47.914955139160156,,,0.06752744317054749,,,,1776364594.9741468,,702.178493708,1.6142220497131348,,,,76,,,,,,,,,,,,0.3772188425064087,,,0.01200323086231947,5.123310089111328,,,24.951156616210938,,0.039875324815511703,76,,,,,,0.09268637746572495,,,0.0021000620909035206,,0.11952333897352219,,230,,
0.011694558896124363,,52.8991813659668,,,,,,,,0.0013795847771689296,,,,,47.77952575683594,,,0.06896918267011642,,,,1776364602.221341,,709.425966642,1.598401665687561,,,,77,,,,,,,,,,,,0.3839355409145355,,,0.012330845929682255,5.119656085968018,,,24.951431274414062,,0.03692679852247238,77,,,,,,0.09523955732584,,,0.0021131099201738834,,0.11391915380954742,,233,,
0.011897633783519268,,52.77867126464844,,,,,,,,0.0014031645841896534,,,,,47.658817291259766,,,0.07130588591098785,,,,1776364609.4138048,,716.618437213,1.5830633640289307,,,,78,,,,,,,,,,,,0.38341835141181946,,,0.012633761391043663,5.119853496551514,,,24.95169448852539,,0.03859414532780647,78,,,,,,0.09779403358697891,,,0.0021629726979881525,,0.1132982149720192,,236,,
0.012139805592596531,,52.668540954589844,,,,,,,,0.0014258376322686672,,,,,47.550071716308594,,,0.0730658695101738,,,,1776364616.7270994,,723.931752465,1.5706332921981812,,,,79,,,,,,,,,,,,0.3799837529659271,,,0.012889622710645199,5.118467807769775,,,24.95196533203125,,0.04328206926584244,79,,,,,,0.10009505599737167,,,0.002206676872447133,,0.1139385998249054,,239,,
0.012746582739055157,,52.58118438720703,,,,,,,,0.0014470427995547652,,,,,47.467559814453125,,,0.07606196403503418,,,,1776364623.9458392,,731.150421803,1.5612921714782715,,,,80,,,,,,,,,,,,0.37884923815727234,,,0.013174066320061684,5.113626003265381,,,24.952238082885742,,0.03959044814109802,80,,,,,,0.10216899961233139,,,0.00224009295925498,,0.11355921626091003,,242,,
0.012933056801557541,,52.46781921386719,,,,,,,,0.0014745286898687482,,,,,47.35338592529297,,,0.07722773402929306,,,,1776364631.4520948,,738.656521331,1.5473666191101074,,,,81,,,,,,,,,,,,0.38657858967781067,,,0.013529887422919273,5.114431381225586,,,24.952497482299805,,0.042117320001125336,81,,,,,,0.10477898269891739,,,0.0022817174904048443,,0.11123335361480713,,245,,
0.01331368088722229,,52.379974365234375,,,,,,,,0.0014934594510123134,,,,,47.266502380371094,,,0.08022582530975342,,,,1776364638.7092178,,745.914427366,1.5369977951049805,,,,82,,,,,,,,,,,,0.38385435938835144,,,0.013935561291873455,5.113468647003174,,,24.952760696411133,,0.042345840483903885,82,,,,,,0.10730842500925064,,,0.0023142294958233833,,0.11112060397863388,,248,,
0.01366479229182005,,52.291725158691406,,,,,,,,0.0015133068663999438,,,,,47.17884826660156,,,0.08163782954216003,,,,1776364645.952,,753.156207281,1.5272533893585205,,,,83,,,,,,,,,,,,0.38087198138237,,,0.014220722950994968,5.112875461578369,,,24.953031539916992,,0.042556773871183395,83,,,,,,0.10937070101499557,,,0.002344170119613409,,0.10818682610988617,,251,,
0.014079829677939415,,52.195411682128906,,,,,,,,0.0015396811068058014,,,,,47.08442306518555,,,0.08454976230859756,,,,1776364653.1047497,,760.309082883,1.5160373449325562,,,,84,,,,,,,,,,,,0.38473406434059143,,,0.014496702700853348,5.110995292663574,,,24.953292846679688,,0.04706926643848419,84,,,,,,0.11204023659229279,,,0.0023999910335987806,,0.1082172617316246,,254,,
0.014143644832074642,,52.125328063964844,,,,,,,,0.0015622599748894572,,,,,47.01730728149414,,,0.08631877601146698,,,,1776364660.4460926,,767.650711918,1.5087769031524658,,,,85,,,,,,,,,,,,0.37981128692626953,,,0.014738445170223713,5.108025550842285,,,24.95355224609375,,0.0445217527449131,85,,,,,,0.11438506096601486,,,0.002423081314191222,,0.11209625005722046,,257,,
0.014583220705389977,,51.99427795410156,,,,,,,,0.0015863098669797182,,,,,46.884864807128906,,,0.08825048804283142,,,,1776364667.6292045,,774.833782761,1.4949333667755127,,,,86,,,,,,,,,,,,0.3781461715698242,,,0.015062300488352776,5.109412670135498,,,24.95380401611328,,0.0432935506105423,86,,,,,,0.11671809107065201,,,0.0024660134222358465,,0.11008846014738083,,260,,
0.014880647882819176,,51.934539794921875,,,,,,,,0.0016116102924570441,,,,,46.82791519165039,,,0.08987178653478622,,,,1776364674.8713188,,782.075959813,1.4878886938095093,,,,87,,,,,,,,,,,,0.37786248326301575,,,0.015512637794017792,5.106627464294434,,,24.954063415527344,,0.04744221270084381,87,,,,,,0.11903946101665497,,,0.0025067694950848818,,0.10937274992465973,,263,,
0.01513355690985918,,51.86040115356445,,,,,,,,0.001632758299820125,,,,,46.75791549682617,,,0.09243068099021912,,,,1776364682.2199266,,789.424570957,1.479408621788025,,,,88,,,,,,,,,,,,0.38539770245552063,,,0.015636174008250237,5.102485179901123,,,24.954320907592773,,0.04489107057452202,88,,,,,,0.12173198908567429,,,0.0025134198367595673,,0.10984449833631516,,266,,
0.01547323539853096,,51.77873229980469,,,,,,,,0.0016539898933842778,,,,,46.673439025878906,,,0.09360343962907791,,,,1776364689.3111832,,796.516132027,1.4694770574569702,,,,89,,,,,,,,,,,,0.3818065822124481,,,0.01599482260644436,5.1052961349487305,,,24.95456886291504,,0.045169536024332047,89,,,,,,0.12406987696886063,,,0.002547703916206956,,0.10782324522733688,,269,,
0.015852950513362885,,51.65472412109375,,,,,,,,0.001677343505434692,,,,,46.552520751953125,,,0.0972212553024292,,,,1776364696.468426,,803.673267617,1.4571130275726318,,,,90,,,,,,,,,,,,0.3860039710998535,,,0.01623951457440853,5.102205276489258,,,24.954816818237305,,0.04829053953289986,90,,,,,,0.12697674334049225,,,0.0026151034981012344,,0.10872077941894531,,272,,
0.016200505197048187,,51.594669342041016,,,,,,,,0.0016974941827356815,,,,,46.493770599365234,,,0.0993712767958641,,,,1776364703.7777286,,810.982110822,1.4489351511001587,,,,91,,,,,,,,,,,,0.3837273418903351,,,0.016572434455156326,5.1009016036987305,,,24.95506477355957,,0.044960301369428635,91,,,,,,0.12945911288261414,,,0.0026446469128131866,,0.10775681585073471,,275,,
0.016698764637112617,,51.48854064941406,,,,,,,,0.0017240659799426794,,,,,46.38648986816406,,,0.1015145555138588,,,,1776364711.0450423,,818.249639224,1.437890887260437,,,,92,,,,,,,,,,,,0.385058730840683,,,0.017051292583346367,5.102052688598633,,,24.955310821533203,,0.049812741577625275,92,,,,,,0.1319870799779892,,,0.0026935620699077845,,0.10468591749668121,,278,,
0.0168535728007555,,51.46591567993164,,,,,,,,0.0017426989506930113,,,,,46.3624267578125,,,0.10321330279111862,,,,1776364718.2768366,,825.481712327,1.4354839324951172,,,,93,,,,,,,,,,,,0.3811904191970825,,,0.017266297712922096,5.103493690490723,,,24.95555877685547,,0.04958748444914818,93,,,,,,0.13355323672294617,,,0.002709554973989725,,0.10254797339439392,,281,,
0.017332367599010468,,51.396175384521484,,,,,,,,0.0017653791001066566,,,,,46.29655456542969,,,0.10538943856954575,,,,1776364725.4365504,,832.641199625,1.42677640914917,,,,94,,,,,,,,,,,,0.3812161386013031,,,0.0175784882158041,5.099623680114746,,,24.9558048248291,,0.04657614976167679,94,,,,,,0.13659058511257172,,,0.002742588985711336,,0.10387784242630005,,284,,
0.0176705289632082,,51.32240295410156,,,,,,,,0.001787226414307952,,,,,46.226139068603516,,,0.10829745978116989,,,,1776364732.4835896,,839.688209222,1.419027328491211,,,,95,,,,,,,,,,,,0.38348981738090515,,,0.017891954630613327,5.096264839172363,,,24.956043243408203,,0.04926096647977829,95,,,,,,0.13915634155273438,,,0.0028106188401579857,,0.10031969100236893,,287,,
0.018229790031909943,,51.196510314941406,,,,,,,,0.0018111959798261523,,,,,46.09979248046875,,,0.11138293147087097,,,,1776364739.7197978,,846.924455689,1.4062398672103882,,,,96,,,,,,,,,,,,0.3813896179199219,,,0.018338173627853394,5.096722602844238,,,24.956289291381836,,0.052735812962055206,96,,,,,,0.14210906624794006,,,0.002844318049028516,,0.10129285603761673,,290,,
0.018143832683563232,,51.13933181762695,,,,,,,,0.0018311418825760484,,,,,46.03969192504883,,,0.11231163144111633,,,,1776364747.3183775,,854.523186051,1.4003123044967651,,,,97,,,,,,,,,,,,0.3867959678173065,,,0.01852041855454445,5.099641799926758,,,24.956539154052734,,0.04873969405889511,97,,,,,,0.1442580372095108,,,0.002844490809366107,,0.10612437129020691,,293,,
0.018557637929916382,,51.0308837890625,,,,,,,,0.0018539049196988344,,,,,45.93657684326172,,,0.11464829742908478,,,,1776364754.338212,,861.543296262,1.3899632692337036,,,,98,,,,,,,,,,,,0.3823244869709015,,,0.0187931377440691,5.094303131103516,,,24.95677375793457,,0.05043456330895424,98,,,,,,0.14708541333675385,,,0.00288634211756289,,0.10319450497627258,,296,,
,0.010268748737871647,,0.36387497186660767,8.42425088021237e-17,26.879304885864258,2.0003530082357557e-17,6.2132978439331055,0.13115565478801727,6.2132978439331055,,0.029297862201929092,0.9731000661849976,1.970888376235962,0.9951876401901245,,0.39387843012809753,0.17944000661373138,,2.1308953762054443,13.995491027832031,0.2640250027179718,1776364840.5550544,0.018510790541768074,947.760738915,,0.5618311762809753,14.923627853393555,0.1075812503695488,99,0.2250605970621109,0.01924999989569187,21.893646240234375,0.002281250199303031,0.43852499127388,14.293028831481934,0.5223562717437744,0.2312999963760376,28.53813362121582,0.1154249981045723,0.624850332736969,,0.14358031749725342,13.019646644592285,,,0.0027562500908970833,15.252260208129883,,5.597270488739014,,99,0.006268750410526991,0.006324999500066042,0.8603811860084534,21.893646240234375,26.879304885864258,,5.213829517364502,13.214591026306152,,0.2642500102519989,,0.8603811860084534,299,0.015227601863443851,28.53813362121582
0.01893034391105175,,50.975990295410156,,,,,,,,0.0018719100626185536,,,,,45.87921905517578,,,0.11541039496660233,,,,1776364841.9593542,,949.163798183,1.3835362195968628,,,,99,,,,,,,,,,,,0.38721510767936707,,,0.01917206682264805,5.0967698097229,,,24.957008361816406,,0.05286042019724846,100,,,,,,0.14896397292613983,,,0.002913086675107479,,0.0985645279288292,,299,,
0.01905663125216961,,50.95683670043945,,,,,,,,0.0018949927762150764,,,,,45.862648010253906,,,0.11787423491477966,,,,1776364849.2024364,,956.406632468,1.380998969078064,,,,100,,,,,,,,,,,,0.3835833668708801,,,0.019327836111187935,5.0941853523254395,,,24.957252502441406,,0.052507076412439346,101,,,,,,0.1511680781841278,,,0.002957452554255724,,0.10128495842218399,,302,,
0.019513674080371857,,50.892127990722656,,,,,,,,0.0019189954036846757,,,,,45.7991943359375,,,0.11962953954935074,,,,1776364856.6052988,,963.810217212,1.3740357160568237,,,,101,,,,,,,,,,,,0.38321924209594727,,,0.019804634153842926,5.092933177947998,,,24.957496643066406,,0.05219767615199089,102,,,,,,0.15397332608699799,,,0.002985346131026745,,0.10194453597068787,,305,,
0.019631540402770042,,50.80644226074219,,,,,,,,0.0019405815983191133,,,,,45.7119255065918,,,0.12210667878389359,,,,1776364863.939407,,971.143844445,1.3655513525009155,,,,102,,,,,,,,,,,,0.38791143894195557,,,0.020092859864234924,5.094519138336182,,,24.957731246948242,,0.051579829305410385,103,,,,,,0.15657716989517212,,,0.003019701223820448,,0.10264056921005249,,308,,
0.02000458352267742,,50.751075744628906,,,,,,,,0.0019616498611867428,,,,,45.659584045410156,,,0.1250249147415161,,,,1776364871.0776067,,978.282288667,1.359278917312622,,,,103,,,,,,,,,,,,0.38410213589668274,,,0.020277483388781548,5.091494083404541,,,24.957958221435547,,0.049612924456596375,104,,,,,,0.15920957922935486,,,0.0030425339937210083,,0.1006128340959549,,311,,
0.020649774000048637,,50.67259979248047,,,,,,,,0.001991147641092539,,,,,45.57748794555664,,,0.12765271961688995,,,,1776364878.3812146,,985.585625655,1.3494291305541992,,,,104,,,,,,,,,,,,0.3819032609462738,,,0.020975833758711815,5.095116138458252,,,24.958189010620117,,0.05636878311634064,105,,,,,,0.1626686006784439,,,0.0031092322897166014,,0.09445665776729584,,314,,
0.020951038226485252,,50.61268615722656,,,,,,,,0.002007222967222333,,,,,45.52471160888672,,,0.12966613471508026,,,,1776364885.6882572,,992.893031534,1.344619631767273,,,,105,,,,,,,,,,,,0.3867025077342987,,,0.020968688651919365,5.087972640991211,,,24.958412170410156,,0.0541253536939621,106,,,,,,0.16469618678092957,,,0.003129630582407117,,0.10012000799179077,,317,,
0.020924830809235573,,50.537723541259766,,,,,,,,0.0020323488861322403,,,,,45.450374603271484,,,0.13056720793247223,,,,1776364892.779585,,999.98384044,1.3367701768875122,,,,106,,,,,,,,,,,,0.3822217583656311,,,0.021404486149549484,5.087348461151123,,,24.95863151550293,,0.05524866655468941,107,,,,,,0.16740058362483978,,,0.003146069124341011,,0.0961243212223053,,320,,
0.021195828914642334,,50.483299255371094,,,,,,,,0.0020473706535995007,,,,,45.394554138183594,,,0.1328018754720688,,,,1776364899.926137,,1007.130328772,1.3321201801300049,,,,107,,,,,,,,,,,,0.38358259201049805,,,0.02156222052872181,5.088740348815918,,,24.958852767944336,,0.05615464597940445,108,,,,,,0.16910703480243683,,,0.0031797459814697504,,0.09777326881885529,,323,,
0.021697809919714928,,50.45063781738281,,,,,,,,0.002066795015707612,,,,,45.36079025268555,,,0.13657446205615997,,,,1776364907.0463984,,1014.251717442,1.3269939422607422,,,,108,,,,,,,,,,,,0.385589063167572,,,0.02182496339082718,5.089842319488525,,,24.95908546447754,,0.0582849495112896,109,,,,,,0.17175306379795074,,,0.0032282352913171053,,0.09338072687387466,,326,,
0.021804045885801315,,50.39820098876953,,,,,,,,0.0020845646504312754,,,,,45.308658599853516,,,0.13674946129322052,,,,1776364914.4378524,,1021.642337264,1.323326587677002,,,,109,,,,,,,,,,,,0.3803459405899048,,,0.021910853683948517,5.089542388916016,,,24.959300994873047,,0.057013653218746185,110,,,,,,0.17347976565361023,,,0.003255276707932353,,0.10010708123445511,,329,,
0.022227497771382332,,50.30778503417969,,,,,,,,0.0020983146969228983,,,,,45.22579574584961,,,0.13926485180854797,,,,1776364921.6055818,,1028.810089818,1.3152427673339844,,,,110,,,,,,,,,,,,0.3837127685546875,,,0.0223027803003788,5.0819926261901855,,,24.95952033996582,,0.06188896298408508,111,,,,,,0.17579439282417297,,,0.003301982069388032,,0.09436452388763428,,332,,
0.022258548066020012,,50.27642059326172,,,,,,,,0.0021193118300288916,,,,,45.1888542175293,,,0.1400269865989685,,,,1776364928.8715954,,1036.076688095,1.3107572793960571,,,,111,,,,,,,,,,,,0.39058610796928406,,,0.022520555183291435,5.08756685256958,,,24.95974349975586,,0.05713440477848053,112,,,,,,0.17790046334266663,,,0.0032773290295153856,,0.09521506726741791,,335,,
0.02258879691362381,,50.245948791503906,,,,,,,,0.0021386398002505302,,,,,45.160884857177734,,,0.14395758509635925,,,,1776364936.2933035,,1043.49739652,1.3070931434631348,,,,112,,,,,,,,,,,,0.38749468326568604,,,0.022814318537712097,5.08506441116333,,,24.959970474243164,,0.05491981655359268,113,,,,,,0.1807578206062317,,,0.0033115348778665066,,0.09583800286054611,,338,,
0.023296596482396126,,50.143707275390625,,,,,,,,0.002163327531889081,,,,,45.0606689453125,,,0.1445709764957428,,,,1776364943.4014997,,1050.605586117,1.2973449230194092,,,,113,,,,,,,,,,,,0.385726660490036,,,0.023355836048722267,5.083040714263916,,,24.960205078125,,0.060041554272174835,114,,,,,,0.18356457352638245,,,0.00338209280744195,,0.09195663779973984,,341,,
0.023296082392334938,,50.11849594116211,,,,,,,,0.0021795551292598248,,,,,45.032615661621094,,,0.14619900286197662,,,,1776364950.8083785,,1058.013512808,1.2952288389205933,,,,114,,,,,,,,,,,,0.3874441981315613,,,0.023471685126423836,5.085877895355225,,,24.9604434967041,,0.060517363250255585,115,,,,,,0.18515436351299286,,,0.0034106948878616095,,0.0934893786907196,,344,,
0.023645492270588875,,50.0572509765625,,,,,,,,0.002200415125116706,,,,,44.9725341796875,,,0.14893029630184174,,,,1776364957.8861597,,1065.090760816,1.2894893884658813,,,,115,,,,,,,,,,,,0.3878161311149597,,,0.023865174502134323,5.084720134735107,,,24.960664749145508,,0.05647017061710358,116,,,,,,0.1874857395887375,,,0.0034124108497053385,,0.09408016502857208,,347,,
0.02397884614765644,,49.968421936035156,,,,,,,,0.002222143579274416,,,,,44.88934326171875,,,0.15082304179668427,,,,1776364965.0057318,,1072.21034308,1.2806843519210815,,,,116,,,,,,,,,,,,0.38767150044441223,,,0.02405332587659359,5.079080581665039,,,24.960899353027344,,0.058320287615060806,117,,,,,,0.19081053137779236,,,0.0034317488316446543,,0.09525393694639206,,350,,
0.02414752170443535,,49.9658317565918,,,,,,,,0.002231842139735818,,,,,44.88313293457031,,,0.15209414064884186,,,,1776364972.132353,,1079.336659944,1.2807796001434326,,,,117,,,,,,,,,,,,0.3821856677532196,,,0.02434941753745079,5.082705974578857,,,24.96112060546875,,0.06045065075159073,118,,,,,,0.19202308356761932,,,0.003484954359009862,,0.09797263890504837,,353,,
0.024302836507558823,,49.89318084716797,,,,,,,,0.0022452420089393854,,,,,44.81270980834961,,,0.15425360202789307,,,,1776364979.4718587,,1086.676091775,1.2728406190872192,,,,118,,,,,,,,,,,,0.3843754827976227,,,0.024632178246974945,5.080472469329834,,,24.961341857910156,,0.061819326132535934,119,,,,,,0.19460727274417877,,,0.0034910799004137516,,0.09316504001617432,,356,,
0.0248605664819479,,49.84016799926758,,,,,,,,0.0022667734883725643,,,,,44.75809097290039,,,0.1560915857553482,,,,1776364986.8274186,,1094.031650557,1.2674050331115723,,,,119,,,,,,,,,,,,0.3868296444416046,,,0.024798955768346786,5.0820794105529785,,,24.961576461791992,,0.05819736421108246,120,,,,,,0.197066530585289,,,0.003515773918479681,,0.08914300054311752,,359,,
0.024964526295661926,,49.79197311401367,,,,,,,,0.0022888747043907642,,,,,44.71159362792969,,,0.15788395702838898,,,,1776364994.1292245,,1101.333393755,1.262315034866333,,,,120,,,,,,,,,,,,0.38712620735168457,,,0.025248534977436066,5.080379962921143,,,24.9617977142334,,0.05761273577809334,121,,,,,,0.19960390031337738,,,0.003538870019838214,,0.09159402549266815,,362,,
0.024940263479948044,,49.73634719848633,,,,,,,,0.00230049854144454,,,,,44.65437698364258,,,0.15954409539699554,,,,1776365001.4058158,,1108.609826098,1.2577942609786987,,,,121,,,,,,,,,,,,0.38434159755706787,,,0.025427300482988358,5.081974506378174,,,24.962018966674805,,0.06083548069000244,122,,,,,,0.20139272511005402,,,0.0035748283844441175,,0.09214955568313599,,365,,
0.025537189096212387,,49.68922424316406,,,,,,,,0.002319534309208393,,,,,44.60898208618164,,,0.1628752499818802,,,,1776365008.6124296,,1115.817140555,1.2519525289535522,,,,122,,,,,,,,,,,,0.38351863622665405,,,0.025736404582858086,5.08024787902832,,,24.96225357055664,,0.06451031565666199,123,,,,,,0.20472559332847595,,,0.0036249749828130007,,0.09052010625600815,,368,,
0.026049496605992317,,49.639705657958984,,,,,,,,0.002336660632863641,,,,,44.55856704711914,,,0.16492371261119843,,,,1776365015.7901466,,1122.994685492,1.2476187944412231,,,,123,,,,,,,,,,,,0.3959907591342926,,,0.025970706716179848,5.081140041351318,,,24.96247673034668,,0.061881523579359055,124,,,,,,0.20635464787483215,,,0.0036289754789322615,,0.08802937716245651,,371,,
0.025897659361362457,,49.57896041870117,,,,,,,,0.0023516141809523106,,,,,44.5004997253418,,,0.1660480499267578,,,,1776365023.013021,,1130.217275353,1.2424309253692627,,,,124,,,,,,,,,,,,0.3885171115398407,,,0.026178402826189995,5.078465461730957,,,24.962705612182617,,0.06275618821382523,125,,,,,,0.20841163396835327,,,0.00366662023589015,,0.09138026833534241,,374,,
0.02705669030547142,,49.49875259399414,,,,,,,,0.002386895939707756,,,,,44.419517517089844,,,0.16993248462677002,,,,1776365030.201045,,1137.405158703,1.2336260080337524,,,,125,,,,,,,,,,,,0.3924429714679718,,,0.026801666244864464,5.0792341232299805,,,24.962928771972656,,0.06156894564628601,126,,,,,,0.2127395123243332,,,0.003693223465234041,,0.08985257148742676,,377,,
0.02652861922979355,,49.448116302490234,,,,,,,,0.0023946904111653566,,,,,44.37175369262695,,,0.168570414185524,,,,1776365037.3401895,,1144.54518115,1.2298905849456787,,,,126,,,,,,,,,,,,0.3889733850955963,,,0.02691100724041462,5.076359748840332,,,24.963150024414062,,0.061405010521411896,127,,,,,,0.21378865838050842,,,0.003674855688586831,,0.08821771293878555,,380,,
0.026944080367684364,,49.43634033203125,,,,,,,,0.0024007544852793217,,,,,44.361019134521484,,,0.17218852043151855,,,,1776365044.5372446,,1151.742470847,1.2280380725860596,,,,127,,,,,,,,,,,,0.38736188411712646,,,0.02697421982884407,5.075321674346924,,,24.9633731842041,,0.06228282302618027,128,,,,,,0.21542882919311523,,,0.0037310076877474785,,0.08989161998033524,,383,,
0.02667839080095291,,49.38401412963867,,,,,,,,0.0024104672484099865,,,,,44.308204650878906,,,0.17279355227947235,,,,1776365051.8217213,,1159.025920358,1.2236454486846924,,,,128,,,,,,,,,,,,0.3916889727115631,,,0.027200698852539062,5.075801372528076,,,24.963603973388672,,0.06254098564386368,129,,,,,,0.21691589057445526,,,0.00371560244821012,,0.0897517055273056,,386,,
0.027233870700001717,,49.3309211730957,,,,,,,,0.0024250848218798637,,,,,44.252986907958984,,,0.17348536849021912,,,,1776365058.86268,,1166.066891431,1.218823790550232,,,,129,,,,,,,,,,,,0.3901626169681549,,,0.027698684483766556,5.077931880950928,,,24.963829040527344,,0.06261587888002396,130,,,,,,0.21905182301998138,,,0.003735154867172241,,0.08748221397399902,,389,,
0.02779572829604149,,49.268516540527344,,,,,,,,0.002447828184813261,,,,,44.19382858276367,,,0.17623566091060638,,,,1776365066.2364483,,1173.441161756,1.212343454360962,,,,130,,,,,,,,,,,,0.39189955592155457,,,0.027788104489445686,5.074687957763672,,,24.964065551757812,,0.06107691302895546,131,,,,,,0.22207051515579224,,,0.003771583316847682,,0.08771678060293198,,392,,
0.027474775910377502,,49.23688507080078,,,,,,,,0.00245266268029809,,,,,44.164405822753906,,,0.17713674902915955,,,,1776365073.443277,,1180.647557352,1.2097439765930176,,,,131,,,,,,,,,,,,0.3867284059524536,,,0.027876727283000946,5.072480201721191,,,24.964298248291016,,0.06544901430606842,132,,,,,,0.22337545454502106,,,0.0037879275623708963,,0.08977368474006653,,395,,
0.028196055442094803,,49.169376373291016,,,,,,,,0.002481346018612385,,,,,44.092227935791016,,,0.18160085380077362,,,,1776365080.8288178,,1188.033217817,1.201992392539978,,,,132,,,,,,,,,,,,0.38951486349105835,,,0.028352508321404457,5.077149391174316,,,24.964534759521484,,0.06388579308986664,133,,,,,,0.2272186279296875,,,0.003859850112348795,,0.087574802339077,,398,,
0.027988329529762268,,49.145843505859375,,,,,,,,0.002479721326380968,,,,,44.07461929321289,,,0.17867793142795563,,,,1776365087.9488637,,1195.153356827,1.2021896839141846,,,,133,,,,,,,,,,,,0.39377525448799133,,,0.02836686745285988,5.071223258972168,,,24.96476936340332,,0.06532060354948044,134,,,,,,0.226671501994133,,,0.003816230222582817,,0.08978550136089325,,401,,
0.02829899825155735,,49.08414840698242,,,,,,,,0.002495161257684231,,,,,44.012481689453125,,,0.18226689100265503,,,,1776365095.1857822,,1202.390439052,1.1955342292785645,,,,134,,,,,,,,,,,,0.39178556203842163,,,0.028686663135886192,5.071666240692139,,,24.965015411376953,,0.06678206473588943,135,,,,,,0.22982892394065857,,,0.0038317840080708265,,0.08803778141736984,,404,,
0.028598543256521225,,49.06708908081055,,,,,,,,0.0025100072380155325,,,,,43.996219635009766,,,0.18379372358322144,,,,1776365102.4404845,,1209.645232855,1.1936707496643066,,,,135,,,,,,,,,,,,0.3879275918006897,,,0.0286946352571249,5.070868968963623,,,24.96525764465332,,0.06639038771390915,136,,,,,,0.23157523572444916,,,0.0038555399514734745,,0.08835054934024811,,407,,
0.0285783763974905,,49.015567779541016,,,,,,,,0.0025295265950262547,,,,,43.94208526611328,,,0.1860736757516861,,,,1776365109.6249409,,1216.829299294,1.1890569925308228,,,,136,,,,,,,,,,,,0.38969236612319946,,,0.02900279127061367,5.073478698730469,,,24.965492248535156,,0.061475690454244614,137,,,,,,0.2339242845773697,,,0.003854825161397457,,0.08659391105175018,,410,,
0.02904168702661991,,48.960235595703125,,,,,,,,0.002541607478633523,,,,,43.88822937011719,,,0.18763607740402222,,,,1776365116.9028342,,1224.106999885,1.183440089225769,,,,137,,,,,,,,,,,,0.39306023716926575,,,0.029288340359926224,5.072005271911621,,,24.96573257446289,,0.0649755522608757,138,,,,,,0.2362212836742401,,,0.0038971523754298687,,0.08569137006998062,,413,,
0.029370160773396492,,48.94471740722656,,,,,,,,0.0025497826281934977,,,,,43.87199401855469,,,0.18871265649795532,,,,1776365123.9911542,,1231.19556688,1.1820173263549805,,,,138,,,,,,,,,,,,0.393337219953537,,,0.02974010445177555,5.072722434997559,,,24.965974807739258,,0.06590088456869125,139,,,,,,0.23756754398345947,,,0.003921397961676121,,0.08326785266399384,,416,,
0.029471145942807198,,48.851966857910156,,,,,,,,0.002554972656071186,,,,,43.77985382080078,,,0.18914198875427246,,,,1776365131.243047,,1238.447447276,1.1740912199020386,,,,139,,,,,,,,,,,,0.38430479168891907,,,0.02973264642059803,5.072115421295166,,,24.966224670410156,,0.06386628746986389,140,,,,,,0.239609494805336,,,0.003915632609277964,,0.08510012179613113,,419,,
0.029675006866455078,,48.8129768371582,,,,,,,,0.0025715837255120277,,,,,43.741355895996094,,,0.19214998185634613,,,,1776365138.3262625,,1245.53056639,1.1705756187438965,,,,140,,,,,,,,,,,,0.3910576403141022,,,0.030015787109732628,5.071620464324951,,,24.96647071838379,,0.06624453514814377,141,,,,,,0.2421083003282547,,,0.0039329081773757935,,0.08516725152730942,,422,,
0.029572805389761925,,48.74421310424805,,,,,,,,0.002581137465313077,,,,,43.67251968383789,,,0.1941041499376297,,,,1776365145.4535706,,1252.657678874,1.1636286973953247,,,,141,,,,,,,,,,,,0.3901801109313965,,,0.030095258727669716,5.071692943572998,,,24.966718673706055,,0.0677342638373375,142,,,,,,0.24455001950263977,,,0.003951478283852339,,0.08330558240413666,,425,,
0.02995547279715538,,48.75223922729492,,,,,,,,0.002587049501016736,,,,,43.684146881103516,,,0.19276714324951172,,,,1776365152.6590395,,1259.863524333,1.1650722026824951,,,,142,,,,,,,,,,,,0.3879038095474243,,,0.030315380543470383,5.068087100982666,,,24.966968536376953,,0.06625013798475266,143,,,,,,0.24414587020874023,,,0.003957164939492941,,0.08264229446649551,,428,,
0.030544042587280273,,48.659767150878906,,,,,,,,0.0026097395457327366,,,,,43.58817672729492,,,0.19839641451835632,,,,1776365159.9392588,,1267.143745422,1.155360460281372,,,,143,,,,,,,,,,,,0.3901943564414978,,,0.030681991949677467,5.071595668792725,,,24.967227935791016,,0.07172591239213943,144,,,,,,0.24900901317596436,,,0.004033996723592281,,0.08363521844148636,,431,,
0.030601326376199722,,48.655452728271484,,,,,,,,0.0026189626660197973,,,,,43.58263397216797,,,0.1974676251411438,,,,1776365167.091126,,1274.295523413,1.154808521270752,,,,144,,,,,,,,,,,,0.3896377384662628,,,0.031003300100564957,5.0728230476379395,,,24.96748924255371,,0.06416167318820953,145,,,,,,0.24979130923748016,,,0.003999263979494572,,0.08330051600933075,,434,,
0.03092675469815731,,48.60512161254883,,,,,,,,0.002620815997943282,,,,,43.535743713378906,,,0.20017018914222717,,,,1776365174.2855446,,1281.489973051,1.1508487462997437,,,,145,,,,,,,,,,,,0.3838553726673126,,,0.031022261828184128,5.069378852844238,,,24.967761993408203,,0.06847389042377472,146,,,,,,0.2514808773994446,,,0.004011849872767925,,0.08541166037321091,,437,,
0.0304678063839674,,48.5287971496582,,,,,,,,0.00263770530000329,,,,,43.45897674560547,,,0.1988287717103958,,,,1776365181.480941,,1288.685290254,1.1448578834533691,,,,146,,,,,,,,,,,,0.39044690132141113,,,0.031182922422885895,5.069816589355469,,,24.968034744262695,,0.0698845311999321,147,,,,,,0.25301462411880493,,,0.004027809482067823,,0.08412764221429825,,440,,
0.031332194805145264,,48.507972717285156,,,,,,,,0.002648084657266736,,,,,43.43873977661133,,,0.20212602615356445,,,,1776365188.781055,,1295.985385833,1.141568899154663,,,,147,,,,,,,,,,,,0.38871410489082336,,,0.03150995820760727,5.069234848022461,,,24.968303680419922,,0.06355321407318115,148,,,,,,0.25516748428344727,,,0.004031136631965637,,0.08555548638105392,,443,,
0.03151623532176018,,48.45247268676758,,,,,,,,0.0026655690744519234,,,,,43.380496978759766,,,0.20350709557533264,,,,1776365195.9622903,,1303.166816559,1.136872410774231,,,,148,,,,,,,,,,,,0.3934094309806824,,,0.03144867718219757,5.071977138519287,,,24.968589782714844,,0.06969936937093735,149,,,,,,0.2574663460254669,,,0.0040587931871414185,,0.08315198123455048,,446,,
0.03139475733041763,,48.391502380371094,,,,,,,,0.0026684587355703115,,,,,43.3254280090332,,,0.20511777698993683,,,,1776365204.2318213,,1311.436974197,1.1310166120529175,,,,149,,,,,,,,,,,,0.3902817666530609,,,0.031922873109579086,5.066073894500732,,,24.968856811523438,,0.06438213586807251,150,,,,,,0.260107159614563,,,0.004040957894176245,,0.0807838961482048,,449,,
0.03165053203701973,,48.35709762573242,,,,,,,,0.0026791135314852,,,,,43.29130172729492,,,0.2056904137134552,,,,1776365211.1500785,,1318.354837333,1.1284133195877075,,,,150,,,,,,,,,,,,0.391536682844162,,,0.032270725816488266,5.065789699554443,,,24.969144821166992,,0.06387735903263092,151,,,,,,0.2612350881099701,,,0.004067734349519014,,0.08056746423244476,,452,,
0.031626828014850616,,48.34095764160156,,,,,,,,0.00268937717191875,,,,,43.273353576660156,,,0.2056073695421219,,,,1776365218.533153,,1325.737418953,1.1276843547821045,,,,151,,,,,,,,,,,,0.392097532749176,,,0.03224758803844452,5.067603588104248,,,24.969430923461914,,0.06585779786109924,152,,,,,,0.26191946864128113,,,0.004062991589307785,,0.08180003613233566,,455,,
0.0315973199903965,,48.29526901245117,,,,,,,,0.002694558585062623,,,,,43.22575378417969,,,0.20805656909942627,,,,1776365225.8876038,,1333.091906962,1.1226820945739746,,,,152,,,,,,,,,,,,0.3900301456451416,,,0.03226077929139137,5.06951379776001,,,24.969728469848633,,0.0672714039683342,153,,,,,,0.2641236484050751,,,0.004075268283486366,,0.08087976276874542,,458,,
0.03214666247367859,,48.208824157714844,,,,,,,,0.002708569634705782,,,,,43.143028259277344,,,0.21232785284519196,,,,1776365233.105396,,1340.310371342,1.1153401136398315,,,,153,,,,,,,,,,,,0.38539525866508484,,,0.03265177831053734,5.065803050994873,,,24.970041275024414,,0.06805570423603058,154,,,,,,0.2677634656429291,,,0.004124891944229603,,0.08217208832502365,,461,,
0.03237805515527725,,48.182926177978516,,,,,,,,0.002714802511036396,,,,,43.120601654052734,,,0.21113325655460358,,,,1776365240.3968465,,1347.600985647,1.1129618883132935,,,,154,,,,,,,,,,,,0.38841280341148376,,,0.0329265259206295,5.062326431274414,,,24.970338821411133,,0.06778804212808609,155,,,,,,0.26828017830848694,,,0.0041103423573076725,,0.08173811435699463,,464,,
0.03239009529352188,,48.12260055541992,,,,,,,,0.0027271443977952003,,,,,43.05568313598633,,,0.21272343397140503,,,,1776365247.593244,,1354.797772899,1.1081100702285767,,,,155,,,,,,,,,,,,0.39212244749069214,,,0.03289458528161049,5.0669169425964355,,,24.970653533935547,,0.06633389741182327,156,,,,,,0.27047887444496155,,,0.00410799402743578,,0.07837869226932526,,467,,
0.032245006412267685,,48.11448287963867,,,,,,,,0.0027337714564055204,,,,,43.04910659790039,,,0.21296550333499908,,,,1776365254.9313998,,1362.135930055,1.1067301034927368,,,,156,,,,,,,,,,,,0.3937387466430664,,,0.03314784914255142,5.065381050109863,,,24.970964431762695,,0.06312234699726105,157,,,,,,0.2714185118675232,,,0.0041046603582799435,,0.07933889329433441,,470,,
0.03308612108230591,,48.050636291503906,,,,,,,,0.002739864168688655,,,,,42.98676300048828,,,0.21419425308704376,,,,1776365262.3041174,,1369.508512387,1.1018983125686646,,,,157,,,,,,,,,,,,0.3917708694934845,,,0.03339746594429016,5.063872814178467,,,24.97128677368164,,0.06719250977039337,158,,,,,,0.27416232228279114,,,0.0041266498155891895,,0.08078445494174957,,473,,
0.03279872611165047,,48.00687026977539,,,,,,,,0.002743263030424714,,,,,42.94582748413086,,,0.21570810675621033,,,,1776365269.3474524,,1376.551974835,1.0982623100280762,,,,158,,,,,,,,,,,,0.3938063681125641,,,0.03335346654057503,5.0610480308532715,,,24.971616744995117,,0.06794671714305878,159,,,,,,0.2750253975391388,,,0.004137871321290731,,0.078123539686203,,476,,
0.032708894461393356,,47.94763946533203,,,,,,,,0.002755091292783618,,,,,42.8796501159668,,,0.2148250788450241,,,,1776365276.7125132,,1383.916724282,1.0932567119598389,,,,159,,,,,,,,,,,,0.3961351215839386,,,0.03362901508808136,5.067991733551025,,,24.971940994262695,,0.06614600867033005,160,,,,,,0.2765580117702484,,,0.004158942494541407,,0.0802500918507576,,479,,
0.03330710902810097,,47.89891815185547,,,,,,,,0.002765252022072673,,,,,42.83745574951172,,,0.21793542802333832,,,,1776365283.952724,,1391.156974785,1.0890253782272339,,,,160,,,,,,,,,,,,0.39228886365890503,,,0.033912353217601776,5.061464786529541,,,24.972280502319336,,0.06937850266695023,161,,,,,,0.2792196273803711,,,0.004178137518465519,,0.07851585000753403,,482,,
0.03367433696985245,,47.852699279785156,,,,,,,,0.002768947510048747,,,,,42.79391098022461,,,0.21981920301914215,,,,1776365291.190212,,1398.395032716,1.0850971937179565,,,,161,,,,,,,,,,,,0.38807302713394165,,,0.03409651294350624,5.058786392211914,,,24.972618103027344,,0.07008025795221329,162,,,,,,0.28105780482292175,,,0.004172513261437416,,0.07889294624328613,,485,,
0.03313557431101799,,47.80723190307617,,,,,,,,0.0027730511501431465,,,,,42.74824142456055,,,0.21828900277614594,,,,1776365298.4913862,,1405.696303201,1.0818041563034058,,,,162,,,,,,,,,,,,0.3933596909046173,,,0.03416600823402405,5.058990955352783,,,24.97295379638672,,0.06617416441440582,163,,,,,,0.2817373275756836,,,0.004145244136452675,,0.07779308408498764,,488,,
0.03356856852769852,,47.818626403808594,,,,,,,,0.002786053577437997,,,,,42.75927734375,,,0.22217880189418793,,,,1776365305.7165394,,1412.92106276,1.0804849863052368,,,,163,,,,,,,,,,,,0.39425596594810486,,,0.03406760096549988,5.059347152709961,,,24.97332000732422,,0.06933198124170303,164,,,,,,0.284462034702301,,,0.004190270323306322,,0.07591770589351654,,491,,
0.03376622498035431,,47.75680160522461,,,,,,,,0.002791679697111249,,,,,42.69854736328125,,,0.2249111384153366,,,,1776365313.0823395,,1420.286588307,1.0768123865127563,,,,164,,,,,,,,,,,,0.39236369729042053,,,0.034397970885038376,5.058254718780518,,,24.97367286682129,,0.06949838250875473,165,,,,,,0.2854469418525696,,,0.004203661344945431,,0.07829447090625763,,494,,
0.03433181345462799,,47.707977294921875,,,,,,,,0.0028097473550587893,,,,,42.64882278442383,,,0.22624358534812927,,,,1776365320.2631192,,1427.467362267,1.0724601745605469,,,,165,,,,,,,,,,,,0.3970930278301239,,,0.034837327897548676,5.0591583251953125,,,24.97403907775879,,0.0675472840666771,166,,,,,,0.28823572397232056,,,0.004201990552246571,,0.07729578018188477,,497,,
0.03442459926009178,,47.66767883300781,,,,,,,,0.002806610194966197,,,,,42.60883712768555,,,0.2268412709236145,,,,1776365327.3409693,,1434.545056437,1.0679200887680054,,,,166,,,,,,,,,,,,0.39339131116867065,,,0.03496558964252472,5.058838844299316,,,24.974424362182617,,0.07055071741342545,167,,,,,,0.2895248234272003,,,0.004216366447508335,,0.07593334466218948,,500,,
0.034285422414541245,,47.629886627197266,,,,,,,,0.002811768092215061,,,,,42.57184600830078,,,0.22544583678245544,,,,1776365334.602516,,1441.806517428,1.066241979598999,,,,167,,,,,,,,,,,,0.39309442043304443,,,0.035085149109363556,5.058037757873535,,,24.974794387817383,,0.06658127158880234,168,,,,,,0.2899811267852783,,,0.004193143453449011,,0.07857079803943634,,503,,
0.03409593179821968,,47.580265045166016,,,,,,,,0.0028193581383675337,,,,,42.52120590209961,,,0.22731880843639374,,,,1776365341.7095766,,1448.914312035,1.0607709884643555,,,,168,,,,,,,,,,,,0.3954561948776245,,,0.03487151488661766,5.059055805206299,,,24.975194931030273,,0.06300917267799377,169,,,,,,0.2924981713294983,,,0.004234976600855589,,0.07567277550697327,,506,,
0.03396948426961899,,47.519004821777344,,,,,,,,0.0028252231422811747,,,,,42.46345520019531,,,0.22692853212356567,,,,1776365349.0914843,,1456.29601736,1.056506872177124,,,,169,,,,,,,,,,,,0.40114861726760864,,,0.035234421491622925,5.055544376373291,,,24.975584030151367,,0.06631144136190414,170,,,,,,0.2937277555465698,,,0.004199507646262646,,0.07614248991012573,,509,,
0.03432505950331688,,47.48321533203125,,,,,,,,0.0028317170217633247,,,,,42.42452621459961,,,0.22963742911815643,,,,1776365356.2759075,,1463.480456321,1.0534472465515137,,,,170,,,,,,,,,,,,0.3947339653968811,,,0.035333842039108276,5.058690547943115,,,24.975990295410156,,0.06642983108758926,171,,,,,,0.29545480012893677,,,0.0042053270153701305,,0.0751747265458107,,512,,
0.03443339839577675,,47.43790054321289,,,,,,,,0.0028393275570124388,,,,,42.38101577758789,,,0.2333928495645523,,,,1776365363.3522058,,1470.556202941,1.049244999885559,,,,171,,,,,,,,,,,,0.3968384265899658,,,0.035583075135946274,5.056888580322266,,,24.976404190063477,,0.06566301733255386,172,,,,,,0.2983434200286865,,,0.004252339247614145,,0.07774294912815094,,515,,
0.03439941257238388,,47.38776779174805,,,,,,,,0.0028365743346512318,,,,,42.33102035522461,,,0.22939695417881012,,,,1776365370.6033914,,1477.807993325,1.0454283952713013,,,,172,,,,,,,,,,,,0.39365705847740173,,,0.03567612171173096,5.056750297546387,,,24.976821899414062,,0.0678282305598259,173,,,,,,0.2984517514705658,,,0.00422452948987484,,0.075185626745224,,518,,
0.03436007723212242,,47.34205627441406,,,,,,,,0.0028526168316602707,,,,,42.28960037231445,,,0.23255664110183716,,,,1776365377.8836775,,1485.088265438,1.0427567958831787,,,,173,,,,,,,,,,,,0.3906649649143219,,,0.035631950944662094,5.052456855773926,,,24.97724151611328,,0.06766269356012344,174,,,,,,0.3007901906967163,,,0.004257786087691784,,0.07704348862171173,,521,,
0.03495632857084274,,47.29995346069336,,,,,,,,0.0028478673193603754,,,,,42.245765686035156,,,0.23445630073547363,,,,1776365385.4343042,,1492.63918648,1.0380194187164307,,,,174,,,,,,,,,,,,0.3964642286300659,,,0.03611230105161667,5.054189682006836,,,24.9776668548584,,0.06688246876001358,175,,,,,,0.3029298782348633,,,0.00424894830211997,,0.07366941124200821,,524,,
0.03447030484676361,,47.259864807128906,,,,,,,,0.0028696691151708364,,,,,42.207008361816406,,,0.23399479687213898,,,,1776365392.6132822,,1499.81779378,1.0343204736709595,,,,175,,,,,,,,,,,,0.3954816162586212,,,0.03602999821305275,5.052860736846924,,,24.978113174438477,,0.06645222008228302,176,,,,,,0.3048294484615326,,,0.004230956081300974,,0.07512619346380234,,527,,
0.034974753856658936,,47.20521926879883,,,,,,,,0.0028603211976587772,,,,,42.15110397338867,,,0.23334279656410217,,,,1776365399.7740872,,1506.978800163,1.0307766199111938,,,,176,,,,,,,,,,,,0.3976621925830841,,,0.036153558641672134,5.0541157722473145,,,24.978557586669922,,0.06764762848615646,177,,,,,,0.304897278547287,,,0.004240838810801506,,0.07467197626829147,,530,,
0.0351838618516922,,47.189640045166016,,,,,,,,0.0028729012701660395,,,,,42.13611602783203,,,0.23650558292865753,,,,1776365406.8656383,,1514.070658724,1.028430700302124,,,,177,,,,,,,,,,,,0.39529916644096375,,,0.036400970071554184,5.053524494171143,,,24.979013442993164,,0.06737320125102997,178,,,,,,0.3076793849468231,,,0.004266322124749422,,0.07431484013795853,,533,,
0.035369813442230225,,47.168392181396484,,,,,,,,0.0028621258679777384,,,,,42.11781311035156,,,0.2337861955165863,,,,1776365414.014022,,1521.218247225,1.0280721187591553,,,,178,,,,,,,,,,,,0.3941190242767334,,,0.0363914892077446,5.050580978393555,,,24.979475021362305,,0.06979532539844513,179,,,,,,0.30650418996810913,,,0.004258970730006695,,0.0728125274181366,,536,,
0.035148587077856064,,47.12689971923828,,,,,,,,0.0028747678734362125,,,,,42.076229095458984,,,0.23410016298294067,,,,1776365421.5241933,,1528.728377788,1.0238548517227173,,,,179,,,,,,,,,,,,0.393271267414093,,,0.036400653421878815,5.0506768226623535,,,24.97994613647461,,0.07303942739963531,180,,,,,,0.3084474802017212,,,0.004262616392225027,,0.0748312696814537,,539,,
0.03529984876513481,,47.057987213134766,,,,,,,,0.002881603315472603,,,,,42.00550842285156,,,0.23828844726085663,,,,1776365428.810573,,1536.015097736,1.018141746520996,,,,180,,,,,,,,,,,,0.3975083827972412,,,0.0367082916200161,5.052480697631836,,,24.980440139770508,,0.06768973171710968,181,,,,,,0.31129053235054016,,,0.004245120566338301,,0.07435989379882812,,542,,
0.035718921571969986,,46.98257827758789,,,,,,,,0.002887824084609747,,,,,41.93588638305664,,,0.23751938343048096,,,,1776365436.0656686,,1543.269947483,1.0129703283309937,,,,181,,,,,,,,,,,,0.39824795722961426,,,0.03703448548913002,5.046694278717041,,,24.980926513671875,,0.06788806617259979,182,,,,,,0.31285783648490906,,,0.004246868658810854,,0.07222677767276764,,545,,
0.03578837960958481,,46.97919845581055,,,,,,,,0.002895293990150094,,,,,41.92582321166992,,,0.2410120964050293,,,,1776365443.2033126,,1550.407784582,1.0117100477218628,,,,182,,,,,,,,,,,,0.3940991163253784,,,0.03707166761159897,5.053372859954834,,,24.981416702270508,,0.06745503842830658,183,,,,,,0.31453707814216614,,,0.00426457216963172,,0.0711066722869873,,548,,
0.03629440441727638,,46.940704345703125,,,,,,,,0.0028836734127253294,,,,,41.887638092041016,,,0.2408572882413864,,,,1776365450.5434253,,1557.747935803,1.009015440940857,,,,183,,,,,,,,,,,,0.3924739956855774,,,0.03709578514099121,5.053065299987793,,,24.981924057006836,,0.06582667678594589,184,,,,,,0.3148403465747833,,,0.004236411303281784,,0.07148102670907974,,551,,
0.03586453199386597,,46.90188217163086,,,,,,,,0.0028906315565109253,,,,,41.8529052734375,,,0.2397392988204956,,,,1776365458.0058372,,1565.21012444,1.0063450336456299,,,,184,,,,,,,,,,,,0.3961416482925415,,,0.03691836819052696,5.048974514007568,,,24.982446670532227,,0.0632207989692688,185,,,,,,0.3159711956977844,,,0.004255365580320358,,0.07167363166809082,,554,,
0.03573191910982132,,46.84524154663086,,,,,,,,0.002890958683565259,,,,,41.7945556640625,,,0.241356760263443,,,,1776365465.1077306,,1572.312386704,1.0015329122543335,,,,185,,,,,,,,,,,,0.3965049982070923,,,0.037322208285331726,5.050686836242676,,,24.98295783996582,,0.06774432212114334,186,,,,,,0.31746017932891846,,,0.004258315544575453,,0.07338254898786545,,557,,
0.03610203042626381,,46.83919143676758,,,,,,,,0.0029063113033771515,,,,,41.789039611816406,,,0.2426479607820511,,,,1776365472.2084818,,1579.413215461,1.0001813173294067,,,,186,,,,,,,,,,,,0.39721032977104187,,,0.036994438618421555,5.050154685974121,,,24.983501434326172,,0.0673447772860527,187,,,,,,0.31957852840423584,,,0.004251136910170317,,0.07031122595071793,,560,,
0.03618249669671059,,46.73632049560547,,,,,,,,0.0029011410661041737,,,,,41.68766403198242,,,0.24351072311401367,,,,1776365479.4435456,,1586.648629235,0.9931031465530396,,,,187,,,,,,,,,,,,0.3994314968585968,,,0.03747240826487541,5.048660755157471,,,24.98403549194336,,0.06657682359218597,188,,,,,,0.321524977684021,,,0.004239950329065323,,0.07144271582365036,,563,,
0.03631746768951416,,46.724525451660156,,,,,,,,0.00290881609544158,,,,,41.6796875,,,0.24301950633525848,,,,1776365486.8941708,,1594.098350097,0.991408109664917,,,,188,,,,,,,,,,,,0.3989780843257904,,,0.03769279643893242,5.044837474822998,,,24.98458480834961,,0.06676261872053146,189,,,,,,0.3226156532764435,,,0.004250950645655394,,0.07294202595949173,,566,,
0.03662391006946564,,46.6638069152832,,,,,,,,0.0029254548717290163,,,,,41.61674880981445,,,0.2459285706281662,,,,1776365494.262044,,1601.466741298,0.9863696098327637,,,,189,,,,,,,,,,,,0.39332032203674316,,,0.037845827639102936,5.047059059143066,,,24.985157012939453,,0.06463003903627396,190,,,,,,0.3257613182067871,,,0.004253800492733717,,0.07165424525737762,,569,,
0.03621089458465576,,46.61012649536133,,,,,,,,0.0029159316327422857,,,,,41.564735412597656,,,0.24717457592487335,,,,1776365501.5043783,,1608.708313365,0.9822756052017212,,,,190,,,,,,,,,,,,0.39752498269081116,,,0.03797665238380432,5.045389175415039,,,24.985729217529297,,0.069628044962883,191,,,,,,0.3272242546081543,,,0.004244246520102024,,0.07178070396184921,,572,,
0.03620254993438721,,46.564491271972656,,,,,,,,0.002921190345659852,,,,,41.52177429199219,,,0.2465105652809143,,,,1776365508.8355339,,1616.040329412,0.9789980053901672,,,,191,,,,,,,,,,,,0.3976360261440277,,,0.03795072063803673,5.0427165031433105,,,24.98631477355957,,0.06561067700386047,192,,,,,,0.3289652466773987,,,0.004238420631736517,,0.0714319497346878,,575,,
0.03682319074869156,,46.51620101928711,,,,,,,,0.002929078880697489,,,,,41.471675872802734,,,0.24668394029140472,,,,1776365516.1219661,,1623.326466373,0.9753967523574829,,,,192,,,,,,,,,,,,0.39967381954193115,,,0.03813153877854347,5.04452657699585,,,24.98691177368164,,0.0631624236702919,193,,,,,,0.3304741084575653,,,0.004253944382071495,,0.0721382424235344,,578,,
0.03661156818270683,,46.50358581542969,,,,,,,,0.0029298330191522837,,,,,41.460262298583984,,,0.2461003065109253,,,,1776365523.5019348,,1630.706103933,0.9745925068855286,,,,193,,,,,,,,,,,,0.3994505703449249,,,0.03823055326938629,5.043321132659912,,,24.987529754638672,,0.06871350854635239,194,,,,,,0.329822838306427,,,0.004222432617098093,,0.07111962884664536,,581,,
0.03670424968004227,,46.46563720703125,,,,,,,,0.002931837225332856,,,,,41.42106628417969,,,0.2490241527557373,,,,1776365530.9329746,,1638.137378582,0.9711174368858337,,,,194,,,,,,,,,,,,0.4005488455295563,,,0.038286078721284866,5.0445733070373535,,,24.988149642944336,,0.06586705893278122,195,,,,,,0.33193856477737427,,,0.004245096351951361,,0.07238617539405823,,584,,
0.036360181868076324,,46.40665817260742,,,,,,,,0.0029338824097067118,,,,,41.36349868774414,,,0.24771061539649963,,,,1776365538.164165,,1645.368835565,0.9671878814697266,,,,195,,,,,,,,,,,,0.3997107446193695,,,0.038213156163692474,5.043161869049072,,,24.9887752532959,,0.066302590072155,196,,,,,,0.3327863812446594,,,0.004239696078002453,,0.07008936256170273,,587,,
0.03745439648628235,,46.356666564941406,,,,,,,,0.002929988084360957,,,,,41.315555572509766,,,0.24767976999282837,,,,1776365545.5479066,,1652.752487546,0.9628239870071411,,,,196,,,,,,,,,,,,0.3984544277191162,,,0.03858037665486336,5.041111469268799,,,24.989416122436523,,0.06617274135351181,197,,,,,,0.3346681296825409,,,0.004237052518874407,,0.06934844702482224,,590,,
0.036898981779813766,,46.34843444824219,,,,,,,,0.0029350919649004936,,,,,41.30593490600586,,,0.2510733902454376,,,,1776365552.9621267,,1660.166311416,0.962155282497406,,,,197,,,,,,,,,,,,0.40121564269065857,,,0.03859095275402069,5.042498588562012,,,24.990076065063477,,0.06633324176073074,198,,,,,,0.33590856194496155,,,0.004257899709045887,,0.07144609093666077,,593,,
0.036606669425964355,,46.29443359375,,,,,,,,0.002945398213341832,,,,,41.25527572631836,,,0.2503772974014282,,,,1776365560.4964502,,1667.700700521,0.9579176902770996,,,,198,,,,,,,,,,,,0.39890941977500916,,,0.03879869356751442,5.039160251617432,,,24.990739822387695,,0.06980088353157043,199,,,,,,0.3380521237850189,,,0.0042334310710430145,,0.07036171108484268,,596,,
,0.010812499560415745,,0.39256879687309265,2.25134581116615e-16,45.239810943603516,2.70833702686879e-16,5.952062606811523,0.12713241577148438,5.952062606811523,,0.027895424515008926,0.9747248888015747,3.1980955600738525,0.9953812956809998,,0.3915483355522156,0.18217936158180237,,3.495117664337158,23.088050842285156,0.27246877551078796,1776365646.9886556,0.017602035775780678,1754.19521948,,0.9215041399002075,24.895017623901367,0.11620624363422394,199,0.22137604653835297,0.02046249993145466,19.42583465576172,0.002581249922513962,0.4383562207221985,23.42989730834961,0.5537062287330627,0.2519625127315521,48.51825714111328,0.1262812465429306,1.038035273551941,,0.17473255097866058,12.89693546295166,,,0.002793750027194619,25.166444778442383,,9.140776634216309,,200,0.0068687498569488525,0.0067937495186924934,0.8725124597549438,19.42583465576172,45.239810943603516,,8.322007179260254,13.292519569396973,,0.28738126158714294,,0.8725124597549438,599,0.014436154626309872,48.51825714111328
0.03736678510904312,,46.22709655761719,,,,,,,,0.0029515058267861605,,,,,41.184391021728516,,,0.25300416350364685,,,,1776365648.1457124,,1755.350325171,0.952319860458374,,,,199,,,,,,,,,,,,0.40073078870773315,,,0.038949720561504364,5.042704105377197,,,24.991418838500977,,0.06551435589790344,201,,,,,,0.34090346097946167,,,0.004231745842844248,,0.06937714666128159,,599,,
0.036720160394907,,46.2113037109375,,,,,,,,0.002941320650279522,,,,,41.17382049560547,,,0.2500552535057068,,,,1776365655.1927116,,1762.396897307,0.9513339400291443,,,,200,,,,,,,,,,,,0.3995429277420044,,,0.038974881172180176,5.037478446960449,,,24.99211883544922,,0.06590860337018967,202,,,,,,0.340425580739975,,,0.004227155353873968,,0.06948819011449814,,602,,
0.0369737483561039,,46.20193099975586,,,,,,,,0.0029446729458868504,,,,,41.16389846801758,,,0.25003090500831604,,,,1776365662.4630647,,1769.668202704,0.950847864151001,,,,201,,,,,,,,,,,,0.39936476945877075,,,0.038826316595077515,5.038028240203857,,,24.992826461791992,,0.06841539591550827,203,,,,,,0.3403335511684418,,,0.004203513264656067,,0.06662128865718842,,605,,
0.036924850195646286,,46.13020706176758,,,,,,,,0.002947012195363641,,,,,41.09340286254883,,,0.25282585620880127,,,,1776365669.6971362,,1776.90137567,0.9451679587364197,,,,202,,,,,,,,,,,,0.400987833738327,,,0.03901031240820885,5.036804676055908,,,24.993545532226562,,0.06653113663196564,204,,,,,,0.34318917989730835,,,0.004228448495268822,,0.06778943538665771,,608,,
0.03717009723186493,,46.103084564208984,,,,,,,,0.0029461851809173822,,,,,41.06675720214844,,,0.25328296422958374,,,,1776365676.9634504,,1784.168628472,0.9431933760643005,,,,203,,,,,,,,,,,,0.4025069773197174,,,0.03905025124549866,5.036327362060547,,,24.994272232055664,,0.06552284955978394,205,,,,,,0.3437691628932953,,,0.004205639008432627,,0.06893614679574966,,611,,
0.03726056590676308,,46.06231689453125,,,,,,,,0.00295065576210618,,,,,41.0271110534668,,,0.2557542026042938,,,,1776365684.1626658,,1791.367051105,0.9393274188041687,,,,204,,,,,,,,,,,,0.3986659348011017,,,0.03915601223707199,5.035206317901611,,,24.995023727416992,,0.06719673424959183,206,,,,,,0.3459565043449402,,,0.004220623057335615,,0.06603214889764786,,614,,
0.03681427612900734,,46.029876708984375,,,,,,,,0.002950038993731141,,,,,40.99570083618164,,,0.252834677696228,,,,1776365691.2375827,,1798.442863772,0.937835693359375,,,,205,,,,,,,,,,,,0.40252482891082764,,,0.039024580270051956,5.034178256988525,,,24.995777130126953,,0.06381909549236298,207,,,,,,0.34564632177352905,,,0.004175113048404455,,0.06800749152898788,,617,,
0.037493571639060974,,45.9281120300293,,,,,,,,0.002959639299660921,,,,,40.892425537109375,,,0.2518864870071411,,,,1776365698.3791437,,1805.583692196,0.9300782084465027,,,,206,,,,,,,,,,,,0.3988424837589264,,,0.039490457624197006,5.0356855392456055,,,24.99654769897461,,0.06622015684843063,208,,,,,,0.34983885288238525,,,0.004204865079373121,,0.06826085597276688,,620,,
0.03683451563119888,,45.93227005004883,,,,,,,,0.00295575731433928,,,,,40.89715576171875,,,0.2497662901878357,,,,1776365705.5165532,,1812.721156025,0.9305160641670227,,,,207,,,,,,,,,,,,0.39774176478385925,,,0.03931306675076485,5.035111427307129,,,24.9973201751709,,0.06501919776201248,209,,,,,,0.3479534685611725,,,0.004165266174823046,,0.06749480217695236,,623,,
0.03710634261369705,,45.88606643676758,,,,,,,,0.002951456233859062,,,,,40.85231018066406,,,0.25546589493751526,,,,1776365712.721466,,1819.92567361,0.9268130660057068,,,,208,,,,,,,,,,,,0.39793771505355835,,,0.03934738039970398,5.033760070800781,,,24.998136520385742,,0.06613191962242126,210,,,,,,0.35091668367385864,,,0.004198181908577681,,0.06773404031991959,,626,,
0.03785131499171257,,45.813819885253906,,,,,,,,0.002969462191686034,,,,,40.783660888671875,,,0.25496211647987366,,,,1776365719.9467053,,1827.150698305,0.9215502738952637,,,,209,,,,,,,,,,,,0.4021267294883728,,,0.04004961624741554,5.030155658721924,,,24.99895668029785,,0.06860647350549698,211,,,,,,0.35360288619995117,,,0.004209717735648155,,0.06477449089288712,,629,,
0.03679965063929558,,45.83903503417969,,,,,,,,0.002954368945211172,,,,,40.807533264160156,,,0.2542283535003662,,,,1776365726.9867709,,1834.191371471,0.9233170747756958,,,,210,,,,,,,,,,,,0.40428829193115234,,,0.03930985555052757,5.031504154205322,,,24.999780654907227,,0.06587009131908417,212,,,,,,0.35197895765304565,,,0.004170702304691076,,0.06940031796693802,,632,,
0.03750896081328392,,45.74995803833008,,,,,,,,0.0029688391368836164,,,,,40.71940612792969,,,0.25477638840675354,,,,1776365734.2158527,,1841.420283639,0.917263925075531,,,,211,,,,,,,,,,,,0.4015744626522064,,,0.040053028613328934,5.0305495262146,,,25.00062370300293,,0.06523878127336502,213,,,,,,0.3548782765865326,,,0.004172578454017639,,0.06570057570934296,,635,,
0.0377274714410305,,45.728607177734375,,,,,,,,0.002961401827633381,,,,,40.697540283203125,,,0.25568491220474243,,,,1776365741.3464894,,1848.550609554,0.9146787524223328,,,,212,,,,,,,,,,,,0.4037944972515106,,,0.03980536013841629,5.031068801879883,,,25.001497268676758,,0.06537217646837234,214,,,,,,0.3560483753681183,,,0.004164101090282202,,0.06502529233694077,,638,,
0.03766164928674698,,45.67096710205078,,,,,,,,0.0029609794728457928,,,,,40.6435661315918,,,0.2565169334411621,,,,1776365748.5315874,,1855.735715501,0.9108678102493286,,,,213,,,,,,,,,,,,0.3987056314945221,,,0.039911650121212006,5.027397632598877,,,25.002370834350586,,0.06149471178650856,215,,,,,,0.35788294672966003,,,0.00416631530970335,,0.06506167352199554,,641,,
0.03762001171708107,,45.602176666259766,,,,,,,,0.0029594285879284143,,,,,40.57341766357422,,,0.25574991106987,,,,1776365755.6486878,,1862.853026129,0.9065091013908386,,,,214,,,,,,,,,,,,0.399453729391098,,,0.04013704136013985,5.0287580490112305,,,25.003257751464844,,0.06651243567466736,216,,,,,,0.35919806361198425,,,0.004114896059036255,,0.06780783832073212,,644,,
0.03755713626742363,,45.586692810058594,,,,,,,,0.00295794359408319,,,,,40.56228256225586,,,0.2550458312034607,,,,1776365762.8826149,,1870.087001416,0.9050703644752502,,,,215,,,,,,,,,,,,0.40565913915634155,,,0.03982546925544739,5.024413108825684,,,25.004165649414062,,0.06040805205702782,217,,,,,,0.3595542311668396,,,0.004142785910516977,,0.06515946239233017,,647,,
0.037360239773988724,,45.56220626831055,,,,,,,,0.002957645570859313,,,,,40.53583526611328,,,0.25433263182640076,,,,1776365770.049561,,1877.253675686,0.9032801389694214,,,,216,,,,,,,,,,,,0.40160587430000305,,,0.03968300670385361,5.026364803314209,,,25.005088806152344,,0.06456638127565384,218,,,,,,0.3598797023296356,,,0.004127815365791321,,0.06619001924991608,,650,,
0.037182487547397614,,45.50409698486328,,,,,,,,0.0029623406007885933,,,,,40.476444244384766,,,0.25445786118507385,,,,1776365777.2093246,,1884.413530473,0.8993725776672363,,,,217,,,,,,,,,,,,0.4056747257709503,,,0.039966125041246414,5.027650356292725,,,25.006031036376953,,0.06059907376766205,219,,,,,,0.3623857796192169,,,0.0041016764007508755,,0.06809849292039871,,653,,
0.03734796121716499,,45.48183822631836,,,,,,,,0.002964344108477235,,,,,40.45646667480469,,,0.2548176348209381,,,,1776365784.4792595,,1891.683298317,0.8976545929908752,,,,218,,,,,,,,,,,,0.4049643874168396,,,0.04017941653728485,5.02537727355957,,,25.006982803344727,,0.06425118446350098,220,,,,,,0.3627680540084839,,,0.004130559042096138,,0.06590477377176285,,656,,
0.03749791160225868,,45.44014358520508,,,,,,,,0.0029667476192116737,,,,,40.414939880371094,,,0.25571754574775696,,,,1776365791.6888096,,1898.893203271,0.8942524194717407,,,,219,,,,,,,,,,,,0.402740478515625,,,0.04019729793071747,5.025203227996826,,,25.007966995239258,,0.06469783931970596,221,,,,,,0.36519208550453186,,,0.00412316620349884,,0.06500978022813797,,659,,
0.037090666592121124,,45.36469268798828,,,,,,,,0.002961730817332864,,,,,40.34442901611328,,,0.2550518810749054,,,,1776365799.0707035,,1906.274744911,0.8889773488044739,,,,220,,,,,,,,,,,,0.41185262799263,,,0.040099237114191055,5.020267963409424,,,25.008970260620117,,0.06261555850505829,222,,,,,,0.3664964735507965,,,0.004097817000001669,,0.0650564506649971,,662,,
0.03696507588028908,,45.3614501953125,,,,,,,,0.0029650048818439245,,,,,40.3376579284668,,,0.2536744177341461,,,,1776365806.3403668,,1913.544440854,0.8882207274436951,,,,221,,,,,,,,,,,,0.3998245596885681,,,0.04000430926680565,5.023794174194336,,,25.009984970092773,,0.06307720392942429,223,,,,,,0.36667025089263916,,,0.004042387008666992,,0.06418446451425552,,665,,
0.03722508251667023,,45.315364837646484,,,,,,,,0.002958103781566024,,,,,40.293739318847656,,,0.25513383746147156,,,,1776365813.5793493,,1920.783438445,0.8849940896034241,,,,222,,,,,,,,,,,,0.4034698009490967,,,0.040303271263837814,5.02161979675293,,,25.011003494262695,,0.06273104250431061,224,,,,,,0.3676486015319824,,,0.004071211442351341,,0.06377745419740677,,668,,
0.03739326074719429,,45.29142379760742,,,,,,,,0.0029626369941979647,,,,,40.26834487915039,,,0.2546002268791199,,,,1776365820.7143784,,1927.919002224,0.8840553760528564,,,,223,,,,,,,,,,,,0.4049123525619507,,,0.040137048810720444,5.023077011108398,,,25.012060165405273,,0.05959572643041611,225,,,,,,0.3683397173881531,,,0.004063156433403492,,0.06607203930616379,,671,,
0.03676912933588028,,45.212100982666016,,,,,,,,0.002963453298434615,,,,,40.19353103637695,,,0.2543725073337555,,,,1776365827.8845277,,1935.088700916,0.878160297870636,,,,224,,,,,,,,,,,,0.40467825531959534,,,0.040285032242536545,5.018576622009277,,,25.013126373291016,,0.061549752950668335,226,,,,,,0.3707491159439087,,,0.004049939103424549,,0.06468647718429565,,674,,
0.03773963451385498,,45.14816665649414,,,,,,,,0.0029667785856872797,,,,,40.12911605834961,,,0.2555108666419983,,,,1776365835.0037,,1942.207972728,0.8733817338943481,,,,225,,,,,,,,,,,,0.40594935417175293,,,0.04055180773139,5.019047260284424,,,25.014217376708984,,0.059997424483299255,227,,,,,,0.37395229935646057,,,0.004054752178490162,,0.06517306715250015,,677,,
0.03682347759604454,,45.17491149902344,,,,,,,,0.0029566949233412743,,,,,40.155982971191406,,,0.2545851767063141,,,,1776365842.2193754,,1949.423375681,0.8749256134033203,,,,226,,,,,,,,,,,,0.4016638696193695,,,0.04021318629384041,5.018928050994873,,,25.01531410217285,,0.06338927149772644,228,,,,,,0.37245839834213257,,,0.004036006052047014,,0.06361641734838486,,680,,
0.036935508251190186,,45.0970344543457,,,,,,,,0.002960022771731019,,,,,40.078468322753906,,,0.253871887922287,,,,1776365849.4444752,,1956.648626271,0.8697549700737,,,,227,,,,,,,,,,,,0.4076908826828003,,,0.04041685909032822,5.018567085266113,,,25.016435623168945,,0.06614819914102554,229,,,,,,0.3737618625164032,,,0.00403956975787878,,0.06324190646409988,,683,,
0.036978818476200104,,45.08023452758789,,,,,,,,0.0029570749029517174,,,,,40.064022064208984,,,0.2539413571357727,,,,1776365856.8359778,,1964.040134569,0.8686206936836243,,,,228,,,,,,,,,,,,0.4081704318523407,,,0.040216002613306046,5.016209125518799,,,25.017576217651367,,0.05992569029331207,230,,,,,,0.37488269805908203,,,0.004012794699519873,,0.06503801047801971,,686,,
0.036983516067266464,,45.021690368652344,,,,,,,,0.002962741767987609,,,,,40.00621795654297,,,0.2535897195339203,,,,1776365863.998162,,1971.202363227,0.8643179535865784,,,,229,,,,,,,,,,,,0.41045787930488586,,,0.04059181734919548,5.015471935272217,,,25.018722534179688,,0.06198706850409508,231,,,,,,0.3773735463619232,,,0.0040265475399792194,,0.06337758153676987,,689,,
0.03684593737125397,,44.94032669067383,,,,,,,,0.0029682472813874483,,,,,39.92831039428711,,,0.2516654431819916,,,,1776365871.2489302,,1978.453275117,0.860043466091156,,,,230,,,,,,,,,,,,0.41358232498168945,,,0.0403982549905777,5.0120158195495605,,,25.01991081237793,,0.06046837940812111,232,,,,,,0.37899962067604065,,,0.003993635531514883,,0.06402576714754105,,692,,
0.03657913580536842,,44.94217300415039,,,,,,,,0.002956728683784604,,,,,39.93199920654297,,,0.25056251883506775,,,,1776365878.411786,,1985.616248724,0.8596529364585876,,,,231,,,,,,,,,,,,0.4102419912815094,,,0.04042486846446991,5.010176181793213,,,25.021108627319336,,0.06070510298013687,233,,,,,,0.37773939967155457,,,0.0039915237575769424,,0.06375861167907715,,695,,
0.03658565878868103,,44.87883377075195,,,,,,,,0.0029657084960490465,,,,,39.86677932739258,,,0.25199371576309204,,,,1776365885.8061376,,1993.010323657,0.8548856377601624,,,,232,,,,,,,,,,,,0.40938350558280945,,,0.04038841277360916,5.012054920196533,,,25.02233123779297,,0.05927255004644394,234,,,,,,0.3806499242782593,,,0.00398586131632328,,0.061836495995521545,,698,,
0.03645220398902893,,44.85166549682617,,,,,,,,0.002951730042695999,,,,,39.84077453613281,,,0.2525756359100342,,,,1776365892.9480987,,2000.152670527,0.8525460958480835,,,,233,,,,,,,,,,,,0.40828263759613037,,,0.040447477251291275,5.010898590087891,,,25.02356719970703,,0.05980854853987694,235,,,,,,0.3812203109264374,,,0.003965340089052916,,0.06260024011135101,,701,,
0.03661016747355461,,44.83262634277344,,,,,,,,0.0029601629357784986,,,,,39.82758331298828,,,0.2516483664512634,,,,1776365899.9855552,,2007.189695543,0.8513511419296265,,,,234,,,,,,,,,,,,0.40586358308792114,,,0.04043104499578476,5.005038738250732,,,25.02482032775879,,0.06013546139001846,236,,,,,,0.38247591257095337,,,0.003937628585845232,,0.062005043029785156,,704,,
0.036572277545928955,,44.7838134765625,,,,,,,,0.0029570467304438353,,,,,39.77598190307617,,,0.24974027276039124,,,,1776365907.1072843,,2014.311429513,0.8483937382698059,,,,235,,,,,,,,,,,,0.40609055757522583,,,0.04050175100564957,5.007835388183594,,,25.026105880737305,,0.06064591556787491,237,,,,,,0.3827227056026459,,,0.003931248560547829,,0.06240370497107506,,707,,
0.03613763675093651,,44.74550247192383,,,,,,,,0.0029476601630449295,,,,,39.740394592285156,,,0.24654531478881836,,,,1776365914.3267324,,2021.531316763,0.8462522625923157,,,,236,,,,,,,,,,,,0.4113101363182068,,,0.040294576436281204,5.005107402801514,,,25.027406692504883,,0.06128184497356415,238,,,,,,0.3825422525405884,,,0.003921305760741234,,0.06261776387691498,,710,,
0.036668822169303894,,44.69990921020508,,,,,,,,0.002953439252451062,,,,,39.69541549682617,,,0.2496592253446579,,,,1776365921.6809661,,2028.885769416,0.842390775680542,,,,237,,,,,,,,,,,,0.4061989486217499,,,0.040763214230537415,5.004488945007324,,,25.02872085571289,,0.0607915036380291,239,,,,,,0.3858237862586975,,,0.003917360678315163,,0.061638347804546356,,713,,
0.03604578971862793,,44.66331481933594,,,,,,,,0.0029409208800643682,,,,,39.66047668457031,,,0.24783314764499664,,,,1776365928.892197,,2036.096943653,0.8400089740753174,,,,238,,,,,,,,,,,,0.40829670429229736,,,0.0402572937309742,5.002838134765625,,,25.03005599975586,,0.060531020164489746,240,,,,,,0.38551363348960876,,,0.003878974122926593,,0.06171101704239845,,716,,
0.035896580666303635,,44.590911865234375,,,,,,,,0.0029530066531151533,,,,,39.58755111694336,,,0.24745099246501923,,,,1776365935.8779004,,2043.082531753,0.8348966240882874,,,,239,,,,,,,,,,,,0.4047982692718506,,,0.04072488844394684,5.003359794616699,,,25.031394958496094,,0.06105151027441025,241,,,,,,0.38885435461997986,,,0.003912718966603279,,0.06101374328136444,,719,,
0.035709455609321594,,44.59026336669922,,,,,,,,0.002945590065792203,,,,,39.59050750732422,,,0.24570678174495697,,,,1776365943.0770934,,2050.281846426,0.8354632258415222,,,,240,,,,,,,,,,,,0.416936457157135,,,0.04032352194190025,4.999754428863525,,,25.03278350830078,,0.05991337448358536,242,,,,,,0.38791418075561523,,,0.0038543916307389736,,0.06229308992624283,,722,,
0.036043405532836914,,44.52043151855469,,,,,,,,0.002954911906272173,,,,,39.522239685058594,,,0.245496928691864,,,,1776365950.3043213,,2057.508810991,0.8306224942207336,,,,241,,,,,,,,,,,,0.4117886424064636,,,0.04066735506057739,4.998189449310303,,,25.034183502197266,,0.05921410396695137,243,,,,,,0.39131906628608704,,,0.0038770241662859917,,0.06034484878182411,,725,,
0.03579627349972725,,44.457855224609375,,,,,,,,0.002950093476101756,,,,,39.460243225097656,,,0.24524450302124023,,,,1776365957.4811187,,2064.685758468,0.826580822467804,,,,242,,,,,,,,,,,,0.41183707118034363,,,0.04064177721738815,4.997610092163086,,,25.035598754882812,,0.05673735961318016,244,,,,,,0.39231207966804504,,,0.003838066942989826,,0.06027008593082428,,728,,
0.035935305058956146,,44.40987777709961,,,,,,,,0.002954838564619422,,,,,39.41284942626953,,,0.24668897688388824,,,,1776365964.6068952,,2071.810833539,0.8227907419204712,,,,243,,,,,,,,,,,,0.4135115444660187,,,0.04085336625576019,4.997030735015869,,,25.03703498840332,,0.05725085735321045,245,,,,,,0.3953830301761627,,,0.003852949943393469,,0.06030663102865219,,731,,
0.035263966768980026,,44.397056579589844,,,,,,,,0.0029417092446237803,,,,,39.40119552612305,,,0.2400306910276413,,,,1776365971.7872827,,2078.992529024,0.82256680727005,,,,244,,,,,,,,,,,,0.41611361503601074,,,0.04037738963961601,4.995862007141113,,,25.038490295410156,,0.05593103542923927,246,,,,,,0.392257958650589,,,0.003800220089033246,,0.05963345989584923,,734,,
0.035578735172748566,,44.35557556152344,,,,,,,,0.002945575164631009,,,,,39.361324310302734,,,0.24077238142490387,,,,1776365978.9041736,,2086.108526194,0.8197215795516968,,,,245,,,,,,,,,,,,0.4166177809238434,,,0.04047386720776558,4.994253158569336,,,25.039962768554688,,0.05759936198592186,247,,,,,,0.3943077623844147,,,0.003795777913182974,,0.06239718198776245,,737,,
0.03528518229722977,,44.3124885559082,,,,,,,,0.0029372042044997215,,,,,39.3211784362793,,,0.2394789159297943,,,,1776365986.279449,,2093.483519669,0.8174119591712952,,,,246,,,,,,,,,,,,0.4135158061981201,,,0.04038407653570175,4.9913177490234375,,,25.041460037231445,,0.05687077343463898,248,,,,,,0.39494749903678894,,,0.0037805954925715923,,0.06264517456293106,,740,,
0.03495543822646141,,44.275001525878906,,,,,,,,0.0029301245231181383,,,,,39.284767150878906,,,0.23842738568782806,,,,1776365993.3807738,,2100.58531856,0.8150644898414612,,,,247,,,,,,,,,,,,0.40793848037719727,,,0.04046420007944107,4.990232944488525,,,25.042972564697266,,0.05366811156272888,249,,,,,,0.394686758518219,,,0.003756969701498747,,0.058811500668525696,,743,,
0.03456205502152443,,44.247886657714844,,,,,,,,0.0029370158445090055,,,,,39.25912857055664,,,0.23766133189201355,,,,1776366000.7366538,,2107.941132695,0.8126022815704346,,,,248,,,,,,,,,,,,0.41617825627326965,,,0.04025183990597725,4.988758087158203,,,25.044517517089844,,0.054965291172266006,250,,,,,,0.3972567915916443,,,0.003739176085218787,,0.0607813261449337,,746,,
0.03429295867681503,,44.178043365478516,,,,,,,,0.0029220646247267723,,,,,39.18962097167969,,,0.23641261458396912,,,,1776366008.9908593,,2116.195132749,0.8084028363227844,,,,249,,,,,,,,,,,,0.41360601782798767,,,0.04040940850973129,4.9884209632873535,,,25.04608154296875,,0.05730061233043671,251,,,,,,0.3975210189819336,,,0.0037471135146915913,,0.061917662620544434,,749,,
0.03434709459543228,,44.16865158081055,,,,,,,,0.0029283964540809393,,,,,39.179039001464844,,,0.2355799674987793,,,,1776366015.9961393,,2123.205045227,0.8072145581245422,,,,250,,,,,,,,,,,,0.41329270601272583,,,0.039783939719200134,4.989610195159912,,,25.04766845703125,,0.05703357234597206,252,,,,,,0.39832866191864014,,,0.0037353236693888903,,0.061976440250873566,,752,,
0.034078869968652725,,44.10525131225586,,,,,,,,0.0029244052711874247,,,,,39.1162223815918,,,0.23276390135288239,,,,1776366023.1652834,,2130.369478586,0.8034777641296387,,,,251,,,,,,,,,,,,0.4156056046485901,,,0.03996632620692253,4.98902702331543,,,25.049257278442383,,0.05345344543457031,253,,,,,,0.3995397686958313,,,0.0036766640841960907,,0.06115364655852318,,755,,
0.034018948674201965,,44.09730911254883,,,,,,,,0.0029134051874279976,,,,,39.11210632324219,,,0.23117411136627197,,,,1776366030.2774212,,2137.482076783,0.8027086853981018,,,,252,,,,,,,,,,,,0.41176649928092957,,,0.03983090817928314,4.98520040512085,,,25.05088233947754,,0.055808957666158676,254,,,,,,0.399252325296402,,,0.00366393243893981,,0.05930010601878166,,758,,
0.03384637460112572,,44.025455474853516,,,,,,,,0.0029056782368570566,,,,,39.042728424072266,,,0.23028495907783508,,,,1776366037.3414767,,2144.546248066,0.798285961151123,,,,253,,,,,,,,,,,,0.417122483253479,,,0.03986534848809242,4.982728481292725,,,25.052522659301758,,0.054956868290901184,255,,,,,,0.4005495309829712,,,0.003640942508354783,,0.059505678713321686,,761,,
0.03405870869755745,,43.9759635925293,,,,,,,,0.0029182638972997665,,,,,38.99732971191406,,,0.2297596037387848,,,,1776366044.6231623,,2151.82742759,0.7957385182380676,,,,254,,,,,,,,,,,,0.4221028685569763,,,0.03994857519865036,4.978633403778076,,,25.054189682006836,,0.056086909025907516,256,,,,,,0.4027227759361267,,,0.003662240458652377,,0.061375491321086884,,764,,
0.03375110775232315,,43.96308517456055,,,,,,,,0.0029025760013610125,,,,,38.985694885253906,,,0.22688789665699005,,,,1776366051.9254017,,2159.129413493,0.794647753238678,,,,255,,,,,,,,,,,,0.4184357821941376,,,0.03963720425963402,4.977388381958008,,,25.055862426757812,,0.056705620139837265,257,,,,,,0.4015016555786133,,,0.0036075047682970762,,0.0600537434220314,,767,,
0.03377993404865265,,43.91237258911133,,,,,,,,0.002897445345297456,,,,,38.938751220703125,,,0.22809898853302002,,,,1776366059.0395303,,2166.243528886,0.7909508943557739,,,,256,,,,,,,,,,,,0.41773471236228943,,,0.03994341194629669,4.973618507385254,,,25.05756378173828,,0.054950229823589325,258,,,,,,0.4038889706134796,,,0.0036205530632287264,,0.06035633757710457,,770,,
0.03286837413907051,,43.86983871459961,,,,,,,,0.0028908774256706238,,,,,38.89542007446289,,,0.22297640144824982,,,,1776366066.3216796,,2173.526361431,0.7892138361930847,,,,257,,,,,,,,,,,,0.41078177094459534,,,0.03955904394388199,4.974421501159668,,,25.059282302856445,,0.05387821048498154,259,,,,,,0.4031016230583191,,,0.003587519284337759,,0.06097928434610367,,773,,
0.03320732340216637,,43.88003921508789,,,,,,,,0.002892277203500271,,,,,38.90519714355469,,,0.22162380814552307,,,,1776366073.6449413,,2180.849636966,0.7883779406547546,,,,258,,,,,,,,,,,,0.4189242422580719,,,0.0395626425743103,4.974835395812988,,,25.061017990112305,,0.05458983778953552,260,,,,,,0.4032416045665741,,,0.003575757844373584,,0.05753454938530922,,776,,
0.03288177773356438,,43.78787612915039,,,,,,,,0.0028859328012913465,,,,,38.81706237792969,,,0.22175759077072144,,,,1776366080.883989,,2188.089042139,0.7832542657852173,,,,259,,,,,,,,,,,,0.4174613058567047,,,0.039652224630117416,4.97080659866333,,,25.062772750854492,,0.05596255138516426,261,,,,,,0.4059187173843384,,,0.003562039230018854,,0.060737233608961105,,779,,
0.03264602646231651,,43.753501892089844,,,,,,,,0.002893806202337146,,,,,38.783355712890625,,,0.21893444657325745,,,,1776366088.2170122,,2195.421286847,0.781389594078064,,,,260,,,,,,,,,,,,0.42009443044662476,,,0.039492830634117126,4.970152854919434,,,25.064544677734375,,0.05261620134115219,262,,,,,,0.4068887233734131,,,0.0035655086394399405,,0.05884096771478653,,782,,
0.0328693725168705,,43.744903564453125,,,,,,,,0.0028788915369659662,,,,,38.774784088134766,,,0.21763218939304352,,,,1776366095.535103,,2202.739614985,0.7800493836402893,,,,261,,,,,,,,,,,,0.4170493483543396,,,0.03939458355307579,4.970117092132568,,,25.066314697265625,,0.05524684861302376,263,,,,,,0.405958354473114,,,0.0035202233120799065,,0.0582147091627121,,785,,
0.032644595950841904,,43.674129486083984,,,,,,,,0.002882729284465313,,,,,38.705406188964844,,,0.21561169624328613,,,,1776366102.6907206,,2209.894886255,0.7760825753211975,,,,262,,,,,,,,,,,,0.4175615608692169,,,0.03937642276287079,4.968721389770508,,,25.0681209564209,,0.054153233766555786,264,,,,,,0.4088602066040039,,,0.0035217381082475185,,0.060180213302373886,,788,,
0.031988855451345444,,43.61629867553711,,,,,,,,0.0028772158548235893,,,,,38.6518669128418,,,0.21228037774562836,,,,1776366109.7700303,,2216.974246492,0.7731918096542358,,,,263,,,,,,,,,,,,0.4141216576099396,,,0.03919149562716484,4.9644317626953125,,,25.069944381713867,,0.05260554328560829,265,,,,,,0.408861368894577,,,0.0034985283855348825,,0.0580831915140152,,791,,
0.03204481303691864,,43.57615661621094,,,,,,,,0.0028738987166434526,,,,,38.6164436340332,,,0.21285304427146912,,,,1776366117.3234274,,2224.532423411,0.7699313759803772,,,,264,,,,,,,,,,,,0.419583261013031,,,0.039361294358968735,4.959712028503418,,,25.071767807006836,,0.0518624410033226,266,,,,,,0.41143712401390076,,,0.0034750262275338173,,0.06040319427847862,,794,,
0.03208111599087715,,43.58149337768555,,,,,,,,0.002867987612262368,,,,,38.620540618896484,,,0.21098028123378754,,,,1776366124.5557802,,2231.760106533,0.7701997756958008,,,,265,,,,,,,,,,,,0.42190420627593994,,,0.039203714579343796,4.960954189300537,,,25.0736083984375,,0.052495039999485016,267,,,,,,0.4104212522506714,,,0.0034670582972466946,,0.05951838940382004,,797,,
0.031105175614356995,,43.518428802490234,,,,,,,,0.0028705571312457323,,,,,38.55702209472656,,,0.2078384906053543,,,,1776366131.6717024,,2238.876539103,0.7669153809547424,,,,266,,,,,,,,,,,,0.4184321463108063,,,0.038638968020677567,4.9614057540893555,,,25.075477600097656,,0.054620012640953064,268,,,,,,0.41185033321380615,,,0.0034789724741131067,,0.05916837230324745,,800,,
0.03145962953567505,,43.48714828491211,,,,,,,,0.0028627263382077217,,,,,38.528419494628906,,,0.20445609092712402,,,,1776366138.7813573,,2245.986531258,0.765053927898407,,,,267,,,,,,,,,,,,0.41707730293273926,,,0.03930192440748215,4.958722114562988,,,25.07733154296875,,0.05180700868368149,269,,,,,,0.41154614090919495,,,0.0034346969332545996,,0.05902926251292229,,803,,
0.03069624863564968,,43.422203063964844,,,,,,,,0.0028651594184339046,,,,,38.467185974121094,,,0.20334000885486603,,,,1776366146.1677115,,2253.371726784,0.7611214518547058,,,,268,,,,,,,,,,,,0.4213496744632721,,,0.03872784972190857,4.955024719238281,,,25.079195022583008,,0.05286238715052605,270,,,,,,0.4140639007091522,,,0.003419497050344944,,0.05981142073869705,,806,,
0.031214002519845963,,43.387123107910156,,,,,,,,0.0028644802514463663,,,,,38.43804168701172,,,0.20161856710910797,,,,1776366153.6725485,,2260.881523466,0.7590312957763672,,,,269,,,,,,,,,,,,0.42237910628318787,,,0.039318013936281204,4.949080467224121,,,25.081056594848633,,0.049642134457826614,271,,,,,,0.41533374786376953,,,0.0033929951023310423,,0.058377426117658615,,809,,
0.030459105968475342,,43.34856414794922,,,,,,,,0.002855974482372403,,,,,38.39871597290039,,,0.19948816299438477,,,,1776366160.810297,,2268.014324576,0.7562893629074097,,,,270,,,,,,,,,,,,0.4231123626232147,,,0.03866073489189148,4.949851989746094,,,25.08293914794922,,0.05007746070623398,272,,,,,,0.41576218605041504,,,0.0033672754652798176,,0.05773821473121643,,812,,
0.030902376398444176,,43.28590774536133,,,,,,,,0.002851649187505245,,,,,38.33623123168945,,,0.19692793488502502,,,,1776366167.8298395,,2275.033805791,0.7536159157752991,,,,271,,,,,,,,,,,,0.4230351448059082,,,0.03890622407197952,4.949673652648926,,,25.0848331451416,,0.051755115389823914,273,,,,,,0.4160100519657135,,,0.0033717909827828407,,0.0588165745139122,,815,,
0.03079650178551674,,43.255645751953125,,,,,,,,0.002857402665540576,,,,,38.3094482421875,,,0.19769275188446045,,,,1776366174.9768782,,2282.181021162,0.7505894899368286,,,,272,,,,,,,,,,,,0.4215763211250305,,,0.0385686531662941,4.946199417114258,,,25.086746215820312,,0.052544910460710526,274,,,,,,0.41937384009361267,,,0.0033671227283775806,,0.05750364437699318,,818,,
0.030055472627282143,,43.208351135253906,,,,,,,,0.0028541176579892635,,,,,38.264915466308594,,,0.19304054975509644,,,,1776366182.3722456,,2289.576316087,0.7484652996063232,,,,273,,,,,,,,,,,,0.42174848914146423,,,0.03862227126955986,4.943438529968262,,,25.088659286499023,,0.050354428589344025,275,,,,,,0.4192521274089813,,,0.003324679099023342,,0.05831208452582359,,821,,
0.029789533466100693,,43.187339782714844,,,,,,,,0.0028509204275906086,,,,,38.2429084777832,,,0.19237634539604187,,,,1776366189.4858007,,2296.689849169,0.7474441528320312,,,,274,,,,,,,,,,,,0.43008387088775635,,,0.038139138370752335,4.94443416595459,,,25.090585708618164,,0.04920276626944542,276,,,,,,0.4199029505252838,,,0.003327521961182356,,0.05973285809159279,,824,,
0.030357398092746735,,43.15288162231445,,,,,,,,0.0028542345389723778,,,,,38.208396911621094,,,0.19182154536247253,,,,1776366196.6783338,,2303.882486976,0.7443872690200806,,,,275,,,,,,,,,,,,0.41793206334114075,,,0.038840316236019135,4.944487571716309,,,25.092500686645508,,0.051973674446344376,277,,,,,,0.4221563935279846,,,0.0033379229716956615,,0.058387916535139084,,827,,
0.02965753898024559,,43.1044807434082,,,,,,,,0.002845967886969447,,,,,38.16377639770508,,,0.1882719099521637,,,,1776366203.8483005,,2311.052750705,0.7420033812522888,,,,276,,,,,,,,,,,,0.42554929852485657,,,0.038150638341903687,4.940707206726074,,,25.09444236755371,,0.05089008808135986,278,,,,,,0.4228135645389557,,,0.003319099312648177,,0.06021305173635483,,830,,
0.02954881079494953,,43.02634048461914,,,,,,,,0.0028485488146543503,,,,,38.089561462402344,,,0.18562471866607666,,,,1776366210.9715319,,2318.176473507,0.7373693585395813,,,,277,,,,,,,,,,,,0.4220951795578003,,,0.03840574994683266,4.93678092956543,,,25.096364974975586,,0.051064010709524155,279,,,,,,0.42502477765083313,,,0.0032753401901572943,,0.05749250948429108,,833,,
0.0293702594935894,,43.02708435058594,,,,,,,,0.002852305769920349,,,,,38.090877532958984,,,0.18330848217010498,,,,1776366218.4812164,,2325.68556246,0.7379121780395508,,,,278,,,,,,,,,,,,0.4261128306388855,,,0.038242969661951065,4.936208248138428,,,25.098295211791992,,0.05029308795928955,280,,,,,,0.42545828223228455,,,0.003302968805655837,,0.059303347021341324,,836,,
0.029618149623274803,,42.98169708251953,,,,,,,,0.0028440463356673717,,,,,38.049686431884766,,,0.18413005769252777,,,,1776366225.6712518,,2332.875803067,0.7346449494361877,,,,279,,,,,,,,,,,,0.42232468724250793,,,0.03871190547943115,4.932008266448975,,,25.100234985351562,,0.052512526512145996,281,,,,,,0.4268456995487213,,,0.0032773453276604414,,0.05849672853946686,,839,,
0.029189014807343483,,42.95813751220703,,,,,,,,0.0028540133498609066,,,,,38.02210998535156,,,0.18104363977909088,,,,1776366232.7969031,,2340.001945924,0.7332127690315247,,,,280,,,,,,,,,,,,0.43330010771751404,,,0.03803665563464165,4.936025619506836,,,25.102163314819336,,0.05149885639548302,282,,,,,,0.42896243929862976,,,0.0032762496266514063,,0.05860399082303047,,842,,
0.028769569471478462,,42.87084197998047,,,,,,,,0.0028507255483418703,,,,,37.93941116333008,,,0.17900559306144714,,,,1776366239.9953763,,2347.200033977,0.7286898493766785,,,,281,,,,,,,,,,,,0.420087069272995,,,0.038195446133613586,4.931431770324707,,,25.10409164428711,,0.05071781948208809,283,,,,,,0.43034735321998596,,,0.0032468540593981743,,0.05776781216263771,,845,,
0.028545275330543518,,42.8458366394043,,,,,,,,0.002846657996997237,,,,,37.9186897277832,,,0.17597365379333496,,,,1776366247.233102,,2354.437175099,0.7269908785820007,,,,282,,,,,,,,,,,,0.43159663677215576,,,0.038049276918172836,4.927146911621094,,,25.106029510498047,,0.04867733642458916,284,,,,,,0.4317530691623688,,,0.003240124089643359,,0.058207981288433075,,848,,
0.028483998030424118,,42.80132293701172,,,,,,,,0.002851751632988453,,,,,37.878517150878906,,,0.1753465086221695,,,,1776366254.6294975,,2361.83398894,0.7246235013008118,,,,283,,,,,,,,,,,,0.4330328404903412,,,0.03839944303035736,4.922799587249756,,,25.107940673828125,,0.05042793229222298,285,,,,,,0.4340614974498749,,,0.0032600348349660635,,0.05903637409210205,,851,,
0.028190672397613525,,42.77713394165039,,,,,,,,0.0028534166049212217,,,,,37.857791900634766,,,0.17215795814990997,,,,1776366261.670927,,2368.875204367,0.7235126495361328,,,,284,,,,,,,,,,,,0.42706918716430664,,,0.037833742797374725,4.919344902038574,,,25.109880447387695,,0.050634581595659256,286,,,,,,0.43445420265197754,,,0.003236163640394807,,0.057101599872112274,,854,,
0.028523210436105728,,42.73894500732422,,,,,,,,0.0028641815297305584,,,,,37.81455612182617,,,0.1729361116886139,,,,1776366268.89604,,2376.100636111,0.7207632660865784,,,,285,,,,,,,,,,,,0.4197867214679718,,,0.038469940423965454,4.924386024475098,,,25.111799240112305,,0.04930626600980759,287,,,,,,0.43813079595565796,,,0.0032467280980199575,,0.05827319994568825,,857,,
0.027815215289592743,,42.69002151489258,,,,,,,,0.0028728311881422997,,,,,37.76799392700195,,,0.17090950906276703,,,,1776366275.952214,,2383.156666368,0.7181487083435059,,,,286,,,,,,,,,,,,0.43301859498023987,,,0.03808572143316269,4.922031402587891,,,25.113727569580078,,0.04900801181793213,288,,,,,,0.44057270884513855,,,0.0032310769893229008,,0.057963110506534576,,860,,
0.02823827974498272,,42.6816520690918,,,,,,,,0.002866914262995124,,,,,37.76229476928711,,,0.17017418146133423,,,,1776366283.1917348,,2390.395802488,0.7179933786392212,,,,287,,,,,,,,,,,,0.42783990502357483,,,0.03834858164191246,4.9193572998046875,,,25.115636825561523,,0.05166088044643402,289,,,,,,0.44053274393081665,,,0.0032312320545315742,,0.059637557715177536,,863,,
0.028044601902365685,,42.63003921508789,,,,,,,,0.0028830296359956264,,,,,37.711769104003906,,,0.1667853444814682,,,,1776366290.3217647,,2397.526168744,0.714921236038208,,,,288,,,,,,,,,,,,0.4296032786369324,,,0.03800690174102783,4.918267250061035,,,25.117549896240234,,0.050536200404167175,290,,,,,,0.44447457790374756,,,0.0032458121422678232,,0.05726517364382744,,866,,
0.0278059933334589,,42.60215377807617,,,,,,,,0.0028836680576205254,,,,,37.68893051147461,,,0.165421262383461,,,,1776366297.4634743,,2404.667933557,0.7136572003364563,,,,289,,,,,,,,,,,,0.427552729845047,,,0.038153424859046936,4.913222789764404,,,25.119449615478516,,0.050066351890563965,291,,,,,,0.44557544589042664,,,0.00323015870526433,,0.05904965102672577,,869,,
0.027893507853150368,,42.551414489746094,,,,,,,,0.002892577787861228,,,,,37.6414794921875,,,0.16510112583637238,,,,1776366304.61094,,2411.815828694,0.7103148102760315,,,,290,,,,,,,,,,,,0.42616161704063416,,,0.038156092166900635,4.909938335418701,,,25.121326446533203,,0.05125686153769493,292,,,,,,0.44954168796539307,,,0.003210002090781927,,0.058422304689884186,,872,,
0.02770746499300003,,42.50238800048828,,,,,,,,0.002901575993746519,,,,,37.594139099121094,,,0.16494663059711456,,,,1776366311.817563,,2419.021845889,0.7079025506973267,,,,291,,,,,,,,,,,,0.4280048608779907,,,0.03837301582098007,4.9082441329956055,,,25.123180389404297,,0.05148383229970932,293,,,,,,0.45220983028411865,,,0.0032414149027317762,,0.05953540280461311,,875,,
0.02748079039156437,,42.47279739379883,,,,,,,,0.002910319482907653,,,,,37.56468963623047,,,0.16271907091140747,,,,1776366319.044904,,2426.249185163,0.7059416174888611,,,,292,,,,,,,,,,,,0.4339323937892914,,,0.03825545683503151,4.908102989196777,,,25.125038146972656,,0.04979349300265312,294,,,,,,0.4549002945423126,,,0.0032333743292838335,,0.05880037322640419,,878,,
0.02782057784497738,,42.445404052734375,,,,,,,,0.00291803409345448,,,,,37.540889739990234,,,0.16446605324745178,,,,1776366326.2562764,,2433.460753315,0.7040586471557617,,,,293,,,,,,,,,,,,0.4282478392124176,,,0.0382649227976799,4.904514312744141,,,25.12689781188965,,0.04865432158112526,295,,,,,,0.45856037735939026,,,0.003259057179093361,,0.05862443894147873,,881,,
0.027227573096752167,,42.37697982788086,,,,,,,,0.002922412008047104,,,,,37.474300384521484,,,0.1605917364358902,,,,1776366333.466216,,2440.670277456,0.7002960443496704,,,,294,,,,,,,,,,,,0.42849212884902954,,,0.03862855210900307,4.902684688568115,,,25.128734588623047,,0.04931322857737541,296,,,,,,0.46102696657180786,,,0.0032266529742628336,,0.059079043567180634,,884,,
0.02774861641228199,,42.349491119384766,,,,,,,,0.002939858241006732,,,,,37.448463439941406,,,0.162255197763443,,,,1776366340.584191,,2447.788206322,0.6986961364746094,,,,295,,,,,,,,,,,,0.428789883852005,,,0.03859398141503334,4.901029586791992,,,25.130584716796875,,0.05155656486749649,297,,,,,,0.46506235003471375,,,0.0032759124878793955,,0.05884115397930145,,887,,
0.027242589741945267,,42.299171447753906,,,,,,,,0.002950863679870963,,,,,37.40235137939453,,,0.1575290709733963,,,,1776366347.6969452,,2454.901223359,0.6967058181762695,,,,296,,,,,,,,,,,,0.4267747402191162,,,0.038780808448791504,4.8968186378479,,,25.132421493530273,,0.05445107817649841,298,,,,,,0.4673386216163635,,,0.0032629435881972313,,0.05950452759861946,,890,,
0.027124840766191483,,42.224552154541016,,,,,,,,0.0029706470668315887,,,,,37.33198547363281,,,0.15763750672340393,,,,1776366354.8906012,,2462.094978904,0.692797064781189,,,,297,,,,,,,,,,,,0.4282133877277374,,,0.03861969709396362,4.892561435699463,,,25.13425636291504,,0.051283396780490875,299,,,,,,0.473678320646286,,,0.003265361301600933,,0.059195708483457565,,893,,
0.02730252593755722,,42.231502532958984,,,,,,,,0.002973390743136406,,,,,37.3355712890625,,,0.1569582223892212,,,,1776366362.181621,,2469.38604355,0.6926786303520203,,,,298,,,,,,,,,,,,0.4242922067642212,,,0.03919999301433563,4.895932674407959,,,25.136070251464844,,0.05240479111671448,300,,,,,,0.47469422221183777,,,0.0032796638552099466,,0.059670340269804,,896,,
,0.00971249956637621,,0.3893187344074249,7.188260403578894e-17,12.505492210388184,1.723881454251952e-16,6.260989665985107,0.13145743310451508,6.260989665985107,,0.028078095987439156,0.9727438688278198,0.9243675470352173,0.9951876401901245,,0.370463490486145,0.17796888947486877,,1.0283900499343872,6.456275939941406,0.25088751316070557,1776366449.4183989,0.017606256529688835,2556.625415543,,0.29508256912231445,7.234619617462158,0.10887499153614044,299,0.21305324137210846,0.01833750121295452,15.269269943237305,0.0021687501575797796,0.44068124890327454,6.611594200134277,0.5475562214851379,0.25456249713897705,14.011902809143066,0.1258687525987625,0.3267627954483032,,0.14281748235225677,12.426645278930664,,,0.003074999898672104,7.401366233825684,,2.6791229248046875,,301,0.006062500178813934,0.006312500219792128,0.8716999292373657,15.269269943237305,12.505492210388184,,2.397642135620117,12.989624977111816,,0.2854750156402588,,0.8716999292373657,899,0.014212661422789097,14.011902809143066
0.027258239686489105,,42.181983947753906,,,,,,,,0.0029928728472441435,,,,,37.286521911621094,,,0.15677806735038757,,,,1776366450.452605,,2557.656709921,0.6898410320281982,,,,299,,,,,,,,,,,,0.4347478151321411,,,0.039196278899908066,4.8954668045043945,,,25.13785171508789,,0.05224886164069176,302,,,,,,0.4796144664287567,,,0.0033030554186552763,,0.05952632799744606,,899,,
0.027545109391212463,,42.12851333618164,,,,,,,,0.0030100776348263025,,,,,37.23779296875,,,0.1562299281358719,,,,1776366457.3969646,,2564.60127697,0.6873353719711304,,,,300,,,,,,,,,,,,0.4288422763347626,,,0.039380110800266266,4.890719413757324,,,25.139598846435547,,0.05274396389722824,303,,,,,,0.48423486948013306,,,0.003298040945082903,,0.06005661562085152,,902,,
0.027340447530150414,,42.10348129272461,,,,,,,,0.003019300289452076,,,,,37.21415328979492,,,0.15684138238430023,,,,1776366464.5190878,,2571.723491595,0.6853033304214478,,,,301,,,,,,,,,,,,0.43156698346138,,,0.03939921781420708,4.889326095581055,,,25.14134407043457,,0.05126066505908966,304,,,,,,0.4868333041667938,,,0.0033056417014449835,,0.0596875436604023,,905,,
0.027528658509254456,,42.043460845947266,,,,,,,,0.0030378056690096855,,,,,37.1585693359375,,,0.15641026198863983,,,,1776366471.6757867,,2578.879909178,0.6826443076133728,,,,302,,,,,,,,,,,,0.4328067898750305,,,0.0395016223192215,4.884886264801025,,,25.1430606842041,,0.050287194550037384,305,,,,,,0.49234333634376526,,,0.0033330079168081284,,0.059028420597314835,,908,,
0.02732422575354576,,42.04066467285156,,,,,,,,0.003055780427530408,,,,,37.15497970581055,,,0.15463590621948242,,,,1776366478.9473045,,2586.15169369,0.6825961470603943,,,,303,,,,,,,,,,,,0.42938461899757385,,,0.039491571485996246,4.885677337646484,,,25.144777297973633,,0.05217491835355759,306,,,,,,0.49482786655426025,,,0.0033375772181898355,,0.06123628094792366,,911,,
0.02750534750521183,,41.98429870605469,,,,,,,,0.003083344316110015,,,,,37.096343994140625,,,0.1540427953004837,,,,1776366486.2500224,,2593.454044908,0.6794044971466064,,,,304,,,,,,,,,,,,0.42688044905662537,,,0.03966812416911125,4.887956619262695,,,25.14649772644043,,0.05389038100838661,307,,,,,,0.5013428926467896,,,0.0033645243383944035,,0.061711229383945465,,914,,
0.027735434472560883,,41.981300354003906,,,,,,,,0.0030962228775024414,,,,,37.09858703613281,,,0.15495647490024567,,,,1776366493.4088032,,2600.613201475,0.6791239976882935,,,,305,,,,,,,,,,,,0.4278280735015869,,,0.040131863206624985,4.882711410522461,,,25.148178100585938,,0.05142435058951378,308,,,,,,0.504378616809845,,,0.0033744743559509516,,0.06118101254105568,,917,,
0.027608150616288185,,41.96303939819336,,,,,,,,0.0031197823118418455,,,,,37.08156967163086,,,0.15600243210792542,,,,1776366500.6192822,,2607.82350552,0.6777355074882507,,,,306,,,,,,,,,,,,0.43229910731315613,,,0.03971587494015694,4.881470203399658,,,25.14988136291504,,0.05353512987494469,309,,,,,,0.5084454417228699,,,0.00338915828615427,,0.05895007401704788,,920,,
0.027870865538716316,,41.87556076049805,,,,,,,,0.003129280172288418,,,,,36.99468994140625,,,0.1559981256723404,,,,1776366507.827337,,2615.033118861,0.6734956502914429,,,,307,,,,,,,,,,,,0.42897024750709534,,,0.04067133739590645,4.880873203277588,,,25.15155029296875,,0.05533405393362045,310,,,,,,0.5145807266235352,,,0.003400019835680723,,0.06074714660644531,,923,,
0.027619320899248123,,41.81552505493164,,,,,,,,0.003146616742014885,,,,,36.93991470336914,,,0.15574871003627777,,,,1776366515.3739483,,2622.57818721,0.6699843406677246,,,,308,,,,,,,,,,,,0.43836405873298645,,,0.040203750133514404,4.875610828399658,,,25.153215408325195,,0.0572764091193676,311,,,,,,0.5200886130332947,,,0.0034340687561780214,,0.05998218059539795,,926,,
0.027584228664636612,,41.80525207519531,,,,,,,,0.0031530624255537987,,,,,36.9322624206543,,,0.15616676211357117,,,,1776366522.46392,,2629.667898754,0.6694159507751465,,,,309,,,,,,,,,,,,0.430966854095459,,,0.040713585913181305,4.872987270355225,,,25.154844284057617,,0.05161059647798538,312,,,,,,0.5214751958847046,,,0.003420548513531685,,0.059476032853126526,,929,,
0.02803155593574047,,41.734046936035156,,,,,,,,0.003183535300195217,,,,,36.8633918762207,,,0.15595422685146332,,,,1776366529.5693624,,2636.773354968,0.6660730242729187,,,,310,,,,,,,,,,,,0.4356478452682495,,,0.04066291078925133,4.870656967163086,,,25.15647315979004,,0.05270691588521004,313,,,,,,0.5291292667388916,,,0.003445504931733012,,0.060534872114658356,,932,,
0.02824334427714348,,41.71794128417969,,,,,,,,0.0032001761719584465,,,,,36.848052978515625,,,0.15580657124519348,,,,1776366536.7146099,,2643.918843329,0.6652500629425049,,,,311,,,,,,,,,,,,0.43141821026802063,,,0.04148121923208237,4.869885444641113,,,25.158071517944336,,0.053016893565654755,314,,,,,,0.5327404141426086,,,0.0034626908600330353,,0.06036337465047836,,935,,
0.028268994763493538,,41.658294677734375,,,,,,,,0.0032319824676960707,,,,,36.79010009765625,,,0.1573222279548645,,,,1776366544.0018253,,2651.206451262,0.6620013117790222,,,,312,,,,,,,,,,,,0.4383606016635895,,,0.04152742400765419,4.868190288543701,,,25.159658432006836,,0.05615904554724693,315,,,,,,0.5407588481903076,,,0.003512660274282098,,0.06049388274550438,,938,,
0.028150571510195732,,41.60990905761719,,,,,,,,0.0032448656857013702,,,,,36.74386978149414,,,0.1607251614332199,,,,1776366551.3570604,,2658.561613693,0.6592624187469482,,,,313,,,,,,,,,,,,0.4377842843532562,,,0.04141440615057945,4.866039752960205,,,25.161237716674805,,0.055659689009189606,316,,,,,,0.5456055998802185,,,0.0035249313805252314,,0.061742641031742096,,941,,
0.028213299810886383,,41.58073425292969,,,,,,,,0.003260114463046193,,,,,36.71770477294922,,,0.15794961154460907,,,,1776366558.3797746,,2665.584353918,0.6572832465171814,,,,314,,,,,,,,,,,,0.4303737282752991,,,0.04162096604704857,4.863032817840576,,,25.162769317626953,,0.054658934473991394,317,,,,,,0.5499151349067688,,,0.003507073037326336,,0.05945703014731407,,944,,
0.02825750969350338,,41.53620529174805,,,,,,,,0.0032854846213012934,,,,,36.675437927246094,,,0.15776009857654572,,,,1776366565.6385653,,2672.843499064,0.6561948657035828,,,,315,,,,,,,,,,,,0.43660038709640503,,,0.041897449642419815,4.860760688781738,,,25.16429328918457,,0.053971365094184875,318,,,,,,0.5548689961433411,,,0.003536806907504797,,0.0638953372836113,,947,,
0.02831026166677475,,41.51923370361328,,,,,,,,0.0033102240413427353,,,,,36.65940475463867,,,0.15884119272232056,,,,1776366572.8235624,,2680.027822184,0.6548380255699158,,,,316,,,,,,,,,,,,0.4322538375854492,,,0.04219060391187668,4.85982608795166,,,25.16581916809082,,0.059013284742832184,319,,,,,,0.5607989430427551,,,0.0036122917663306,,0.06359809637069702,,950,,
0.028429413214325905,,41.49787521362305,,,,,,,,0.0033333885949105024,,,,,36.63985061645508,,,0.15958760678768158,,,,1776366580.0615468,,2687.265954226,0.653872549533844,,,,317,,,,,,,,,,,,0.4360998570919037,,,0.04245283082127571,4.858024597167969,,,25.167320251464844,,0.05530986934900284,320,,,,,,0.5649936199188232,,,0.0035974299535155296,,0.06232576444745064,,953,,
0.028386089950799942,,41.4412956237793,,,,,,,,0.0033545978367328644,,,,,36.58192825317383,,,0.158570796251297,,,,1776366587.3983006,,2694.602387778,0.6507091522216797,,,,318,,,,,,,,,,,,0.43540140986442566,,,0.04266698658466339,4.859370231628418,,,25.16884422302246,,0.05727383866906166,321,,,,,,0.5714616179466248,,,0.003607524326071143,,0.0619734451174736,,956,,
0.028792578727006912,,41.3902473449707,,,,,,,,0.0033714547753334045,,,,,36.53678894042969,,,0.16088679432868958,,,,1776366594.698122,,2701.903039174,0.6483201384544373,,,,319,,,,,,,,,,,,0.43583938479423523,,,0.04306935518980026,4.853459358215332,,,25.17034912109375,,0.059372372925281525,322,,,,,,0.5769798755645752,,,0.0036434074863791466,,0.0629347637295723,,959,,
0.028714122250676155,,41.35868835449219,,,,,,,,0.0034076333977282047,,,,,36.50857162475586,,,0.16146314144134521,,,,1776366601.7389781,,2708.943220521,0.6469624042510986,,,,320,,,,,,,,,,,,0.43502116203308105,,,0.04313791170716286,4.85011625289917,,,25.17183494567871,,0.05956703796982765,323,,,,,,0.5847854614257812,,,0.0036767669953405857,,0.06214141100645065,,962,,
0.02881213277578354,,41.300899505615234,,,,,,,,0.0034292323980480433,,,,,36.44961166381836,,,0.16530649363994598,,,,1776366609.0448594,,2716.249513106,0.6433771848678589,,,,321,,,,,,,,,,,,0.4352112412452698,,,0.0435953252017498,4.851288318634033,,,25.173307418823242,,0.05587279051542282,324,,,,,,0.5924891829490662,,,0.003677910193800926,,0.06330160796642303,,965,,
0.029188480228185654,,41.26313781738281,,,,,,,,0.0034501422196626663,,,,,36.41813659667969,,,0.16426539421081543,,,,1776366616.401914,,2723.606138807,0.641755998134613,,,,322,,,,,,,,,,,,0.4398108422756195,,,0.04378886520862579,4.845002174377441,,,25.174766540527344,,0.057022884488105774,325,,,,,,0.5970351099967957,,,0.0037144243251532316,,0.06304286420345306,,968,,
0.029764125123620033,,41.20059585571289,,,,,,,,0.003480892162770033,,,,,36.35543441772461,,,0.16903582215309143,,,,1776366623.4858468,,2730.689940681,0.6387948393821716,,,,323,,,,,,,,,,,,0.4372275173664093,,,0.04430083930492401,4.845166206359863,,,25.176198959350586,,0.06221200153231621,326,,,,,,0.6051837205886841,,,0.0037761819548904896,,0.06709291785955429,,971,,
0.028884312137961388,,41.20469665527344,,,,,,,,0.003503411542624235,,,,,36.35449981689453,,,0.16834601759910583,,,,1776366630.6532457,,2737.857751959,0.6385551691055298,,,,324,,,,,,,,,,,,0.42927873134613037,,,0.04429631680250168,4.850192546844482,,,25.177627563476562,,0.05964623764157295,327,,,,,,0.6092846393585205,,,0.0037668163422495127,,0.06399055570363998,,974,,
0.02912124991416931,,41.19398880004883,,,,,,,,0.003523954190313816,,,,,36.351829528808594,,,0.16819168627262115,,,,1776366637.8347964,,2745.038971882,0.6384326219558716,,,,325,,,,,,,,,,,,0.43456485867500305,,,0.04414195194840431,4.842158317565918,,,25.179046630859375,,0.06241103634238243,328,,,,,,0.6134869456291199,,,0.003790091723203659,,0.0635918527841568,,977,,
0.02933647856116295,,41.15645217895508,,,,,,,,0.0035548261366784573,,,,,36.311363220214844,,,0.1702968031167984,,,,1776366644.8169465,,2752.021115893,0.6369261741638184,,,,326,,,,,,,,,,,,0.43673038482666016,,,0.044997770339250565,4.845084190368652,,,25.1804256439209,,0.06155433505773544,329,,,,,,0.6208391189575195,,,0.003840944729745388,,0.0673629492521286,,980,,
0.02938428521156311,,41.12047576904297,,,,,,,,0.0035713426768779755,,,,,36.27946853637695,,,0.17102722823619843,,,,1776366652.0369828,,2759.241441938,0.6347418427467346,,,,327,,,,,,,,,,,,0.43358856439590454,,,0.04505345597863197,4.841004371643066,,,25.181800842285156,,0.05837811902165413,330,,,,,,0.6251569390296936,,,0.0038475743494927883,,0.06654143333435059,,983,,
0.02963177114725113,,41.046119689941406,,,,,,,,0.0035945018753409386,,,,,36.20145797729492,,,0.1761365383863449,,,,1776366659.1497772,,2766.354360662,0.6307848691940308,,,,328,,,,,,,,,,,,0.4364464282989502,,,0.045059964060783386,4.844664573669434,,,25.18316650390625,,0.058200180530548096,331,,,,,,0.6339418888092041,,,0.003852269146591425,,0.06638394296169281,,986,,
0.030102819204330444,,40.99162292480469,,,,,,,,0.0036199120804667473,,,,,36.151424407958984,,,0.17586955428123474,,,,1776366666.3413832,,2773.545761957,0.627974271774292,,,,329,,,,,,,,,,,,0.43365365266799927,,,0.04586697369813919,4.840198516845703,,,25.18448829650879,,0.06080436706542969,332,,,,,,0.6407524943351746,,,0.0038766309153288603,,0.06582468003034592,,989,,
0.030123557895421982,,40.969993591308594,,,,,,,,0.003646857338026166,,,,,36.1341552734375,,,0.1772533804178238,,,,1776366673.4107192,,2780.615154385,0.6272127032279968,,,,330,,,,,,,,,,,,0.4411785900592804,,,0.04570627212524414,4.835840702056885,,,25.185834884643555,,0.060112547129392624,333,,,,,,0.647216260433197,,,0.003921758383512497,,0.06690838187932968,,992,,
0.030414441600441933,,40.9095573425293,,,,,,,,0.003676874563097954,,,,,36.07936096191406,,,0.1805545836687088,,,,1776366680.6655138,,2787.869914829,0.624518096446991,,,,331,,,,,,,,,,,,0.4310513734817505,,,0.046467144042253494,4.830193996429443,,,25.187137603759766,,0.06659221649169922,334,,,,,,0.6550187468528748,,,0.003956019412726164,,0.0686592310667038,,995,,
0.03036998026072979,,40.8690071105957,,,,,,,,0.0036959361750632524,,,,,36.03971862792969,,,0.18178370594978333,,,,1776366687.9629414,,2795.167202798,0.6224297881126404,,,,332,,,,,,,,,,,,0.43030843138694763,,,0.04629194736480713,4.829286098480225,,,25.188440322875977,,0.06092481687664986,335,,,,,,0.6611714363098145,,,0.003985229879617691,,0.06827342510223389,,998,,
0.029987385496497154,,40.846492767333984,,,,,,,,0.0037168797571212053,,,,,36.01628112792969,,,0.18211817741394043,,,,1776366695.016867,,2802.221049467,0.6211181879043579,,,,333,,,,,,,,,,,,0.43123605847358704,,,0.046932317316532135,4.83020544052124,,,25.189769744873047,,0.06377405673265457,336,,,,,,0.6667392253875732,,,0.00400817533954978,,0.0689367949962616,,1001,,
0.0309794582426548,,40.796199798583984,,,,,,,,0.0037470695096999407,,,,,35.9654541015625,,,0.18424107134342194,,,,1776366702.0990276,,2809.303540955,0.6185484528541565,,,,334,,,,,,,,,,,,0.4394126832485199,,,0.047121793031692505,4.830742835998535,,,25.191078186035156,,0.06423602998256683,337,,,,,,0.6744107007980347,,,0.004036135505884886,,0.06726491451263428,,1004,,
0.030949916690587997,,40.779815673828125,,,,,,,,0.003777061589062214,,,,,35.954837799072266,,,0.18627336621284485,,,,1776366709.360296,,2816.565037466,0.6181203126907349,,,,335,,,,,,,,,,,,0.42869511246681213,,,0.04728370159864426,4.824978351593018,,,25.1923828125,,0.06693343818187714,338,,,,,,0.6808383464813232,,,0.0040636672638356686,,0.06938765197992325,,1007,,
0.030947018414735794,,40.75197219848633,,,,,,,,0.003793607233092189,,,,,35.926780700683594,,,0.1892874836921692,,,,1776366716.6200154,,2823.82408726,0.6162958741188049,,,,336,,,,,,,,,,,,0.4446364939212799,,,0.047352805733680725,4.825192928314209,,,25.193695068359375,,0.06290995329618454,339,,,,,,0.6865419149398804,,,0.0040952470153570175,,0.06978100538253784,,1010,,
0.03150210157036781,,40.695743560791016,,,,,,,,0.003819128265604377,,,,,35.87095260620117,,,0.1930593103170395,,,,1776366723.7043576,,2830.908618562,0.6134452819824219,,,,337,,,,,,,,,,,,0.4385227859020233,,,0.04826865345239639,4.824791431427002,,,25.194974899291992,,0.0649058073759079,340,,,,,,0.6947011351585388,,,0.004103303421288729,,0.06808114051818848,,1013,,
0.031276095658540726,,40.660430908203125,,,,,,,,0.003839530050754547,,,,,35.835262298583984,,,0.19294396042823792,,,,1776366730.9074326,,2838.111527177,0.6110102534294128,,,,338,,,,,,,,,,,,0.4430939257144928,,,0.04850905388593674,4.825164318084717,,,25.196290969848633,,0.0685417577624321,341,,,,,,0.7012656927108765,,,0.004152041859924793,,0.06688482314348221,,1016,,
0.0315999910235405,,40.63655471801758,,,,,,,,0.003872598521411419,,,,,35.81342315673828,,,0.19753050804138184,,,,1776366738.014778,,2845.219040156,0.6102859377861023,,,,339,,,,,,,,,,,,0.4288943409919739,,,0.048880577087402344,4.823131084442139,,,25.19757652282715,,0.0609443336725235,342,,,,,,0.707763671875,,,0.004154539201408625,,0.06933726370334625,,1019,,
0.031743403524160385,,40.55257034301758,,,,,,,,0.0038965654093772173,,,,,35.73487091064453,,,0.19892486929893494,,,,1776366745.1002915,,2852.304882664,0.6067287921905518,,,,340,,,,,,,,,,,,0.4393036961555481,,,0.04869664087891579,4.8177032470703125,,,25.19883918762207,,0.06577247381210327,343,,,,,,0.7172666192054749,,,0.004198348615318537,,0.07043731957674026,,1022,,
0.03196113929152489,,40.5567626953125,,,,,,,,0.003925745375454426,,,,,35.7354621887207,,,0.20073719322681427,,,,1776366752.3187928,,2859.523382665,0.6069756746292114,,,,341,,,,,,,,,,,,0.4368833303451538,,,0.049276433885097504,4.821294784545898,,,25.20009422302246,,0.06493300199508667,344,,,,,,0.722643256187439,,,0.0041948226280510426,,0.07183040678501129,,1025,,
0.031755294650793076,,40.50789260864258,,,,,,,,0.003945151809602976,,,,,35.695594787597656,,,0.20386932790279388,,,,1776366759.56596,,2866.770201697,0.6046493649482727,,,,342,,,,,,,,,,,,0.4433569312095642,,,0.049579888582229614,4.812298774719238,,,25.201326370239258,,0.06728045642375946,345,,,,,,0.7288625836372375,,,0.004281975794583559,,0.06928360462188721,,1028,,
0.03257162123918533,,40.47370529174805,,,,,,,,0.003967781085520983,,,,,35.66032028198242,,,0.20511570572853088,,,,1776366766.6761236,,2873.880522119,0.6023911237716675,,,,343,,,,,,,,,,,,0.4389747083187103,,,0.04988479241728783,4.813390254974365,,,25.202552795410156,,0.06424198299646378,346,,,,,,0.7363104820251465,,,0.004250290337949991,,0.0699755921959877,,1031,,
0.03252670168876648,,40.45555877685547,,,,,,,,0.004009164869785309,,,,,35.6407585144043,,,0.21044611930847168,,,,1776366773.9422157,,2881.146703632,0.6016795635223389,,,,344,,,,,,,,,,,,0.43442413210868835,,,0.05038449540734291,4.8148040771484375,,,25.203773498535156,,0.06798484921455383,347,,,,,,0.7447643280029297,,,0.004324391484260559,,0.07186607271432877,,1034,,
0.03308061137795448,,40.411067962646484,,,,,,,,0.004032966215163469,,,,,35.603858947753906,,,0.21168522536754608,,,,1776366781.0656726,,2888.270094224,0.6001408100128174,,,,345,,,,,,,,,,,,0.4397018551826477,,,0.05058996379375458,4.807209014892578,,,25.204973220825195,,0.06659474968910217,348,,,,,,0.7506697177886963,,,0.004339042119681835,,0.0728473886847496,,1037,,
0.03259057179093361,,40.34416198730469,,,,,,,,0.004047813825309277,,,,,35.53474044799805,,,0.2160746306180954,,,,1776366788.242005,,2895.446346485,0.5960338115692139,,,,346,,,,,,,,,,,,0.43951553106307983,,,0.05061963573098183,4.809421539306641,,,25.2061824798584,,0.06532919406890869,349,,,,,,0.7592380046844482,,,0.004353498108685017,,0.07047418504953384,,1040,,
0.03296474367380142,,40.31657409667969,,,,,,,,0.004080751910805702,,,,,35.50706481933594,,,0.21613851189613342,,,,1776366795.2357574,,2902.440388487,0.5944252014160156,,,,347,,,,,,,,,,,,0.43750497698783875,,,0.05083056911826134,4.809514045715332,,,25.2073974609375,,0.06934978812932968,350,,,,,,0.7678189873695374,,,0.004407986998558044,,0.0703902468085289,,1043,,
0.032988738268613815,,40.24909973144531,,,,,,,,0.004117601551115513,,,,,35.444679260253906,,,0.22142718732357025,,,,1776366802.3806753,,2909.585232468,0.5924848914146423,,,,348,,,,,,,,,,,,0.4355478286743164,,,0.05139220878481865,4.804422378540039,,,25.20860481262207,,0.06692231446504593,351,,,,,,0.7778457403182983,,,0.00442887656390667,,0.07373060286045074,,1046,,
0.033150263130664825,,40.261837005615234,,,,,,,,0.004127358552068472,,,,,35.460750579833984,,,0.220991849899292,,,,1776366810.6447518,,2917.849462754,0.5928153395652771,,,,349,,,,,,,,,,,,0.4350990355014801,,,0.05177827924489975,4.801082134246826,,,25.209815979003906,,0.07105492800474167,352,,,,,,0.7795265913009644,,,0.0044309040531516075,,0.07243409007787704,,1049,,
0.03385607525706291,,40.19191360473633,,,,,,,,0.004164611920714378,,,,,35.387611389160156,,,0.22502990067005157,,,,1776366817.8150475,,2925.019236451,0.589371383190155,,,,350,,,,,,,,,,,,0.439151406288147,,,0.0524047389626503,4.8043036460876465,,,25.21100425720215,,0.07025974988937378,353,,,,,,0.7917129397392273,,,0.004497515503317118,,0.07373833656311035,,1052,,
0.03430760279297829,,40.154903411865234,,,,,,,,0.004195680841803551,,,,,35.3519287109375,,,0.22694674134254456,,,,1776366825.1005645,,2932.305844146,0.5879487991333008,,,,351,,,,,,,,,,,,0.434286504983902,,,0.052983250468969345,4.8029704093933105,,,25.212196350097656,,0.07639030367136002,354,,,,,,0.8003319501876831,,,0.004545337520539761,,0.0733514204621315,,1055,,
0.034186337143182755,,40.14210510253906,,,,,,,,0.004216574598103762,,,,,35.34143829345703,,,0.22992996871471405,,,,1776366832.181007,,2939.386007763,0.5867869853973389,,,,352,,,,,,,,,,,,0.4327910244464874,,,0.05299954116344452,4.800668239593506,,,25.213407516479492,,0.07575856149196625,355,,,,,,0.8049009442329407,,,0.0045614903792738914,,0.07322797924280167,,1058,,
0.034190427511930466,,40.087989807128906,,,,,,,,0.004236593842506409,,,,,35.29199981689453,,,0.2355758100748062,,,,1776366839.3484354,,2946.553394084,0.584320604801178,,,,353,,,,,,,,,,,,0.4358775317668915,,,0.053371403366327286,4.795987129211426,,,25.214609146118164,,0.06950672715902328,356,,,,,,0.8126673102378845,,,0.004545249044895172,,0.07189705222845078,,1061,,
0.03450750187039375,,40.05030059814453,,,,,,,,0.004280002322047949,,,,,35.25437927246094,,,0.24027778208255768,,,,1776366846.6270628,,2953.831147306,0.5830977559089661,,,,354,,,,,,,,,,,,0.4325122535228729,,,0.05360376462340355,4.795919418334961,,,25.21580696105957,,0.07358597964048386,357,,,,,,0.823727548122406,,,0.004626811482012272,,0.07673588395118713,,1064,,
0.03475838527083397,,40.004520416259766,,,,,,,,0.004306285176426172,,,,,35.21065902709961,,,0.2431211620569229,,,,1776366853.6971157,,2960.901471212,0.5809417963027954,,,,355,,,,,,,,,,,,0.43868473172187805,,,0.054254237562417984,4.793863296508789,,,25.216991424560547,,0.07364366203546524,358,,,,,,0.832012414932251,,,0.004659085068851709,,0.0753176361322403,,1067,,
0.035181742161512375,,39.994773864746094,,,,,,,,0.004318875260651112,,,,,35.19915008544922,,,0.2444789558649063,,,,1776366860.780987,,2967.985206378,0.5799714922904968,,,,356,,,,,,,,,,,,0.43348973989486694,,,0.05431046709418297,4.795623302459717,,,25.218191146850586,,0.07295871526002884,359,,,,,,0.8360494375228882,,,0.004639101680368185,,0.07479187846183777,,1070,,
0.0351741723716259,,39.91440963745117,,,,,,,,0.004339934792369604,,,,,35.12059783935547,,,0.24916213750839233,,,,1776366867.889295,,2975.093580348,0.5766477584838867,,,,357,,,,,,,,,,,,0.4338460862636566,,,0.05478735640645027,4.793812274932861,,,25.219404220581055,,0.07531514763832092,360,,,,,,0.8453578948974609,,,0.004677427466958761,,0.07338365167379379,,1073,,
0.03562239930033684,,39.89512634277344,,,,,,,,0.004368577152490616,,,,,35.103546142578125,,,0.25282472372055054,,,,1776366875.042329,,2982.246688597,0.5762310028076172,,,,358,,,,,,,,,,,,0.44035711884498596,,,0.05483542010188103,4.7915802001953125,,,25.220598220825195,,0.07509639859199524,361,,,,,,0.8527191877365112,,,0.004720422439277172,,0.07708392292261124,,1076,,
0.035648833960294724,,39.8437614440918,,,,,,,,0.004397131036967039,,,,,35.053279876708984,,,0.25425484776496887,,,,1776366882.2115273,,2989.415678159,0.5730920433998108,,,,359,,,,,,,,,,,,0.4332115650177002,,,0.05547970533370972,4.7904815673828125,,,25.221773147583008,,0.07389534264802933,362,,,,,,0.8614065647125244,,,0.004760031122714281,,0.07431191951036453,,1079,,
0.03593387082219124,,39.83930206298828,,,,,,,,0.004431902896612883,,,,,35.050079345703125,,,0.25823792815208435,,,,1776366889.3407917,,2996.545652429,0.5728728175163269,,,,360,,,,,,,,,,,,0.43665263056755066,,,0.055302124470472336,4.789226055145264,,,25.222951889038086,,0.0762091651558876,363,,,,,,0.8693845868110657,,,0.004783588461577892,,0.0771346390247345,,1082,,
0.03597031533718109,,39.761627197265625,,,,,,,,0.0044503710232675076,,,,,34.97443389892578,,,0.2635146379470825,,,,1776366896.4612575,,3003.665801221,0.5691220164299011,,,,361,,,,,,,,,,,,0.43202531337738037,,,0.05595980957150459,4.787193775177002,,,25.224088668823242,,0.07445885241031647,364,,,,,,0.8794155120849609,,,0.004818366840481758,,0.07768244296312332,,1085,,
0.03646627813577652,,39.7650032043457,,,,,,,,0.004463661927729845,,,,,34.97749328613281,,,0.26193803548812866,,,,1776366903.5639713,,3010.768117919,0.5690209269523621,,,,362,,,,,,,,,,,,0.4308556616306305,,,0.05651281401515007,4.787512302398682,,,25.22521209716797,,0.0728025734424591,365,,,,,,0.8810502886772156,,,0.0047789067029953,,0.07413697242736816,,1088,,
0.035918474197387695,,39.72135543823242,,,,,,,,0.004495754837989807,,,,,34.940093994140625,,,0.2686908543109894,,,,1776366910.7251124,,3017.929747746,0.567197322845459,,,,363,,,,,,,,,,,,0.4411948621273041,,,0.05637193098664284,4.781261444091797,,,25.22635269165039,,0.07645198702812195,366,,,,,,0.8902426958084106,,,0.004837879911065102,,0.07687859982252121,,1091,,
0.03658398985862732,,39.681549072265625,,,,,,,,0.004538317676633596,,,,,34.89811706542969,,,0.27275532484054565,,,,1776366918.0782244,,3025.282731554,0.5650562644004822,,,,364,,,,,,,,,,,,0.4312022924423218,,,0.057199541479349136,4.783433437347412,,,25.227497100830078,,0.08179659396409988,367,,,,,,0.9021793603897095,,,0.004935695324093103,,0.07542577385902405,,1094,,
0.036316096782684326,,39.64921569824219,,,,,,,,0.004559383261948824,,,,,34.8720817565918,,,0.2761116325855255,,,,1776366925.230954,,3032.43514157,0.5648412704467773,,,,365,,,,,,,,,,,,0.43500036001205444,,,0.05651657283306122,4.777132034301758,,,25.228670120239258,,0.07545889168977737,368,,,,,,0.9081720113754272,,,0.004929577466100454,,0.07928672432899475,,1097,,
0.03729070723056793,,39.62599563598633,,,,,,,,0.004581543616950512,,,,,34.845367431640625,,,0.27713221311569214,,,,1776366932.3151178,,3039.519520682,0.5630433559417725,,,,366,,,,,,,,,,,,0.4345957338809967,,,0.05757377669215202,4.7806243896484375,,,25.229841232299805,,0.07769618928432465,369,,,,,,0.9150930643081665,,,0.0049759866669774055,,0.07970068603754044,,1100,,
0.03739408403635025,,39.56898498535156,,,,,,,,0.004614765290170908,,,,,34.79118728637695,,,0.28282442688941956,,,,1776366939.5565374,,3046.761038413,0.561157763004303,,,,367,,,,,,,,,,,,0.43308180570602417,,,0.05817066878080368,4.777797698974609,,,25.231000900268555,,0.07898982614278793,370,,,,,,0.9265761375427246,,,0.00499620521441102,,0.08155592530965805,,1103,,
0.03731847554445267,,39.548851013183594,,,,,,,,0.004651441238820553,,,,,34.77129364013672,,,0.2873363494873047,,,,1776366946.8531601,,3054.057481231,0.5600950121879578,,,,368,,,,,,,,,,,,0.43523624539375305,,,0.05820753052830696,4.777551651000977,,,25.232149124145508,,0.07923736423254013,371,,,,,,0.9349388480186462,,,0.0050322916358709335,,0.08263814449310303,,1106,,
0.0380878783762455,,39.49000930786133,,,,,,,,0.0046677966602146626,,,,,34.71223068237305,,,0.2924204468727112,,,,1776366953.994271,,3061.199169323,0.5572060942649841,,,,369,,,,,,,,,,,,0.4290790855884552,,,0.05903123319149017,4.777772426605225,,,25.2332820892334,,0.078179270029068,372,,,,,,0.9447945356369019,,,0.005066887475550175,,0.08101659268140793,,1109,,
0.037562575191259384,,39.44258499145508,,,,,,,,0.0047012753784656525,,,,,34.671451568603516,,,0.2941422164440155,,,,1776366961.1749332,,3068.37913856,0.5553900003433228,,,,370,,,,,,,,,,,,0.43584781885147095,,,0.0592251792550087,4.771135330200195,,,25.23442840576172,,0.07454782724380493,373,,,,,,0.9539279341697693,,,0.005069601349532604,,0.08030343055725098,,1112,,
0.038582149893045425,,39.44339370727539,,,,,,,,0.004721805453300476,,,,,34.6727294921875,,,0.2968525290489197,,,,1776366968.3124669,,3075.517579548,0.5550630688667297,,,,371,,,,,,,,,,,,0.43302902579307556,,,0.05946460738778114,4.770667552947998,,,25.235570907592773,,0.07898462563753128,374,,,,,,0.9592934250831604,,,0.005107889883220196,,0.079106904566288,,1115,,
0.038889817893505096,,39.40729522705078,,,,,,,,0.004755472298711538,,,,,34.63837432861328,,,0.3015627861022949,,,,1776366975.4387643,,3082.643297885,0.553580105304718,,,,372,,,,,,,,,,,,0.4326600730419159,,,0.0598783865571022,4.768919944763184,,,25.23671531677246,,0.07910884916782379,375,,,,,,0.9688212871551514,,,0.005185429472476244,,0.08353593945503235,,1118,,
0.03842218592762947,,39.35135269165039,,,,,,,,0.0047795819118618965,,,,,34.587615966796875,,,0.3092693090438843,,,,1776366982.573681,,3089.777926976,0.5518590211868286,,,,373,,,,,,,,,,,,0.43285757303237915,,,0.06041952222585678,4.763735294342041,,,25.237876892089844,,0.08273126929998398,376,,,,,,0.9777882099151611,,,0.0051895990036427975,,0.08267661929130554,,1121,,
0.03884611651301384,,39.2967529296875,,,,,,,,0.004813567269593477,,,,,34.5292854309082,,,0.3129253387451172,,,,1776366989.6148038,,3096.818798169,0.5488296747207642,,,,374,,,,,,,,,,,,0.43444326519966125,,,0.06079111248254776,4.767467021942139,,,25.239049911499023,,0.0798744410276413,377,,,,,,0.9894417524337769,,,0.005218925885856152,,0.0786459818482399,,1124,,
0.039335690438747406,,39.26731491088867,,,,,,,,0.004852317739278078,,,,,34.50883102416992,,,0.3170008361339569,,,,1776366996.6926024,,3103.897061466,0.5483242869377136,,,,375,,,,,,,,,,,,0.43173786997795105,,,0.061371129006147385,4.758482456207275,,,25.240205764770508,,0.08223887532949448,378,,,,,,0.9992403388023376,,,0.005249100737273693,,0.08294606953859329,,1127,,
0.03948042541742325,,39.21454620361328,,,,,,,,0.004869121126830578,,,,,34.45164108276367,,,0.32074761390686035,,,,1776367003.867724,,3111.071673363,0.5450039505958557,,,,376,,,,,,,,,,,,0.43696609139442444,,,0.06131257861852646,4.762908458709717,,,25.241376876831055,,0.08589093387126923,379,,,,,,1.0087794065475464,,,0.005296675022691488,,0.08146630972623825,,1130,,
0.04057841747999191,,39.206947326660156,,,,,,,,0.004889579024165869,,,,,34.442867279052734,,,0.32340362668037415,,,,1776367011.0048664,,3118.209050535,0.5445324182510376,,,,377,,,,,,,,,,,,0.43051931262016296,,,0.06206221133470535,4.764072895050049,,,25.242542266845703,,0.08493680506944656,380,,,,,,1.0149047374725342,,,0.005310813430696726,,0.0794956311583519,,1133,,
0.04007100686430931,,39.157997131347656,,,,,,,,0.004922875668853521,,,,,34.39889907836914,,,0.3274058401584625,,,,1776367018.3779683,,3125.582521622,0.5426125526428223,,,,378,,,,,,,,,,,,0.4228358566761017,,,0.06267480552196503,4.759097576141357,,,25.24368667602539,,0.08508819341659546,381,,,,,,1.0251340866088867,,,0.005370333790779114,,0.08160846680402756,,1136,,
0.04038510471582413,,39.120880126953125,,,,,,,,0.004949763882905245,,,,,34.36366271972656,,,0.33033207058906555,,,,1776367025.4392178,,3132.643411185,0.5410488247871399,,,,379,,,,,,,,,,,,0.4366258680820465,,,0.06239917874336243,4.757213592529297,,,25.244869232177734,,0.08466344326734543,382,,,,,,1.034090518951416,,,0.005409186705946922,,0.08067236840724945,,1139,,
0.04085392504930496,,39.06428527832031,,,,,,,,0.00497669680044055,,,,,34.306793212890625,,,0.3356269299983978,,,,1776367032.719474,,3139.923798258,0.538087785243988,,,,380,,,,,,,,,,,,0.4309302270412445,,,0.06338216364383698,4.7574920654296875,,,25.246042251586914,,0.08411899954080582,383,,,,,,1.0441093444824219,,,0.005404322408139706,,0.08051099628210068,,1142,,
0.040750592947006226,,39.056644439697266,,,,,,,,0.004999905358999968,,,,,34.303321838378906,,,0.3419022262096405,,,,1776367039.7869987,,3146.991168009,0.5375828146934509,,,,381,,,,,,,,,,,,0.42649179697036743,,,0.06357095390558243,4.753321170806885,,,25.247228622436523,,0.0877508893609047,384,,,,,,1.0515685081481934,,,0.005439131986349821,,0.08033683151006699,,1145,,
0.04178663715720177,,39.020084381103516,,,,,,,,0.005042873788625002,,,,,34.26082229614258,,,0.34694379568099976,,,,1776367046.931035,,3154.135128234,0.5365928411483765,,,,382,,,,,,,,,,,,0.42175978422164917,,,0.06447940319776535,4.759260177612305,,,25.248374938964844,,0.08548509329557419,385,,,,,,1.0643738508224487,,,0.005477532744407654,,0.08542007952928543,,1148,,
0.04132722690701485,,38.96908187866211,,,,,,,,0.005072800908237696,,,,,34.21906661987305,,,0.351915568113327,,,,1776367054.3829043,,3161.587078855,0.5346864461898804,,,,383,,,,,,,,,,,,0.4293893873691559,,,0.06426487118005753,4.750018119812012,,,25.24951934814453,,0.08625571429729462,386,,,,,,1.075499415397644,,,0.005533682648092508,,0.08309448510408401,,1151,,
0.04168659821152687,,38.93099594116211,,,,,,,,0.005099726840853691,,,,,34.187034606933594,,,0.353242427110672,,,,1776367061.7231731,,3168.927714772,0.5331370830535889,,,,384,,,,,,,,,,,,0.4260135889053345,,,0.06539282202720642,4.743964672088623,,,25.25066566467285,,0.0887938067317009,387,,,,,,1.0828830003738403,,,0.005545909982174635,,0.08434697985649109,,1154,,
0.04226401820778847,,38.88692092895508,,,,,,,,0.005124599207192659,,,,,34.13981628417969,,,0.35807815194129944,,,,1776367068.9008448,,3176.105028067,0.5309082865715027,,,,385,,,,,,,,,,,,0.425167441368103,,,0.06529989838600159,4.747105121612549,,,25.251813888549805,,0.08573351800441742,388,,,,,,1.092472791671753,,,0.00557154743000865,,0.08393725007772446,,1157,,
0.04188121482729912,,38.873722076416016,,,,,,,,0.005136570893228054,,,,,34.12506866455078,,,0.36377987265586853,,,,1776367076.017369,,3183.221467252,0.5298851728439331,,,,386,,,,,,,,,,,,0.42685556411743164,,,0.06522278487682343,4.748650074005127,,,25.25299644470215,,0.08661147952079773,389,,,,,,1.098434567451477,,,0.005628096871078014,,0.08501384407281876,,1160,,
0.04278576001524925,,38.8339958190918,,,,,,,,0.0051880343817174435,,,,,34.08681106567383,,,0.37154603004455566,,,,1776367083.3324215,,3190.536876908,0.5292196869850159,,,,387,,,,,,,,,,,,0.42733389139175415,,,0.0661955401301384,4.7471842765808105,,,25.254138946533203,,0.0900731012225151,390,,,,,,1.1141338348388672,,,0.005650266073644161,,0.08622733503580093,,1163,,
0.04249304533004761,,38.798667907714844,,,,,,,,0.0051996442489326,,,,,34.05470657348633,,,0.37058955430984497,,,,1776367090.3837361,,3197.588000791,0.5277196168899536,,,,388,,,,,,,,,,,,0.4347378611564636,,,0.06601026654243469,4.743964672088623,,,25.255285263061523,,0.09003161638975143,391,,,,,,1.1189122200012207,,,0.00566297909244895,,0.08702952414751053,,1166,,
0.04368611052632332,,38.7459716796875,,,,,,,,0.0052474671974778175,,,,,34.00398254394531,,,0.3799532651901245,,,,1776367097.4436293,,3204.648254947,0.5252574682235718,,,,389,,,,,,,,,,,,0.42853596806526184,,,0.06705186516046524,4.741990566253662,,,25.25643539428711,,0.09561209380626678,392,,,,,,1.1344337463378906,,,0.005761836189776659,,0.08588101714849472,,1169,,
0.04371468722820282,,38.7059326171875,,,,,,,,0.005245563108474016,,,,,33.96290588378906,,,0.38397279381752014,,,,1776367104.590223,,3211.794602715,0.5233533978462219,,,,390,,,,,,,,,,,,0.43123993277549744,,,0.06733889132738113,4.743027210235596,,,25.257551193237305,,0.08959200233221054,393,,,,,,1.140099048614502,,,0.005717003718018532,,0.09005392342805862,,1172,,
0.043590571731328964,,38.68113327026367,,,,,,,,0.005276215262711048,,,,,33.94005584716797,,,0.385105162858963,,,,1776367111.6362984,,3218.840748442,0.5217040777206421,,,,391,,,,,,,,,,,,0.4316682517528534,,,0.06736886501312256,4.741070747375488,,,25.25867462158203,,0.08815040439367294,394,,,,,,1.1490308046340942,,,0.005751827731728554,,0.08633062243461609,,1175,,
0.044540997594594955,,38.63809585571289,,,,,,,,0.005314220674335957,,,,,33.90085220336914,,,0.39286381006240845,,,,1776367118.978593,,3226.182801908,0.5209794640541077,,,,392,,,,,,,,,,,,0.431728720664978,,,0.0682782381772995,4.737242221832275,,,25.259815216064453,,0.08734207600355148,395,,,,,,1.1603195667266846,,,0.0057686385698616505,,0.08965083956718445,,1178,,
0.0438237190246582,,38.6201286315918,,,,,,,,0.00534956157207489,,,,,33.88592529296875,,,0.39460423588752747,,,,1776367126.310346,,3233.514586725,0.5206331610679626,,,,393,,,,,,,,,,,,0.4316334128379822,,,0.06807857751846313,4.734203815460205,,,25.26095962524414,,0.09054004400968552,396,,,,,,1.1690415143966675,,,0.005856016650795937,,0.09191671758890152,,1181,,
0.04480421170592308,,38.56905746459961,,,,,,,,0.005372835788875818,,,,,33.8298454284668,,,0.4048716425895691,,,,1776367133.4265482,,3240.630837275,0.5169183611869812,,,,394,,,,,,,,,,,,0.4236082434654236,,,0.06916292756795883,4.739209175109863,,,25.262123107910156,,0.09316720068454742,397,,,,,,1.1824787855148315,,,0.005881157703697681,,0.0908590704202652,,1184,,
0.044975243508815765,,38.525814056396484,,,,,,,,0.00540655292570591,,,,,33.79196548461914,,,0.4070379137992859,,,,1776367140.517947,,3247.723166263,0.5159223675727844,,,,395,,,,,,,,,,,,0.4248780608177185,,,0.06964296847581863,4.733850955963135,,,25.263269424438477,,0.09579399228096008,398,,,,,,1.1924933195114136,,,0.0058991434052586555,,0.08853786438703537,,1187,,
0.044809531420469284,,38.51277160644531,,,,,,,,0.005420393776148558,,,,,33.7822380065918,,,0.4105532467365265,,,,1776367147.7147777,,3254.919417938,0.5148912072181702,,,,396,,,,,,,,,,,,0.42531222105026245,,,0.06944862008094788,4.730527400970459,,,25.264442443847656,,0.09477124363183975,399,,,,,,1.1976035833358765,,,0.005940330680459738,,0.08620324730873108,,1190,,
0.04494437202811241,,38.46194839477539,,,,,,,,0.005463105626404285,,,,,33.723854064941406,,,0.41989508271217346,,,,1776367154.9875417,,3262.192156847,0.5124390721321106,,,,397,,,,,,,,,,,,0.4204815924167633,,,0.07000316679477692,4.738092422485352,,,25.265634536743164,,0.09822987020015717,400,,,,,,1.2117387056350708,,,0.006005914881825447,,0.0870271697640419,,1193,,
0.04594683274626732,,38.411521911621094,,,,,,,,0.005488045979291201,,,,,33.67483139038086,,,0.4235580563545227,,,,1776367162.2788439,,3269.483120944,0.5108402371406555,,,,398,,,,,,,,,,,,0.42573896050453186,,,0.07092322409152985,4.736688137054443,,,25.26678466796875,,0.09772702306509018,401,,,,,,1.223705530166626,,,0.006016460247337818,,0.08645457029342651,,1196,,
,0.007925000041723251,,0.33566248416900635,7.312943653414727e-17,5.434006690979004,6.14742631799281e-17,7.0131306648254395,0.12451367825269699,7.0131306648254395,,0.03171457350254059,0.9645375609397888,0.4341185390949249,0.9932937622070312,,0.3806932270526886,0.19196373224258423,,0.4884147346019745,2.8362584114074707,0.2288062423467636,1776367248.6375782,0.020076723769307137,3355.844862147,,0.1452614665031433,3.263162136077881,0.0906125009059906,399,0.2197376787662506,0.015318750403821468,14.437227249145508,0.0017374998424202204,0.42110008001327515,2.9083642959594727,0.4867687523365021,0.22026251256465912,6.288810729980469,0.10336250066757202,0.15986739099025726,,0.14987336099147797,12.407683372497559,,,0.0031250002793967724,3.334808826446533,,1.236555576324463,,402,0.004825000185519457,0.005400000140070915,0.8406000137329102,14.437227249145508,5.434006690979004,,1.094357967376709,12.831640243530273,,0.24201250076293945,,0.8406000137329102,1199,0.015711283311247826,6.288810729980469
0.0462549664080143,,38.38978576660156,,,,,,,,0.005514960736036301,,,,,33.654136657714844,,,0.42802032828330994,,,,1776367249.8783445,,3357.082442121,0.5104151368141174,,,,399,,,,,,,,,,,,0.4224472641944885,,,0.07123804092407227,4.735645771026611,,,25.267953872680664,,0.10149519890546799,403,,,,,,1.231492519378662,,,0.006067983340471983,,0.09440944343805313,,1199,,
0.0468902587890625,,38.337890625,,,,,,,,0.005540941841900349,,,,,33.60649871826172,,,0.43357232213020325,,,,1776367256.7447166,,3363.948918981,0.5079715251922607,,,,400,,,,,,,,,,,,0.43143245577812195,,,0.07197057455778122,4.731393814086914,,,25.26910400390625,,0.0924244150519371,404,,,,,,1.2431002855300903,,,0.006030307617038488,,0.0851874127984047,,1202,,
0.04665713012218475,,38.31179428100586,,,,,,,,0.005558946635574102,,,,,33.58686065673828,,,0.433349609375,,,,1776367263.77495,,3370.97969146,0.5065039396286011,,,,401,,,,,,,,,,,,0.4272308349609375,,,0.07177061587572098,4.724929332733154,,,25.270275115966797,,0.0947490781545639,405,,,,,,1.2498950958251953,,,0.006102436687797308,,0.08743012696504593,,1205,,
0.04678437113761902,,38.25593566894531,,,,,,,,0.0055848355405032635,,,,,33.533138275146484,,,0.4429347813129425,,,,1776367270.9203305,,3378.124954279,0.504440188407898,,,,402,,,,,,,,,,,,0.4178718328475952,,,0.07245583087205887,4.7227935791015625,,,25.271446228027344,,0.10454162210226059,406,,,,,,1.2635215520858765,,,0.006132061593234539,,0.09319913387298584,,1208,,
0.047643475234508514,,38.26714324951172,,,,,,,,0.005627383943647146,,,,,33.547950744628906,,,0.4494413137435913,,,,1776367278.0583532,,3385.263072512,0.505362868309021,,,,403,,,,,,,,,,,,0.42552271485328674,,,0.0734158530831337,4.7191901206970215,,,25.272621154785156,,0.09398998320102692,407,,,,,,1.2704185247421265,,,0.006205408368259668,,0.08771217614412308,,1211,,
0.0481288880109787,,38.19366455078125,,,,,,,,0.005657331086695194,,,,,33.46795654296875,,,0.45857080817222595,,,,1776367285.3616307,,3392.565903454,0.5027700662612915,,,,404,,,,,,,,,,,,0.42428991198539734,,,0.07331373542547226,4.725703716278076,,,25.273818969726562,,0.09865783900022507,408,,,,,,1.2852091789245605,,,0.0061967275105416775,,0.09739232063293457,,1214,,
0.04819377884268761,,38.186527252197266,,,,,,,,0.005669197533279657,,,,,33.46427917480469,,,0.46102896332740784,,,,1776367292.465666,,3399.669801804,0.5019165277481079,,,,405,,,,,,,,,,,,0.4200764000415802,,,0.07353824377059937,4.722245216369629,,,25.27499771118164,,0.09453828632831573,409,,,,,,1.2903087139129639,,,0.006200335919857025,,0.09246513992547989,,1217,,
0.048393432050943375,,38.13050842285156,,,,,,,,0.005675594788044691,,,,,33.41140365600586,,,0.4627281725406647,,,,1776367299.565051,,3406.769471079,0.4996553063392639,,,,406,,,,,,,,,,,,0.4285335838794708,,,0.07410633563995361,4.719099521636963,,,25.27619743347168,,0.09699629992246628,410,,,,,,1.2980751991271973,,,0.006208088248968124,,0.09260845184326172,,1220,,
0.049261488020420074,,38.090641021728516,,,,,,,,0.0056997984647750854,,,,,33.36613464355469,,,0.46821731328964233,,,,1776367306.6646898,,3413.869623052,0.49786874651908875,,,,407,,,,,,,,,,,,0.4237639605998993,,,0.07427328824996948,4.724501132965088,,,25.27739906311035,,0.09873560816049576,411,,,,,,1.3088228702545166,,,0.006271283607929945,,0.09531126171350479,,1223,,
0.04914812743663788,,38.0479621887207,,,,,,,,0.00574379600584507,,,,,33.3289680480957,,,0.4795467257499695,,,,1776367313.931373,,3421.135564047,0.49574676156044006,,,,408,,,,,,,,,,,,0.4271279275417328,,,0.07524162530899048,4.718996047973633,,,25.27859115600586,,0.10060875862836838,412,,,,,,1.3234809637069702,,,0.006332808174192905,,0.09310070425271988,,1226,,
0.04928222671151161,,38.02629089355469,,,,,,,,0.005769877694547176,,,,,33.311466217041016,,,0.4769262671470642,,,,1776367321.1494367,,3428.354325743,0.4954117238521576,,,,409,,,,,,,,,,,,0.4194648861885071,,,0.07590946555137634,4.7148213386535645,,,25.27977752685547,,0.10066314786672592,413,,,,,,1.3317971229553223,,,0.006360756698995829,,0.09177661687135696,,1229,,
0.04902348667383194,,38.00784683227539,,,,,,,,0.005788235459476709,,,,,33.28932189941406,,,0.4853493869304657,,,,1776367328.15409,,3435.358361728,0.4941409230232239,,,,410,,,,,,,,,,,,0.4190945327281952,,,0.07563108205795288,4.718516826629639,,,25.280963897705078,,0.10105890035629272,414,,,,,,1.3406028747558594,,,0.006354059558361769,,0.09561322629451752,,1232,,
0.04977130889892578,,37.951114654541016,,,,,,,,0.005821502301841974,,,,,33.23440933227539,,,0.49130329489707947,,,,1776367335.3325498,,3442.537443274,0.49222278594970703,,,,411,,,,,,,,,,,,0.4261532723903656,,,0.07610084861516953,4.716705322265625,,,25.28214454650879,,0.09730634093284607,415,,,,,,1.3534083366394043,,,0.00641651451587677,,0.09813402593135834,,1235,,
0.049924980849027634,,37.91181564331055,,,,,,,,0.00584105821326375,,,,,33.19637680053711,,,0.4945138096809387,,,,1776367342.3361814,,3449.540944204,0.4902675747871399,,,,412,,,,,,,,,,,,0.42784327268600464,,,0.07683166861534119,4.7154412269592285,,,25.28331756591797,,0.10231021046638489,416,,,,,,1.3634881973266602,,,0.006429516244679689,,0.09356524795293808,,1238,,
0.04994059354066849,,37.90251159667969,,,,,,,,0.005871667061001062,,,,,33.18893814086914,,,0.4995289146900177,,,,1776367349.6805842,,3456.885419291,0.4905318319797516,,,,413,,,,,,,,,,,,0.42455703020095825,,,0.07721146941184998,4.7135772705078125,,,25.28450584411621,,0.10262764990329742,417,,,,,,1.3721367120742798,,,0.006454640533775091,,0.09664278477430344,,1241,,
0.05066550523042679,,37.83573913574219,,,,,,,,0.005885963793843985,,,,,33.127620697021484,,,0.503277599811554,,,,1776367356.801673,,3464.005761157,0.48665332794189453,,,,414,,,,,,,,,,,,0.42795196175575256,,,0.07730710506439209,4.7081193923950195,,,25.285728454589844,,0.10324790328741074,418,,,,,,1.3835963010787964,,,0.006482024677097797,,0.08725152909755707,,1244,,
0.05113609507679939,,37.82914733886719,,,,,,,,0.005916843190789223,,,,,33.1129150390625,,,0.5107115507125854,,,,1776367364.003342,,3471.207810772,0.4873778223991394,,,,415,,,,,,,,,,,,0.4234490990638733,,,0.0783228725194931,4.71622896194458,,,25.286941528320312,,0.10156562924385071,419,,,,,,1.3928141593933105,,,0.006508638150990009,,0.09621873497962952,,1247,,
0.05145066976547241,,37.77031707763672,,,,,,,,0.005945035256445408,,,,,33.06401062011719,,,0.5220160484313965,,,,1776367371.0126684,,3478.21736162,0.4850102365016937,,,,416,,,,,,,,,,,,0.4299004077911377,,,0.07889294624328613,4.706302642822266,,,25.288179397583008,,0.10607652366161346,420,,,,,,1.4065488576889038,,,0.00656203692778945,,0.094526506960392,,1250,,
0.05135178565979004,,37.73558807373047,,,,,,,,0.005954438354820013,,,,,33.026668548583984,,,0.5196080803871155,,,,1776367378.1790566,,3485.383236024,0.48273640871047974,,,,417,,,,,,,,,,,,0.4220144748687744,,,0.07907306402921677,4.708924770355225,,,25.289390563964844,,0.10359872132539749,421,,,,,,1.412949800491333,,,0.006573918275535107,,0.08884091675281525,,1253,,
0.05197784677147865,,37.735137939453125,,,,,,,,0.005997266620397568,,,,,33.02595520019531,,,0.5232313275337219,,,,1776367385.5183852,,3492.722518485,0.48374995589256287,,,,418,,,,,,,,,,,,0.4190584421157837,,,0.07893326133489609,4.709177494049072,,,25.290611267089844,,0.1148955300450325,422,,,,,,1.4237165451049805,,,0.006652413867413998,,0.09957358241081238,,1256,,
0.052285488694906235,,37.66195297241211,,,,,,,,0.006025908049196005,,,,,32.96090316772461,,,0.5339720249176025,,,,1776367392.6953058,,3499.899757068,0.480129599571228,,,,419,,,,,,,,,,,,0.4192374050617218,,,0.08083954453468323,4.701050758361816,,,25.291820526123047,,0.10558774322271347,423,,,,,,1.4410895109176636,,,0.006660220213234425,,0.08804991096258163,,1259,,
0.052145663648843765,,37.6175537109375,,,,,,,,0.006065351888537407,,,,,32.910465240478516,,,0.5435929894447327,,,,1776367399.8942568,,3507.098484327,0.47901463508605957,,,,420,,,,,,,,,,,,0.4193536639213562,,,0.08049459010362625,4.70709228515625,,,25.29306983947754,,0.0982017070055008,424,,,,,,1.45452082157135,,,0.006683091167360544,,0.09992062300443649,,1262,,
0.052646342664957047,,37.58155059814453,,,,,,,,0.006081652361899614,,,,,32.87653350830078,,,0.5463301539421082,,,,1776367406.9684644,,3514.17268417,0.4774133265018463,,,,421,,,,,,,,,,,,0.41838303208351135,,,0.08115314692258835,4.705021858215332,,,25.294296264648438,,0.10680092871189117,425,,,,,,1.4630719423294067,,,0.006712589878588915,,0.09578191488981247,,1265,,
0.05346284061670303,,37.57953643798828,,,,,,,,0.006133722141385078,,,,,32.87153244018555,,,0.5513176918029785,,,,1776367414.3653498,,3521.569917225,0.4773174524307251,,,,422,,,,,,,,,,,,0.41897886991500854,,,0.08167611807584763,4.708003520965576,,,25.2955322265625,,0.11771714687347412,426,,,,,,1.4763561487197876,,,0.006812043022364378,,0.0977901890873909,,1268,,
0.05367804318666458,,37.520328521728516,,,,,,,,0.0061378381215035915,,,,,32.81687545776367,,,0.5597777962684631,,,,1776367421.6357346,,3528.840028093,0.4743676781654358,,,,423,,,,,,,,,,,,0.4177003502845764,,,0.08196685463190079,4.703453540802002,,,25.29677391052246,,0.10650297999382019,427,,,,,,1.4852333068847656,,,0.0067793321795761585,,0.09294562041759491,,1271,,
0.054093170911073685,,37.47526550292969,,,,,,,,0.006153235211968422,,,,,32.77785873413086,,,0.5614213943481445,,,,1776367428.675458,,3535.87950421,0.47358113527297974,,,,424,,,,,,,,,,,,0.4192649722099304,,,0.08252917230129242,4.697413921356201,,,25.297996520996094,,0.11372668296098709,428,,,,,,1.4937611818313599,,,0.006804247852414846,,0.10321389138698578,,1274,,
0.05349259823560715,,37.432552337646484,,,,,,,,0.006167257204651833,,,,,32.73942184448242,,,0.5651063323020935,,,,1776367435.7382421,,3542.942259614,0.4712987244129181,,,,425,,,,,,,,,,,,0.4293980896472931,,,0.08249111473560333,4.693127632141113,,,25.29922866821289,,0.10921578854322433,429,,,,,,1.5050100088119507,,,0.006822885014116764,,0.09567046910524368,,1277,,
0.05440560728311539,,37.3993034362793,,,,,,,,0.006224450189620256,,,,,32.70162582397461,,,0.5767175555229187,,,,1776367442.8851347,,3550.089603837,0.4698590636253357,,,,426,,,,,,,,,,,,0.4244796335697174,,,0.08366435021162033,4.697676658630371,,,25.30045509338379,,0.10500092804431915,430,,,,,,1.5226964950561523,,,0.006894294638186693,,0.09561815857887268,,1280,,
0.05492521822452545,,37.34892654418945,,,,,,,,0.006240058224648237,,,,,32.66033935546875,,,0.5871200561523438,,,,1776367450.1428356,,3557.347001239,0.46822744607925415,,,,427,,,,,,,,,,,,0.4276435375213623,,,0.08384610712528229,4.688589572906494,,,25.30167007446289,,0.11499295383691788,431,,,,,,1.5327519178390503,,,0.006897670216858387,,0.09903844445943832,,1283,,
0.05554617568850517,,37.328773498535156,,,,,,,,0.006256806664168835,,,,,32.63328552246094,,,0.5903784036636353,,,,1776367457.2679055,,3564.471770429,0.4679165780544281,,,,428,,,,,,,,,,,,0.4171523153781891,,,0.08472858369350433,4.695488452911377,,,25.302894592285156,,0.1061394065618515,432,,,,,,1.5419480800628662,,,0.006945822853595018,,0.0966218039393425,,1286,,
0.055523961782455444,,37.30854797363281,,,,,,,,0.006284431554377079,,,,,32.62040710449219,,,0.5859789252281189,,,,1776367464.2974358,,3571.501749555,0.46590712666511536,,,,429,,,,,,,,,,,,0.4226713180541992,,,0.08553090691566467,4.688146591186523,,,25.304113388061523,,0.11503633856773376,433,,,,,,1.5496448278427124,,,0.006985763553529978,,0.09329650551080704,,1289,,
0.056447189301252365,,37.257076263427734,,,,,,,,0.006303005386143923,,,,,32.56308364868164,,,0.5981533527374268,,,,1776367471.5188675,,3578.723149498,0.4642598330974579,,,,430,,,,,,,,,,,,0.4160861074924469,,,0.08566532284021378,4.693991661071777,,,25.30535316467285,,0.1108645349740982,434,,,,,,1.5627784729003906,,,0.007004598621279001,,0.0976177379488945,,1292,,
0.05577678605914116,,37.22163009643555,,,,,,,,0.006320450454950333,,,,,32.53654479980469,,,0.6016222238540649,,,,1776367478.5520616,,3585.756982574,0.4639458656311035,,,,431,,,,,,,,,,,,0.41455867886543274,,,0.08530784398317337,4.68508768081665,,,25.30661392211914,,0.1171354427933693,435,,,,,,1.5718860626220703,,,0.007026034872978926,,0.10589814931154251,,1295,,
0.05690118670463562,,37.18899917602539,,,,,,,,0.006353271193802357,,,,,32.501060485839844,,,0.6117127537727356,,,,1776367485.9203029,,3593.124857399,0.4616584777832031,,,,432,,,,,,,,,,,,0.4170941710472107,,,0.08707374334335327,4.687939643859863,,,25.307861328125,,0.11126992851495743,436,,,,,,1.586206078529358,,,0.007026165258139372,,0.0949237197637558,,1298,,
0.05660712718963623,,37.15389633178711,,,,,,,,0.006390194874256849,,,,,32.464744567871094,,,0.6186149716377258,,,,1776367492.9405897,,3600.145030268,0.4603365957736969,,,,433,,,,,,,,,,,,0.4078845679759979,,,0.08624105900526047,4.6891560554504395,,,25.30914306640625,,0.11536023765802383,437,,,,,,1.6016583442687988,,,0.007096952758729458,,0.09359268844127655,,1301,,
0.05710187181830406,,37.129730224609375,,,,,,,,0.006406725384294987,,,,,32.44621276855469,,,0.6248912811279297,,,,1776367500.0589454,,3607.26307223,0.4601131081581116,,,,434,,,,,,,,,,,,0.41495653986930847,,,0.08711440861225128,4.683516025543213,,,25.310405731201172,,0.1167735904455185,438,,,,,,1.6095478534698486,,,0.007178670726716518,,0.10349001735448837,,1304,,
0.056656692177057266,,37.06926727294922,,,,,,,,0.006394797470420599,,,,,32.387794494628906,,,0.6305719614028931,,,,1776367507.2335033,,3614.437978872,0.45703253149986267,,,,435,,,,,,,,,,,,0.4218306839466095,,,0.08665589988231659,4.681469917297363,,,25.311695098876953,,0.10818594694137573,439,,,,,,1.6157469749450684,,,0.007080555893480778,,0.0962042510509491,,1307,,
0.05853290483355522,,37.00382995605469,,,,,,,,0.006425259169191122,,,,,32.32198715209961,,,0.6371554136276245,,,,1776367514.2799616,,3621.484195342,0.45502060651779175,,,,436,,,,,,,,,,,,0.42097899317741394,,,0.08843056857585907,4.681840419769287,,,25.31296730041504,,0.1087515652179718,440,,,,,,1.631718397140503,,,0.007133652456104755,,0.09592815488576889,,1310,,
0.058446552604436874,,37.0123291015625,,,,,,,,0.006479315925389528,,,,,32.33270263671875,,,0.6431208252906799,,,,1776367521.7360325,,3628.940614138,0.45510971546173096,,,,437,,,,,,,,,,,,0.4251768887042999,,,0.08884818106889725,4.679620265960693,,,25.314218521118164,,0.10909964144229889,441,,,,,,1.6444374322891235,,,0.007220245432108641,,0.09798013418912888,,1313,,
0.05850584805011749,,36.95975875854492,,,,,,,,0.0065060947090387344,,,,,32.28166198730469,,,0.6441300511360168,,,,1776367529.0333154,,3636.23747895,0.45206040143966675,,,,438,,,,,,,,,,,,0.4200240671634674,,,0.08908417075872421,4.678096294403076,,,25.315454483032227,,0.11767817288637161,442,,,,,,1.6584064960479736,,,0.0072350953705608845,,0.09432690590620041,,1316,,
0.05896624177694321,,36.94097900390625,,,,,,,,0.006522396579384804,,,,,32.25974655151367,,,0.6466054916381836,,,,1776367536.142677,,3643.347016002,0.45157182216644287,,,,439,,,,,,,,,,,,0.4183804392814636,,,0.08974169194698334,4.681233882904053,,,25.316694259643555,,0.11214353889226913,443,,,,,,1.666628122329712,,,0.007236512377858162,,0.09543248265981674,,1319,,
0.05983123928308487,,36.918697357177734,,,,,,,,0.006581944413483143,,,,,32.237220764160156,,,0.6569887399673462,,,,1776367543.3957002,,3650.600510199,0.4503966271877289,,,,440,,,,,,,,,,,,0.4149383008480072,,,0.09056185185909271,4.681479454040527,,,25.317964553833008,,0.11135099083185196,444,,,,,,1.6832700967788696,,,0.007346213795244694,,0.09520706534385681,,1322,,
0.06036495044827461,,36.86551284790039,,,,,,,,0.0065979077480733395,,,,,32.17951583862305,,,0.6717328429222107,,,,1776367550.7734044,,3657.980603993,0.44898828864097595,,,,441,,,,,,,,,,,,0.41067326068878174,,,0.09139654785394669,4.685998439788818,,,25.319231033325195,,0.11258398741483688,445,,,,,,1.699574589729309,,,0.00734651880338788,,0.09762006998062134,,1325,,
0.060358695685863495,,36.82986831665039,,,,,,,,0.006625734735280275,,,,,32.15157699584961,,,0.6732321977615356,,,,1776367557.9369657,,3665.141103017,0.447206974029541,,,,442,,,,,,,,,,,,0.41636109352111816,,,0.0915498435497284,4.67828893661499,,,25.320491790771484,,0.11181177943944931,446,,,,,,1.7121230363845825,,,0.0073724184185266495,,0.09372473508119583,,1328,,
0.060852039605379105,,36.80364227294922,,,,,,,,0.006634267047047615,,,,,32.130706787109375,,,0.679385244846344,,,,1776367565.1613839,,3672.36562909,0.4469441771507263,,,,443,,,,,,,,,,,,0.41439464688301086,,,0.09219428151845932,4.67293643951416,,,25.32174301147461,,0.12079649418592453,447,,,,,,1.7188295125961304,,,0.007407806813716888,,0.10126124322414398,,1331,,
0.06117178127169609,,36.773746490478516,,,,,,,,0.006671112962067127,,,,,32.10274124145508,,,0.6863864064216614,,,,1776367572.2023244,,3679.406429528,0.4463788866996765,,,,444,,,,,,,,,,,,0.4179707467556,,,0.09244504570960999,4.671005725860596,,,25.323020935058594,,0.1137113943696022,448,,,,,,1.7293565273284912,,,0.007466685958206654,,0.0960913822054863,,1334,,
0.061629027128219604,,36.72138595581055,,,,,,,,0.006698801647871733,,,,,32.047306060791016,,,0.6962747573852539,,,,1776367579.3651245,,3686.569315137,0.4445015490055084,,,,445,,,,,,,,,,,,0.4250723123550415,,,0.09312039613723755,4.674078464508057,,,25.324298858642578,,0.12167785316705704,449,,,,,,1.7485127449035645,,,0.0075315507128834724,,0.1017618402838707,,1337,,
0.06143185868859291,,36.69988250732422,,,,,,,,0.00672485213726759,,,,,32.0329475402832,,,0.6958462595939636,,,,1776367586.7639596,,3693.968019595,0.44248127937316895,,,,446,,,,,,,,,,,,0.4146999716758728,,,0.09420733153820038,4.666935920715332,,,25.325599670410156,,0.12573905289173126,450,,,,,,1.7571128606796265,,,0.007592002395540476,,0.09628570824861526,,1340,,
0.06211957335472107,,36.638328552246094,,,,,,,,0.006735422648489475,,,,,31.966825485229492,,,0.7072948813438416,,,,1776367593.8075078,,3701.01232622,0.44037795066833496,,,,447,,,,,,,,,,,,0.4171275794506073,,,0.09358707815408707,4.6714935302734375,,,25.326923370361328,,0.11949168145656586,451,,,,,,1.7728275060653687,,,0.007537424564361572,,0.10215206444263458,,1343,,
0.062317684292793274,,36.62169647216797,,,,,,,,0.006771343760192394,,,,,31.950721740722656,,,0.7130138278007507,,,,1776367600.9391775,,3708.143210428,0.4396938681602478,,,,448,,,,,,,,,,,,0.41514626145362854,,,0.09448311477899551,4.670976161956787,,,25.328229904174805,,0.11455458402633667,452,,,,,,1.7845994234085083,,,0.007589761633425951,,0.09706926345825195,,1346,,
0.06246943771839142,,36.604835510253906,,,,,,,,0.006791402585804462,,,,,31.93773078918457,,,0.7144565582275391,,,,1776367609.226555,,3716.430885933,0.43913382291793823,,,,449,,,,,,,,,,,,0.4155147969722748,,,0.09435639530420303,4.667105197906494,,,25.329544067382812,,0.11592262238264084,453,,,,,,1.7898300886154175,,,0.007557379547506571,,0.0979170873761177,,1349,,
0.06358901411294937,,36.521568298339844,,,,,,,,0.006806143093854189,,,,,31.8565616607666,,,0.7240082621574402,,,,1776367616.4417908,,3723.645952621,0.4359760582447052,,,,450,,,,,,,,,,,,0.4120761752128601,,,0.09625644236803055,4.665004253387451,,,25.330806732177734,,0.12331512570381165,454,,,,,,1.8072049617767334,,,0.007621224038302898,,0.09468039870262146,,1352,,
0.06449319422245026,,36.49855041503906,,,,,,,,0.006841213908046484,,,,,31.826688766479492,,,0.7345553636550903,,,,1776367623.541964,,3730.746347897,0.4352334141731262,,,,451,,,,,,,,,,,,0.4159557521343231,,,0.09620850533246994,4.6718621253967285,,,25.332094192504883,,0.1232854425907135,455,,,,,,1.824736475944519,,,0.007683645933866501,,0.10024182498455048,,1355,,
0.06420795619487762,,36.46332550048828,,,,,,,,0.006855426821857691,,,,,31.798280715942383,,,0.7348477244377136,,,,1776367630.7088854,,3737.913466853,0.43397578597068787,,,,452,,,,,,,,,,,,0.41062548756599426,,,0.09687326848506927,4.665045738220215,,,25.33334732055664,,0.12044227868318558,456,,,,,,1.830919623374939,,,0.007655995897948742,,0.09721088409423828,,1358,,
0.06388945132493973,,36.4186897277832,,,,,,,,0.00687778415158391,,,,,31.754648208618164,,,0.744975209236145,,,,1776367637.8757675,,3745.080090947,0.4324497580528259,,,,453,,,,,,,,,,,,0.4194309115409851,,,0.09725309163331985,4.664043426513672,,,25.334646224975586,,0.12140204012393951,457,,,,,,1.845021367073059,,,0.007747425232082605,,0.09334743767976761,,1361,,
0.06514187902212143,,36.39229965209961,,,,,,,,0.006926293950527906,,,,,31.731136322021484,,,0.7598799467086792,,,,1776367645.0276232,,3752.23165112,0.43206894397735596,,,,454,,,,,,,,,,,,0.40441644191741943,,,0.09858366847038269,4.661167621612549,,,25.335948944091797,,0.1276048868894577,458,,,,,,1.8625189065933228,,,0.007835062220692635,,0.10212301462888718,,1364,,
0.06530603766441345,,36.335567474365234,,,,,,,,0.006926338654011488,,,,,31.67608070373535,,,0.7608594298362732,,,,1776367652.3815012,,3759.586487307,0.42936059832572937,,,,455,,,,,,,,,,,,0.40966174006462097,,,0.0977129340171814,4.659485340118408,,,25.337282180786133,,0.12169751524925232,459,,,,,,1.869438648223877,,,0.007747253403067589,,0.0960249975323677,,1367,,
0.06652341037988663,,36.29770278930664,,,,,,,,0.006953888107091188,,,,,31.63770866394043,,,0.7666528224945068,,,,1776367659.755598,,3766.95964652,0.42807796597480774,,,,456,,,,,,,,,,,,0.40905046463012695,,,0.09913580864667892,4.659994125366211,,,25.33860969543457,,0.12057215720415115,460,,,,,,1.8867801427841187,,,0.0077889785170555115,,0.09745677560567856,,1370,,
0.06628528237342834,,36.3227653503418,,,,,,,,0.006967124063521624,,,,,31.661039352416992,,,0.7571783661842346,,,,1776367666.8956409,,3774.100230307,0.42800480127334595,,,,457,,,,,,,,,,,,0.4094659388065338,,,0.09931190311908722,4.661726951599121,,,25.339923858642578,,0.12520211935043335,461,,,,,,1.887021541595459,,,0.00783945806324482,,0.09650351107120514,,1373,,
0.06696260720491409,,36.23808670043945,,,,,,,,0.007040438707917929,,,,,31.579626083374023,,,0.783036470413208,,,,1776367674.002823,,3781.207316186,0.42501768469810486,,,,458,,,,,,,,,,,,0.4117017388343811,,,0.10154329985380173,4.65846061706543,,,25.341211318969727,,0.1174631267786026,462,,,,,,1.9201143980026245,,,0.007897580042481422,,0.09450030326843262,,1376,,
0.06681166589260101,,36.21935272216797,,,,,,,,0.007038099691271782,,,,,31.55764389038086,,,0.7880329489707947,,,,1776367681.0713048,,3788.275635112,0.42441773414611816,,,,459,,,,,,,,,,,,0.4079028069972992,,,0.10076978802680969,4.661712646484375,,,25.342529296875,,0.11643847078084946,463,,,,,,1.924135684967041,,,0.00788967963308096,,0.09174671769142151,,1379,,
0.06726822257041931,,36.19740676879883,,,,,,,,0.007071119267493486,,,,,31.54216194152832,,,0.7937096357345581,,,,1776367688.4283142,,3795.633061525,0.4243132472038269,,,,460,,,,,,,,,,,,0.407642126083374,,,0.10174393653869629,4.655246734619141,,,25.343852996826172,,0.12013361603021622,464,,,,,,1.9374018907546997,,,0.007968137040734291,,0.10067569464445114,,1382,,
0.06839480996131897,,36.11418914794922,,,,,,,,0.007086877711117268,,,,,31.46596336364746,,,0.7980383634567261,,,,1776367695.6312778,,3802.835985779,0.42078354954719543,,,,461,,,,,,,,,,,,0.41316843032836914,,,0.10145217180252075,4.648223876953125,,,25.345184326171875,,0.1208181157708168,465,,,,,,1.9522054195404053,,,0.007979975081980228,,0.09564123302698135,,1385,,
0.06870323419570923,,36.09566116333008,,,,,,,,0.00711786188185215,,,,,31.44447898864746,,,0.8056660294532776,,,,1776367702.9329314,,3810.13740844,0.4198153018951416,,,,462,,,,,,,,,,,,0.41282904148101807,,,0.10251940041780472,4.651182651519775,,,25.346485137939453,,0.1327822059392929,466,,,,,,1.9671052694320679,,,0.008059181272983551,,0.09390424937009811,,1388,,
0.06843137741088867,,36.05816650390625,,,,,,,,0.007116424385458231,,,,,31.40233039855957,,,0.8087320923805237,,,,1776367710.147033,,3817.351126154,0.418160080909729,,,,463,,,,,,,,,,,,0.41329124569892883,,,0.10239244997501373,4.655840873718262,,,25.3477840423584,,0.11987540870904922,467,,,,,,1.9751275777816772,,,0.00799073837697506,,0.09494133293628693,,1391,,
0.06790293008089066,,35.98588943481445,,,,,,,,0.007120424881577492,,,,,31.33802032470703,,,0.8249553442001343,,,,1776367717.4433844,,3824.647911544,0.41621923446655273,,,,464,,,,,,,,,,,,0.4088570475578308,,,0.10327167809009552,4.647866725921631,,,25.34908676147461,,0.12727013230323792,468,,,,,,1.9895682334899902,,,0.008044399321079254,,0.09309428185224533,,1394,,
0.06944399327039719,,35.97077941894531,,,,,,,,0.007169720251113176,,,,,31.316923141479492,,,0.8247921466827393,,,,1776367724.635533,,3831.839656232,0.41533705592155457,,,,465,,,,,,,,,,,,0.41002628207206726,,,0.10412705689668655,4.653852462768555,,,25.350391387939453,,0.12682989239692688,469,,,,,,2.007983922958374,,,0.008088219910860062,,0.09459949284791946,,1397,,
0.07005482167005539,,35.925331115722656,,,,,,,,0.007193214260041714,,,,,31.276161193847656,,,0.8347169756889343,,,,1776367731.6833763,,3838.887552216,0.4132065773010254,,,,466,,,,,,,,,,,,0.41561219096183777,,,0.1050633117556572,4.649169921875,,,25.35169219970703,,0.12152239680290222,470,,,,,,2.0181548595428467,,,0.008138008415699005,,0.09528295695781708,,1400,,
0.0701630562543869,,35.900630950927734,,,,,,,,0.007225671783089638,,,,,31.25499725341797,,,0.845868706703186,,,,1776367738.9233866,,3846.127890847,0.4134645164012909,,,,467,,,,,,,,,,,,0.4129915237426758,,,0.10496770590543747,4.645636558532715,,,25.352994918823242,,0.1327992081642151,471,,,,,,2.033663034439087,,,0.008210749365389347,,0.09838786721229553,,1403,,
0.0711989477276802,,35.87363815307617,,,,,,,,0.007238111458718777,,,,,31.225055694580078,,,0.8454093933105469,,,,1776367746.01297,,3853.21710335,0.41142332553863525,,,,468,,,,,,,,,,,,0.4072364568710327,,,0.1059252917766571,4.648582935333252,,,25.354320526123047,,0.12577517330646515,472,,,,,,2.042252540588379,,,0.008150993846356869,,0.09321009367704391,,1406,,
0.07156483829021454,,35.84552764892578,,,,,,,,0.007251675706356764,,,,,31.1967716217041,,,0.8519143462181091,,,,1776367753.2863457,,3860.490300108,0.4107723534107208,,,,469,,,,,,,,,,,,0.4155502915382385,,,0.10675030946731567,4.6487579345703125,,,25.35566520690918,,0.12721699476242065,473,,,,,,2.055675506591797,,,0.008162439800798893,,0.09308936446905136,,1409,,
0.07196930050849915,,35.805599212646484,,,,,,,,0.007285411935299635,,,,,31.161174774169922,,,0.8616074919700623,,,,1776367760.4866335,,3867.690801523,0.4090200662612915,,,,470,,,,,,,,,,,,0.4066753387451172,,,0.10766079276800156,4.644421577453613,,,25.35700798034668,,0.12953463196754456,474,,,,,,2.0713953971862793,,,0.008242746815085411,,0.09458991140127182,,1412,,
0.07210225611925125,,35.75695037841797,,,,,,,,0.007309474982321262,,,,,31.112871170043945,,,0.8674609661102295,,,,1776367767.4958582,,3874.699840695,0.4077092409133911,,,,471,,,,,,,,,,,,0.413188099861145,,,0.10719988495111465,4.644079685211182,,,25.35835838317871,,0.12839344143867493,475,,,,,,2.0828475952148438,,,0.008247340098023415,,0.09720605611801147,,1415,,
0.07145699113607407,,35.71113967895508,,,,,,,,0.007340972311794758,,,,,31.059921264648438,,,0.8815965056419373,,,,1776367774.6662116,,3881.870623308,0.4053589701652527,,,,472,,,,,,,,,,,,0.407200425863266,,,0.10819539427757263,4.651218891143799,,,25.359691619873047,,0.1390477567911148,476,,,,,,2.1061673164367676,,,0.008379426784813404,,0.09165079146623611,,1418,,
0.07177790999412537,,35.711910247802734,,,,,,,,0.007335206493735313,,,,,31.066295623779297,,,0.8700881004333496,,,,1776367781.9384718,,3889.14275026,0.4046487808227539,,,,473,,,,,,,,,,,,0.4111296832561493,,,0.10752980411052704,4.645613670349121,,,25.361013412475586,,0.13243365287780762,477,,,,,,2.1023709774017334,,,0.008273493498563766,,0.0900435671210289,,1421,,
0.07357873022556305,,35.63956069946289,,,,,,,,0.007369844242930412,,,,,31.001934051513672,,,0.8930025100708008,,,,1776367789.1595159,,3896.363810437,0.4040713310241699,,,,474,,,,,,,,,,,,0.40790149569511414,,,0.10951689630746841,4.637627124786377,,,25.362295150756836,,0.13104237616062164,478,,,,,,2.1268422603607178,,,0.008339831605553627,,0.09562360495328903,,1424,,
0.07343567162752151,,35.6092529296875,,,,,,,,0.007385868113487959,,,,,30.959674835205078,,,0.8966569304466248,,,,1776367796.2778277,,3903.482072223,0.4015914797782898,,,,475,,,,,,,,,,,,0.4111258387565613,,,0.10960528254508972,4.649579048156738,,,25.36360740661621,,0.13072358071804047,479,,,,,,2.140266180038452,,,0.008328557014465332,,0.09130074083805084,,1427,,
0.07319123297929764,,35.591285705566406,,,,,,,,0.007430909667164087,,,,,30.95005226135254,,,0.9040338397026062,,,,1776367803.4625492,,3910.666886349,0.40121906995773315,,,,476,,,,,,,,,,,,0.4143240451812744,,,0.10932295769453049,4.641233921051025,,,25.36493492126465,,0.12294920533895493,480,,,,,,2.154529333114624,,,0.008390087634325027,,0.0912187471985817,,1430,,
0.07405765354633331,,35.543819427490234,,,,,,,,0.007440479472279549,,,,,30.898672103881836,,,0.9107555150985718,,,,1776367810.5572066,,3917.761284404,0.39962542057037354,,,,477,,,,,,,,,,,,0.40330830216407776,,,0.11069859564304352,4.645147800445557,,,25.36626434326172,,0.13854922354221344,481,,,,,,2.170473337173462,,,0.008456235751509666,,0.09351819008588791,,1433,,
0.07354004681110382,,35.48835372924805,,,,,,,,0.007458589971065521,,,,,30.852083206176758,,,0.9229949712753296,,,,1776367817.8075373,,3925.011545178,0.3973395824432373,,,,478,,,,,,,,,,,,0.4103933274745941,,,0.1101471334695816,4.636270999908447,,,25.367633819580078,,0.1285407692193985,482,,,,,,2.182213544845581,,,0.008446604013442993,,0.09269038587808609,,1436,,
0.07508617639541626,,35.45232391357422,,,,,,,,0.007460427470505238,,,,,30.815702438354492,,,0.9283576607704163,,,,1776367825.0862992,,3932.290591833,0.3963313102722168,,,,479,,,,,,,,,,,,0.40695881843566895,,,0.11256755888462067,4.636620998382568,,,25.368980407714844,,0.12779034674167633,483,,,,,,2.1938536167144775,,,0.008485513739287853,,0.09221842885017395,,1439,,
0.07410799711942673,,35.43451690673828,,,,,,,,0.007517032790929079,,,,,30.794544219970703,,,0.9342559576034546,,,,1776367832.128196,,3939.332335277,0.3952043056488037,,,,480,,,,,,,,,,,,0.4098638594150543,,,0.11138579994440079,4.639975547790527,,,25.37032699584961,,0.12955857813358307,484,,,,,,2.2132792472839355,,,0.008514946326613426,,0.08985377848148346,,1442,,
0.07635565102100372,,35.4063720703125,,,,,,,,0.007531099487096071,,,,,30.770246505737305,,,0.934674084186554,,,,1776367839.2949061,,3946.499533722,0.39386317133903503,,,,481,,,,,,,,,,,,0.40290239453315735,,,0.11361636966466904,4.6361284255981445,,,25.37167739868164,,0.13044241070747375,485,,,,,,2.2228589057922363,,,0.008552773855626583,,0.08737494051456451,,1445,,
0.07603559643030167,,35.3406982421875,,,,,,,,0.0075513157062232494,,,,,30.70818328857422,,,0.949843168258667,,,,1776367846.414409,,3953.618659161,0.39222145080566406,,,,482,,,,,,,,,,,,0.4152909219264984,,,0.11347968876361847,4.632516860961914,,,25.373043060302734,,0.1257772296667099,486,,,,,,2.2427127361297607,,,0.008550148457288742,,0.09081487357616425,,1448,,
0.07621793448925018,,35.294700622558594,,,,,,,,0.00755264749750495,,,,,30.66351318359375,,,0.9527736306190491,,,,1776367853.7586899,,3960.96342446,0.3899058997631073,,,,483,,,,,,,,,,,,0.4050561487674713,,,0.11461720615625381,4.631189823150635,,,25.374374389648438,,0.13342294096946716,487,,,,,,2.253495216369629,,,0.008626039139926434,,0.08692526817321777,,1451,,
0.07784397155046463,,35.281864166259766,,,,,,,,0.007609386462718248,,,,,30.651233673095703,,,0.9633529782295227,,,,1776367860.795137,,3967.999331144,0.38994327187538147,,,,484,,,,,,,,,,,,0.4087691605091095,,,0.11511034518480301,4.630634784698486,,,25.3757266998291,,0.13633379340171814,488,,,,,,2.2731339931488037,,,0.008695244789123535,,0.08889951556921005,,1454,,
0.07705964148044586,,35.254642486572266,,,,,,,,0.007634657435119152,,,,,30.622323989868164,,,0.9703668355941772,,,,1776367867.8599405,,3975.064094142,0.38890600204467773,,,,485,,,,,,,,,,,,0.40889227390289307,,,0.11515480279922485,4.632320880889893,,,25.377058029174805,,0.13817089796066284,489,,,,,,2.285886526107788,,,0.008706635795533657,,0.09173081815242767,,1457,,
0.07845288515090942,,35.20800018310547,,,,,,,,0.007670954801142216,,,,,30.582427978515625,,,0.9779599905014038,,,,1776367874.9670696,,3982.171069081,0.38702666759490967,,,,486,,,,,,,,,,,,0.41004282236099243,,,0.11608652770519257,4.625572204589844,,,25.37841033935547,,0.1397249549627304,490,,,,,,2.3050899505615234,,,0.008726990781724453,,0.09060998260974884,,1460,,
0.07807378470897675,,35.16035842895508,,,,,,,,0.007708128076046705,,,,,30.537578582763672,,,0.9867193698883057,,,,1776367882.327485,,3989.532018873,0.38600438833236694,,,,487,,,,,,,,,,,,0.40854209661483765,,,0.11858871579170227,4.622777462005615,,,25.379751205444336,,0.1393272578716278,491,,,,,,2.3242669105529785,,,0.008804983459413052,,0.09212329983711243,,1463,,
0.0785527154803276,,35.09164047241211,,,,,,,,0.007696270942687988,,,,,30.47274398803711,,,0.9966174364089966,,,,1776367889.4867692,,3996.690629385,0.38328683376312256,,,,488,,,,,,,,,,,,0.40731820464134216,,,0.11631280183792114,4.618891716003418,,,25.381132125854492,,0.13410992920398712,492,,,,,,2.3390493392944336,,,0.00877735298126936,,0.09007137268781662,,1466,,
0.08030431717634201,,35.08464050292969,,,,,,,,0.007737112697213888,,,,,30.46466064453125,,,1.012697696685791,,,,1776367896.6108575,,4003.815128129,0.38285255432128906,,,,489,,,,,,,,,,,,0.40606722235679626,,,0.11927854269742966,4.619981288909912,,,25.38251495361328,,0.1469460278749466,493,,,,,,2.353994369506836,,,0.008881817571818829,,0.08817540854215622,,1469,,
0.08038817346096039,,35.05471420288086,,,,,,,,0.007775513455271721,,,,,30.427152633666992,,,1.0110948085784912,,,,1776367903.737212,,4010.941257227,0.38131678104400635,,,,490,,,,,,,,,,,,0.4119008779525757,,,0.11888699978590012,4.627562999725342,,,25.3839054107666,,0.1467725783586502,494,,,,,,2.37325382232666,,,0.008910208940505981,,0.0849614143371582,,1472,,
0.08092038333415985,,35.01502990722656,,,,,,,,0.007779342122375965,,,,,30.3836612701416,,,1.015711784362793,,,,1776367910.9259832,,4018.130175434,0.37966424226760864,,,,491,,,,,,,,,,,,0.4088192582130432,,,0.12033826112747192,4.63136625289917,,,25.385263442993164,,0.13763216137886047,495,,,,,,2.3844316005706787,,,0.008858964778482914,,0.08390315622091293,,1475,,
0.08083965629339218,,34.986717224121094,,,,,,,,0.007831906899809837,,,,,30.365285873413086,,,1.0286673307418823,,,,1776367918.2371454,,4025.441291382,0.3790941834449768,,,,492,,,,,,,,,,,,0.4021885395050049,,,0.12035384774208069,4.621428966522217,,,25.38664436340332,,0.13791555166244507,496,,,,,,2.404235601425171,,,0.008951484225690365,,0.08691918104887009,,1478,,
0.08152259141206741,,34.910057067871094,,,,,,,,0.00785245094448328,,,,,30.28754234313965,,,1.0512653589248657,,,,1776367925.4054558,,4032.609857226,0.3770237863063812,,,,493,,,,,,,,,,,,0.4023461937904358,,,0.12182744592428207,4.622514247894287,,,25.388010025024414,,0.13593493402004242,497,,,,,,2.4305419921875,,,0.00891678687185049,,0.0893218144774437,,1481,,
0.08222592622041702,,34.89818572998047,,,,,,,,0.007854933850467205,,,,,30.268516540527344,,,1.0436993837356567,,,,1776367932.4615524,,4039.665979784,0.37568309903144836,,,,494,,,,,,,,,,,,0.4012482464313507,,,0.12149060517549515,4.629672050476074,,,25.38937759399414,,0.14447490870952606,498,,,,,,2.4337704181671143,,,0.009021339006721973,,0.08314013481140137,,1484,,
0.08237533271312714,,34.86225128173828,,,,,,,,0.007836570031940937,,,,,30.240253448486328,,,1.0483198165893555,,,,1776367939.5324519,,4046.736700617,0.37462374567985535,,,,495,,,,,,,,,,,,0.4038993716239929,,,0.12275005131959915,4.621999740600586,,,25.390731811523438,,0.14233185350894928,499,,,,,,2.4354357719421387,,,0.008952543139457703,,0.0846131294965744,,1487,,
0.0827593058347702,,34.808345794677734,,,,,,,,0.007868834771215916,,,,,30.19978141784668,,,1.0586053133010864,,,,1776367947.055438,,4054.25967295,0.37320059537887573,,,,496,,,,,,,,,,,,0.402224600315094,,,0.12310819327831268,4.6085662841796875,,,25.3920955657959,,0.1412535011768341,500,,,,,,2.458869457244873,,,0.009037486277520657,,0.08234190940856934,,1490,,
0.08264441043138504,,34.766700744628906,,,,,,,,0.00790024921298027,,,,,30.154502868652344,,,1.067240595817566,,,,1776367954.1156101,,4061.320074506,0.3714315593242645,,,,497,,,,,,,,,,,,0.40492233633995056,,,0.12333984673023224,4.612200736999512,,,25.39344024658203,,0.14596518874168396,501,,,,,,2.479447364807129,,,0.009105391800403595,,0.08171061426401138,,1493,,
0.0843503549695015,,34.729068756103516,,,,,,,,0.00793197751045227,,,,,30.11345672607422,,,1.0761830806732178,,,,1776367961.1681232,,4068.372759118,0.3701658248901367,,,,498,,,,,,,,,,,,0.4048060178756714,,,0.12450597435235977,4.615612983703613,,,25.394792556762695,,0.14628691971302032,502,,,,,,2.497910499572754,,,0.00913850124925375,,0.08108048886060715,,1496,,
,0.007918749935925007,,0.33608126640319824,1.2744796537567105e-16,6.310688495635986,8.012254054667878e-17,7.109726905822754,0.12016988545656204,7.109726905822754,,0.031459253281354904,0.9661499261856079,0.4968138337135315,0.9935937523841858,,0.37657812237739563,0.18904277682304382,,0.5521871447563171,3.292348861694336,0.23924997448921204,1776368048.3195415,0.02000213973224163,4155.527051775,,0.16908273100852966,3.750842571258545,0.0924374982714653,499,0.21543478965759277,0.015712499618530273,16.492019653320312,0.0015625001396983862,0.43422502279281616,3.3873467445373535,0.48721247911453247,0.21930624544620514,7.24385404586792,0.10398750752210617,0.18303829431533813,,0.14635992050170898,12.384385108947754,,,0.0025562497321516275,3.844560384750366,,1.4226939678192139,,503,0.00465625012293458,0.005668750032782555,0.843162477016449,16.492019653320312,6.310688495635986,,1.2557883262634277,12.942476272583008,,0.2422499805688858,,0.843162477016449,1499,0.0157722607254982,7.24385404586792
0.0835704356431961,,34.701751708984375,,,,,,,,0.00796470232307911,,,,,30.08562469482422,,,1.0863107442855835,,,,1776368049.4985394,,4156.702481092,0.36957329511642456,,,,499,,,,,,,,,,,,0.40472081303596497,,,0.12471126765012741,4.6161274909973145,,,25.396167755126953,,0.15134574472904205,504,,,,,,2.5135414600372314,,,0.009154184721410275,,0.088174968957901,,1499,,
0.0848974734544754,,34.6721076965332,,,,,,,,0.007992679253220558,,,,,30.05418586730957,,,1.0851160287857056,,,,1776368056.671929,,4163.876031687,0.36826539039611816,,,,500,,,,,,,,,,,,0.40702155232429504,,,0.1254524290561676,4.617919921875,,,25.39752960205078,,0.14881162345409393,505,,,,,,2.530333995819092,,,0.00919995829463005,,0.08591914921998978,,1502,,
0.08415725827217102,,34.61506652832031,,,,,,,,0.008016726933419704,,,,,30.00436782836914,,,1.1050200462341309,,,,1776368063.979371,,4171.183332722,0.36663180589675903,,,,501,,,,,,,,,,,,0.40477314591407776,,,0.12671536207199097,4.610702037811279,,,25.398902893066406,,0.14354540407657623,506,,,,,,2.5506815910339355,,,0.009210293181240559,,0.08307989686727524,,1505,,
0.08533387631177902,,34.6024055480957,,,,,,,,0.008060244843363762,,,,,29.991395950317383,,,1.10601806640625,,,,1776368071.1537654,,4178.357816334,0.36544138193130493,,,,502,,,,,,,,,,,,0.4095647633075714,,,0.12694525718688965,4.611013889312744,,,25.40026092529297,,0.1467536985874176,507,,,,,,2.562087297439575,,,0.00929574016481638,,0.08112172782421112,,1508,,
0.08537210524082184,,34.580108642578125,,,,,,,,0.00805222149938345,,,,,29.97216796875,,,1.115748405456543,,,,1776368078.3849611,,4185.589131172,0.36500853300094604,,,,503,,,,,,,,,,,,0.4039366543292999,,,0.12701919674873352,4.60793924331665,,,25.401615142822266,,0.1613452434539795,508,,,,,,2.5721044540405273,,,0.009292998351156712,,0.08185575157403946,,1511,,
0.08603121340274811,,34.51611328125,,,,,,,,0.008096822537481785,,,,,29.919137954711914,,,1.1227774620056152,,,,1776368085.7406209,,4192.944834756,0.3632218539714813,,,,504,,,,,,,,,,,,0.40267878770828247,,,0.12813617289066315,4.5969767570495605,,,25.402982711791992,,0.1429634839296341,509,,,,,,2.5941100120544434,,,0.009284737519919872,,0.07798878103494644,,1514,,
0.08795192837715149,,34.465232849121094,,,,,,,,0.008121770806610584,,,,,29.86320686340332,,,1.131596326828003,,,,1776368092.9237995,,4200.128128853,0.3612741231918335,,,,505,,,,,,,,,,,,0.404601126909256,,,0.12976807355880737,4.602024555206299,,,25.404346466064453,,0.15559297800064087,510,,,,,,2.616595983505249,,,0.009388466365635395,,0.08412987738847733,,1517,,
0.08811929821968079,,34.4506950378418,,,,,,,,0.008171718567609787,,,,,29.849159240722656,,,1.142214298248291,,,,1776368100.1169765,,4207.321334351,0.3603380620479584,,,,506,,,,,,,,,,,,0.4037693440914154,,,0.13115382194519043,4.601534843444824,,,25.40570068359375,,0.14182427525520325,511,,,,,,2.6383492946624756,,,0.009421787224709988,,0.08148680627346039,,1520,,
0.08938556164503098,,34.40275955200195,,,,,,,,0.008177992887794971,,,,,29.7992000579834,,,1.1522592306137085,,,,1776368107.220489,,4214.424525453,0.35938510298728943,,,,507,,,,,,,,,,,,0.40306994318962097,,,0.1306169182062149,4.603557109832764,,,25.407068252563477,,0.15229475498199463,512,,,,,,2.653491735458374,,,0.009440168738365173,,0.08373922854661942,,1523,,
0.08914493024349213,,34.350826263427734,,,,,,,,0.008196775801479816,,,,,29.740943908691406,,,1.1699291467666626,,,,1776368114.7056348,,4221.909652226,0.3570040464401245,,,,508,,,,,,,,,,,,0.3988949954509735,,,0.13285569846630096,4.609879493713379,,,25.40843391418457,,0.1516619324684143,513,,,,,,2.6701202392578125,,,0.009428411722183228,,0.07999725639820099,,1526,,
0.08973151445388794,,34.3302116394043,,,,,,,,0.008195510134100914,,,,,29.732242584228516,,,1.168515682220459,,,,1776368121.788603,,4228.993051948,0.3566822409629822,,,,509,,,,,,,,,,,,0.403720498085022,,,0.13135161995887756,4.597972869873047,,,25.409814834594727,,0.14729492366313934,514,,,,,,2.6785693168640137,,,0.009472920559346676,,0.07969807833433151,,1529,,
0.08954237401485443,,34.298988342285156,,,,,,,,0.008236964233219624,,,,,29.693187713623047,,,1.1723003387451172,,,,1776368128.8576236,,4236.061784414,0.3551652431488037,,,,510,,,,,,,,,,,,0.3991890549659729,,,0.13377948105335236,4.605802536010742,,,25.41117286682129,,0.1495353877544403,515,,,,,,2.699544906616211,,,0.009531174786388874,,0.07997377961874008,,1532,,
0.09031730890274048,,34.26167297363281,,,,,,,,0.008291161619126797,,,,,29.659423828125,,,1.188947319984436,,,,1776368135.9886327,,4243.192900186,0.3542727530002594,,,,511,,,,,,,,,,,,0.4076574146747589,,,0.1332617998123169,4.602247714996338,,,25.41256332397461,,0.14786693453788757,516,,,,,,2.723052978515625,,,0.009548027068376541,,0.07914289832115173,,1535,,
0.09151700139045715,,34.21231460571289,,,,,,,,0.008301700465381145,,,,,29.61688232421875,,,1.1976237297058105,,,,1776368143.0965497,,4250.300575949,0.3529057800769806,,,,512,,,,,,,,,,,,0.4052567183971405,,,0.13475094735622406,4.595430374145508,,,25.413969039916992,,0.15946024656295776,517,,,,,,2.741786003112793,,,0.009625121019780636,,0.08007004112005234,,1538,,
0.09128520637750626,,34.154903411865234,,,,,,,,0.00827186368405819,,,,,29.552627563476562,,,1.1964948177337646,,,,1776368150.3604195,,4257.564543877,0.35029566287994385,,,,513,,,,,,,,,,,,0.4017471969127655,,,0.13517193496227264,4.602274417877197,,,25.415388107299805,,0.15171080827713013,518,,,,,,2.750037670135498,,,0.009597783908247948,,0.07643169164657593,,1541,,
0.09249338507652283,,34.13362121582031,,,,,,,,0.008339516818523407,,,,,29.534465789794922,,,1.2070964574813843,,,,1776368157.6449635,,4264.849429022,0.3493100702762604,,,,514,,,,,,,,,,,,0.3979196846485138,,,0.13693061470985413,4.599152088165283,,,25.416767120361328,,0.15450139343738556,519,,,,,,2.772406578063965,,,0.009683042764663696,,0.0780724585056305,,1544,,
0.0919458419084549,,34.09543991088867,,,,,,,,0.008353703655302525,,,,,29.490367889404297,,,1.228062391281128,,,,1776368164.6830244,,4271.887543673,0.3484448194503784,,,,515,,,,,,,,,,,,0.39768069982528687,,,0.13671335577964783,4.605068683624268,,,25.418140411376953,,0.1498420387506485,520,,,,,,2.7962100505828857,,,0.009704449214041233,,0.0804181918501854,,1547,,
0.09353309124708176,,34.04730987548828,,,,,,,,0.008413653820753098,,,,,29.454816818237305,,,1.2357449531555176,,,,1776368171.9635305,,4279.167673213,0.3473477363586426,,,,516,,,,,,,,,,,,0.40527766942977905,,,0.13733996450901031,4.5924906730651855,,,25.419490814208984,,0.14920951426029205,521,,,,,,2.817819118499756,,,0.009712867438793182,,0.07922729104757309,,1550,,
0.09329303354024887,,34.042518615722656,,,,,,,,0.008435940369963646,,,,,29.446516036987305,,,1.238632321357727,,,,1776368179.3953922,,4286.599265096,0.3466670513153076,,,,517,,,,,,,,,,,,0.40309152007102966,,,0.1385508030653,4.595999717712402,,,25.420846939086914,,0.16236694157123566,522,,,,,,2.832531452178955,,,0.00984056293964386,,0.07985172420740128,,1553,,
0.09450820833444595,,33.96601104736328,,,,,,,,0.008428296074271202,,,,,29.370508193969727,,,1.242418646812439,,,,1776368186.537858,,4293.741877771,0.3438240587711334,,,,518,,,,,,,,,,,,0.40909549593925476,,,0.13893163204193115,4.595505714416504,,,25.422212600708008,,0.15081600844860077,523,,,,,,2.8514034748077393,,,0.00980904046446085,,0.07644534111022949,,1556,,
0.0955541580915451,,33.948116302490234,,,,,,,,0.008458394557237625,,,,,29.350820541381836,,,1.2563148736953735,,,,1776368194.027865,,4301.232268409,0.3433800935745239,,,,519,,,,,,,,,,,,0.3989110589027405,,,0.14044998586177826,4.597296237945557,,,25.423566818237305,,0.14945046603679657,524,,,,,,2.8673741817474365,,,0.0098243597894907,,0.07601962238550186,,1559,,
0.09507739543914795,,33.90637969970703,,,,,,,,0.008463663049042225,,,,,29.317529678344727,,,1.2509946823120117,,,,1776368201.226021,,4308.430209588,0.3416082262992859,,,,520,,,,,,,,,,,,0.4008561670780182,,,0.1405794620513916,4.588850021362305,,,25.424943923950195,,0.14339902997016907,525,,,,,,2.876485586166382,,,0.009823543019592762,,0.07301808893680573,,1562,,
0.09562857449054718,,33.854244232177734,,,,,,,,0.008502892218530178,,,,,29.271575927734375,,,1.2731060981750488,,,,1776368208.617819,,4315.822165992,0.3403847813606262,,,,521,,,,,,,,,,,,0.40168458223342896,,,0.1415919065475464,4.582664489746094,,,25.426326751708984,,0.1521354615688324,526,,,,,,2.904898166656494,,,0.009842781350016594,,0.07331106811761856,,1565,,
0.09645583480596542,,33.822330474853516,,,,,,,,0.00849953293800354,,,,,29.225719451904297,,,1.286410927772522,,,,1776368215.9005306,,4323.104859696,0.33929964900016785,,,,522,,,,,,,,,,,,0.4077674150466919,,,0.14218038320541382,4.596609115600586,,,25.42772102355957,,0.1585400253534317,527,,,,,,2.91964054107666,,,0.00988567154854536,,0.07614345848560333,,1568,,
0.09648637473583221,,33.752220153808594,,,,,,,,0.008537177927792072,,,,,29.169857025146484,,,1.2988888025283813,,,,1776368223.067862,,4330.272160476,0.3377595543861389,,,,523,,,,,,,,,,,,0.4049170911312103,,,0.1413087397813797,4.5823655128479,,,25.429155349731445,,0.15008921921253204,528,,,,,,2.9505414962768555,,,0.009949836879968643,,0.07755546271800995,,1571,,
0.09642155468463898,,33.764949798583984,,,,,,,,0.008552029728889465,,,,,29.177343368530273,,,1.2922735214233398,,,,1776368230.2258906,,4337.43005118,0.3373797833919525,,,,524,,,,,,,,,,,,0.39790773391723633,,,0.14350229501724243,4.58760404586792,,,25.430570602416992,,0.154282808303833,529,,,,,,2.9534645080566406,,,0.009961692616343498,,0.076209157705307,,1574,,
0.09759016335010529,,33.70455551147461,,,,,,,,0.00855815876275301,,,,,29.12502670288086,,,1.3055766820907593,,,,1776368237.2811027,,4344.485106961,0.3351369798183441,,,,525,,,,,,,,,,,,0.40323561429977417,,,0.143415629863739,4.579531669616699,,,25.431989669799805,,0.1520307958126068,530,,,,,,2.968498945236206,,,0.009959409944713116,,0.06904090195894241,,1577,,
0.09791474044322968,,33.68355941772461,,,,,,,,0.008604788221418858,,,,,29.097288131713867,,,1.3178796768188477,,,,1776368244.457977,,4351.662166,0.334480881690979,,,,526,,,,,,,,,,,,0.4042942225933075,,,0.14426270127296448,4.58626651763916,,,25.433387756347656,,0.1588657945394516,531,,,,,,2.9907774925231934,,,0.0100535424426198,,0.0720464289188385,,1580,,
0.09812755882740021,,33.63440704345703,,,,,,,,0.008622849360108376,,,,,29.04931640625,,,1.3359981775283813,,,,1776368251.6040998,,4358.808408458,0.33305975794792175,,,,527,,,,,,,,,,,,0.3991573452949524,,,0.14558598399162292,4.585093021392822,,,25.434764862060547,,0.15813596546649933,532,,,,,,3.0141446590423584,,,0.01010851189494133,,0.07255144417285919,,1583,,
0.09935576468706131,,33.59067916870117,,,,,,,,0.008651688694953918,,,,,29.013731002807617,,,1.3360439538955688,,,,1776368258.8928182,,4366.096866971,0.3314589858055115,,,,528,,,,,,,,,,,,0.4043273329734802,,,0.14547230303287506,4.5769524574279785,,,25.436134338378906,,0.16005413234233856,533,,,,,,3.03108286857605,,,0.010090142488479614,,0.06791619211435318,,1586,,
0.0994088351726532,,33.557533264160156,,,,,,,,0.008713504299521446,,,,,28.97295570373535,,,1.3544689416885376,,,,1776368265.9097471,,4373.113782462,0.3307843506336212,,,,529,,,,,,,,,,,,0.4012911021709442,,,0.1473720222711563,4.584579944610596,,,25.437477111816406,,0.16089971363544464,534,,,,,,3.0637941360473633,,,0.010222203098237514,,0.07516922056674957,,1589,,
0.09989339113235474,,33.52931594848633,,,,,,,,0.008722340688109398,,,,,28.947404861450195,,,1.359955072402954,,,,1776368272.99991,,4380.203983929,0.32939353585243225,,,,530,,,,,,,,,,,,0.4144672155380249,,,0.1457352340221405,4.5819091796875,,,25.4388427734375,,0.15912675857543945,535,,,,,,3.0801150798797607,,,0.010191915556788445,,0.06996740400791168,,1592,,
0.10195913165807724,,33.50047302246094,,,,,,,,0.008778729476034641,,,,,28.921424865722656,,,1.3752386569976807,,,,1776368280.1104622,,4387.314454617,0.3287453353404999,,,,531,,,,,,,,,,,,0.40405791997909546,,,0.14918877184391022,4.579047679901123,,,25.440204620361328,,0.1546947956085205,536,,,,,,3.1063461303710938,,,0.010289090685546398,,0.06878193467855453,,1595,,
0.10175671428442001,,33.45353317260742,,,,,,,,0.008793648332357407,,,,,28.8760929107666,,,1.3861632347106934,,,,1776368287.3645055,,4394.56849512,0.3269728422164917,,,,532,,,,,,,,,,,,0.4067983627319336,,,0.14939670264720917,4.5774383544921875,,,25.441598892211914,,0.156344473361969,537,,,,,,3.1245288848876953,,,0.01026174332946539,,0.06886837631464005,,1598,,
0.10169798880815506,,33.42045974731445,,,,,,,,0.008807320147752762,,,,,28.8371639251709,,,1.3893790245056152,,,,1776368294.467727,,4401.671777282,0.325420618057251,,,,533,,,,,,,,,,,,0.39991629123687744,,,0.15151925384998322,4.583293437957764,,,25.442983627319336,,0.1522073745727539,538,,,,,,3.1431188583374023,,,0.010290686972439289,,0.06529485434293747,,1601,,
0.10146691650152206,,33.37250518798828,,,,,,,,0.008816186338663101,,,,,28.795188903808594,,,1.397247076034546,,,,1776368301.7010748,,4408.905094748,0.32428985834121704,,,,534,,,,,,,,,,,,0.40696442127227783,,,0.1518375277519226,4.577314853668213,,,25.44437599182129,,0.16218553483486176,539,,,,,,3.1604981422424316,,,0.010344020090997219,,0.07089543342590332,,1604,,
0.10380124300718307,,33.327754974365234,,,,,,,,0.008856344036757946,,,,,28.75225830078125,,,1.414611577987671,,,,1776368308.784237,,4415.988285676,0.3231484293937683,,,,535,,,,,,,,,,,,0.3992890417575836,,,0.1518150120973587,4.575491905212402,,,25.445770263671875,,0.1609680950641632,540,,,,,,3.1838154792785645,,,0.010348149575293064,,0.06950999796390533,,1607,,
0.10264307260513306,,33.300514221191406,,,,,,,,0.008886526338756084,,,,,28.73101234436035,,,1.4069809913635254,,,,1776368316.181143,,4423.385207942,0.3221077620983124,,,,536,,,,,,,,,,,,0.40555718541145325,,,0.15351910889148712,4.569498538970947,,,25.44713592529297,,0.16630499064922333,541,,,,,,3.203939914703369,,,0.01052507758140564,,0.06809175759553909,,1610,,
0.10465556383132935,,33.242820739746094,,,,,,,,0.008874902501702309,,,,,28.67494773864746,,,1.4338277578353882,,,,1776368323.3403757,,4430.544409493,0.3209676742553711,,,,537,,,,,,,,,,,,0.3996329605579376,,,0.15341486036777496,4.56787109375,,,25.448516845703125,,0.15771158039569855,542,,,,,,3.2219078540802,,,0.010429131798446178,,0.06828043609857559,,1613,,
0.10424032807350159,,33.23734664916992,,,,,,,,0.008873024955391884,,,,,28.66173553466797,,,1.4211856126785278,,,,1776368330.4685988,,4437.672807134,0.31980422139167786,,,,538,,,,,,,,,,,,0.39418646693229675,,,0.15452398359775543,4.575611114501953,,,25.449920654296875,,0.16237477958202362,543,,,,,,3.221224784851074,,,0.010348421521484852,,0.06854776293039322,,1616,,
0.10563462972640991,,33.199851989746094,,,,,,,,0.008944923058152199,,,,,28.617431640625,,,1.4388978481292725,,,,1776368337.8260653,,4445.030235895,0.3185151219367981,,,,539,,,,,,,,,,,,0.4035243093967438,,,0.1549917310476303,4.582420349121094,,,25.451330184936523,,0.16635197401046753,544,,,,,,3.255418300628662,,,0.010527159087359905,,0.06418601423501968,,1619,,
0.10651176422834396,,33.13175964355469,,,,,,,,0.008954892866313457,,,,,28.560924530029297,,,1.4538744688034058,,,,1776368344.8231835,,4452.027281335,0.31705012917518616,,,,540,,,,,,,,,,,,0.402403324842453,,,0.1570889949798584,4.570835113525391,,,25.452730178833008,,0.16305679082870483,545,,,,,,3.2812416553497314,,,0.010565073229372501,,0.06579052656888962,,1622,,
0.10743752866983414,,33.097713470458984,,,,,,,,0.008966025896370411,,,,,28.527740478515625,,,1.4560770988464355,,,,1776368352.045957,,4459.250096165,0.3157380521297455,,,,541,,,,,,,,,,,,0.3966270387172699,,,0.15595126152038574,4.569971561431885,,,25.454137802124023,,0.15960630774497986,546,,,,,,3.295118808746338,,,0.010538380593061447,,0.0657365694642067,,1625,,
0.10610943287611008,,33.06791305541992,,,,,,,,0.009013098664581776,,,,,28.49953842163086,,,1.4742149114608765,,,,1776368359.2636693,,4466.467657582,0.31429043412208557,,,,542,,,,,,,,,,,,0.4007823169231415,,,0.15736550092697144,4.568375587463379,,,25.455530166625977,,0.15695050358772278,547,,,,,,3.3241686820983887,,,0.010596252977848053,,0.06269452720880508,,1628,,
0.1071041002869606,,32.992698669433594,,,,,,,,0.008993825875222683,,,,,28.422243118286133,,,1.4916954040527344,,,,1776368366.5276718,,4473.731756615,0.312692254781723,,,,543,,,,,,,,,,,,0.40262526273727417,,,0.15909092128276825,4.570453643798828,,,25.456937789916992,,0.1530180722475052,548,,,,,,3.3468704223632812,,,0.010494556277990341,,0.06792043149471283,,1631,,
0.10944458097219467,,32.97337341308594,,,,,,,,0.009057749062776566,,,,,28.40901756286621,,,1.4836641550064087,,,,1776368373.5307872,,4480.735087876,0.3115258812904358,,,,544,,,,,,,,,,,,0.39941084384918213,,,0.15996545553207397,4.564359664916992,,,25.45832061767578,,0.16884644329547882,549,,,,,,3.3676583766937256,,,0.010740787722170353,,0.06373802572488785,,1634,,
0.11072004586458206,,32.94674301147461,,,,,,,,0.009084716439247131,,,,,28.3763370513916,,,1.5080534219741821,,,,1776368380.970569,,4488.174647157,0.3108355402946472,,,,545,,,,,,,,,,,,0.4017345905303955,,,0.16153615713119507,4.5704121589660645,,,25.4597110748291,,0.17289434373378754,550,,,,,,3.39434814453125,,,0.010738393291831017,,0.06292613595724106,,1637,,
0.11124052852392197,,32.8963737487793,,,,,,,,0.009125360287725925,,,,,28.335111618041992,,,1.5268760919570923,,,,1776368387.9500418,,4495.154119193,0.3092828094959259,,,,546,,,,,,,,,,,,0.406045138835907,,,0.16294792294502258,4.561262607574463,,,25.461097717285156,,0.1691352128982544,551,,,,,,3.423635244369507,,,0.010755463503301144,,0.061771050095558167,,1640,,
0.11070717126131058,,32.90311050415039,,,,,,,,0.009140044450759888,,,,,28.32918357849121,,,1.5187827348709106,,,,1776368395.1044626,,4502.308425982,0.3094511330127716,,,,547,,,,,,,,,,,,0.4027068316936493,,,0.16209658980369568,4.573929309844971,,,25.462495803833008,,0.17002956569194794,552,,,,,,3.4293062686920166,,,0.01079642865806818,,0.06851416826248169,,1643,,
0.11170853674411774,,32.83653259277344,,,,,,,,0.009181800298392773,,,,,28.262773513793945,,,1.5439848899841309,,,,1776368402.2021463,,4509.406412498,0.3071279227733612,,,,548,,,,,,,,,,,,0.397294819355011,,,0.1644454002380371,4.573760509490967,,,25.463863372802734,,0.17659543454647064,553,,,,,,3.463977098464966,,,0.010895316489040852,,0.06244862824678421,,1646,,
0.11172032356262207,,32.78104019165039,,,,,,,,0.009166202507913113,,,,,28.225725173950195,,,1.5351499319076538,,,,1776368410.4234216,,4517.627688134,0.3058713674545288,,,,549,,,,,,,,,,,,0.4060978889465332,,,0.1638782024383545,4.555315017700195,,,25.465274810791016,,0.17046049237251282,554,,,,,,3.476954698562622,,,0.010810972191393375,,0.062409013509750366,,1649,,
0.11314348876476288,,32.74880599975586,,,,,,,,0.009201726876199245,,,,,28.18538475036621,,,1.5570719242095947,,,,1776368417.30308,,4524.507145427,0.30446964502334595,,,,550,,,,,,,,,,,,0.39895227551460266,,,0.16594448685646057,4.56342077255249,,,25.4666805267334,,0.16417382657527924,555,,,,,,3.5014891624450684,,,0.010891473852097988,,0.06168964505195618,,1652,,
0.11368484795093536,,32.72660446166992,,,,,,,,0.009282445535063744,,,,,28.164888381958008,,,1.5807100534439087,,,,1776368424.462719,,4531.667023934,0.3040970265865326,,,,551,,,,,,,,,,,,0.39740726351737976,,,0.16602477431297302,4.561718940734863,,,25.468111038208008,,0.18432781100273132,556,,,,,,3.5410807132720947,,,0.011054747737944126,,0.06065605953335762,,1655,,
0.11417343467473984,,32.67903137207031,,,,,,,,0.00927008967846632,,,,,28.124277114868164,,,1.5864663124084473,,,,1776368431.7301455,,4538.934208508,0.3025496304035187,,,,552,,,,,,,,,,,,0.40467098355293274,,,0.16640666127204895,4.554755210876465,,,25.469545364379883,,0.1673429310321808,557,,,,,,3.552243709564209,,,0.010941291227936745,,0.06234715133905411,,1658,,
0.11425018310546875,,32.66553497314453,,,,,,,,0.009306564927101135,,,,,28.109098434448242,,,1.58651602268219,,,,1776368438.8164167,,4546.020477835,0.30225294828414917,,,,553,,,,,,,,,,,,0.4063121974468231,,,0.16907408833503723,4.556439399719238,,,25.470985412597656,,0.17374372482299805,558,,,,,,3.5694921016693115,,,0.011018825694918633,,0.06288883090019226,,1661,,
0.11445275694131851,,32.599365234375,,,,,,,,0.009335651062428951,,,,,28.038450241088867,,,1.5948690176010132,,,,1776368445.9244456,,4553.128541418,0.29958927631378174,,,,554,,,,,,,,,,,,0.3973134756088257,,,0.1683250516653061,4.560915470123291,,,25.47239875793457,,0.17806223034858704,559,,,,,,3.6041808128356934,,,0.01113117951899767,,0.06043735519051552,,1664,,
0.11499642580747604,,32.578025817871094,,,,,,,,0.009360536001622677,,,,,28.015865325927734,,,1.6134207248687744,,,,1776368453.392007,,4560.596128121,0.2988937497138977,,,,555,,,,,,,,,,,,0.39672496914863586,,,0.17040963470935822,4.562167644500732,,,25.473800659179688,,0.17462246119976044,560,,,,,,3.6217033863067627,,,0.011166561394929886,,0.06027652695775032,,1667,,
0.11482749879360199,,32.51985549926758,,,,,,,,0.00936572253704071,,,,,27.958444595336914,,,1.6334749460220337,,,,1776368460.4031124,,4567.607324001,0.29761287569999695,,,,556,,,,,,,,,,,,0.4094606339931488,,,0.1704091578722,4.561412811279297,,,25.47519874572754,,0.16728579998016357,561,,,,,,3.6462409496307373,,,0.011174429208040237,,0.05825580656528473,,1670,,
0.11723168939352036,,32.48569869995117,,,,,,,,0.009379404596984386,,,,,27.93122673034668,,,1.6359763145446777,,,,1776368467.5440996,,4574.748362738,0.29712262749671936,,,,557,,,,,,,,,,,,0.40208175778388977,,,0.17244203388690948,4.554471492767334,,,25.476600646972656,,0.18341337144374847,562,,,,,,3.661482334136963,,,0.011163555085659027,,0.06053848937153816,,1673,,
0.11728522926568985,,32.47465896606445,,,,,,,,0.009391609579324722,,,,,27.916913986206055,,,1.640771746635437,,,,1776368474.6932602,,4581.897484534,0.29592347145080566,,,,558,,,,,,,,,,,,0.4050906002521515,,,0.17227090895175934,4.557746410369873,,,25.478017807006836,,0.17608805000782013,563,,,,,,3.6733756065368652,,,0.0111464848741889,,0.05919528380036354,,1676,,
0.1181764081120491,,32.426639556884766,,,,,,,,0.009421906433999538,,,,,27.870777130126953,,,1.6437139511108398,,,,1776368481.8711853,,4589.07542445,0.2949158251285553,,,,559,,,,,,,,,,,,0.40103837847709656,,,0.17340511083602905,4.555862903594971,,,25.479429244995117,,0.18481022119522095,564,,,,,,3.699833631515503,,,0.011262430809438229,,0.06010649353265762,,1679,,
0.11912527680397034,,32.36921310424805,,,,,,,,0.009424649178981781,,,,,27.816448211669922,,,1.6616976261138916,,,,1776368489.101232,,4596.305224205,0.2933643162250519,,,,560,,,,,,,,,,,,0.40234410762786865,,,0.17255328595638275,4.5527663230896,,,25.480831146240234,,0.18585610389709473,565,,,,,,3.722956657409668,,,0.011274661868810654,,0.06041770428419113,,1682,,
0.11981727927923203,,32.369529724121094,,,,,,,,0.009482261724770069,,,,,27.815637588500977,,,1.6729016304016113,,,,1776368496.153713,,4603.357777547,0.2932295501232147,,,,561,,,,,,,,,,,,0.40311694145202637,,,0.17615652084350586,4.553893566131592,,,25.482200622558594,,0.1752062290906906,566,,,,,,3.7475602626800537,,,0.011302110739052296,,0.05891880765557289,,1685,,
0.11860767006874084,,32.29314422607422,,,,,,,,0.009466022253036499,,,,,27.736448287963867,,,1.6834553480148315,,,,1776368503.4008539,,4610.604936172,0.2905525863170624,,,,562,,,,,,,,,,,,0.4013286828994751,,,0.17561782896518707,4.556697368621826,,,25.483596801757812,,0.1818186640739441,567,,,,,,3.7740213871002197,,,0.011288060806691647,,0.05712291598320007,,1688,,
0.12035276740789413,,32.27737808227539,,,,,,,,0.00951873417943716,,,,,27.727779388427734,,,1.677636981010437,,,,1776368510.5220737,,4617.726376374,0.2899807095527649,,,,563,,,,,,,,,,,,0.4015185236930847,,,0.17666421830654144,4.549599647521973,,,25.48499870300293,,0.19106687605381012,568,,,,,,3.792851209640503,,,0.011316982097923756,,0.05512264370918274,,1691,,
0.12074381858110428,,32.25145721435547,,,,,,,,0.009533430449664593,,,,,27.700693130493164,,,1.686269998550415,,,,1776368517.8247528,,4625.028697096,0.2894543707370758,,,,564,,,,,,,,,,,,0.4045754671096802,,,0.17956973612308502,4.550766944885254,,,25.48641014099121,,0.177802175283432,569,,,,,,3.810542345046997,,,0.011415413580834866,,0.05788819491863251,,1694,,
0.1198515072464943,,32.21181106567383,,,,,,,,0.009555567055940628,,,,,27.655410766601562,,,1.7020069360733032,,,,1776368524.771007,,4631.975189711,0.28824716806411743,,,,565,,,,,,,,,,,,0.40857306122779846,,,0.17694483697414398,4.556400775909424,,,25.48785400390625,,0.18792065978050232,570,,,,,,3.8329594135284424,,,0.011430530808866024,,0.05680948868393898,,1697,,
0.12266258150339127,,32.144935607910156,,,,,,,,0.009567607194185257,,,,,27.597496032714844,,,1.7181854248046875,,,,1776368531.8837554,,4639.08802007,0.28595679998397827,,,,566,,,,,,,,,,,,0.3936588168144226,,,0.18129193782806396,4.54743766784668,,,25.489255905151367,,0.1870257556438446,571,,,,,,3.8677656650543213,,,0.01144795585423708,,0.0516931526362896,,1700,,
0.12284856289625168,,32.142967224121094,,,,,,,,0.009633622132241726,,,,,27.58730125427246,,,1.7454016208648682,,,,1776368538.8887753,,4646.092962963,0.28599968552589417,,,,567,,,,,,,,,,,,0.400349885225296,,,0.18014810979366302,4.555665016174316,,,25.49071502685547,,0.18437805771827698,572,,,,,,3.89591908454895,,,0.011516321450471878,,0.055882200598716736,,1703,,
0.12336446344852448,,32.069969177246094,,,,,,,,0.009656118229031563,,,,,27.528430938720703,,,1.7381130456924438,,,,1776368546.1788116,,4653.383000147,0.2841629683971405,,,,568,,,,,,,,,,,,0.39898768067359924,,,0.1819298267364502,4.541533946990967,,,25.49214744567871,,0.17848265171051025,573,,,,,,3.92445969581604,,,0.011531594209372997,,0.05505372956395149,,1706,,
0.12475935369729996,,32.02458572387695,,,,,,,,0.009636469185352325,,,,,27.47818374633789,,,1.7435026168823242,,,,1776368553.190111,,4660.394216385,0.28280380368232727,,,,569,,,,,,,,,,,,0.40414175391197205,,,0.18238744139671326,4.546403408050537,,,25.49359130859375,,0.17863503098487854,574,,,,,,3.9368884563446045,,,0.011534343473613262,,0.05320771038532257,,1709,,
0.125874862074852,,31.980072021484375,,,,,,,,0.009682058356702328,,,,,27.428030014038086,,,1.7767566442489624,,,,1776368560.2771146,,4667.481281566,0.281710147857666,,,,570,,,,,,,,,,,,0.40075844526290894,,,0.18453511595726013,4.5520429611206055,,,25.495012283325195,,0.18152329325675964,575,,,,,,3.9756884574890137,,,0.011566871777176857,,0.054041702300310135,,1712,,
0.124595046043396,,31.973508834838867,,,,,,,,0.009705588221549988,,,,,27.427154541015625,,,1.7716145515441895,,,,1776368567.2585247,,4674.462564432,0.28121256828308105,,,,571,,,,,,,,,,,,0.39344871044158936,,,0.18485063314437866,4.546359539031982,,,25.496435165405273,,0.18531838059425354,576,,,,,,3.9868290424346924,,,0.011599522083997726,,0.05172797664999962,,1715,,
0.12721408903598785,,31.920358657836914,,,,,,,,0.009730607271194458,,,,,27.379131317138672,,,1.7836661338806152,,,,1776368574.3656383,,4681.56955468,0.27971822023391724,,,,572,,,,,,,,,,,,0.40129849314689636,,,0.18530817329883575,4.541229724884033,,,25.497888565063477,,0.1822250485420227,577,,,,,,4.020284652709961,,,0.01161382719874382,,0.05253105238080025,,1718,,
0.12978506088256836,,31.890398025512695,,,,,,,,0.009767101146280766,,,,,27.34988021850586,,,1.8095803260803223,,,,1776368581.6732447,,4688.877186775,0.27895939350128174,,,,573,,,,,,,,,,,,0.3974183201789856,,,0.1891447901725769,4.5405192375183105,,,25.49934959411621,,0.18167833983898163,578,,,,,,4.050437927246094,,,0.01172990445047617,,0.053739313036203384,,1721,,
0.12781070172786713,,31.8698787689209,,,,,,,,0.00975900050252676,,,,,27.324260711669922,,,1.794000506401062,,,,1776368588.7380574,,4695.94229913,0.2779057025909424,,,,574,,,,,,,,,,,,0.40523257851600647,,,0.1874159276485443,4.545616626739502,,,25.50083351135254,,0.18626070022583008,579,,,,,,4.049673557281494,,,0.011710134334862232,,0.05111941322684288,,1724,,
0.1270700991153717,,31.819847106933594,,,,,,,,0.00979826133698225,,,,,27.276708602905273,,,1.8239909410476685,,,,1776368595.8643043,,4703.068513952,0.2767183780670166,,,,575,,,,,,,,,,,,0.3989855647087097,,,0.18726013600826263,4.543139934539795,,,25.502277374267578,,0.18396104872226715,580,,,,,,4.088183403015137,,,0.011756658554077148,,0.051329467445611954,,1727,,
0.12988199293613434,,31.789758682250977,,,,,,,,0.009831470437347889,,,,,27.245601654052734,,,1.8416157960891724,,,,1776368602.9315197,,4710.135602599,0.2759793996810913,,,,576,,,,,,,,,,,,0.40080511569976807,,,0.1902197301387787,4.544158458709717,,,25.503700256347656,,0.17210574448108673,581,,,,,,4.116565227508545,,,0.011746044270694256,,0.050545692443847656,,1730,,
0.13048841059207916,,31.764787673950195,,,,,,,,0.00984677579253912,,,,,27.225980758666992,,,1.8245929479599,,,,1776368609.934849,,4717.13886887,0.2751878499984741,,,,577,,,,,,,,,,,,0.39809343218803406,,,0.19067713618278503,4.538806915283203,,,25.505117416381836,,0.18011705577373505,582,,,,,,4.130636215209961,,,0.011813011951744556,,0.05080895498394966,,1733,,
0.1303188055753708,,31.69346046447754,,,,,,,,0.009864618070423603,,,,,27.157909393310547,,,1.8628450632095337,,,,1776368617.3207145,,4724.524852634,0.2730605900287628,,,,578,,,,,,,,,,,,0.396944522857666,,,0.19112928211688995,4.535552501678467,,,25.506507873535156,,0.19395875930786133,583,,,,,,4.166000843048096,,,0.011881276965141296,,0.04961040988564491,,1736,,
0.13024647533893585,,31.667037963867188,,,,,,,,0.009907030500471592,,,,,27.131181716918945,,,1.8634577989578247,,,,1776368624.457133,,4731.661269781,0.271992027759552,,,,579,,,,,,,,,,,,0.40282219648361206,,,0.19062009453773499,4.535857677459717,,,25.507919311523438,,0.1923656463623047,584,,,,,,4.190464973449707,,,0.011937479488551617,,0.04926533252000809,,1739,,
0.130486860871315,,31.6444149017334,,,,,,,,0.009938310831785202,,,,,27.105131149291992,,,1.8825724124908447,,,,1776368631.5309916,,4738.734916563,0.2713872194290161,,,,580,,,,,,,,,,,,0.40179964900016785,,,0.19173403084278107,4.539284706115723,,,25.509349822998047,,0.18156763911247253,585,,,,,,4.219191074371338,,,0.011925045400857925,,0.048598699271678925,,1742,,
0.13257074356079102,,31.605777740478516,,,,,,,,0.009912187233567238,,,,,27.0671329498291,,,1.8770346641540527,,,,1776368638.6986117,,4745.90247327,0.270476371049881,,,,581,,,,,,,,,,,,0.400910347700119,,,0.1949804574251175,4.538645267486572,,,25.51079750061035,,0.189116433262825,586,,,,,,4.226189613342285,,,0.011927761137485504,,0.05038776993751526,,1745,,
0.13474538922309875,,31.57244873046875,,,,,,,,0.010005254298448563,,,,,27.033222198486328,,,1.9155431985855103,,,,1776368645.6789832,,4752.883238489,0.26948559284210205,,,,582,,,,,,,,,,,,0.39309096336364746,,,0.19659757614135742,4.539227485656738,,,25.5122127532959,,0.19231761991977692,587,,,,,,4.27904748916626,,,0.012117106467485428,,0.04877617210149765,,1748,,
0.134266197681427,,31.526031494140625,,,,,,,,0.010003762319684029,,,,,26.98752784729004,,,1.904944896697998,,,,1776368652.8725164,,4760.076479517,0.26819297671318054,,,,583,,,,,,,,,,,,0.3964639902114868,,,0.19641247391700745,4.538500785827637,,,25.513633728027344,,0.20249664783477783,588,,,,,,4.296701908111572,,,0.012121214531362057,,0.04907235503196716,,1751,,
0.13504178822040558,,31.487102508544922,,,,,,,,0.01001712866127491,,,,,26.952449798583984,,,1.9367852210998535,,,,1776368659.8966882,,4767.100729049,0.26729753613471985,,,,584,,,,,,,,,,,,0.40379267930984497,,,0.19629137217998505,4.5346479415893555,,,25.51507568359375,,0.18637318909168243,589,,,,,,4.316135883331299,,,0.01207645796239376,,0.04751083627343178,,1754,,
0.13482627272605896,,31.463430404663086,,,,,,,,0.0100606270134449,,,,,26.9304141998291,,,1.9415332078933716,,,,1776368667.0946622,,4774.299064517,0.26684126257896423,,,,585,,,,,,,,,,,,0.4037272036075592,,,0.19944073259830475,4.533019542694092,,,25.516494750976562,,0.18779513239860535,590,,,,,,4.350660800933838,,,0.012151704169809818,,0.04833105206489563,,1757,,
0.1356644183397293,,31.397300720214844,,,,,,,,0.010070391930639744,,,,,26.864181518554688,,,1.941319227218628,,,,1776368674.209057,,4781.413532854,0.26455920934677124,,,,586,,,,,,,,,,,,0.40791645646095276,,,0.19968661665916443,4.533121109008789,,,25.51795768737793,,0.19668355584144592,591,,,,,,4.3842315673828125,,,0.012191860005259514,,0.04693247005343437,,1760,,
0.13601446151733398,,31.39249038696289,,,,,,,,0.010072818957269192,,,,,26.853958129882812,,,1.940650463104248,,,,1776368681.450235,,4788.65435724,0.2638843059539795,,,,587,,,,,,,,,,,,0.3959464728832245,,,0.20138941705226898,4.538533687591553,,,25.5194149017334,,0.18278619647026062,592,,,,,,4.388878345489502,,,0.012200267985463142,,0.043760742992162704,,1763,,
0.13845030963420868,,31.35468101501465,,,,,,,,0.010105195455253124,,,,,26.820941925048828,,,1.9782925844192505,,,,1776368688.5143921,,4795.718494027,0.26375582814216614,,,,588,,,,,,,,,,,,0.3941096067428589,,,0.2025255709886551,4.533740997314453,,,25.520856857299805,,0.18355734646320343,593,,,,,,4.41948938369751,,,0.012221969664096832,,0.04863113537430763,,1766,,
0.13811814785003662,,31.306921005249023,,,,,,,,0.010130631737411022,,,,,26.775653839111328,,,1.9881972074508667,,,,1776368695.565409,,4802.770008372,0.2627048194408417,,,,589,,,,,,,,,,,,0.39359527826309204,,,0.20125514268875122,4.5312652587890625,,,25.522314071655273,,0.1844930797815323,594,,,,,,4.4446940422058105,,,0.01229730062186718,,0.04943645000457764,,1769,,
0.13824816048145294,,31.250926971435547,,,,,,,,0.010136946104466915,,,,,26.723609924316406,,,1.9989347457885742,,,,1776368702.588007,,4809.792105806,0.26113417744636536,,,,590,,,,,,,,,,,,0.39912301301956177,,,0.20473778247833252,4.527317047119141,,,25.523727416992188,,0.18633194267749786,595,,,,,,4.475441932678223,,,0.012301977723836899,,0.04777601733803749,,1772,,
0.13954241573810577,,31.243343353271484,,,,,,,,0.010184061713516712,,,,,26.715192794799805,,,2.0047285556793213,,,,1776368709.6674411,,4816.871543175,0.26022785902023315,,,,591,,,,,,,,,,,,0.39564943313598633,,,0.20642328262329102,4.5281524658203125,,,25.52516746520996,,0.19511856138706207,596,,,,,,4.496561527252197,,,0.012299596332013607,,0.04548076167702675,,1775,,
0.1423308253288269,,31.199859619140625,,,,,,,,0.01021871529519558,,,,,26.66914939880371,,,2.0094826221466064,,,,1776368717.0064042,,4824.210348966,0.2590770423412323,,,,592,,,,,,,,,,,,0.3962826430797577,,,0.2069767862558365,4.5307135581970215,,,25.526601791381836,,0.2004167139530182,597,,,,,,4.535578727722168,,,0.012396858073771,,0.0448785163462162,,1778,,
0.14143089950084686,,31.175888061523438,,,,,,,,0.01025734469294548,,,,,26.65167999267578,,,2.0223441123962402,,,,1776368724.276313,,4831.480533575,0.25871023535728455,,,,593,,,,,,,,,,,,0.39866316318511963,,,0.20736226439476013,4.52420711517334,,,25.528034210205078,,0.1820908784866333,598,,,,,,4.561916828155518,,,0.01241073664277792,,0.04555954784154892,,1781,,
0.14428459107875824,,31.08944320678711,,,,,,,,0.010289065539836884,,,,,26.56171226501465,,,2.049856662750244,,,,1776368731.3470597,,4838.550955429,0.25603875517845154,,,,594,,,,,,,,,,,,0.40064680576324463,,,0.21008621156215668,4.5277323722839355,,,25.529481887817383,,0.19642625749111176,599,,,,,,4.616347789764404,,,0.012496039271354675,,0.04225187748670578,,1784,,
0.14265674352645874,,31.064212799072266,,,,,,,,0.010336916893720627,,,,,26.538429260253906,,,2.0604727268218994,,,,1776368738.6291757,,4845.833369221,0.2556251585483551,,,,595,,,,,,,,,,,,0.3985806107521057,,,0.21094027161598206,4.52578067779541,,,25.530921936035156,,0.2128240317106247,600,,,,,,4.656407833099365,,,0.012625751085579395,,0.04316224157810211,,1787,,
0.14406999945640564,,31.065536499023438,,,,,,,,0.010389210656285286,,,,,26.540302276611328,,,2.057570219039917,,,,1776368745.9278805,,4853.131771105,0.25519248843193054,,,,596,,,,,,,,,,,,0.40028250217437744,,,0.21127040684223175,4.525237083435059,,,25.532381057739258,,0.19405938684940338,601,,,,,,4.672042369842529,,,0.012650769203901291,,0.04326142743229866,,1790,,
0.1446475386619568,,31.011180877685547,,,,,,,,0.01035641971975565,,,,,26.489294052124023,,,2.0840559005737305,,,,1776368753.1317837,,4860.336335685,0.2542819082736969,,,,597,,,,,,,,,,,,0.39949241280555725,,,0.21175949275493622,4.5218892097473145,,,25.53384017944336,,0.19861066341400146,602,,,,,,4.6813063621521,,,0.012638508342206478,,0.04494396969676018,,1793,,
0.14528824388980865,,30.97374725341797,,,,,,,,0.010376019403338432,,,,,26.44632911682129,,,2.098402261734009,,,,1776368760.2896893,,4867.49382594,0.25260698795318604,,,,598,,,,,,,,,,,,0.40195778012275696,,,0.2145983874797821,4.527416229248047,,,25.5352840423584,,0.20427021384239197,603,,,,,,4.712391376495361,,,0.0127528952434659,,0.04141763225197792,,1796,,
,0.008118749596178532,,0.3405874967575073,1.7791757650487128e-16,12.798478126525879,1.9678269430611905e-17,6.991093158721924,0.12066150456666946,6.991093158721924,,0.031041832640767097,0.9657498598098755,0.9658216238021851,0.9939813017845154,,0.38509777188301086,0.18922370672225952,,1.0339943170547485,6.561107158660889,0.25162503123283386,1776368846.534562,0.019362999126315117,4953.740766034,,0.32404613494873047,7.2799601554870605,0.09790623933076859,599,0.22013162076473236,0.015256249345839024,13.696755409240723,0.0018499998841434717,0.43688127398490906,6.666640281677246,0.49428749084472656,0.21950624883174896,14.368743896484375,0.10572499781847,0.3336663544178009,,0.12816371023654938,12.343979835510254,,,0.002837499836459756,7.405322074890137,,2.6915712356567383,,604,0.005387499928474426,0.0055312504991889,0.8480187058448792,13.696755409240723,12.798478126525879,,2.446470022201538,13.036298751831055,,0.24574998021125793,,0.8480187058448792,1799,0.015583776868879795,14.368743896484375
0.14676670730113983,,30.955944061279297,,,,,,,,0.010367980226874352,,,,,26.4420223236084,,,2.0912530422210693,,,,1776368847.6508775,,4954.854859747,0.25230926275253296,,,,599,,,,,,,,,,,,0.4004361033439636,,,0.21460004150867462,4.513923168182373,,,25.5367431640625,,0.202289417386055,605,,,,,,4.713177680969238,,,0.01268699485808611,,0.04246155172586441,,1799,,
0.14493775367736816,,30.891084671020508,,,,,,,,0.010384286753833294,,,,,26.3677978515625,,,2.1052029132843018,,,,1776368854.3871741,,4961.591207565,0.25040459632873535,,,,600,,,,,,,,,,,,0.39479315280914307,,,0.21524792909622192,4.52328634262085,,,25.538190841674805,,0.19086810946464539,606,,,,,,4.759861946105957,,,0.012663470581173897,,0.04164241626858711,,1802,,
0.1477576047182083,,30.867219924926758,,,,,,,,0.010405398905277252,,,,,26.349023818969727,,,2.1342854499816895,,,,1776368861.4840598,,4968.688325886,0.25049880146980286,,,,601,,,,,,,,,,,,0.3957899510860443,,,0.2165607213973999,4.518197536468506,,,25.53964614868164,,0.19314096868038177,607,,,,,,4.777527332305908,,,0.012748809531331062,,0.045738719403743744,,1805,,
0.1496284008026123,,30.799541473388672,,,,,,,,0.01047332864254713,,,,,26.28145408630371,,,2.172470808029175,,,,1776368868.5592885,,4975.763739822,0.2489844262599945,,,,602,,,,,,,,,,,,0.3948512375354767,,,0.21930208802223206,4.518086910247803,,,25.541105270385742,,0.20766416192054749,608,,,,,,4.836884498596191,,,0.012892860919237137,,0.042440664023160934,,1808,,
0.14936946332454681,,30.810413360595703,,,,,,,,0.010471970774233341,,,,,26.29584312438965,,,2.146165609359741,,,,1776368875.755604,,4982.959952087,0.24893556535243988,,,,603,,,,,,,,,,,,0.39605915546417236,,,0.21895059943199158,4.514570713043213,,,25.542564392089844,,0.19317030906677246,609,,,,,,4.836225986480713,,,0.01277551706880331,,0.04254324734210968,,1811,,
0.1479717344045639,,30.737565994262695,,,,,,,,0.010510237887501717,,,,,26.21350860595703,,,2.1653876304626465,,,,1776368883.0489633,,4990.253172316,0.24675865471363068,,,,604,,,,,,,,,,,,0.3945732116699219,,,0.2190505415201187,4.5240559577941895,,,25.54404640197754,,0.19495628774166107,610,,,,,,4.892563819885254,,,0.01282868254929781,,0.043008361011743546,,1814,,
0.1516331285238266,,30.709726333618164,,,,,,,,0.010581286624073982,,,,,26.1945858001709,,,2.1909232139587402,,,,1776368889.93461,,4997.138598642,0.24605153501033783,,,,605,,,,,,,,,,,,0.394607812166214,,,0.221747487783432,4.515141487121582,,,25.545516967773438,,0.19533075392246246,611,,,,,,4.932676792144775,,,0.01293869037181139,,0.04178094118833542,,1817,,
0.14956378936767578,,30.699609756469727,,,,,,,,0.010580587200820446,,,,,26.18056869506836,,,2.1944448947906494,,,,1776368897.1804338,,5004.384984453,0.24542300403118134,,,,606,,,,,,,,,,,,0.389815092086792,,,0.22117532789707184,4.519041538238525,,,25.54704475402832,,0.1971730887889862,612,,,,,,4.94710636138916,,,0.013010756112635136,,0.039104122668504715,,1820,,
0.151302307844162,,30.641399383544922,,,,,,,,0.01062213908880949,,,,,26.127758026123047,,,2.20924973487854,,,,1776368904.322339,,5011.526413753,0.24402888119220734,,,,607,,,,,,,,,,,,0.3969604969024658,,,0.2265070378780365,4.513643264770508,,,25.548553466796875,,0.21044591069221497,613,,,,,,4.986849784851074,,,0.013097358867526054,,0.03909005969762802,,1823,,
0.15114986896514893,,30.627676010131836,,,,,,,,0.010634728707373142,,,,,26.110414505004883,,,2.206172227859497,,,,1776368911.446823,,5018.651081563,0.24380436539649963,,,,608,,,,,,,,,,,,0.4030260145664215,,,0.22546078264713287,4.517260551452637,,,25.550090789794922,,0.21126237511634827,614,,,,,,5.002788066864014,,,0.013112535700201988,,0.03942602127790451,,1826,,
0.15339621901512146,,30.57697296142578,,,,,,,,0.010641545057296753,,,,,26.06051254272461,,,2.2442245483398438,,,,1776368918.8769798,,5026.081182587,0.24273070693016052,,,,609,,,,,,,,,,,,0.394587904214859,,,0.2254747748374939,4.516461372375488,,,25.551637649536133,,0.21321451663970947,615,,,,,,5.026706218719482,,,0.013054522685706615,,0.04057123884558678,,1829,,
0.1549864411354065,,30.513607025146484,,,,,,,,0.010638423264026642,,,,,25.995695114135742,,,2.2500686645507812,,,,1776368925.8926713,,5033.096877006,0.24116304516792297,,,,610,,,,,,,,,,,,0.40076008439064026,,,0.22847838699817657,4.517910003662109,,,25.553150177001953,,0.21140675246715546,616,,,,,,5.0600175857543945,,,0.01317594200372696,,0.04112384840846062,,1832,,
0.15663714706897736,,30.478965759277344,,,,,,,,0.010694488883018494,,,,,25.970508575439453,,,2.255618095397949,,,,1776368933.0961328,,5040.300456415,0.23999963700771332,,,,611,,,,,,,,,,,,0.39738473296165466,,,0.22970792651176453,4.508457660675049,,,25.554637908935547,,0.20354169607162476,617,,,,,,5.103882789611816,,,0.013121509924530983,,0.037762220948934555,,1835,,
0.1559629738330841,,30.456676483154297,,,,,,,,0.010733506642282009,,,,,25.938020706176758,,,2.284013509750366,,,,1776368940.1131644,,5047.317357731,0.23926958441734314,,,,612,,,,,,,,,,,,0.3944867253303528,,,0.23110289871692657,4.518656253814697,,,25.556123733520508,,0.20046018064022064,618,,,,,,5.141510009765625,,,0.013257350772619247,,0.037836953997612,,1838,,
0.1566985696554184,,30.411592483520508,,,,,,,,0.01071245688945055,,,,,25.901348114013672,,,2.285086154937744,,,,1776368947.2055407,,5054.409697969,0.23867037892341614,,,,613,,,,,,,,,,,,0.39780759811401367,,,0.22998936474323273,4.510244846343994,,,25.557626724243164,,0.2060631364583969,619,,,,,,5.1523895263671875,,,0.013121172785758972,,0.0401967354118824,,1841,,
0.15830807387828827,,30.380043029785156,,,,,,,,0.010772490873932838,,,,,25.864721298217773,,,2.282954216003418,,,,1776368954.4985108,,5061.702592549,0.23736414313316345,,,,614,,,,,,,,,,,,0.39583075046539307,,,0.2324485033750534,4.515320301055908,,,25.559099197387695,,0.19733141362667084,620,,,,,,5.187437534332275,,,0.013283529318869114,,0.03880196809768677,,1844,,
0.15924957394599915,,30.324113845825195,,,,,,,,0.010805686004459858,,,,,25.824146270751953,,,2.308457136154175,,,,1776368961.5802271,,5068.784347905,0.23588643968105316,,,,615,,,,,,,,,,,,0.39769458770751953,,,0.2347273826599121,4.499967098236084,,,25.560596466064453,,0.2017912119626999,621,,,,,,5.2403645515441895,,,0.013347497209906578,,0.036479126662015915,,1847,,
0.15800870954990387,,30.329004287719727,,,,,,,,0.010849646292626858,,,,,25.823688507080078,,,2.327465295791626,,,,1776368968.7723248,,5075.976576761,0.23596219718456268,,,,616,,,,,,,,,,,,0.40149879455566406,,,0.234428271651268,4.505316257476807,,,25.562108993530273,,0.19706903398036957,622,,,,,,5.256942272186279,,,0.013346252031624317,,0.0350237637758255,,1850,,
0.16262206435203552,,30.238521575927734,,,,,,,,0.010866655968129635,,,,,25.735246658325195,,,2.346876382827759,,,,1776368976.0242383,,5083.228650544,0.234211727976799,,,,617,,,,,,,,,,,,0.3951508700847626,,,0.23735345900058746,4.503274917602539,,,25.563642501831055,,0.20103959739208221,623,,,,,,5.305998802185059,,,0.01342068798840046,,0.037792306393384933,,1853,,
0.16237281262874603,,30.211387634277344,,,,,,,,0.010906620882451534,,,,,25.709735870361328,,,2.3827342987060547,,,,1776368983.199444,,5090.403670926,0.23346376419067383,,,,618,,,,,,,,,,,,0.39109981060028076,,,0.23932644724845886,4.501649856567383,,,25.565153121948242,,0.20679627358913422,624,,,,,,5.35540771484375,,,0.013494059443473816,,0.03745776042342186,,1856,,
0.16318221390247345,,30.191055297851562,,,,,,,,0.010902049951255322,,,,,25.683162689208984,,,2.36088490486145,,,,1776368990.4565086,,5097.660632307,0.23265928030014038,,,,619,,,,,,,,,,,,0.3934171497821808,,,0.2413964867591858,4.5078911781311035,,,25.56667709350586,,0.21995651721954346,625,,,,,,5.360661029815674,,,0.013513014651834965,,0.03576386347413063,,1859,,
0.1648884266614914,,30.168622970581055,,,,,,,,0.010951375588774681,,,,,25.665088653564453,,,2.3773446083068848,,,,1776368997.6008425,,5104.804945121,0.23198379576206207,,,,620,,,,,,,,,,,,0.3955860435962677,,,0.2402603179216385,4.503537654876709,,,25.56820297241211,,0.20733585953712463,626,,,,,,5.398404121398926,,,0.013492651283740997,,0.03455023467540741,,1862,,
0.16414491832256317,,30.112018585205078,,,,,,,,0.010978838428854942,,,,,25.60906982421875,,,2.399165630340576,,,,1776369004.8337262,,5112.037693842,0.2308519035577774,,,,621,,,,,,,,,,,,0.39397263526916504,,,0.2433064728975296,4.502945899963379,,,25.569711685180664,,0.20658063888549805,627,,,,,,5.442379951477051,,,0.013628185726702213,,0.03541513904929161,,1865,,
0.16452474892139435,,30.081933975219727,,,,,,,,0.011003001593053341,,,,,25.584609985351562,,,2.423828363418579,,,,1776369011.916721,,5119.120903261,0.230352982878685,,,,622,,,,,,,,,,,,0.39571413397789,,,0.2431963086128235,4.4973249435424805,,,25.571260452270508,,0.21096016466617584,628,,,,,,5.469493865966797,,,0.013598554767668247,,0.036709968000650406,,1868,,
0.16501125693321228,,30.0577335357666,,,,,,,,0.010988871566951275,,,,,25.555782318115234,,,2.4114954471588135,,,,1776369019.158707,,5126.362899256,0.2294296771287918,,,,623,,,,,,,,,,,,0.3966708481311798,,,0.24606913328170776,4.501951694488525,,,25.572784423828125,,0.20954491198062897,629,,,,,,5.478394508361816,,,0.01353822834789753,,0.036203283816576004,,1871,,
0.16696491837501526,,30.03970718383789,,,,,,,,0.011032470501959324,,,,,25.53619956970215,,,2.429697036743164,,,,1776369026.4187992,,5133.622881095,0.22898626327514648,,,,624,,,,,,,,,,,,0.3891706168651581,,,0.2464616447687149,4.5035080909729,,,25.5743350982666,,0.21182116866111755,630,,,,,,5.508394718170166,,,0.01371185015887022,,0.034823544323444366,,1874,,
0.1645011454820633,,29.980562210083008,,,,,,,,0.011061985045671463,,,,,25.48011016845703,,,2.4415807723999023,,,,1776369033.5756066,,5140.779708844,0.22762399911880493,,,,625,,,,,,,,,,,,0.39053666591644287,,,0.24501405656337738,4.500454425811768,,,25.575897216796875,,0.22174392640590668,631,,,,,,5.560255527496338,,,0.013766005635261536,,0.03577101230621338,,1877,,
0.1676340252161026,,29.925722122192383,,,,,,,,0.011047940701246262,,,,,25.428144454956055,,,2.456178665161133,,,,1776369040.7861612,,5147.990785726,0.2264612317085266,,,,626,,,,,,,,,,,,0.3940281271934509,,,0.24642667174339294,4.497581481933594,,,25.577476501464844,,0.21895268559455872,632,,,,,,5.585588455200195,,,0.013757807202637196,,0.035576626658439636,,1880,,
0.16994284093379974,,29.9273738861084,,,,,,,,0.011117640882730484,,,,,25.432334899902344,,,2.4768428802490234,,,,1776369047.8200705,,5155.024160824,0.22597961127758026,,,,627,,,,,,,,,,,,0.39618510007858276,,,0.25113511085510254,4.495038986206055,,,25.579036712646484,,0.22396057844161987,633,,,,,,5.6147356033325195,,,0.01379435695707798,,0.03342311084270477,,1883,,
0.17053253948688507,,29.894039154052734,,,,,,,,0.011168052442371845,,,,,25.391429901123047,,,2.4736928939819336,,,,1776369055.1432505,,5162.347493839,0.22533269226551056,,,,628,,,,,,,,,,,,0.3968627452850342,,,0.2523331940174103,4.502614974975586,,,25.58060073852539,,0.21955475211143494,634,,,,,,5.652396202087402,,,0.0138722388073802,,0.03456605598330498,,1886,,
0.1691332459449768,,29.84043312072754,,,,,,,,0.011135248467326164,,,,,25.33698272705078,,,2.501246690750122,,,,1776369062.3285923,,5169.532686592,0.2238236963748932,,,,629,,,,,,,,,,,,0.39436596632003784,,,0.2523829936981201,4.503448963165283,,,25.582210540771484,,0.22765548527240753,635,,,,,,5.690818786621094,,,0.01384153962135315,,0.035421863198280334,,1889,,
0.17021580040454865,,29.8234920501709,,,,,,,,0.011210105381906033,,,,,25.322660446166992,,,2.5259671211242676,,,,1776369069.4988122,,5176.702839305,0.22397178411483765,,,,630,,,,,,,,,,,,0.39684396982192993,,,0.2553427517414093,4.500833511352539,,,25.583763122558594,,0.20970220863819122,636,,,,,,5.7280402183532715,,,0.01394561119377613,,0.03733474761247635,,1892,,
0.17206987738609314,,29.772655487060547,,,,,,,,0.011187555268406868,,,,,25.27402687072754,,,2.5175106525421143,,,,1776369076.6134694,,5183.81742199,0.22223494946956635,,,,631,,,,,,,,,,,,0.3993957042694092,,,0.2552087604999542,4.498631477355957,,,25.585365295410156,,0.2330038994550705,637,,,,,,5.747284889221191,,,0.01396971195936203,,0.03353432938456535,,1895,,
0.1714409440755844,,29.758342742919922,,,,,,,,0.011225499212741852,,,,,25.254234313964844,,,2.5347371101379395,,,,1776369083.9065568,,5191.110481042,0.22208955883979797,,,,632,,,,,,,,,,,,0.39378008246421814,,,0.2572905123233795,4.504107475280762,,,25.58694076538086,,0.21236157417297363,638,,,,,,5.774722576141357,,,0.01402237731963396,,0.033145397901535034,,1898,,
0.17271293699741364,,29.706357955932617,,,,,,,,0.011231046169996262,,,,,25.203657150268555,,,2.555271863937378,,,,1776369090.9140537,,5198.118574919,0.2206907421350479,,,,633,,,,,,,,,,,,0.392983615398407,,,0.25916677713394165,4.502702713012695,,,25.588502883911133,,0.2201029509305954,639,,,,,,5.810115337371826,,,0.01399923488497734,,0.033791445195674896,,1901,,
0.1741148829460144,,29.675546646118164,,,,,,,,0.011280051432549953,,,,,25.173036575317383,,,2.5850017070770264,,,,1776369098.052383,,5205.256995369,0.21998143196105957,,,,634,,,,,,,,,,,,0.38765227794647217,,,0.2592073976993561,4.502507209777832,,,25.590051651000977,,0.21701669692993164,640,,,,,,5.858373641967773,,,0.014176251366734505,,0.03408539295196533,,1904,,
0.17726053297519684,,29.638050079345703,,,,,,,,0.011306814849376678,,,,,25.139915466308594,,,2.565718173980713,,,,1776369105.1337042,,5212.337780447,0.2190464735031128,,,,635,,,,,,,,,,,,0.39190438389778137,,,0.2622641623020172,4.498134136199951,,,25.591588973999023,,0.21800972521305084,641,,,,,,5.886759281158447,,,0.014133957214653492,,0.032425735145807266,,1907,,
0.1758006364107132,,29.603317260742188,,,,,,,,0.011356058530509472,,,,,25.10713768005371,,,2.5879461765289307,,,,1776369112.0978644,,5219.301904374,0.21800433099269867,,,,636,,,,,,,,,,,,0.3962661027908325,,,0.2633027732372284,4.496180534362793,,,25.593162536621094,,0.2150285392999649,642,,,,,,5.93356466293335,,,0.014174526557326317,,0.03187660127878189,,1910,,
0.17602109909057617,,29.568876266479492,,,,,,,,0.01142960973083973,,,,,25.072778701782227,,,2.609362840652466,,,,1776369119.439412,,5226.643268859,0.21766777336597443,,,,637,,,,,,,,,,,,0.3967442810535431,,,0.2628791034221649,4.496099472045898,,,25.594736099243164,,0.23021520674228668,643,,,,,,5.987532615661621,,,0.014256971888244152,,0.034686896950006485,,1913,,
0.1804656982421875,,29.48609733581543,,,,,,,,0.011430510319769382,,,,,25.004613876342773,,,2.6287198066711426,,,,1776369126.5425367,,5233.746451839,0.2159760296344757,,,,638,,,,,,,,,,,,0.3939177095890045,,,0.2667076289653778,4.481481552124023,,,25.59625244140625,,0.2187386006116867,644,,,,,,6.042461395263672,,,0.014356727711856365,,0.03310973197221756,,1916,,
0.17957377433776855,,29.460227966308594,,,,,,,,0.011426959186792374,,,,,24.9598445892334,,,2.66119122505188,,,,1776369133.9845064,,5241.188872867,0.2149226814508438,,,,639,,,,,,,,,,,,0.39918091893196106,,,0.26699796319007874,4.500388145446777,,,25.597789764404297,,0.23100970685482025,645,,,,,,6.062894344329834,,,0.014333740808069706,,0.0317697711288929,,1919,,
0.17920473217964172,,29.482271194458008,,,,,,,,0.011423695832490921,,,,,24.98845672607422,,,2.6258065700531006,,,,1776369141.2091658,,5248.413199097,0.21504780650138855,,,,640,,,,,,,,,,,,0.3868410885334015,,,0.2699577212333679,4.493812561035156,,,25.599334716796875,,0.22352874279022217,646,,,,,,6.053160667419434,,,0.014349611476063728,,0.03139593079686165,,1922,,
0.17937499284744263,,29.45492172241211,,,,,,,,0.011463245376944542,,,,,24.970703125,,,2.6363232135772705,,,,1776369148.4400673,,5255.644144862,0.21460896730422974,,,,641,,,,,,,,,,,,0.38591262698173523,,,0.27105143666267395,4.484221458435059,,,25.600889205932617,,0.2138320356607437,647,,,,,,6.084510326385498,,,0.014368916861712933,,0.031318455934524536,,1925,,
0.17936815321445465,,29.41061782836914,,,,,,,,0.011470559053122997,,,,,24.91764259338379,,,2.647707462310791,,,,1776369155.7044427,,5262.908747556,0.21341809630393982,,,,642,,,,,,,,,,,,0.3927101492881775,,,0.26908695697784424,4.492977619171143,,,25.602502822875977,,0.22795669734477997,648,,,,,,6.1196608543396,,,0.014344863593578339,,0.03130132704973221,,1928,,
0.18469597399234772,,29.348251342773438,,,,,,,,0.011513657867908478,,,,,24.858726501464844,,,2.7121992111206055,,,,1776369162.844449,,5270.04841227,0.2122560441493988,,,,643,,,,,,,,,,,,0.39097779989242554,,,0.27331361174583435,4.4895243644714355,,,25.60405921936035,,0.2225632518529892,649,,,,,,6.18722677230835,,,0.014424126595258713,,0.030073579400777817,,1931,,
0.1829761266708374,,29.331993103027344,,,,,,,,0.011596806347370148,,,,,24.83698272705078,,,2.7084884643554688,,,,1776369169.8811207,,5277.085332684,0.21201446652412415,,,,644,,,,,,,,,,,,0.3950759768486023,,,0.2717542052268982,4.495007038116455,,,25.605621337890625,,0.22854255139827728,650,,,,,,6.237385272979736,,,0.014632112346589565,,0.0329727940261364,,1934,,
0.18699485063552856,,29.275772094726562,,,,,,,,0.01158183254301548,,,,,24.79677391052246,,,2.7185254096984863,,,,1776369176.9939282,,5284.197854008,0.21049295365810394,,,,645,,,,,,,,,,,,0.395975798368454,,,0.275468111038208,4.478996753692627,,,25.60718536376953,,0.23974986374378204,651,,,,,,6.26798152923584,,,0.014534392394125462,,0.029776830226182938,,1937,,
0.18556781113147736,,29.24430274963379,,,,,,,,0.01161269936710596,,,,,24.755041122436523,,,2.759664535522461,,,,1776369184.206503,,5291.410331115,0.21010273694992065,,,,646,,,,,,,,,,,,0.3907848298549652,,,0.2753908634185791,4.489260673522949,,,25.608726501464844,,0.22804725170135498,652,,,,,,6.297672271728516,,,0.014614748768508434,,0.03027394972741604,,1940,,
0.18585659563541412,,29.184785842895508,,,,,,,,0.01160705741494894,,,,,24.69170379638672,,,2.747729539871216,,,,1776369191.1450043,,5298.349421093,0.20824651420116425,,,,647,,,,,,,,,,,,0.38907763361930847,,,0.27775275707244873,4.493082523345947,,,25.610334396362305,,0.22004979848861694,653,,,,,,6.349433898925781,,,0.014648167416453362,,0.03049626015126705,,1943,,
0.1874910295009613,,29.17681312561035,,,,,,,,0.011664289981126785,,,,,24.693681716918945,,,2.7794437408447266,,,,1776369198.284403,,5305.488826898,0.208485409617424,,,,648,,,,,,,,,,,,0.3885993957519531,,,0.28028175234794617,4.483133792877197,,,25.61189842224121,,0.22812770307064056,654,,,,,,6.370305061340332,,,0.01464141346514225,,0.030197912827134132,,1946,,
0.18788795173168182,,29.152427673339844,,,,,,,,0.011666788719594479,,,,,24.672502517700195,,,2.764479875564575,,,,1776369206.5178928,,5313.72201417,0.207650288939476,,,,649,,,,,,,,,,,,0.3920310437679291,,,0.28060972690582275,4.4799275398254395,,,25.613449096679688,,0.23038633167743683,655,,,,,,6.38646125793457,,,0.01474287360906601,,0.029137197881937027,,1949,,
0.19049952924251556,,29.110374450683594,,,,,,,,0.011706587858498096,,,,,24.622421264648438,,,2.8067739009857178,,,,1776369213.5523813,,5320.756610579,0.20674338936805725,,,,650,,,,,,,,,,,,0.3911179006099701,,,0.2817106246948242,4.48795223236084,,,25.615028381347656,,0.2210303544998169,656,,,,,,6.450985908508301,,,0.014768656343221664,,0.02895907126367092,,1952,,
0.1896953284740448,,29.072311401367188,,,,,,,,0.011715797707438469,,,,,24.594409942626953,,,2.820026159286499,,,,1776369220.9283912,,5328.132278929,0.20625858008861542,,,,651,,,,,,,,,,,,0.3914521336555481,,,0.28492480516433716,4.47790002822876,,,25.616586685180664,,0.22810529172420502,657,,,,,,6.476541996002197,,,0.01481957733631134,,0.030542071908712387,,1955,,
0.19232144951820374,,29.035961151123047,,,,,,,,0.011725231073796749,,,,,24.555301666259766,,,2.8098576068878174,,,,1776369227.9484735,,5335.152390942,0.20515762269496918,,,,652,,,,,,,,,,,,0.39099881052970886,,,0.2852015197277069,4.480660438537598,,,25.618179321289062,,0.2213420867919922,658,,,,,,6.496539115905762,,,0.014832730405032635,,0.028807932510972023,,1958,,
0.18987734615802765,,28.9918155670166,,,,,,,,0.011748787015676498,,,,,24.515588760375977,,,2.8372392654418945,,,,1776369235.3120487,,5342.516040175,0.20419424772262573,,,,653,,,,,,,,,,,,0.38954421877861023,,,0.28595444560050964,4.476229667663574,,,25.619752883911133,,0.23026308417320251,659,,,,,,6.547289848327637,,,0.014809169806540012,,0.02914646454155445,,1961,,
0.19130830466747284,,28.960798263549805,,,,,,,,0.011784263886511326,,,,,24.48065185546875,,,2.844809055328369,,,,1776369242.4776409,,5349.681578642,0.2033718079328537,,,,654,,,,,,,,,,,,0.388986200094223,,,0.2860453128814697,4.480145454406738,,,25.621337890625,,0.2305906116962433,660,,,,,,6.585872173309326,,,0.014947150833904743,,0.028797350823879242,,1964,,
0.1950094848871231,,28.920612335205078,,,,,,,,0.011830669827759266,,,,,24.43740463256836,,,2.873811960220337,,,,1776369249.715488,,5356.919579291,0.20250029861927032,,,,655,,,,,,,,,,,,0.39609166979789734,,,0.2896837294101715,4.483208179473877,,,25.622913360595703,,0.2229434996843338,661,,,,,,6.6472320556640625,,,0.014932745136320591,,0.026925213634967804,,1967,,
0.1942204087972641,,28.929691314697266,,,,,,,,0.011856569908559322,,,,,24.447927474975586,,,2.8767073154449463,,,,1776369256.8095725,,5364.013851933,0.20247739553451538,,,,656,,,,,,,,,,,,0.3919360935688019,,,0.29112717509269714,4.481761932373047,,,25.62450408935547,,0.2527991831302643,662,,,,,,6.6650896072387695,,,0.015123656950891018,,0.028641242533922195,,1970,,
0.1983727067708969,,28.840608596801758,,,,,,,,0.011847325600683689,,,,,24.358463287353516,,,2.9116790294647217,,,,1776369263.902184,,5371.106246969,0.20085278153419495,,,,657,,,,,,,,,,,,0.3960781991481781,,,0.29374390840530396,4.482143878936768,,,25.62609100341797,,0.23637260496616364,663,,,,,,6.717219829559326,,,0.015033294446766376,,0.028825854882597923,,1973,,
0.1932092308998108,,28.81186866760254,,,,,,,,0.011853144504129887,,,,,24.34060287475586,,,2.908712863922119,,,,1776369270.9223135,,5378.126489561,0.20028206706047058,,,,658,,,,,,,,,,,,0.3861495852470398,,,0.293483167886734,4.471268653869629,,,25.62765884399414,,0.22489792108535767,664,,,,,,6.72589111328125,,,0.014982269145548344,,0.0291029904037714,,1976,,
0.19651411473751068,,28.793190002441406,,,,,,,,0.011892039328813553,,,,,24.304763793945312,,,2.929252862930298,,,,1776369277.9342427,,5385.138313831,0.19947963953018188,,,,659,,,,,,,,,,,,0.39078041911125183,,,0.2983730435371399,4.488426208496094,,,25.629268646240234,,0.22215482592582703,665,,,,,,6.78410530090332,,,0.015071077272295952,,0.02781512588262558,,1979,,
0.19856886565685272,,28.76197624206543,,,,,,,,0.011969043873250484,,,,,24.285518646240234,,,2.943087339401245,,,,1776369285.2990363,,5392.503363651,0.1989641785621643,,,,660,,,,,,,,,,,,0.3911665678024292,,,0.2979341149330139,4.4764556884765625,,,25.630857467651367,,0.24230875074863434,666,,,,,,6.831531524658203,,,0.015151381492614746,,0.027512960135936737,,1982,,
0.19977036118507385,,28.710309982299805,,,,,,,,0.011984527111053467,,,,,24.226102828979492,,,2.9527747631073,,,,1776369292.4525013,,5399.656757664,0.19747254252433777,,,,661,,,,,,,,,,,,0.3924419581890106,,,0.2978963851928711,4.484204292297363,,,25.632488250732422,,0.2342921495437622,667,,,,,,6.890395641326904,,,0.015182960778474808,,0.026751896366477013,,1985,,
0.200450137257576,,28.652542114257812,,,,,,,,0.011991656385362148,,,,,24.178815841674805,,,2.987147331237793,,,,1776369299.7568545,,5406.960796646,0.1966198980808258,,,,662,,,,,,,,,,,,0.38951972126960754,,,0.30287110805511475,4.47372579574585,,,25.634084701538086,,0.2351333349943161,668,,,,,,6.933867931365967,,,0.015294569544494152,,0.026480941101908684,,1988,,
0.20175087451934814,,28.65513038635254,,,,,,,,0.012048004195094109,,,,,24.177196502685547,,,2.9706060886383057,,,,1776369306.9691253,,5414.173341354,0.19652871787548065,,,,663,,,,,,,,,,,,0.38393905758857727,,,0.30271652340888977,4.4779372215271,,,25.63566017150879,,0.23261715471744537,669,,,,,,6.960400581359863,,,0.015284844674170017,,0.026835238561034203,,1991,,
0.20397350192070007,,28.647903442382812,,,,,,,,0.012056257575750351,,,,,24.16680908203125,,,2.9865469932556152,,,,1776369314.379638,,5421.583830321,0.19611376523971558,,,,664,,,,,,,,,,,,0.3876867890357971,,,0.3071025013923645,4.48109769821167,,,25.63724136352539,,0.23654179275035858,670,,,,,,6.981846332550049,,,0.015327943488955498,,0.026538457721471786,,1994,,
0.20513688027858734,,28.581317901611328,,,,,,,,0.012017323635518551,,,,,24.111976623535156,,,3.002899408340454,,,,1776369321.7274103,,5428.931361213,0.19504348933696747,,,,665,,,,,,,,,,,,0.3916262686252594,,,0.30416107177734375,4.469339370727539,,,25.63882827758789,,0.2398756444454193,671,,,,,,7.002626895904541,,,0.015344709157943726,,0.026610342785716057,,1997,,
0.20729680359363556,,28.56178092956543,,,,,,,,0.01211361214518547,,,,,24.092714309692383,,,3.0182268619537354,,,,1776369328.9153948,,5436.11959098,0.19449514150619507,,,,666,,,,,,,,,,,,0.38672271370887756,,,0.31049373745918274,4.46906852722168,,,25.640419006347656,,0.24067658185958862,672,,,,,,7.061368942260742,,,0.01538283471018076,,0.02695872075855732,,2000,,
0.20598365366458893,,28.530790328979492,,,,,,,,0.012110427021980286,,,,,24.065717697143555,,,3.047560453414917,,,,1776369335.990283,,5443.194424417,0.19416876137256622,,,,667,,,,,,,,,,,,0.39730218052864075,,,0.30920037627220154,4.4650726318359375,,,25.642040252685547,,0.24263547360897064,673,,,,,,7.094930171966553,,,0.015458736568689346,,0.027143064886331558,,2003,,
0.20641683042049408,,28.497119903564453,,,,,,,,0.012200694531202316,,,,,24.01836585998535,,,3.042811632156372,,,,1776369343.1380088,,5450.341976222,0.1930566430091858,,,,668,,,,,,,,,,,,0.3990858197212219,,,0.3110869228839874,4.478753089904785,,,25.64364242553711,,0.2432485967874527,674,,,,,,7.174211502075195,,,0.01559365727007389,,0.02637312188744545,,2006,,
0.21044990420341492,,28.44883155822754,,,,,,,,0.012230345979332924,,,,,23.977998733520508,,,3.0961668491363525,,,,1776369350.2619243,,5457.466209388,0.1921069324016571,,,,669,,,,,,,,,,,,0.3882385492324829,,,0.31289345026016235,4.470834255218506,,,25.645246505737305,,0.24125170707702637,675,,,,,,7.229048728942871,,,0.015626635402441025,,0.02568221278488636,,2009,,
0.2084633708000183,,28.428300857543945,,,,,,,,0.01223995815962553,,,,,23.95817756652832,,,3.0950255393981934,,,,1776369357.580846,,5464.784982117,0.19153711199760437,,,,670,,,,,,,,,,,,0.38891687989234924,,,0.31615960597991943,4.470122814178467,,,25.64686393737793,,0.2457716166973114,676,,,,,,7.252562046051025,,,0.015666276216506958,,0.026371754705905914,,2012,,
0.2117527574300766,,28.38409423828125,,,,,,,,0.012314165942370892,,,,,23.90959358215332,,,3.1347925662994385,,,,1776369364.6968946,,5471.901067086,0.19049802422523499,,,,671,,,,,,,,,,,,0.3879164159297943,,,0.3179585635662079,4.474505424499512,,,25.648515701293945,,0.2462940663099289,677,,,,,,7.316497325897217,,,0.015631407499313354,,0.02401856891810894,,2015,,
0.21126185357570648,,28.313899993896484,,,,,,,,0.01226563099771738,,,,,23.844022750854492,,,3.157362937927246,,,,1776369371.7419338,,5478.946277712,0.18928343057632446,,,,672,,,,,,,,,,,,0.39097699522972107,,,0.3183754086494446,4.469874858856201,,,25.650157928466797,,0.23051007091999054,678,,,,,,7.364856719970703,,,0.015691332519054413,,0.025838350877165794,,2018,,
0.21040332317352295,,28.336965560913086,,,,,,,,0.012322699651122093,,,,,23.863277435302734,,,3.143669366836548,,,,1776369378.7575517,,5485.961542584,0.18961991369724274,,,,673,,,,,,,,,,,,0.38875389099121094,,,0.31887581944465637,4.473690986633301,,,25.651851654052734,,0.25102561712265015,679,,,,,,7.376865386962891,,,0.01585797220468521,,0.02565780095756054,,2021,,
0.21232512593269348,,28.268918991088867,,,,,,,,0.012320333160459995,,,,,23.803627014160156,,,3.1682751178741455,,,,1776369386.0914037,,5493.295626358,0.1881866753101349,,,,674,,,,,,,,,,,,0.3948937952518463,,,0.32342728972435,4.465291976928711,,,25.653553009033203,,0.2572595179080963,680,,,,,,7.418539047241211,,,0.01586638204753399,,0.025128770619630814,,2024,,
0.21259933710098267,,28.2452335357666,,,,,,,,0.012339803390204906,,,,,23.781042098999023,,,3.1554691791534424,,,,1776369393.2250087,,5500.429040166,0.18784627318382263,,,,675,,,,,,,,,,,,0.39002782106399536,,,0.32417920231819153,4.464191913604736,,,25.65522003173828,,0.2445557862520218,681,,,,,,7.450527191162109,,,0.01582510396838188,,0.02507605589926243,,2027,,
0.21844452619552612,,28.21477508544922,,,,,,,,0.012326947413384914,,,,,23.7442684173584,,,3.2082791328430176,,,,1776369400.3649704,,5507.569280774,0.18696750700473785,,,,676,,,,,,,,,,,,0.39264166355133057,,,0.32533445954322815,4.470506191253662,,,25.656898498535156,,0.24514047801494598,682,,,,,,7.480741500854492,,,0.01579928584396839,,0.024331603199243546,,2030,,
0.21730361878871918,,28.159732818603516,,,,,,,,0.012392079457640648,,,,,23.694564819335938,,,3.2241830825805664,,,,1776369407.3709545,,5514.574908011,0.18609300255775452,,,,677,,,,,,,,,,,,0.39018625020980835,,,0.3269605338573456,4.465170860290527,,,25.658531188964844,,0.24492497742176056,683,,,,,,7.547465801239014,,,0.015794923529028893,,0.024755746126174927,,2033,,
0.22002558410167694,,28.147001266479492,,,,,,,,0.0124213183298707,,,,,23.674644470214844,,,3.2358362674713135,,,,1776369414.3568764,,5521.561021789,0.1854763925075531,,,,678,,,,,,,,,,,,0.3838272988796234,,,0.33016568422317505,4.4723591804504395,,,25.660154342651367,,0.2504550814628601,684,,,,,,7.596225738525391,,,0.01599709317088127,,0.023913180455565453,,2036,,
0.22178906202316284,,28.083402633666992,,,,,,,,0.012455022893846035,,,,,23.60977554321289,,,3.2775113582611084,,,,1776369421.8733182,,5529.078081585,0.1842261254787445,,,,679,,,,,,,,,,,,0.3930746018886566,,,0.3334932327270508,4.473628044128418,,,25.661821365356445,,0.2501008212566376,685,,,,,,7.674139976501465,,,0.015985092148184776,,0.023717787116765976,,2039,,
0.22226150333881378,,28.096040725708008,,,,,,,,0.012506812810897827,,,,,23.615623474121094,,,3.256051540374756,,,,1776369428.910385,,5536.114439099,0.18392816185951233,,,,680,,,,,,,,,,,,0.3810562789440155,,,0.33482640981674194,4.480417251586914,,,25.66347885131836,,0.24492286145687103,686,,,,,,7.701992988586426,,,0.016134019941091537,,0.02471069246530533,,2042,,
0.22035792469978333,,28.036832809448242,,,,,,,,0.012508707121014595,,,,,23.573707580566406,,,3.295559883117676,,,,1776369436.0236838,,5543.227963388,0.1835440844297409,,,,681,,,,,,,,,,,,0.3883669674396515,,,0.33757975697517395,4.463125228881836,,,25.665081024169922,,0.25828316807746887,687,,,,,,7.7337775230407715,,,0.016084222123026848,,0.02467910200357437,,2045,,
0.2231755256652832,,28.01645851135254,,,,,,,,0.012589693069458008,,,,,23.550031661987305,,,3.307187080383301,,,,1776369443.174813,,5550.379311201,0.1828114092350006,,,,682,,,,,,,,,,,,0.39507919549942017,,,0.33711233735084534,4.466426372528076,,,25.66672134399414,,0.2490849792957306,688,,,,,,7.797865390777588,,,0.016299350187182426,,0.02365010231733322,,2048,,
0.22528256475925446,,27.964290618896484,,,,,,,,0.012588253244757652,,,,,23.502225875854492,,,3.3405539989471436,,,,1776369450.2471788,,5557.451149389,0.18174634873867035,,,,683,,,,,,,,,,,,0.3924572169780731,,,0.33834758400917053,4.462065696716309,,,25.668373107910156,,0.24088048934936523,689,,,,,,7.845367908477783,,,0.016259057447314262,,0.022580508142709732,,2051,,
0.2212504893541336,,27.95289421081543,,,,,,,,0.01256613526493311,,,,,23.483341217041016,,,3.3290953636169434,,,,1776369457.6955457,,5564.899776434,0.18139371275901794,,,,684,,,,,,,,,,,,0.38740482926368713,,,0.3381258547306061,4.4695515632629395,,,25.670026779174805,,0.2440972626209259,690,,,,,,7.848515510559082,,,0.01619475893676281,,0.02306252531707287,,2054,,
0.22555585205554962,,27.898483276367188,,,,,,,,0.012609266676008701,,,,,23.443384170532227,,,3.3593273162841797,,,,1776369464.8733265,,5572.077618919,0.1805124431848526,,,,685,,,,,,,,,,,,0.3862777054309845,,,0.33945995569229126,4.455099105834961,,,25.67169189453125,,0.24800747632980347,691,,,,,,7.916178226470947,,,0.016320742666721344,,0.023348821327090263,,2057,,
0.22553451359272003,,27.876026153564453,,,,,,,,0.012639058753848076,,,,,23.4105167388916,,,3.38051438331604,,,,1776369472.0863047,,5579.290291496,0.18000750243663788,,,,686,,,,,,,,,,,,0.38720381259918213,,,0.34232786297798157,4.465510845184326,,,25.673320770263672,,0.2442854344844818,692,,,,,,7.958315372467041,,,0.01634478010237217,,0.0224065650254488,,2060,,
0.22770924866199493,,27.842037200927734,,,,,,,,0.012653058394789696,,,,,23.384572982788086,,,3.362974166870117,,,,1776369479.1748326,,5586.378968008,0.1793743222951889,,,,687,,,,,,,,,,,,0.3841518759727478,,,0.34605398774147034,4.457463264465332,,,25.674999237060547,,0.2551540732383728,693,,,,,,7.992774963378906,,,0.016320493072271347,,0.023030666634440422,,2063,,
0.22622446715831757,,27.802766799926758,,,,,,,,0.01269210409373045,,,,,23.340377807617188,,,3.4207959175109863,,,,1776369486.5168927,,5593.721242134,0.17871861159801483,,,,688,,,,,,,,,,,,0.38811588287353516,,,0.3462078273296356,4.4623870849609375,,,25.67670440673828,,0.264127641916275,694,,,,,,8.044902801513672,,,0.016486141830682755,,0.022456327453255653,,2066,,
0.2290666699409485,,27.76725959777832,,,,,,,,0.012711778283119202,,,,,23.304922103881836,,,3.421541690826416,,,,1776369493.6231565,,5600.827326374,0.178006112575531,,,,689,,,,,,,,,,,,0.38522452116012573,,,0.34818002581596375,4.462339878082275,,,25.678382873535156,,0.2660105526447296,695,,,,,,8.095844268798828,,,0.01650572009384632,,0.021819889545440674,,2069,,
0.23045526444911957,,27.73893165588379,,,,,,,,0.012746714986860752,,,,,23.28453826904297,,,3.429738759994507,,,,1776369500.6261747,,5607.830640787,0.17748382687568665,,,,690,,,,,,,,,,,,0.3901354968547821,,,0.34990543127059937,4.454395294189453,,,25.6800537109375,,0.2602916657924652,696,,,,,,8.129300117492676,,,0.01648680865764618,,0.022923242300748825,,2072,,
0.23291796445846558,,27.67245101928711,,,,,,,,0.012712327763438225,,,,,23.212419509887695,,,3.418337345123291,,,,1776369507.6458344,,5614.849840951,0.17561985552310944,,,,691,,,,,,,,,,,,0.3896166682243347,,,0.35337164998054504,4.460033416748047,,,25.681734085083008,,0.251788467168808,697,,,,,,8.171902656555176,,,0.016476552933454514,,0.0212502833455801,,2075,,
0.23491625487804413,,27.656455993652344,,,,,,,,0.012776987627148628,,,,,23.204296112060547,,,3.4621870517730713,,,,1776369514.860491,,5622.064808248,0.17586885392665863,,,,692,,,,,,,,,,,,0.3916471600532532,,,0.3555746078491211,4.452160835266113,,,25.68341064453125,,0.24591709673404694,698,,,,,,8.229129791259766,,,0.016582537442445755,,0.022859126329421997,,2078,,
0.23658312857151031,,27.6092586517334,,,,,,,,0.01281007006764412,,,,,23.153926849365234,,,3.473703145980835,,,,1776369522.1603408,,5629.364466092,0.17465659976005554,,,,693,,,,,,,,,,,,0.3850359618663788,,,0.3598732650279999,4.455331802368164,,,25.68509292602539,,0.275739461183548,699,,,,,,8.289751052856445,,,0.01675657369196415,,0.02202594466507435,,2081,,
0.2385328710079193,,27.569313049316406,,,,,,,,0.01288448553532362,,,,,23.12384796142578,,,3.470834493637085,,,,1776369529.4064333,,5636.61049124,0.1738927662372589,,,,694,,,,,,,,,,,,0.38733309507369995,,,0.3594808876514435,4.445464611053467,,,25.686819076538086,,0.2746635675430298,700,,,,,,8.373452186584473,,,0.016795482486486435,,0.02098766900599003,,2084,,
0.23848460614681244,,27.55550193786621,,,,,,,,0.0129690645262599,,,,,23.099332809448242,,,3.5509204864501953,,,,1776369536.5955396,,5643.799790439,0.17361460626125336,,,,695,,,,,,,,,,,,0.38719138503074646,,,0.36491185426712036,4.456167221069336,,,25.68854522705078,,0.27104470133781433,701,,,,,,8.450899124145508,,,0.016889289021492004,,0.021532492712140083,,2087,,
0.24136972427368164,,27.51243782043457,,,,,,,,0.01301669329404831,,,,,23.062095642089844,,,3.583481788635254,,,,1776369543.693245,,5650.897324766,0.17265212535858154,,,,696,,,,,,,,,,,,0.38827553391456604,,,0.36461541056632996,4.450340747833252,,,25.6903133392334,,0.2536488473415375,702,,,,,,8.514638900756836,,,0.016924312338232994,,0.020414672791957855,,2090,,
0.24111135303974152,,27.48170280456543,,,,,,,,0.012981947511434555,,,,,23.022125244140625,,,3.5879828929901123,,,,1776369550.8927898,,5658.096981331,0.17211103439331055,,,,697,,,,,,,,,,,,0.3955196142196655,,,0.36587581038475037,4.459577560424805,,,25.692058563232422,,0.2536678612232208,703,,,,,,8.538457870483398,,,0.016863318160176277,,0.021373407915234566,,2093,,
0.24416521191596985,,27.46614646911621,,,,,,,,0.013037470169365406,,,,,23.012102127075195,,,3.577929735183716,,,,1776369558.2988598,,5665.502906633,0.17180109024047852,,,,698,,,,,,,,,,,,0.3865351676940918,,,0.3672199249267578,4.454044342041016,,,25.693750381469727,,0.2595488429069519,704,,,,,,8.572532653808594,,,0.017001217231154442,,0.02113155648112297,,2096,,
,0.00732500059530139,,0.3423687815666199,1.2804427657053807e-15,28.043319702148438,1.078022220102337e-15,7.238994121551514,0.11632497608661652,7.238994121551514,,0.030689986422657967,0.9674311876296997,2.026003122329712,0.9944000244140625,,0.41854479908943176,0.2115633636713028,,2.1189565658569336,14.066291809082031,0.22257497906684875,1776369643.6107755,0.019147897139191628,5750.817453463,,0.6585016846656799,15.361969947814941,0.0882124975323677,699,0.23769482970237732,0.013881250284612179,13.983657836914062,0.001550000044517219,0.39416879415512085,14.13730525970459,0.4960687458515167,0.2206125110387802,30.843656539916992,0.10722500085830688,0.648402214050293,,0.10931384563446045,12.442315101623535,,,0.002681249985471368,15.44996452331543,,5.454802513122559,,705,0.004343749955296516,0.005118750035762787,0.8523874878883362,13.983657836914062,28.043319702148438,,5.07531213760376,13.19022274017334,,0.2486562579870224,,0.8523874878883362,2099,0.015526944771409035,30.843656539916992
0.24122820794582367,,27.40144920349121,,,,,,,,0.012984885834157467,,,,,22.95457649230957,,,3.635774850845337,,,,1776369644.7580318,,5751.962225012,0.17069730162620544,,,,699,,,,,,,,,,,,0.391374409198761,,,0.3659095764160156,4.446872234344482,,,25.695453643798828,,0.26469776034355164,706,,,,,,8.615436553955078,,,0.01697298139333725,,0.020685501396656036,,2099,,
0.24526596069335938,,27.378170013427734,,,,,,,,0.013010475784540176,,,,,22.925495147705078,,,3.610759973526001,,,,1776369652.0275238,,5759.231813193,0.16997003555297852,,,,700,,,,,,,,,,,,0.38656872510910034,,,0.3701549768447876,4.452676773071289,,,25.6971378326416,,0.2671160399913788,707,,,,,,8.656360626220703,,,0.01708495058119297,,0.020337743684649467,,2102,,
0.24647007882595062,,27.351402282714844,,,,,,,,0.013021818362176418,,,,,22.895416259765625,,,3.616720676422119,,,,1776369659.3626952,,5766.566844443,0.16935913264751434,,,,701,,,,,,,,,,,,0.38644054532051086,,,0.3741205930709839,4.45598840713501,,,25.698843002319336,,0.2595590353012085,708,,,,,,8.6974515914917,,,0.016965240240097046,,0.02079210989177227,,2105,,
0.24599061906337738,,27.329875946044922,,,,,,,,0.01304880902171135,,,,,22.884721755981445,,,3.630450487136841,,,,1776369666.359915,,5773.564257433,0.16930317878723145,,,,702,,,,,,,,,,,,0.3840556740760803,,,0.37686407566070557,4.445155620574951,,,25.700584411621094,,0.2641066908836365,709,,,,,,8.711686134338379,,,0.017063267529010773,,0.02069167234003544,,2108,,
0.24631589651107788,,27.304489135742188,,,,,,,,0.013081949204206467,,,,,22.849153518676758,,,3.6609203815460205,,,,1776369673.4289129,,5780.63300673,0.16850675642490387,,,,703,,,,,,,,,,,,0.38303402066230774,,,0.375169962644577,4.455331802368164,,,25.70234489440918,,0.2673608660697937,710,,,,,,8.776570320129395,,,0.01712372712790966,,0.020340394228696823,,2111,,
0.24892061948776245,,27.251008987426758,,,,,,,,0.013151555322110653,,,,,22.799596786499023,,,3.683635950088501,,,,1776369680.695945,,5787.900254131,0.1677486151456833,,,,704,,,,,,,,,,,,0.3718201220035553,,,0.38046544790267944,4.451414585113525,,,25.704113006591797,,0.2765224277973175,711,,,,,,8.873469352722168,,,0.017247112467885017,,0.020233580842614174,,2114,,
0.24970364570617676,,27.218341827392578,,,,,,,,0.013201802968978882,,,,,22.77045249938965,,,3.7071373462677,,,,1776369687.9510148,,5795.154975007,0.16709834337234497,,,,705,,,,,,,,,,,,0.3820780813694,,,0.3824622631072998,4.447887897491455,,,25.705848693847656,,0.2836282551288605,712,,,,,,8.933064460754395,,,0.017327211797237396,,0.020647747442126274,,2117,,
0.251472532749176,,27.209697723388672,,,,,,,,0.013208702206611633,,,,,22.765098571777344,,,3.6994307041168213,,,,1776369694.9468744,,5802.150953731,0.16696974635124207,,,,706,,,,,,,,,,,,0.38292089104652405,,,0.3835444748401642,4.444599628448486,,,25.707576751708984,,0.2863835394382477,713,,,,,,8.95245361328125,,,0.017318135127425194,,0.020487327128648758,,2120,,
0.25345879793167114,,27.151439666748047,,,,,,,,0.013218107633292675,,,,,22.703874588012695,,,3.746020555496216,,,,1776369702.146796,,5809.3508968,0.16576135158538818,,,,707,,,,,,,,,,,,0.381827712059021,,,0.3877507150173187,4.447566032409668,,,25.709272384643555,,0.2664615511894226,714,,,,,,9.00012493133545,,,0.017338650301098824,,0.02043037861585617,,2123,,
0.2544231712818146,,27.132341384887695,,,,,,,,0.013212215155363083,,,,,22.680248260498047,,,3.722254753112793,,,,1776369709.199084,,5816.403138262,0.1650737226009369,,,,708,,,,,,,,,,,,0.3873252272605896,,,0.3884701430797577,4.452094078063965,,,25.710975646972656,,0.2851472795009613,715,,,,,,9.042498588562012,,,0.017387256026268005,,0.01928580552339554,,2126,,
0.25395938754081726,,27.113239288330078,,,,,,,,0.013283990323543549,,,,,22.66375732421875,,,3.751472234725952,,,,1776369716.396887,,5823.600943859,0.16482320427894592,,,,709,,,,,,,,,,,,0.3908749520778656,,,0.3889755606651306,4.449480056762695,,,25.712684631347656,,0.27333101630210876,716,,,,,,9.091695785522461,,,0.01744179241359234,,0.019351519644260406,,2129,,
0.2555597424507141,,27.067907333374023,,,,,,,,0.013285650871694088,,,,,22.613691329956055,,,3.828822374343872,,,,1776369723.5850897,,5830.789543855,0.16418305039405823,,,,710,,,,,,,,,,,,0.38416147232055664,,,0.39131247997283936,4.454216480255127,,,25.714387893676758,,0.2711319029331207,717,,,,,,9.155131340026855,,,0.017433302477002144,,0.020431751385331154,,2132,,
0.25712838768959045,,27.0168514251709,,,,,,,,0.013286437839269638,,,,,22.571060180664062,,,3.805722713470459,,,,1776369730.7059658,,5837.910077314,0.16321994364261627,,,,711,,,,,,,,,,,,0.3856833279132843,,,0.39158329367637634,4.445794105529785,,,25.716142654418945,,0.27614036202430725,718,,,,,,9.19250202178955,,,0.017402859404683113,,0.019968191161751747,,2135,,
0.2564277648925781,,26.993316650390625,,,,,,,,0.0132825942710042,,,,,22.548490524291992,,,3.8195877075195312,,,,1776369737.8252575,,5845.029195074,0.16269619762897491,,,,712,,,,,,,,,,,,0.3910067677497864,,,0.3938395082950592,4.444827079772949,,,25.71786117553711,,0.2564587891101837,719,,,,,,9.227425575256348,,,0.017438888549804688,,0.01949452981352806,,2138,,
0.2586286664009094,,26.94829559326172,,,,,,,,0.013305693864822388,,,,,22.508989334106445,,,3.8304033279418945,,,,1776369744.9199083,,5852.124474169,0.16177040338516235,,,,713,,,,,,,,,,,,0.3836798667907715,,,0.39721229672431946,4.439305782318115,,,25.719532012939453,,0.27754658460617065,720,,,,,,9.281047821044922,,,0.01755450665950775,,0.018534479662775993,,2141,,
0.25906845927238464,,26.944143295288086,,,,,,,,0.013346589170396328,,,,,22.503164291381836,,,3.804270029067993,,,,1776369752.3989813,,5859.60324506,0.1615389734506607,,,,714,,,,,,,,,,,,0.38341572880744934,,,0.3980139195919037,4.440978050231934,,,25.7211971282959,,0.26784950494766235,721,,,,,,9.325303077697754,,,0.01752627268433571,,0.0179593563079834,,2144,,
0.26264840364456177,,26.901573181152344,,,,,,,,0.013328435830771923,,,,,22.458314895629883,,,3.853426456451416,,,,1776369759.707629,,5866.911533067,0.16070681810379028,,,,715,,,,,,,,,,,,0.3800297677516937,,,0.40231478214263916,4.443258285522461,,,25.722900390625,,0.28002139925956726,722,,,,,,9.352611541748047,,,0.01747778058052063,,0.018109595403075218,,2147,,
0.26404744386672974,,26.851930618286133,,,,,,,,0.013392405584454536,,,,,22.41666603088379,,,3.8964619636535645,,,,1776369766.7964418,,5874.000381754,0.16002671420574188,,,,716,,,,,,,,,,,,0.38967424631118774,,,0.40411022305488586,4.4352641105651855,,,25.72466278076172,,0.2696292996406555,723,,,,,,9.44495964050293,,,0.01766635663807392,,0.018699616193771362,,2150,,
0.2638998031616211,,26.823974609375,,,,,,,,0.013457086868584156,,,,,22.378501892089844,,,3.9100890159606934,,,,1776369773.8168275,,5881.021028332,0.1595168262720108,,,,717,,,,,,,,,,,,0.38836678862571716,,,0.4021775424480438,4.4454731941223145,,,25.726428985595703,,0.28233471512794495,724,,,,,,9.526897430419922,,,0.017805669456720352,,0.018581857904791832,,2153,,
0.26902297139167786,,26.8145694732666,,,,,,,,0.01348712295293808,,,,,22.369094848632812,,,3.9058096408843994,,,,1776369780.907818,,5888.111981488,0.1589803248643875,,,,718,,,,,,,,,,,,0.3799791932106018,,,0.4073942303657532,4.445475101470947,,,25.7281494140625,,0.2688405513763428,725,,,,,,9.567620277404785,,,0.017796145752072334,,0.01839766651391983,,2156,,
0.2678694725036621,,26.759475708007812,,,,,,,,0.013552840799093246,,,,,22.312362670898438,,,3.9470415115356445,,,,1776369788.196048,,5895.400018849,0.1583077609539032,,,,719,,,,,,,,,,,,0.3853304982185364,,,0.4087449610233307,4.447113513946533,,,25.729869842529297,,0.3007284104824066,726,,,,,,9.655733108520508,,,0.0179057065397501,,0.018498636782169342,,2159,,
0.2714550197124481,,26.741973876953125,,,,,,,,0.013578087091445923,,,,,22.300180435180664,,,3.9831411838531494,,,,1776369795.3162146,,5902.520416461,0.1579705774784088,,,,720,,,,,,,,,,,,0.38956013321876526,,,0.4132019281387329,4.4417948722839355,,,25.731592178344727,,0.27668020129203796,727,,,,,,9.697148323059082,,,0.017969150096178055,,0.018025660887360573,,2162,,
0.26813623309135437,,26.70550537109375,,,,,,,,0.013602981343865395,,,,,22.26568603515625,,,3.9473087787628174,,,,1776369802.4755726,,5909.679649014,0.15723755955696106,,,,721,,,,,,,,,,,,0.3830210268497467,,,0.41465097665786743,4.439815998077393,,,25.73332977294922,,0.28343331813812256,728,,,,,,9.744704246520996,,,0.018055664375424385,,0.017496883869171143,,2165,,
0.27024170756340027,,26.66325569152832,,,,,,,,0.013561919331550598,,,,,22.217065811157227,,,4.021358966827393,,,,1776369809.58185,,5916.785862823,0.1565990000963211,,,,722,,,,,,,,,,,,0.38817617297172546,,,0.4150904417037964,4.446188926696777,,,25.735074996948242,,0.26463985443115234,729,,,,,,9.773460388183594,,,0.01798119768500328,,0.01869351789355278,,2168,,
0.2716040313243866,,26.633941650390625,,,,,,,,0.013576647266745567,,,,,22.20163345336914,,,4.010392189025879,,,,1776369816.942272,,5924.146233987,0.15595099329948425,,,,723,,,,,,,,,,,,0.3816346228122711,,,0.41746002435684204,4.43230676651001,,,25.736865997314453,,0.27775609493255615,730,,,,,,9.813992500305176,,,0.01798545941710472,,0.017732853069901466,,2171,,
0.2721255421638489,,26.644947052001953,,,,,,,,0.013637585565447807,,,,,22.198139190673828,,,4.008959770202637,,,,1776369824.1844828,,5931.388648481,0.15608271956443787,,,,724,,,,,,,,,,,,0.39120423793792725,,,0.4181092381477356,4.446808338165283,,,25.738656997680664,,0.31316259503364563,731,,,,,,9.853919982910156,,,0.018165525048971176,,0.018459858372807503,,2174,,
0.27535101771354675,,26.585084915161133,,,,,,,,0.01369413547217846,,,,,22.144969940185547,,,4.065039157867432,,,,1776369831.113155,,5938.317623617,0.1550293266773224,,,,725,,,,,,,,,,,,0.38344478607177734,,,0.4210413694381714,4.440116882324219,,,25.740440368652344,,0.29491353034973145,732,,,,,,9.942811012268066,,,0.018177848309278488,,0.017817700281739235,,2177,,
0.2740016579627991,,26.555326461791992,,,,,,,,0.01370299980044365,,,,,22.121543884277344,,,4.089720726013184,,,,1776369838.1534996,,5945.357498333,0.15471863746643066,,,,726,,,,,,,,,,,,0.3856838047504425,,,0.42487892508506775,4.433781147003174,,,25.742176055908203,,0.2872222661972046,733,,,,,,9.988905906677246,,,0.01819467544555664,,0.018161868676543236,,2180,,
0.27598512172698975,,26.49909782409668,,,,,,,,0.013707892037928104,,,,,22.06182289123535,,,4.119300365447998,,,,1776369845.2173626,,5952.421430856,0.15370671451091766,,,,727,,,,,,,,,,,,0.386758029460907,,,0.42549896240234375,4.437276840209961,,,25.7438907623291,,0.28282177448272705,734,,,,,,10.075042724609375,,,0.018351996317505836,,0.017955807968974113,,2183,,
0.2751060426235199,,26.48992919921875,,,,,,,,0.013728892430663109,,,,,22.05230140686035,,,4.0827202796936035,,,,1776369852.5482812,,5959.753031986,0.15336467325687408,,,,728,,,,,,,,,,,,0.38603585958480835,,,0.42976492643356323,4.437628746032715,,,25.745635986328125,,0.28480517864227295,735,,,,,,10.09333324432373,,,0.018191514536738396,,0.017822615802288055,,2186,,
0.2807619273662567,,26.429157257080078,,,,,,,,0.013746345415711403,,,,,21.992612838745117,,,4.085320472717285,,,,1776369859.7435894,,5966.947999908,0.1523742377758026,,,,729,,,,,,,,,,,,0.38313576579093933,,,0.4310978055000305,4.436543941497803,,,25.747407913208008,,0.285761296749115,736,,,,,,10.161809921264648,,,0.018387727439403534,,0.01776270940899849,,2189,,
0.281417578458786,,26.423524856567383,,,,,,,,0.013867765665054321,,,,,21.979372024536133,,,4.172750949859619,,,,1776369867.007636,,5974.211534919,0.15199722349643707,,,,730,,,,,,,,,,,,0.3839539587497711,,,0.43779897689819336,4.444151878356934,,,25.74919319152832,,0.2875944674015045,737,,,,,,10.278548240661621,,,0.0184697937220335,,0.017390461638569832,,2192,,
0.28331202268600464,,26.358535766601562,,,,,,,,0.013908752240240574,,,,,21.923145294189453,,,4.205440998077393,,,,1776369874.1091838,,5981.313164079,0.1512172818183899,,,,731,,,,,,,,,,,,0.3921225965023041,,,0.43588027358055115,4.435389995574951,,,25.750967025756836,,0.27736029028892517,738,,,,,,10.366592407226562,,,0.018443532288074493,,0.01753518357872963,,2195,,
0.28393030166625977,,26.358325958251953,,,,,,,,0.013977346010506153,,,,,21.928909301757812,,,4.213036060333252,,,,1776369881.2730956,,5988.477083201,0.1510729044675827,,,,732,,,,,,,,,,,,0.3825708031654358,,,0.4372420608997345,4.429418563842773,,,25.75271987915039,,0.3089188039302826,739,,,,,,10.417508125305176,,,0.018596911802887917,,0.017249953001737595,,2198,,
0.287001371383667,,26.343242645263672,,,,,,,,0.013986902311444283,,,,,21.907621383666992,,,4.231700420379639,,,,1776369888.5283883,,5995.732670144,0.15068024396896362,,,,733,,,,,,,,,,,,0.39336031675338745,,,0.43985646963119507,4.435621738433838,,,25.754423141479492,,0.293823778629303,740,,,,,,10.444087982177734,,,0.018584711477160454,,0.017483415082097054,,2201,,
0.2868371903896332,,26.266197204589844,,,,,,,,0.013936522416770458,,,,,21.83517074584961,,,4.25331974029541,,,,1776369895.5418017,,6002.745900218,0.1494753658771515,,,,734,,,,,,,,,,,,0.3771573007106781,,,0.4444407522678375,4.431029319763184,,,25.756093978881836,,0.2956220209598541,741,,,,,,10.507671356201172,,,0.018616650253534317,,0.01666150987148285,,2204,,
0.2894020080566406,,26.24932289123535,,,,,,,,0.013899366371333599,,,,,21.81167984008789,,,4.25802755355835,,,,1776369902.5484636,,6009.752784637,0.14914155006408691,,,,735,,,,,,,,,,,,0.3875225782394409,,,0.44474685192108154,4.437643051147461,,,25.757797241210938,,0.2804301083087921,742,,,,,,10.497343063354492,,,0.01858481392264366,,0.01672280579805374,,2207,,
0.2875209152698517,,26.21600914001465,,,,,,,,0.0139298215508461,,,,,21.777835845947266,,,4.245643615722656,,,,1776369909.6255703,,6016.829649253,0.14844655990600586,,,,736,,,,,,,,,,,,0.37922433018684387,,,0.44750407338142395,4.438170909881592,,,25.759521484375,,0.2952009439468384,743,,,,,,10.572187423706055,,,0.018721533939242363,,0.016301553696393967,,2210,,
0.2894728481769562,,26.185630798339844,,,,,,,,0.01398727297782898,,,,,21.761146545410156,,,4.316873073577881,,,,1776369916.6332293,,6023.837083969,0.14812326431274414,,,,737,,,,,,,,,,,,0.38645583391189575,,,0.45153748989105225,4.424488544464111,,,25.76126480102539,,0.29372459650039673,744,,,,,,10.654532432556152,,,0.018723905086517334,,0.01660136692225933,,2213,,
0.29402318596839905,,26.147289276123047,,,,,,,,0.01410941407084465,,,,,21.726064682006836,,,4.345507621765137,,,,1776369923.9285452,,6031.132915429,0.14764666557312012,,,,738,,,,,,,,,,,,0.38727158308029175,,,0.4569889307022095,4.421225547790527,,,25.763023376464844,,0.30155032873153687,745,,,,,,10.78320026397705,,,0.018882660195231438,,0.017434805631637573,,2216,,
0.29672709107398987,,26.110328674316406,,,,,,,,0.014123700559139252,,,,,21.686697006225586,,,4.360438346862793,,,,1776369931.1572406,,6038.362241901,0.14701241254806519,,,,739,,,,,,,,,,,,0.38232308626174927,,,0.45977717638015747,4.423630714416504,,,25.76479148864746,,0.3022664189338684,746,,,,,,10.831198692321777,,,0.018944012001156807,,0.016962414607405663,,2219,,
0.29938820004463196,,26.101329803466797,,,,,,,,0.014138126745820045,,,,,21.673603057861328,,,4.332509994506836,,,,1776369938.3715603,,6045.575918169,0.14655885100364685,,,,740,,,,,,,,,,,,0.3744410276412964,,,0.45750874280929565,4.427727699279785,,,25.76653289794922,,0.280569463968277,747,,,,,,10.854395866394043,,,0.01891154982149601,,0.01592857390642166,,2222,,
0.2940003573894501,,26.056406021118164,,,,,,,,0.01406847033649683,,,,,21.62749481201172,,,4.343141555786133,,,,1776369945.4857466,,6052.690148102,0.1456405222415924,,,,741,,,,,,,,,,,,0.3828182518482208,,,0.46158289909362793,4.428910732269287,,,25.768239974975586,,0.2994108200073242,748,,,,,,10.862288475036621,,,0.01892038807272911,,0.015335636213421822,,2225,,
0.29963284730911255,,26.05255699157715,,,,,,,,0.014091026037931442,,,,,21.61964988708496,,,4.345700263977051,,,,1776369952.762345,,6059.966990686,0.1453947126865387,,,,742,,,,,,,,,,,,0.38202807307243347,,,0.4634333848953247,4.4329071044921875,,,25.769987106323242,,0.2928331792354584,749,,,,,,10.907678604125977,,,0.018945030868053436,,0.015873534604907036,,2228,,
0.3007584810256958,,25.978776931762695,,,,,,,,0.01414822693914175,,,,,21.55576515197754,,,4.43049955368042,,,,1776369959.950038,,6067.153989273,0.1445557177066803,,,,743,,,,,,,,,,,,0.3810659646987915,,,0.46707016229629517,4.423008918762207,,,25.7717227935791,,0.2899690866470337,750,,,,,,11.005659103393555,,,0.018984990194439888,,0.016337154433131218,,2231,,
0.30517852306365967,,25.963415145874023,,,,,,,,0.014244597405195236,,,,,21.534870147705078,,,4.429520130157471,,,,1776369966.9887257,,6074.192910143,0.1441766917705536,,,,744,,,,,,,,,,,,0.3838227391242981,,,0.470376580953598,4.42854642868042,,,25.77347755432129,,0.29357680678367615,751,,,,,,11.130046844482422,,,0.019130418077111244,,0.016073478385806084,,2234,,
0.30483946204185486,,25.9199161529541,,,,,,,,0.014243380166590214,,,,,21.490446090698242,,,4.484825611114502,,,,1776369974.054386,,6081.258345403,0.14351557195186615,,,,745,,,,,,,,,,,,0.3808762729167938,,,0.46999141573905945,4.429471015930176,,,25.775272369384766,,0.30064547061920166,752,,,,,,11.183429718017578,,,0.01915743201971054,,0.016207639127969742,,2237,,
0.3095613420009613,,25.893674850463867,,,,,,,,0.01425243355333805,,,,,21.46076774597168,,,4.485741138458252,,,,1776369981.1629822,,6088.367167416,0.14300784468650818,,,,746,,,,,,,,,,,,0.3854931592941284,,,0.473726749420166,4.43290901184082,,,25.777019500732422,,0.2858065366744995,753,,,,,,11.216816902160645,,,0.019158141687512398,,0.016186285763978958,,2240,,
0.30838069319725037,,25.876707077026367,,,,,,,,0.014302507974207401,,,,,21.4455509185791,,,4.505429744720459,,,,1776369988.7438774,,6095.948392734,0.1426398605108261,,,,747,,,,,,,,,,,,0.38200628757476807,,,0.47666335105895996,4.431151866912842,,,25.778779983520508,,0.30108559131622314,754,,,,,,11.296918869018555,,,0.019263172522187233,,0.015650298446416855,,2243,,
0.30579981207847595,,25.82543182373047,,,,,,,,0.014331021346151829,,,,,21.400501251220703,,,4.534135818481445,,,,1776369995.9289277,,6103.133057473,0.14183270931243896,,,,748,,,,,,,,,,,,0.37464338541030884,,,0.4764285385608673,4.424929618835449,,,25.78053092956543,,0.3235538601875305,755,,,,,,11.376432418823242,,,0.01929417997598648,,0.01612744852900505,,2246,,
0.3149584233760834,,25.806169509887695,,,,,,,,0.014407025650143623,,,,,21.37691307067871,,,4.538272380828857,,,,1776370003.9266088,,6111.13064691,0.1414690613746643,,,,749,,,,,,,,,,,,0.38000747561454773,,,0.4846816062927246,4.429258823394775,,,25.78223991394043,,0.325570285320282,756,,,,,,11.448040008544922,,,0.019520582631230354,,0.016050400212407112,,2249,,
0.31082454323768616,,25.783954620361328,,,,,,,,0.014397144317626953,,,,,21.359729766845703,,,4.568439483642578,,,,1776370010.6161072,,6117.820031014,0.14102138578891754,,,,750,,,,,,,,,,,,0.38275662064552307,,,0.4836374819278717,4.424227237701416,,,25.784025192260742,,0.3092535436153412,757,,,,,,11.486059188842773,,,0.01945253647863865,,0.015082779340445995,,2252,,
0.31131407618522644,,25.729124069213867,,,,,,,,0.014336244203150272,,,,,21.310117721557617,,,4.568996906280518,,,,1776370017.8777943,,6125.081834443,0.14015375077724457,,,,751,,,,,,,,,,,,0.3903510570526123,,,0.48400014638900757,4.419007301330566,,,25.785829544067383,,0.29631951451301575,758,,,,,,11.504863739013672,,,0.01928749680519104,,0.015487576834857464,,2255,,
0.31530311703681946,,25.69610595703125,,,,,,,,0.014384283684194088,,,,,21.278860092163086,,,4.571051120758057,,,,1776370024.9469683,,6132.152040938,0.13961249589920044,,,,752,,,,,,,,,,,,0.38958021998405457,,,0.4871898889541626,4.4172468185424805,,,25.7875919342041,,0.3217098116874695,759,,,,,,11.564265251159668,,,0.019367830827832222,,0.014668596908450127,,2258,,
0.3184182345867157,,25.679227828979492,,,,,,,,0.014395437203347683,,,,,21.247343063354492,,,4.566028594970703,,,,1776370032.0112917,,6139.216239791,0.13899384438991547,,,,753,,,,,,,,,,,,0.3817530870437622,,,0.4892105162143707,4.431886196136475,,,25.789352416992188,,0.29043546319007874,760,,,,,,11.636293411254883,,,0.019416382536292076,,0.014547116123139858,,2261,,
0.3193624019622803,,25.647016525268555,,,,,,,,0.014492731541395187,,,,,21.223798751831055,,,4.649198532104492,,,,1776370039.0390964,,6146.243506769,0.13877001404762268,,,,754,,,,,,,,,,,,0.37510183453559875,,,0.4946173131465912,4.423219203948975,,,25.79111671447754,,0.30758893489837646,761,,,,,,11.747110366821289,,,0.019658539444208145,,0.015048960223793983,,2264,,
0.32022202014923096,,25.589040756225586,,,,,,,,0.01449069008231163,,,,,21.16330909729004,,,4.688117027282715,,,,1776370046.0352995,,6153.239565065,0.13794921338558197,,,,755,,,,,,,,,,,,0.38468796014785767,,,0.4933808445930481,4.425734043121338,,,25.792877197265625,,0.296496719121933,762,,,,,,11.819377899169922,,,0.01953570917248726,,0.014859708026051521,,2267,,
0.3224460482597351,,25.58340072631836,,,,,,,,0.014504576101899147,,,,,21.158554077148438,,,4.676909923553467,,,,1776370053.2424757,,6160.446478757,0.1376671940088272,,,,756,,,,,,,,,,,,0.38403552770614624,,,0.49739933013916016,4.424846649169922,,,25.794593811035156,,0.29611581563949585,763,,,,,,11.840106964111328,,,0.01959995925426483,,0.014765167608857155,,2270,,
0.32011425495147705,,25.52621841430664,,,,,,,,0.014555053785443306,,,,,21.109024047851562,,,4.732930660247803,,,,1776370060.4591415,,6167.663305465,0.13705399632453918,,,,757,,,,,,,,,,,,0.3793472945690155,,,0.5051133632659912,4.417196273803711,,,25.796329498291016,,0.3132586181163788,764,,,,,,11.958984375,,,0.019810330122709274,,0.015513800084590912,,2273,,
0.32147353887557983,,25.506099700927734,,,,,,,,0.014509345404803753,,,,,21.092670440673828,,,4.684852123260498,,,,1776370067.7974913,,6175.001493943,0.13662414252758026,,,,758,,,,,,,,,,,,0.3855453133583069,,,0.5041211843490601,4.413429260253906,,,25.798095703125,,0.2966552674770355,765,,,,,,11.942023277282715,,,0.019642299041152,,0.015043972060084343,,2276,,
0.3235885202884674,,25.484540939331055,,,,,,,,0.014607607387006283,,,,,21.069318771362305,,,4.751141548156738,,,,1776370074.9322047,,6182.136211627,0.13621187210083008,,,,759,,,,,,,,,,,,0.3813372850418091,,,0.5034841299057007,4.415226459503174,,,25.799854278564453,,0.32104620337486267,766,,,,,,12.04338550567627,,,0.01990024372935295,,0.014544766396284103,,2279,,
0.3253968358039856,,25.43534278869629,,,,,,,,0.014623120427131653,,,,,21.011823654174805,,,4.8021063804626465,,,,1776370082.1294339,,6189.333789755,0.13531088829040527,,,,760,,,,,,,,,,,,0.3823830485343933,,,0.5111498236656189,4.423521041870117,,,25.801586151123047,,0.3125828802585602,767,,,,,,12.159003257751465,,,0.019814753904938698,,0.01470972876995802,,2282,,
0.3290152847766876,,25.408294677734375,,,,,,,,0.014694697223603725,,,,,20.99234962463379,,,4.839076519012451,,,,1776370089.4618602,,6196.666275014,0.13502484560012817,,,,761,,,,,,,,,,,,0.3859093487262726,,,0.5146938562393188,4.415944576263428,,,25.803308486938477,,0.3212369978427887,768,,,,,,12.243288040161133,,,0.020014287903904915,,0.014537797309458256,,2285,,
0.33358287811279297,,25.377723693847656,,,,,,,,0.01474070269614458,,,,,20.963645935058594,,,4.803204536437988,,,,1776370096.5434792,,6203.747731989,0.134420245885849,,,,762,,,,,,,,,,,,0.3864831328392029,,,0.5176060199737549,4.414079189300537,,,25.80501365661621,,0.3203050196170807,769,,,,,,12.317238807678223,,,0.020106758922338486,,0.0145866759121418,,2288,,
0.333701491355896,,25.353639602661133,,,,,,,,0.014784409664571285,,,,,20.939022064208984,,,4.890179634094238,,,,1776370103.5949216,,6210.799125546,0.13409721851348877,,,,763,,,,,,,,,,,,0.3783860504627228,,,0.5194347500801086,4.414616584777832,,,25.806793212890625,,0.31187596917152405,770,,,,,,12.40647029876709,,,0.020153556019067764,,0.014686109498143196,,2291,,
0.334285169839859,,25.314922332763672,,,,,,,,0.014751171693205833,,,,,20.898174285888672,,,4.873375415802002,,,,1776370110.6433487,,6217.847487359,0.13321183621883392,,,,764,,,,,,,,,,,,0.38297489285469055,,,0.5230568051338196,4.416745662689209,,,25.808530807495117,,0.3245870769023895,771,,,,,,12.42679214477539,,,0.02010980248451233,,0.013754444196820259,,2294,,
0.3353090286254883,,25.29233741760254,,,,,,,,0.014816983602941036,,,,,20.875446319580078,,,4.894141674041748,,,,1776370117.7049775,,6224.909024163,0.1330094337463379,,,,765,,,,,,,,,,,,0.37997865676879883,,,0.5265370011329651,4.416888236999512,,,25.810209274291992,,0.30542615056037903,772,,,,,,12.51284408569336,,,0.02007659524679184,,0.014322943985462189,,2297,,
0.3429701328277588,,25.249189376831055,,,,,,,,0.014888662844896317,,,,,20.836341857910156,,,4.983251094818115,,,,1776370125.0404773,,6232.244761103,0.13245899975299835,,,,766,,,,,,,,,,,,0.3822483420372009,,,0.5310248732566833,4.4128499031066895,,,25.811975479125977,,0.3151078522205353,773,,,,,,12.63623046875,,,0.020200196653604507,,0.0142204063013196,,2300,,
0.337580144405365,,25.235614776611328,,,,,,,,0.014823293313384056,,,,,20.81842041015625,,,4.975212574005127,,,,1776370132.078245,,6239.282446522,0.13191427290439606,,,,767,,,,,,,,,,,,0.3819516897201538,,,0.5289236307144165,4.417195796966553,,,25.813724517822266,,0.3191050589084625,774,,,,,,12.624135971069336,,,0.02018807828426361,,0.013695471920073032,,2303,,
0.342527836561203,,25.207035064697266,,,,,,,,0.014887623488903046,,,,,20.790937423706055,,,5.003325462341309,,,,1776370139.015336,,6246.219375567,0.1317482888698578,,,,768,,,,,,,,,,,,0.3800017237663269,,,0.5287220478057861,4.416099548339844,,,25.815446853637695,,0.3283291757106781,775,,,,,,12.689873695373535,,,0.02033885009586811,,0.014045937918126583,,2306,,
0.3431648313999176,,25.170303344726562,,,,,,,,0.014865607023239136,,,,,20.758764266967773,,,4.979612827301025,,,,1776370146.0474942,,6253.251524071,0.13092635571956635,,,,769,,,,,,,,,,,,0.3789551556110382,,,0.5352171659469604,4.411537170410156,,,25.817157745361328,,0.32582005858421326,776,,,,,,12.740089416503906,,,0.02030053548514843,,0.01348502654582262,,2309,,
0.342697411775589,,25.152759552001953,,,,,,,,0.014946646988391876,,,,,20.734054565429688,,,4.994970798492432,,,,1776370153.026907,,6260.231059876,0.13046769797801971,,,,770,,,,,,,,,,,,0.38480809330940247,,,0.5351376533508301,4.41870641708374,,,25.818918228149414,,0.33184096217155457,777,,,,,,12.857702255249023,,,0.02039993181824684,,0.013634751550853252,,2312,,
0.34463614225387573,,25.097347259521484,,,,,,,,0.015000591054558754,,,,,20.689943313598633,,,5.040455341339111,,,,1776370160.3549757,,6267.55943398,0.13007324934005737,,,,771,,,,,,,,,,,,0.3810848593711853,,,0.5384123921394348,4.407402038574219,,,25.820714950561523,,0.3185570240020752,778,,,,,,12.962579727172852,,,0.020427580922842026,,0.014287172816693783,,2315,,
0.3490842282772064,,25.067771911621094,,,,,,,,0.014979103580117226,,,,,20.65370750427246,,,5.065162181854248,,,,1776370167.5568185,,6274.760878451,0.12941910326480865,,,,772,,,,,,,,,,,,0.37560051679611206,,,0.5456537008285522,4.414063930511475,,,25.822437286376953,,0.32835885882377625,779,,,,,,13.002045631408691,,,0.020504111424088478,,0.012900418601930141,,2318,,
0.3500608205795288,,25.023759841918945,,,,,,,,0.014980481006205082,,,,,20.619516372680664,,,5.089326858520508,,,,1776370174.6136343,,6281.817804336,0.12899011373519897,,,,773,,,,,,,,,,,,0.378806471824646,,,0.5486010909080505,4.40424108505249,,,25.824193954467773,,0.3359393775463104,780,,,,,,13.052387237548828,,,0.020495068281888962,,0.013740498572587967,,2321,,
0.3525194525718689,,24.99959945678711,,,,,,,,0.014965073205530643,,,,,20.59076499938965,,,5.089951992034912,,,,1776370181.651271,,6288.855328869,0.12833504378795624,,,,774,,,,,,,,,,,,0.37754225730895996,,,0.5455574989318848,4.408833026885986,,,25.825960159301758,,0.316927969455719,781,,,,,,13.09853744506836,,,0.020444614812731743,,0.013494922779500484,,2324,,
0.35332825779914856,,24.95695686340332,,,,,,,,0.015044599771499634,,,,,20.547449111938477,,,5.1802778244018555,,,,1776370188.7278736,,6295.931827763,0.12790463864803314,,,,775,,,,,,,,,,,,0.39198583364486694,,,0.5530650615692139,4.409505367279053,,,25.82769775390625,,0.3119097650051117,782,,,,,,13.229830741882324,,,0.02048826776444912,,0.013932637870311737,,2327,,
0.35431909561157227,,24.966594696044922,,,,,,,,0.015078173018991947,,,,,20.554889678955078,,,5.154489040374756,,,,1776370195.9953132,,6303.199487861,0.12764015793800354,,,,776,,,,,,,,,,,,0.3816819489002228,,,0.55412757396698,4.411705017089844,,,25.82944107055664,,0.3339032828807831,783,,,,,,13.242401123046875,,,0.020672287791967392,,0.0130184106528759,,2330,,
0.356100857257843,,24.929447174072266,,,,,,,,0.015064921230077744,,,,,20.507484436035156,,,5.16548490524292,,,,1776370203.1115577,,6310.315981461,0.12720157206058502,,,,777,,,,,,,,,,,,0.38245925307273865,,,0.5559945702552795,4.421959400177002,,,25.831174850463867,,0.32517915964126587,784,,,,,,13.31144905090332,,,0.020681874826550484,,0.01300421915948391,,2333,,
0.3615637719631195,,24.906347274780273,,,,,,,,0.015179773792624474,,,,,20.483381271362305,,,5.2243733406066895,,,,1776370210.527129,,6317.731274515,0.126738041639328,,,,778,,,,,,,,,,,,0.3837248980998993,,,0.5625386834144592,4.422966957092285,,,25.832942962646484,,0.33109742403030396,785,,,,,,13.455580711364746,,,0.020892169326543808,,0.0132322171702981,,2336,,
0.36215150356292725,,24.89569091796875,,,,,,,,0.015275671146810055,,,,,20.473548889160156,,,5.243786811828613,,,,1776370217.6913037,,6324.895782625,0.12636886537075043,,,,779,,,,,,,,,,,,0.3804360330104828,,,0.5633640885353088,4.422140121459961,,,25.834714889526367,,0.33505454659461975,786,,,,,,13.563224792480469,,,0.020943347364664078,,0.013450506143271923,,2339,,
0.36290761828422546,,24.826513290405273,,,,,,,,0.015223534777760506,,,,,20.411367416381836,,,5.2123847007751465,,,,1776370225.1059446,,6332.309913392,0.1253853291273117,,,,780,,,,,,,,,,,,0.3847105801105499,,,0.5654325485229492,4.4151434898376465,,,25.83644676208496,,0.32379722595214844,787,,,,,,13.614681243896484,,,0.02086661383509636,,0.012617150321602821,,2342,,
0.36465999484062195,,24.798316955566406,,,,,,,,0.015330073423683643,,,,,20.39827537536621,,,5.2894182205200195,,,,1776370232.1427686,,6339.346849964,0.12538398802280426,,,,781,,,,,,,,,,,,0.3844141960144043,,,0.569915235042572,4.400043487548828,,,25.838150024414062,,0.34603166580200195,788,,,,,,13.716702461242676,,,0.021057287231087685,,0.012415350414812565,,2345,,
0.36392471194267273,,24.75660514831543,,,,,,,,0.015209509991109371,,,,,20.344554901123047,,,5.303636074066162,,,,1776370239.2751162,,6346.479027286,0.12459587305784225,,,,782,,,,,,,,,,,,0.38134005665779114,,,0.5715940594673157,4.412052631378174,,,25.839893341064453,,0.32515981793403625,789,,,,,,13.723637580871582,,,0.020848654210567474,,0.01284740585833788,,2348,,
0.3661730885505676,,24.73063087463379,,,,,,,,0.015232009813189507,,,,,20.32400131225586,,,5.2848219871521,,,,1776370246.3797412,,6353.583791356,0.12420470267534256,,,,783,,,,,,,,,,,,0.3820417821407318,,,0.5801316499710083,4.406630039215088,,,25.84157371520996,,0.33293601870536804,790,,,,,,13.765273094177246,,,0.020945798605680466,,0.012967671267688274,,2351,,
0.3684752583503723,,24.688810348510742,,,,,,,,0.01533457450568676,,,,,20.281274795532227,,,5.370509624481201,,,,1776370253.5339217,,6360.738357689,0.12349376827478409,,,,784,,,,,,,,,,,,0.3790479302406311,,,0.5779058337211609,4.407535552978516,,,25.843305587768555,,0.32627010345458984,791,,,,,,13.92310905456543,,,0.021079130470752716,,0.012600472196936607,,2354,,
0.3658354878425598,,24.647438049316406,,,,,,,,0.015286865644156933,,,,,20.23394012451172,,,5.378167152404785,,,,1776370260.8348184,,6368.039113838,0.12275488674640656,,,,785,,,,,,,,,,,,0.38705557584762573,,,0.5796215534210205,4.413497447967529,,,25.845048904418945,,0.3215510845184326,792,,,,,,13.988489151000977,,,0.021039815619587898,,0.012567343190312386,,2357,,
0.3765037953853607,,24.6553955078125,,,,,,,,0.015393964014947414,,,,,20.253768920898438,,,5.365976333618164,,,,1776370267.9068751,,6375.110783147,0.12290454655885696,,,,786,,,,,,,,,,,,0.37546512484550476,,,0.5884963870048523,4.401625156402588,,,25.846696853637695,,0.34522995352745056,793,,,,,,14.03681468963623,,,0.021282289177179337,,0.011869411915540695,,2360,,
0.37213853001594543,,24.61136817932129,,,,,,,,0.015377465635538101,,,,,20.200908660888672,,,5.429977893829346,,,,1776370275.219551,,6382.423631681,0.12227720767259598,,,,787,,,,,,,,,,,,0.38384974002838135,,,0.5883861780166626,4.410459995269775,,,25.848491668701172,,0.33420464396476746,794,,,,,,14.108593940734863,,,0.02116861380636692,,0.012652549892663956,,2363,,
0.3708950877189636,,24.58432388305664,,,,,,,,0.015354516915977001,,,,,20.170459747314453,,,5.39651346206665,,,,1776370282.3443425,,6389.548366159,0.12195497006177902,,,,788,,,,,,,,,,,,0.37542837858200073,,,0.5902652740478516,4.4138641357421875,,,25.85021209716797,,0.3314777910709381,795,,,,,,14.119007110595703,,,0.02120785415172577,,0.01264386996626854,,2366,,
0.3831508457660675,,24.53130531311035,,,,,,,,0.015422557480633259,,,,,20.135108947753906,,,5.436888217926025,,,,1776370289.8041608,,6397.008090105,0.12135110050439835,,,,789,,,,,,,,,,,,0.3749862015247345,,,0.5931885838508606,4.3961944580078125,,,25.8519287109375,,0.3394748866558075,796,,,,,,14.248642921447754,,,0.021250959485769272,,0.012601050548255444,,2369,,
0.38344159722328186,,24.508373260498047,,,,,,,,0.015485687181353569,,,,,20.104907989501953,,,5.530207633972168,,,,1776370296.87861,,6404.082761242,0.1208004355430603,,,,790,,,,,,,,,,,,0.37872734665870667,,,0.6018814444541931,4.403467655181885,,,25.85361671447754,,0.34500250220298767,797,,,,,,14.382413864135742,,,0.02130700834095478,,0.012067126110196114,,2372,,
0.38353201746940613,,24.491588592529297,,,,,,,,0.015541612170636654,,,,,20.082935333251953,,,5.5008015632629395,,,,1776370304.0607147,,6411.264970841,0.1203378289937973,,,,791,,,,,,,,,,,,0.376435786485672,,,0.6031018495559692,4.4086527824401855,,,25.855297088623047,,0.34109753370285034,798,,,,,,14.464280128479004,,,0.021465450525283813,,0.011856336146593094,,2375,,
0.3825110197067261,,24.482025146484375,,,,,,,,0.015535682439804077,,,,,20.06456756591797,,,5.518242359161377,,,,1776370311.2286313,,6418.432800629,0.12012003362178802,,,,792,,,,,,,,,,,,0.37972360849380493,,,0.6026779413223267,4.417457103729248,,,25.856964111328125,,0.3604884147644043,799,,,,,,14.49903678894043,,,0.02153472602367401,,0.012126433663070202,,2378,,
0.3856789767742157,,24.424846649169922,,,,,,,,0.015490471385419369,,,,,20.02562713623047,,,5.523810386657715,,,,1776370318.1927748,,6425.396885072,0.11953464150428772,,,,793,,,,,,,,,,,,0.38230231404304504,,,0.6069170832633972,4.399221420288086,,,25.85869789123535,,0.3393002450466156,800,,,,,,14.520682334899902,,,0.021427050232887268,,0.012135629542171955,,2381,,
0.3767625391483307,,24.39820098876953,,,,,,,,0.015436436049640179,,,,,19.990726470947266,,,5.498270034790039,,,,1776370325.6361468,,6432.840049649,0.11902328580617905,,,,794,,,,,,,,,,,,0.3780427873134613,,,0.6088147759437561,4.407476902008057,,,25.8604679107666,,0.325160950422287,801,,,,,,14.534154891967773,,,0.021374482661485672,,0.011769074946641922,,2384,,
0.38694626092910767,,24.372276306152344,,,,,,,,0.015491137281060219,,,,,19.961734771728516,,,5.597699165344238,,,,1776370332.6764693,,6439.881154782,0.11859053373336792,,,,795,,,,,,,,,,,,0.376395583152771,,,0.6112911701202393,4.410539627075195,,,25.862136840820312,,0.3465995490550995,802,,,,,,14.649238586425781,,,0.021576393395662308,,0.01187846064567566,,2387,,
0.3918605446815491,,24.35386848449707,,,,,,,,0.015612926334142685,,,,,19.94948959350586,,,5.599450588226318,,,,1776370339.8608794,,6447.065022937,0.11832912266254425,,,,796,,,,,,,,,,,,0.3783590495586395,,,0.6137576699256897,4.404378414154053,,,25.86386489868164,,0.33848837018013,803,,,,,,14.792526245117188,,,0.021656394004821777,,0.011631079949438572,,2390,,
0.39393365383148193,,24.31024169921875,,,,,,,,0.015709972009062767,,,,,19.9130802154541,,,5.692565441131592,,,,1776370346.9545128,,6454.158509558,0.11787113547325134,,,,797,,,,,,,,,,,,0.3787354826927185,,,0.6192408204078674,4.397160530090332,,,25.865571975708008,,0.3462774455547333,804,,,,,,14.92515754699707,,,0.02173738367855549,,0.011709723621606827,,2393,,
0.3948998749256134,,24.249174118041992,,,,,,,,0.01570729911327362,,,,,19.851394653320312,,,5.694517612457275,,,,1776370354.2081583,,6461.412373435,0.11688988655805588,,,,798,,,,,,,,,,,,0.3785106837749481,,,0.628337025642395,4.397782325744629,,,25.867225646972656,,0.3488547205924988,805,,,,,,15.059874534606934,,,0.021837716922163963,,0.011173522099852562,,2396,,
,0.006818749476224184,,0.3457062542438507,6.033585089881832e-16,63.99721908569336,1.2900921650405017e-15,7.602024078369141,0.11080389469861984,7.602024078369141,,0.03054499439895153,0.9671936631202698,4.308673858642578,0.9944812059402466,,0.4330866038799286,0.2182837873697281,,4.652973651885986,31.689441680908203,0.2117999941110611,1776370439.47067,0.019052401185035706,6546.678560056,,1.4603756666183472,34.270843505859375,0.08889375627040863,799,0.24339927732944489,0.013643749989569187,14.827974319458008,0.0014875000342726707,0.37462499737739563,31.50009536743164,0.4986562430858612,0.2195499986410141,69.92121124267578,0.1059187576174736,1.397530436515808,,0.11835689097642899,12.466559410095215,,,0.0024937500711530447,34.254695892333984,,12.041238784790039,,806,0.004450000356882811,0.005062500014901161,0.8548125624656677,14.827974319458008,63.99721908569336,,11.252338409423828,13.147759437561035,,0.2495187520980835,,0.8548125624656677,2399,0.015507491305470467,69.92121124267578
0.39719870686531067,,24.212617874145508,,,,,,,,0.01575419120490551,,,,,19.810108184814453,,,5.797943115234375,,,,1776370440.6766887,,6547.880768187,0.11654388159513474,,,,799,,,,,,,,,,,,0.38440176844596863,,,0.6259765028953552,4.402509689331055,,,25.868986129760742,,0.34532731771469116,807,,,,,,15.166383743286133,,,0.02180638536810875,,0.011596606113016605,,2399,,
0.3902377486228943,,24.244524002075195,,,,,,,,0.015723979100584984,,,,,19.834857940673828,,,5.630252838134766,,,,1776370447.6368172,,6554.840819049,0.11645464599132538,,,,800,,,,,,,,,,,,0.3754236400127411,,,0.6286976337432861,4.409665584564209,,,25.87070083618164,,0.35632094740867615,808,,,,,,15.1026029586792,,,0.021797984838485718,,0.011284369975328445,,2402,,
0.3964701294898987,,24.199108123779297,,,,,,,,0.01572825200855732,,,,,19.807043075561523,,,5.668546676635742,,,,1776370454.9805815,,6562.184702187,0.11618001013994217,,,,801,,,,,,,,,,,,0.378271222114563,,,0.6298121809959412,4.392065525054932,,,25.872394561767578,,0.3242473900318146,809,,,,,,15.150781631469727,,,0.021881092339754105,,0.01097205188125372,,2405,,
0.3986626863479614,,24.159509658813477,,,,,,,,0.01561647281050682,,,,,19.758207321166992,,,5.678387641906738,,,,1776370462.1881866,,6569.392456131,0.11559151858091354,,,,802,,,,,,,,,,,,0.37585604190826416,,,0.6296723484992981,4.401299476623535,,,25.8741512298584,,0.3260737657546997,810,,,,,,15.13162899017334,,,0.021757392212748528,,0.011422530747950077,,2408,,
0.4036685526371002,,24.099950790405273,,,,,,,,0.015669632703065872,,,,,19.704326629638672,,,5.802709102630615,,,,1776370469.3397398,,6576.543717786,0.1148747131228447,,,,803,,,,,,,,,,,,0.3778168857097626,,,0.6372113227844238,4.395625591278076,,,25.875886917114258,,0.3304392993450165,811,,,,,,15.297356605529785,,,0.021745318546891212,,0.011387316510081291,,2411,,
0.40373915433883667,,24.102848052978516,,,,,,,,0.015852928161621094,,,,,19.70979881286621,,,5.7580790519714355,,,,1776370476.5398757,,6583.744045416,0.11482175439596176,,,,804,,,,,,,,,,,,0.37881189584732056,,,0.6422359347343445,4.393050193786621,,,25.877704620361328,,0.34541797637939453,812,,,,,,15.464030265808105,,,0.02204904891550541,,0.011320163495838642,,2414,,
0.4056895673274994,,24.063570022583008,,,,,,,,0.015879778191447258,,,,,19.661836624145508,,,5.873532772064209,,,,1776370483.7188456,,6590.923037007,0.11415152251720428,,,,805,,,,,,,,,,,,0.3757869601249695,,,0.6431897282600403,4.401734828948975,,,25.879413604736328,,0.33445611596107483,813,,,,,,15.587096214294434,,,0.022023048251867294,,0.01095306221395731,,2417,,
0.4125507175922394,,24.023775100708008,,,,,,,,0.01599820703268051,,,,,19.626049041748047,,,5.9669318199157715,,,,1776370490.8665686,,6598.070881782,0.11359858512878418,,,,806,,,,,,,,,,,,0.37505704164505005,,,0.6497601866722107,4.397726058959961,,,25.881067276000977,,0.3630683720111847,814,,,,,,15.764409065246582,,,0.022181954234838486,,0.010845117270946503,,2420,,
0.41586610674858093,,23.993953704833984,,,,,,,,0.016055552288889885,,,,,19.598478317260742,,,5.964009761810303,,,,1776370498.0205545,,6605.225113574,0.11325907707214355,,,,807,,,,,,,,,,,,0.3755549490451813,,,0.6580949425697327,4.3954758644104,,,25.882747650146484,,0.3542601764202118,815,,,,,,15.877701759338379,,,0.02241784892976284,,0.010862795636057854,,2423,,
0.4137386083602905,,23.968101501464844,,,,,,,,0.015889760106801987,,,,,19.56256866455078,,,5.951987266540527,,,,1776370505.1944256,,6612.39835848,0.11267733573913574,,,,808,,,,,,,,,,,,0.37561580538749695,,,0.6638224720954895,4.405534744262695,,,25.884363174438477,,0.3350248336791992,816,,,,,,15.803075790405273,,,0.02215009368956089,,0.011003936640918255,,2426,,
0.41037431359291077,,23.925296783447266,,,,,,,,0.01586347445845604,,,,,19.518714904785156,,,5.938920021057129,,,,1776370512.3894212,,6619.593413422,0.11213300377130508,,,,809,,,,,,,,,,,,0.3861064016819,,,0.6584586501121521,4.406583786010742,,,25.8861083984375,,0.3674728274345398,817,,,,,,15.833639144897461,,,0.022316234186291695,,0.011051639914512634,,2429,,
0.4168080985546112,,23.93303108215332,,,,,,,,0.015912353992462158,,,,,19.531906127929688,,,5.882289409637451,,,,1776370519.5601723,,6626.764215819,0.11224834620952606,,,,810,,,,,,,,,,,,0.3802356421947479,,,0.6608700752258301,4.401124954223633,,,25.887800216674805,,0.36777007579803467,818,,,,,,15.855399131774902,,,0.022412892431020737,,0.011073830537497997,,2432,,
0.4093436300754547,,23.872440338134766,,,,,,,,0.015817848965525627,,,,,19.475614547729492,,,5.934474945068359,,,,1776370526.8756464,,6634.079780492,0.11148745566606522,,,,811,,,,,,,,,,,,0.3805374801158905,,,0.6591206192970276,4.396824359893799,,,25.889543533325195,,0.36467528343200684,819,,,,,,15.902928352355957,,,0.02222248539328575,,0.010891050100326538,,2435,,
0.4206309914588928,,23.87587547302246,,,,,,,,0.015933122485876083,,,,,19.472618103027344,,,5.936590194702148,,,,1776370533.9946132,,6641.198807117,0.11131387203931808,,,,812,,,,,,,,,,,,0.37758922576904297,,,0.6625974774360657,4.403258323669434,,,25.891265869140625,,0.3472660779953003,820,,,,,,15.999381065368652,,,0.022455014288425446,,0.010516082867980003,,2438,,
0.42688339948654175,,23.824241638183594,,,,,,,,0.015965143218636513,,,,,19.42262840270996,,,6.067232608795166,,,,1776370541.2175343,,6648.421713633,0.11075188964605331,,,,813,,,,,,,,,,,,0.3788205683231354,,,0.6765749454498291,4.401613712310791,,,25.892929077148438,,0.3594905734062195,821,,,,,,16.1379451751709,,,0.022369323298335075,,0.010973745957016945,,2441,,
0.4286503493785858,,23.771209716796875,,,,,,,,0.016082623973488808,,,,,19.373802185058594,,,6.109100818634033,,,,1776370548.26835,,6655.472728248,0.11009997129440308,,,,814,,,,,,,,,,,,0.3740158677101135,,,0.6846885681152344,4.397405624389648,,,25.894662857055664,,0.3415934145450592,822,,,,,,16.346086502075195,,,0.022522347047924995,,0.0107369190081954,,2444,,
0.4301665723323822,,23.76081657409668,,,,,,,,0.0163319930434227,,,,,19.3666934967041,,,6.195861339569092,,,,1776370555.431397,,6662.635541498,0.10998065769672394,,,,815,,,,,,,,,,,,0.38019296526908875,,,0.6859793066978455,4.394124984741211,,,25.896392822265625,,0.3558279275894165,823,,,,,,16.63650894165039,,,0.022821011021733284,,0.010639620013535023,,2447,,
0.4331344664096832,,23.7237606048584,,,,,,,,0.016239875927567482,,,,,19.328075408935547,,,6.164534091949463,,,,1776370562.6841707,,6669.888434873,0.10923941433429718,,,,816,,,,,,,,,,,,0.3832341134548187,,,0.6933063864707947,4.395683765411377,,,25.89808464050293,,0.35043010115623474,824,,,,,,16.633142471313477,,,0.022624079138040543,,0.010134314186871052,,2450,,
0.4307229220867157,,23.691566467285156,,,,,,,,0.016199098899960518,,,,,19.301578521728516,,,6.120398998260498,,,,1776370569.8867562,,6677.091357183,0.10898289084434509,,,,817,,,,,,,,,,,,0.37578848004341125,,,0.6916506290435791,4.389989852905273,,,25.899717330932617,,0.3592716455459595,825,,,,,,16.6484375,,,0.022726595401763916,,0.010102038271725178,,2453,,
0.432612806558609,,23.66344451904297,,,,,,,,0.016124505549669266,,,,,19.26308250427246,,,6.152811050415039,,,,1776370576.8910356,,6684.095381347,0.10855574160814285,,,,818,,,,,,,,,,,,0.3847416639328003,,,0.6945473551750183,4.400362014770508,,,25.901403427124023,,0.35537809133529663,826,,,,,,16.633676528930664,,,0.02265479415655136,,0.01024304423481226,,2456,,
0.4377681612968445,,23.645713806152344,,,,,,,,0.01619643159210682,,,,,19.239652633666992,,,6.23679780960083,,,,1776370583.9621942,,6691.167051301,0.10805211216211319,,,,819,,,,,,,,,,,,0.37344086170196533,,,0.6978878378868103,4.406060218811035,,,25.90308952331543,,0.36946624517440796,827,,,,,,16.76782989501953,,,0.022641634568572044,,0.0102561479434371,,2459,,
0.43997085094451904,,23.636491775512695,,,,,,,,0.01628614403307438,,,,,19.245763778686523,,,6.282253742218018,,,,1776370591.2039683,,6698.407980594,0.10813723504543304,,,,820,,,,,,,,,,,,0.3803751766681671,,,0.6925678253173828,4.390725612640381,,,25.9047908782959,,0.36010703444480896,828,,,,,,16.86498260498047,,,0.02284615859389305,,0.01000203937292099,,2462,,
0.43812084197998047,,23.58941650390625,,,,,,,,0.016283810138702393,,,,,19.196672439575195,,,6.3420891761779785,,,,1776370598.2495446,,6705.45345315,0.1074557974934578,,,,821,,,,,,,,,,,,0.38016605377197266,,,0.6942083239555359,4.392744541168213,,,25.906421661376953,,0.35688358545303345,829,,,,,,16.967634201049805,,,0.02291920594871044,,0.0101830018684268,,2465,,
0.4423123300075531,,23.539794921875,,,,,,,,0.01628486067056656,,,,,19.156007766723633,,,6.333437442779541,,,,1776370605.4416456,,6712.645581332,0.1071358248591423,,,,822,,,,,,,,,,,,0.38345134258270264,,,0.7002256512641907,4.383785724639893,,,25.90800666809082,,0.35621532797813416,830,,,,,,17.010515213012695,,,0.022970180958509445,,0.010420402511954308,,2468,,
0.43965134024620056,,23.53509521484375,,,,,,,,0.016245907172560692,,,,,19.14061164855957,,,6.22147274017334,,,,1776370612.4843988,,6719.688352081,0.10670586675405502,,,,823,,,,,,,,,,,,0.3764903247356415,,,0.7053308486938477,4.3944807052612305,,,25.90960693359375,,0.3613993227481842,831,,,,,,17.025390625,,,0.023066386580467224,,0.010288012214004993,,2471,,
0.44915398955345154,,23.48785400390625,,,,,,,,0.01627868041396141,,,,,19.093618392944336,,,6.337718963623047,,,,1776370619.7407317,,6726.944764275,0.10633499175310135,,,,824,,,,,,,,,,,,0.37908393144607544,,,0.709571123123169,4.39423131942749,,,25.911279678344727,,0.35811811685562134,832,,,,,,17.12928581237793,,,0.02293643355369568,,0.010668177157640457,,2474,,
0.45025792717933655,,23.47168731689453,,,,,,,,0.016444159671664238,,,,,19.07024574279785,,,6.40065336227417,,,,1776370626.9493551,,6734.153538923,0.10579558461904526,,,,825,,,,,,,,,,,,0.3743246793746948,,,0.724599301815033,4.4014434814453125,,,25.91299819946289,,0.35842353105545044,833,,,,,,17.36241340637207,,,0.023118771612644196,,0.01005090307444334,,2477,,
0.44953155517578125,,23.41975212097168,,,,,,,,0.016494741663336754,,,,,19.026222229003906,,,6.500483512878418,,,,1776370633.9966803,,6741.200719752,0.1050724908709526,,,,826,,,,,,,,,,,,0.37571829557418823,,,0.7226782441139221,4.39353084564209,,,25.914649963378906,,0.3609648048877716,834,,,,,,17.569015502929688,,,0.02323048748075962,,0.009910142980515957,,2480,,
0.4474106431007385,,23.40359878540039,,,,,,,,0.016458094120025635,,,,,19.0203857421875,,,6.427408695220947,,,,1776370641.095334,,6748.299532627,0.10493883490562439,,,,827,,,,,,,,,,,,0.3794655203819275,,,0.7208296656608582,4.3832106590271,,,25.916160583496094,,0.3892807364463806,835,,,,,,17.508899688720703,,,0.023158978670835495,,0.009402825497090816,,2483,,
0.4555140733718872,,23.368305206298828,,,,,,,,0.016419077292084694,,,,,18.98396873474121,,,6.424156188964844,,,,1776370648.237144,,6755.441335203,0.10447359830141068,,,,828,,,,,,,,,,,,0.37248915433883667,,,0.7295544147491455,4.384334087371826,,,25.917760848999023,,0.37431979179382324,836,,,,,,17.56215476989746,,,0.023231951519846916,,0.010052163153886795,,2486,,
0.4545959532260895,,23.3565673828125,,,,,,,,0.01654461957514286,,,,,18.961891174316406,,,6.545744895935059,,,,1776370655.3873012,,6762.591599677,0.10426076501607895,,,,829,,,,,,,,,,,,0.3689395785331726,,,0.7295920848846436,4.394675254821777,,,25.919387817382812,,0.3524281680583954,837,,,,,,17.749128341674805,,,0.023289132863283157,,0.009575897827744484,,2489,,
0.4577384889125824,,23.31744956970215,,,,,,,,0.016473092138767242,,,,,18.925010681152344,,,6.477146625518799,,,,1776370662.714922,,6769.919137536,0.10373961180448532,,,,830,,,,,,,,,,,,0.36705002188682556,,,0.7350244522094727,4.39243745803833,,,25.92098045349121,,0.37635812163352966,838,,,,,,17.75482749938965,,,0.023327484726905823,,0.009729299694299698,,2492,,
0.45797404646873474,,23.303125381469727,,,,,,,,0.016482602804899216,,,,,18.91339683532715,,,6.514471054077148,,,,1776370669.7291582,,6776.933201105,0.10365902632474899,,,,831,,,,,,,,,,,,0.37613964080810547,,,0.7365875244140625,4.389729022979736,,,25.922618865966797,,0.3907579779624939,839,,,,,,17.775697708129883,,,0.0233717393130064,,0.009974639862775803,,2495,,
0.4542378783226013,,23.24602508544922,,,,,,,,0.01651332527399063,,,,,18.85749626159668,,,6.517648220062256,,,,1776370676.7711322,,6783.975144528,0.10274626314640045,,,,832,,,,,,,,,,,,0.3745037019252777,,,0.7331787347793579,4.388532638549805,,,25.924232482910156,,0.37113460898399353,840,,,,,,17.95913314819336,,,0.023364316672086716,,0.00949606392532587,,2498,,
0.4677189588546753,,23.227294921875,,,,,,,,0.016545474529266357,,,,,18.843276977539062,,,6.593039512634277,,,,1776370683.8763843,,6791.080370837,0.10275587439537048,,,,833,,,,,,,,,,,,0.37563613057136536,,,0.7514429092407227,4.3840203285217285,,,25.925844192504883,,0.36009106040000916,841,,,,,,18.013132095336914,,,0.023372916504740715,,0.00957854837179184,,2501,,
0.46348831057548523,,23.189647674560547,,,,,,,,0.01666433736681938,,,,,18.801828384399414,,,6.6726531982421875,,,,1776370691.224996,,6798.429149603,0.10222658514976501,,,,834,,,,,,,,,,,,0.37418773770332336,,,0.7486700415611267,4.387819766998291,,,25.9274959564209,,0.36709216237068176,842,,,,,,18.24960708618164,,,0.023621656000614166,,0.009872949682176113,,2504,,
0.4745113253593445,,23.17219352722168,,,,,,,,0.016712961718440056,,,,,18.788911819458008,,,6.694180488586426,,,,1776370698.2421331,,6805.446028816,0.10196106880903244,,,,835,,,,,,,,,,,,0.37486934661865234,,,0.7521998882293701,4.383284091949463,,,25.92910385131836,,0.37723538279533386,843,,,,,,18.33130645751953,,,0.023644767701625824,,0.009472686797380447,,2507,,
0.46709156036376953,,23.12177085876465,,,,,,,,0.01674332469701767,,,,,18.744848251342773,,,6.747227191925049,,,,1776370705.3013709,,6812.505326036,0.10151579231023788,,,,836,,,,,,,,,,,,0.37584471702575684,,,0.7588925957679749,4.376921653747559,,,25.93073272705078,,0.3727693557739258,844,,,,,,18.4647274017334,,,0.02374056726694107,,0.009674281813204288,,2510,,
0.4696612060070038,,23.126914978027344,,,,,,,,0.016728173941373825,,,,,18.73613166809082,,,6.738436222076416,,,,1776370712.3927472,,6819.596910674,0.10126098990440369,,,,837,,,,,,,,,,,,0.373124897480011,,,0.7639269232749939,4.390781879425049,,,25.93227767944336,,0.39761051535606384,845,,,,,,18.455249786376953,,,0.023866966366767883,,0.009650254622101784,,2513,,
0.47858962416648865,,23.066505432128906,,,,,,,,0.016711626201868057,,,,,18.688364028930664,,,6.731684684753418,,,,1776370719.4915166,,6826.695831138,0.10047851502895355,,,,838,,,,,,,,,,,,0.3761351704597473,,,0.7692041397094727,4.378139495849609,,,25.933740615844727,,0.3901638686656952,846,,,,,,18.579336166381836,,,0.023739133030176163,,0.008954668417572975,,2516,,
0.47634419798851013,,23.052968978881836,,,,,,,,0.016755564138293266,,,,,18.662988662719727,,,6.758651256561279,,,,1776370726.739466,,6833.943559361,0.10028741508722305,,,,839,,,,,,,,,,,,0.37651076912879944,,,0.7665875554084778,4.389978885650635,,,25.935327529907227,,0.3774988353252411,847,,,,,,18.682945251464844,,,0.02383485808968544,,0.00936437863856554,,2519,,
0.47655391693115234,,23.00448989868164,,,,,,,,0.016806526109576225,,,,,18.617948532104492,,,6.858302593231201,,,,1776370733.7546825,,6840.958611898,0.0996776595711708,,,,840,,,,,,,,,,,,0.37287986278533936,,,0.7711207270622253,4.38654088973999,,,25.936925888061523,,0.4059469401836395,848,,,,,,18.84244728088379,,,0.024007683619856834,,0.009180044755339622,,2522,,
0.48296940326690674,,22.98546600341797,,,,,,,,0.016789909452199936,,,,,18.590187072753906,,,6.844275951385498,,,,1776370740.75513,,6847.960053231,0.09924734383821487,,,,841,,,,,,,,,,,,0.37145674228668213,,,0.7791088819503784,4.395276069641113,,,25.938467025756836,,0.38286763429641724,849,,,,,,18.90593147277832,,,0.023915249854326248,,0.009059460833668709,,2525,,
0.4830898642539978,,22.96251106262207,,,,,,,,0.0168561153113842,,,,,18.588272094726562,,,6.830469608306885,,,,1776370747.7391615,,6854.943365302,0.09929908812046051,,,,842,,,,,,,,,,,,0.37692224979400635,,,0.7777145504951477,4.374239444732666,,,25.94002914428711,,0.40188291668891907,850,,,,,,18.958162307739258,,,0.023999979719519615,,0.00939969439059496,,2528,,
0.4902539551258087,,22.93912124633789,,,,,,,,0.01680743880569935,,,,,18.54875373840332,,,6.861741542816162,,,,1776370754.9382412,,6862.142313748,0.09864714741706848,,,,843,,,,,,,,,,,,0.3718258738517761,,,0.7813368439674377,4.3903679847717285,,,25.941650390625,,0.37664082646369934,851,,,,,,19.030536651611328,,,0.02388026937842369,,0.009161490947008133,,2531,,
0.4884503185749054,,22.90365219116211,,,,,,,,0.016857337206602097,,,,,18.5197811126709,,,6.967401504516602,,,,1776370762.157885,,6869.361815995,0.09849798679351807,,,,844,,,,,,,,,,,,0.3829261362552643,,,0.7874365448951721,4.3838701248168945,,,25.943363189697266,,0.37547340989112854,852,,,,,,19.12674903869629,,,0.023948773741722107,,0.009218123741447926,,2534,,
0.4976302683353424,,22.868818283081055,,,,,,,,0.01688573881983757,,,,,18.48671531677246,,,6.914220333099365,,,,1776370769.2272243,,6876.431338526,0.09811148047447205,,,,845,,,,,,,,,,,,0.37698042392730713,,,0.7993193864822388,4.382103443145752,,,25.945064544677734,,0.3813133239746094,853,,,,,,19.238359451293945,,,0.02405533567070961,,0.00980800949037075,,2537,,
0.4901529550552368,,22.836965560913086,,,,,,,,0.016856353729963303,,,,,18.457324981689453,,,6.885268688201904,,,,1776370776.4167619,,6883.620953594,0.09752871096134186,,,,846,,,,,,,,,,,,0.3737112581729889,,,0.7987728118896484,4.37964391708374,,,25.946744918823242,,0.3912620544433594,854,,,,,,19.298904418945312,,,0.024037297815084457,,0.008913102559745312,,2540,,
0.4968336522579193,,22.834596633911133,,,,,,,,0.016881434246897697,,,,,18.45355224609375,,,6.887608051300049,,,,1776370783.559362,,6890.763302785,0.09757283329963684,,,,847,,,,,,,,,,,,0.3747602701187134,,,0.801591694355011,4.381042003631592,,,25.948410034179688,,0.3907540738582611,855,,,,,,19.31915855407715,,,0.02412937581539154,,0.00881393626332283,,2543,,
0.4992493689060211,,22.795183181762695,,,,,,,,0.016949469223618507,,,,,18.414905548095703,,,7.007031440734863,,,,1776370790.7461782,,6897.950223209,0.09707242995500565,,,,848,,,,,,,,,,,,0.37948673963546753,,,0.8064415454864502,4.380277633666992,,,25.95009422302246,,0.4038539230823517,856,,,,,,19.505041122436523,,,0.024266012012958527,,0.008902929723262787,,2546,,
0.49616190791130066,,22.748825073242188,,,,,,,,0.016947003081440926,,,,,18.357412338256836,,,7.078943729400635,,,,1776370798.8638756,,6906.068215637,0.09630630165338516,,,,849,,,,,,,,,,,,0.3827117383480072,,,0.8076916337013245,4.391412258148193,,,25.951833724975586,,0.3683769404888153,857,,,,,,19.656959533691406,,,0.02400209754705429,,0.008512450382113457,,2549,,
0.5020376443862915,,22.708885192871094,,,,,,,,0.017015758901834488,,,,,18.336673736572266,,,7.091010570526123,,,,1776370805.7537158,,6912.958119194,0.09606875479221344,,,,850,,,,,,,,,,,,0.37249845266342163,,,0.8120074272155762,4.372211933135986,,,25.95342254638672,,0.3795909583568573,858,,,,,,19.762493133544922,,,0.02424306608736515,,0.008950772695243359,,2552,,
0.4999280273914337,,22.692161560058594,,,,,,,,0.017063666135072708,,,,,18.31833267211914,,,7.096091270446777,,,,1776370812.9604268,,6920.165070793,0.09579814970493317,,,,851,,,,,,,,,,,,0.37654685974121094,,,0.8147249817848206,4.373829364776611,,,25.955001831054688,,0.38673898577690125,859,,,,,,19.886817932128906,,,0.024436423555016518,,0.009243068285286427,,2555,,
0.506035327911377,,22.666105270385742,,,,,,,,0.017094749957323074,,,,,18.289278030395508,,,7.195462226867676,,,,1776370820.0994024,,6927.303767968,0.09544745832681656,,,,852,,,,,,,,,,,,0.3730679452419281,,,0.8188748955726624,4.376826763153076,,,25.95663833618164,,0.3782479465007782,860,,,,,,19.998348236083984,,,0.02456025965511799,,0.008568784222006798,,2558,,
0.5072674751281738,,22.64927864074707,,,,,,,,0.01707770675420761,,,,,18.27720832824707,,,7.168312072753906,,,,1776370827.3697493,,6934.57401797,0.09518837183713913,,,,853,,,,,,,,,,,,0.38393038511276245,,,0.8180238008499146,4.372068881988525,,,25.958202362060547,,0.403178870677948,861,,,,,,20.030929565429688,,,0.024327337741851807,,0.008634890429675579,,2561,,
0.5128325819969177,,22.6195068359375,,,,,,,,0.017036834731698036,,,,,18.235410690307617,,,7.198565483093262,,,,1776370834.5368187,,6941.740829403,0.09479188174009323,,,,854,,,,,,,,,,,,0.37848594784736633,,,0.8310928344726562,4.384096622467041,,,25.959789276123047,,0.38531363010406494,862,,,,,,20.09168243408203,,,0.024399716407060623,,0.0087747136130929,,2564,,
0.5133554339408875,,22.57396125793457,,,,,,,,0.017023243010044098,,,,,18.19166374206543,,,7.232599258422852,,,,1776370841.5649993,,6948.768930639,0.09424974024295807,,,,855,,,,,,,,,,,,0.3776654899120331,,,0.8351711630821228,4.382296562194824,,,25.961402893066406,,0.37891075015068054,863,,,,,,20.193090438842773,,,0.024320313706994057,,0.008500405587255955,,2567,,
0.5151982307434082,,22.560142517089844,,,,,,,,0.017041170969605446,,,,,18.185640335083008,,,7.102929592132568,,,,1776370848.6148965,,6955.81889339,0.09402676671743393,,,,856,,,,,,,,,,,,0.37224888801574707,,,0.8423992395401001,4.374500751495361,,,25.963062286376953,,0.4116305410861969,864,,,,,,20.22645378112793,,,0.024496300145983696,,0.008343330584466457,,2570,,
0.5222716927528381,,22.509437561035156,,,,,,,,0.017213065177202225,,,,,18.137453079223633,,,7.30222749710083,,,,1776370855.8403516,,6963.044747381,0.09353042393922806,,,,857,,,,,,,,,,,,0.36880478262901306,,,0.840649425983429,4.371983051300049,,,25.96474266052246,,0.3962908387184143,865,,,,,,20.546796798706055,,,0.024690117686986923,,0.008419287391006947,,2573,,
0.5263491868972778,,22.529176712036133,,,,,,,,0.017343265935778618,,,,,18.14846420288086,,,7.326556205749512,,,,1776370863.024302,,6970.228464236,0.09363189339637756,,,,858,,,,,,,,,,,,0.3813896179199219,,,0.8493825197219849,4.380713939666748,,,25.966354370117188,,0.389272004365921,866,,,,,,20.68505859375,,,0.024827146902680397,,0.008742165751755238,,2576,,
0.5254026055335999,,22.45443344116211,,,,,,,,0.017347348853945732,,,,,18.076810836791992,,,7.459840297698975,,,,1776370870.2056046,,6977.409934579,0.09278638660907745,,,,859,,,,,,,,,,,,0.3737628161907196,,,0.8519759178161621,4.377622127532959,,,25.967912673950195,,0.39529672265052795,867,,,,,,20.871891021728516,,,0.02495528571307659,,0.00834308099001646,,2579,,
0.5288573503494263,,22.435321807861328,,,,,,,,0.017325321212410927,,,,,18.0541934967041,,,7.413006782531738,,,,1776370877.2296007,,6984.434059535,0.0924079567193985,,,,860,,,,,,,,,,,,0.38108766078948975,,,0.8581263422966003,4.381128311157227,,,25.96942901611328,,0.3994210362434387,868,,,,,,20.911436080932617,,,0.02485102228820324,,0.008116742596030235,,2582,,
0.5357984304428101,,22.43448257446289,,,,,,,,0.017337381839752197,,,,,18.04878044128418,,,7.421411037445068,,,,1776370884.3535638,,6991.557638451,0.0923311710357666,,,,861,,,,,,,,,,,,0.37432458996772766,,,0.8618581891059875,4.385701656341553,,,25.971054077148438,,0.3981263339519501,869,,,,,,20.93390464782715,,,0.02495719864964485,,0.008011652156710625,,2585,,
0.5281212329864502,,22.389142990112305,,,,,,,,0.017353616654872894,,,,,18.006690979003906,,,7.431790351867676,,,,1776370891.5610251,,6998.765267346,0.09183526784181595,,,,862,,,,,,,,,,,,0.3789799213409424,,,0.8573766946792603,4.382450580596924,,,25.97271156311035,,0.3883460760116577,870,,,,,,21.059953689575195,,,0.024807201698422432,,0.008206408470869064,,2588,,
0.5351539850234985,,22.362506866455078,,,,,,,,0.017372850328683853,,,,,17.9871768951416,,,7.421286582946777,,,,1776370898.6051548,,7005.809551853,0.09155113250017166,,,,863,,,,,,,,,,,,0.36872410774230957,,,0.8693940043449402,4.375327110290527,,,25.974327087402344,,0.4044821858406067,871,,,,,,21.157983779907227,,,0.024937331676483154,,0.007984637282788754,,2591,,
0.5391683578491211,,22.32741355895996,,,,,,,,0.01740254834294319,,,,,17.95549774169922,,,7.536345958709717,,,,1776370905.618527,,7012.822589017,0.09119606018066406,,,,864,,,,,,,,,,,,0.3680020570755005,,,0.8712084889411926,4.371915817260742,,,25.97598648071289,,0.40932875871658325,872,,,,,,21.308818817138672,,,0.02493518404662609,,0.008032063022255898,,2594,,
0.538394570350647,,22.305641174316406,,,,,,,,0.01749243773519993,,,,,17.9301700592041,,,7.5976033210754395,,,,1776370912.7451198,,7019.949635348,0.09100338816642761,,,,865,,,,,,,,,,,,0.36930394172668457,,,0.880896806716919,4.375474452972412,,,25.977489471435547,,0.42563343048095703,873,,,,,,21.481306076049805,,,0.025251779705286026,,0.008303341455757618,,2597,,
0.5510241985321045,,22.264131546020508,,,,,,,,0.017556633800268173,,,,,17.89064598083496,,,7.5767822265625,,,,1776370919.961374,,7027.165531234,0.09052056819200516,,,,866,,,,,,,,,,,,0.3794695734977722,,,0.8892577290534973,4.37348747253418,,,25.97898292541504,,0.38932326436042786,874,,,,,,21.636734008789062,,,0.025372538715600967,,0.008088033646345139,,2600,,
0.5398940443992615,,22.23878288269043,,,,,,,,0.017442047595977783,,,,,17.858339309692383,,,7.636084079742432,,,,1776370927.1676874,,7034.372046866,0.09000729024410248,,,,867,,,,,,,,,,,,0.3730384111404419,,,0.8870767951011658,4.380444049835205,,,25.980484008789062,,0.4089575409889221,875,,,,,,21.628252029418945,,,0.025101779028773308,,0.007872212678194046,,2603,,
0.5564200282096863,,22.223785400390625,,,,,,,,0.017378753051161766,,,,,17.83840560913086,,,7.604167461395264,,,,1776370934.320852,,7041.524866921,0.08971164375543594,,,,868,,,,,,,,,,,,0.3666105568408966,,,0.8947407007217407,4.385379791259766,,,25.98203468322754,,0.4293590188026428,876,,,,,,21.611257553100586,,,0.02519013173878193,,0.008049525320529938,,2606,,
0.5572570562362671,,22.167943954467773,,,,,,,,0.017452264204621315,,,,,17.802099227905273,,,7.638994216918945,,,,1776370941.4832954,,7048.687620844,0.08935428410768509,,,,869,,,,,,,,,,,,0.37878841161727905,,,0.8929503560066223,4.365845680236816,,,25.9836483001709,,0.4374676048755646,877,,,,,,21.813444137573242,,,0.025340354070067406,,0.00784193817526102,,2609,,
0.5508441925048828,,22.164348602294922,,,,,,,,0.01759233884513378,,,,,17.79362678527832,,,7.704269886016846,,,,1776370948.5741773,,7055.778513824,0.08921606093645096,,,,870,,,,,,,,,,,,0.37524402141571045,,,0.9053292870521545,4.370721340179443,,,25.98519515991211,,0.40423041582107544,878,,,,,,21.963329315185547,,,0.02525963820517063,,0.007958776317536831,,2612,,
0.5608116984367371,,22.116151809692383,,,,,,,,0.017610155045986176,,,,,17.742918014526367,,,7.812899589538574,,,,1776370955.8083563,,7063.01252288,0.0887938067317009,,,,871,,,,,,,,,,,,0.37016427516937256,,,0.9033402800559998,4.373234272003174,,,25.986766815185547,,0.3985530734062195,879,,,,,,22.1735897064209,,,0.02548617124557495,,0.008407124318182468,,2615,,
0.5609199404716492,,22.129491806030273,,,,,,,,0.017722811549901962,,,,,17.749805450439453,,,7.756779193878174,,,,1776370962.7866282,,7069.990519721,0.08868001401424408,,,,872,,,,,,,,,,,,0.3791429102420807,,,0.9154831171035767,4.379687309265137,,,25.988285064697266,,0.40535494685173035,880,,,,,,22.29196548461914,,,0.02577172964811325,,0.007939130999147892,,2618,,
0.5621011257171631,,22.073076248168945,,,,,,,,0.01762748695909977,,,,,17.70153045654297,,,7.769763946533203,,,,1776370969.841795,,7077.045896348,0.0880587175488472,,,,873,,,,,,,,,,,,0.37037408351898193,,,0.9181089401245117,4.371546745300293,,,25.989816665649414,,0.4053797125816345,881,,,,,,22.304828643798828,,,0.025446085259318352,,0.007805299945175648,,2621,,
0.564917266368866,,22.05107879638672,,,,,,,,0.01772454008460045,,,,,17.685564041137695,,,7.863524436950684,,,,1776370977.278745,,7084.482720127,0.08775895833969116,,,,874,,,,,,,,,,,,0.36769816279411316,,,0.9228220582008362,4.365516185760498,,,25.99143409729004,,0.3981172442436218,882,,,,,,22.497886657714844,,,0.02560778707265854,,0.007544178981333971,,2624,,
0.5714474320411682,,22.038158416748047,,,,,,,,0.01774406246840954,,,,,17.6726131439209,,,7.835800647735596,,,,1776370984.4495785,,7091.653632933,0.08777536451816559,,,,875,,,,,,,,,,,,0.3649836480617523,,,0.9192352294921875,4.365543842315674,,,25.993005752563477,,0.40937188267707825,883,,,,,,22.52910041809082,,,0.02552930824458599,,0.007995717227458954,,2627,,
0.5664470195770264,,21.9760799407959,,,,,,,,0.017679957672953606,,,,,17.60315704345703,,,7.949145317077637,,,,1776370991.8733578,,7099.077414525,0.08703573793172836,,,,876,,,,,,,,,,,,0.3727562129497528,,,0.9233712553977966,4.372921466827393,,,25.994535446166992,,0.4235314428806305,884,,,,,,22.668806076049805,,,0.025604048743844032,,0.0074840448796749115,,2630,,
0.5732628107070923,,21.964157104492188,,,,,,,,0.017721008509397507,,,,,17.59889793395996,,,7.91447114944458,,,,1776370999.0210466,,7106.225271092,0.08689043670892715,,,,877,,,,,,,,,,,,0.37280723452568054,,,0.9246329665184021,4.365257740020752,,,25.996089935302734,,0.4255222976207733,885,,,,,,22.748550415039062,,,0.025707600638270378,,0.00763494661077857,,2633,,
0.5686560869216919,,21.923015594482422,,,,,,,,0.01771852746605873,,,,,17.55027961730957,,,7.946972846984863,,,,1776371006.2040718,,7113.408739408,0.08633026480674744,,,,878,,,,,,,,,,,,0.3759268522262573,,,0.9353166818618774,4.37273645401001,,,25.997631072998047,,0.4251077175140381,886,,,,,,22.90351104736328,,,0.02573605626821518,,0.007498903200030327,,2636,,
0.5735406279563904,,21.935590744018555,,,,,,,,0.017726227641105652,,,,,17.559864044189453,,,7.879599571228027,,,,1776371013.2084913,,7120.412399536,0.08642116189002991,,,,879,,,,,,,,,,,,0.37990322709083557,,,0.9334481954574585,4.375726222991943,,,25.99913787841797,,0.40315157175064087,887,,,,,,22.854286193847656,,,0.025717006996273994,,0.007630601059645414,,2639,,
0.5839468240737915,,21.864009857177734,,,,,,,,0.017785880714654922,,,,,17.50220489501953,,,7.971207618713379,,,,1776371020.2144585,,7127.418610461,0.08576702326536179,,,,880,,,,,,,,,,,,0.37605008482933044,,,0.9507566094398499,4.361804008483887,,,26.000728607177734,,0.39138931035995483,888,,,,,,23.12052345275879,,,0.025827689096331596,,0.007433562073856592,,2642,,
0.5801452398300171,,21.851272583007812,,,,,,,,0.017888151109218597,,,,,17.485891342163086,,,7.998208045959473,,,,1776371027.5210328,,7134.725049237,0.0855308324098587,,,,881,,,,,,,,,,,,0.3795078992843628,,,0.9545093774795532,4.365379810333252,,,26.002368927001953,,0.40724608302116394,889,,,,,,23.3226261138916,,,0.025884689763188362,,0.007374326232820749,,2645,,
0.5875787138938904,,21.818655014038086,,,,,,,,0.017986472696065903,,,,,17.46164321899414,,,8.142167091369629,,,,1776371034.6191242,,7141.823319491,0.08536991477012634,,,,882,,,,,,,,,,,,0.3764738142490387,,,0.9574534296989441,4.3570098876953125,,,26.00396156311035,,0.4097323715686798,890,,,,,,23.489534378051758,,,0.026140781119465828,,0.007693976629525423,,2648,,
0.5847117900848389,,21.77498435974121,,,,,,,,0.017998551949858665,,,,,17.413196563720703,,,8.21424388885498,,,,1776371041.7171593,,7148.921306967,0.0848349779844284,,,,883,,,,,,,,,,,,0.3789588212966919,,,0.9655041694641113,4.361786365509033,,,26.005483627319336,,0.4218820333480835,891,,,,,,23.66116714477539,,,0.02606874518096447,,0.00747596425935626,,2651,,
0.6055998802185059,,21.763092041015625,,,,,,,,0.018026813864707947,,,,,17.406536102294922,,,8.23563289642334,,,,1776371048.7083156,,7155.912742812,0.08464810997247696,,,,884,,,,,,,,,,,,0.36669427156448364,,,0.9666069746017456,4.356555938720703,,,26.006977081298828,,0.43948307633399963,892,,,,,,23.751184463500977,,,0.026226382702589035,,0.007540403865277767,,2654,,
0.5958088636398315,,21.74335479736328,,,,,,,,0.018024466931819916,,,,,17.378767013549805,,,8.347513198852539,,,,1776371055.914775,,7163.118663344,0.08449521660804749,,,,885,,,,,,,,,,,,0.3755107820034027,,,0.9627888202667236,4.364588737487793,,,26.008464813232422,,0.39673182368278503,893,,,,,,23.826305389404297,,,0.026046058163046837,,0.007590818218886852,,2657,,
0.5948681831359863,,21.718130111694336,,,,,,,,0.017945175990462303,,,,,17.34701156616211,,,8.175495147705078,,,,1776371063.1306782,,7170.334914269,0.08396857231855392,,,,886,,,,,,,,,,,,0.3749566972255707,,,0.9775483012199402,4.371116638183594,,,26.009910583496094,,0.4225393235683441,894,,,,,,23.831052780151367,,,0.026158340275287628,,0.007469247095286846,,2660,,
0.5996297597885132,,21.681591033935547,,,,,,,,0.017862189561128616,,,,,17.31072998046875,,,8.21385669708252,,,,1776371070.106306,,7177.310307613,0.08347946405410767,,,,887,,,,,,,,,,,,0.3737148940563202,,,0.9794566035270691,4.370862007141113,,,26.011396408081055,,0.39889031648635864,895,,,,,,23.830720901489258,,,0.026044808328151703,,0.0071747684851288795,,2663,,
0.6036257147789001,,21.641881942749023,,,,,,,,0.017901355400681496,,,,,17.289691925048828,,,8.24184513092041,,,,1776371077.3200464,,7184.524114,0.08327050507068634,,,,888,,,,,,,,,,,,0.3743179440498352,,,0.9771549701690674,4.3521881103515625,,,26.01303482055664,,0.4164973795413971,896,,,,,,23.97580337524414,,,0.026064027100801468,,0.007174967788159847,,2666,,
0.6089556813240051,,21.62251853942871,,,,,,,,0.018002761527895927,,,,,17.254072189331055,,,8.355834007263184,,,,1776371084.338316,,7191.542228845,0.08298184722661972,,,,889,,,,,,,,,,,,0.3727031946182251,,,0.9926064014434814,4.368443965911865,,,26.014686584472656,,0.3979419469833374,897,,,,,,24.213651657104492,,,0.02615814097225666,,0.007399848196655512,,2669,,
0.6080908179283142,,21.595964431762695,,,,,,,,0.018157899379730225,,,,,17.234756469726562,,,8.479612350463867,,,,1776371091.5560708,,7198.76010559,0.08271045982837677,,,,890,,,,,,,,,,,,0.375657856464386,,,0.9978028535842896,4.361207485198975,,,26.01627540588379,,0.40842965245246887,898,,,,,,24.49083709716797,,,0.026525424793362617,,0.007217544596642256,,2672,,
0.6026087999343872,,21.564537048339844,,,,,,,,0.018240736797451973,,,,,17.2042179107666,,,8.533782005310059,,,,1776371098.6807327,,7205.884919524,0.0823998674750328,,,,891,,,,,,,,,,,,0.37860068678855896,,,1.0049335956573486,4.3603196144104,,,26.017850875854492,,0.43364354968070984,899,,,,,,24.715892791748047,,,0.026570238173007965,,0.007358977571129799,,2675,,
0.6140002012252808,,21.552764892578125,,,,,,,,0.018220141530036926,,,,,17.18172264099121,,,8.555021286010742,,,,1776371105.8476627,,7213.052251974,0.08210041373968124,,,,892,,,,,,,,,,,,0.37284672260284424,,,0.9959947466850281,4.371043682098389,,,26.01932144165039,,0.4263778626918793,900,,,,,,24.76009178161621,,,0.026472657918930054,,0.007154221646487713,,2678,,
0.6100725531578064,,21.53082275390625,,,,,,,,0.01813335344195366,,,,,17.163145065307617,,,8.378631591796875,,,,1776371113.2433865,,7220.447823866,0.0817127376794815,,,,893,,,,,,,,,,,,0.3690776824951172,,,1.007171630859375,4.367679595947266,,,26.020740509033203,,0.42529159784317017,901,,,,,,24.67890739440918,,,0.026530040428042412,,0.006925339810550213,,2681,,
0.6139513254165649,,21.48778533935547,,,,,,,,0.01814417727291584,,,,,17.131973266601562,,,8.417853355407715,,,,1776371120.339282,,7227.543335432,0.08144045621156693,,,,894,,,,,,,,,,,,0.3764182925224304,,,1.0138343572616577,4.355812072753906,,,26.022306442260742,,0.43251439929008484,902,,,,,,24.8321590423584,,,0.026671679690480232,,0.007126227952539921,,2684,,
0.6125507354736328,,21.467580795288086,,,,,,,,0.01815766841173172,,,,,17.104549407958984,,,8.423240661621094,,,,1776371127.6743424,,7234.878200433,0.08112486451864243,,,,895,,,,,,,,,,,,0.36677390336990356,,,1.0179381370544434,4.363032817840576,,,26.02391815185547,,0.42764607071876526,903,,,,,,24.92510414123535,,,0.026677312329411507,,0.006743897683918476,,2687,,
0.6230487823486328,,21.426496505737305,,,,,,,,0.018186647444963455,,,,,17.071596145629883,,,8.539020538330078,,,,1776371134.9881904,,7242.192369575,0.0807691439986229,,,,896,,,,,,,,,,,,0.36956119537353516,,,1.0234311819076538,4.354898452758789,,,26.02544403076172,,0.4259139597415924,904,,,,,,25.074031829833984,,,0.02667757123708725,,0.006814031396061182,,2690,,
0.6352823972702026,,21.404335021972656,,,,,,,,0.018341470509767532,,,,,17.036603927612305,,,8.722777366638184,,,,1776371142.2011607,,7249.405193702,0.08036355674266815,,,,897,,,,,,,,,,,,0.3717746138572693,,,1.0332825183868408,4.367732524871826,,,26.027006149291992,,0.4450611472129822,905,,,,,,25.4034481048584,,,0.026833094656467438,,0.006688183173537254,,2693,,
0.6315022706985474,,21.37387466430664,,,,,,,,0.01838965155184269,,,,,17.015708923339844,,,8.79995346069336,,,,1776371149.2756546,,7256.479551807,0.0803297609090805,,,,898,,,,,,,,,,,,0.3725639283657074,,,1.041580080986023,4.358166694641113,,,26.02849006652832,,0.43683668971061707,906,,,,,,25.55069923400879,,,0.026986014097929,,0.006875503808259964,,2696,,
,0.006987500470131636,,0.35131245851516724,4.711888431513378e-15,140.33094787597656,8.44848279876742e-15,7.024860858917236,0.11420388519763947,7.024860858917236,,0.030008865520358086,0.967356264591217,9.308719635009766,0.9941750168800354,,0.4343905746936798,0.2192143052816391,,10.094254493713379,69.28351593017578,0.20260000228881836,1776371234.6938765,0.018804820254445076,7341.899956989,,3.216083526611328,75.11267852783203,0.08195625990629196,899,0.24308691918849945,0.013624997809529305,16.672361373901367,0.0016187501605600119,0.37793752551078796,69.35968780517578,0.5064499974250793,0.22287499904632568,153.2838592529297,0.10733748972415924,3.0817010402679443,,0.13724665343761444,12.559884071350098,,,0.0028062500059604645,74.74321746826172,,26.46867561340332,,907,0.004587499890476465,0.004937500227242708,0.86347496509552,16.672361373901367,140.33094787597656,,24.37603759765625,13.126161575317383,,0.25263750553131104,,0.86347496509552,2699,0.015353024005889893,153.2838592529297
0.635047435760498,,21.3344669342041,,,,,,,,0.018317902460694313,,,,,16.97740936279297,,,8.732159614562988,,,,1776371235.993261,,7343.197391523,0.07978217303752899,,,,899,,,,,,,,,,,,0.37582749128341675,,,1.040963888168335,4.3570556640625,,,26.029922485351562,,0.42732203006744385,908,,,,,,25.608917236328125,,,0.026788197457790375,,0.006825157906860113,,2699,,
0.637988269329071,,21.333696365356445,,,,,,,,0.018378758803009987,,,,,16.979625701904297,,,8.711106300354004,,,,1776371242.8119302,,7350.016157247,0.07968657463788986,,,,900,,,,,,,,,,,,0.37828728556632996,,,1.040785789489746,4.354069232940674,,,26.031368255615234,,0.43964874744415283,909,,,,,,25.677053451538086,,,0.026879319921135902,,0.0068632676266133785,,2702,,
0.6374570727348328,,21.301837921142578,,,,,,,,0.018403757363557816,,,,,16.954391479492188,,,8.774166107177734,,,,1776371249.842463,,7357.04659534,0.07943623512983322,,,,901,,,,,,,,,,,,0.3791373074054718,,,1.045078158378601,4.347448348999023,,,26.032852172851562,,0.4431104063987732,910,,,,,,25.7839412689209,,,0.02689811959862709,,0.0067415302619338036,,2705,,
0.6378141045570374,,21.251718521118164,,,,,,,,0.01843390241265297,,,,,16.898998260498047,,,8.974255561828613,,,,1776371257.1505227,,7364.354723072,0.07899334281682968,,,,902,,,,,,,,,,,,0.3707965910434723,,,1.0496646165847778,4.352721691131592,,,26.034311294555664,,0.42397594451904297,911,,,,,,26.018329620361328,,,0.026957539841532707,,0.006969757843762636,,2708,,
0.6354042291641235,,21.255016326904297,,,,,,,,0.018480630591511726,,,,,16.886503219604492,,,8.933117866516113,,,,1776371264.3298638,,7371.533739869,0.07868462800979614,,,,903,,,,,,,,,,,,0.36980199813842773,,,1.0565999746322632,4.3685126304626465,,,26.035764694213867,,0.42711594700813293,912,,,,,,26.135759353637695,,,0.027063775807619095,,0.006555801257491112,,2711,,
0.6505918502807617,,21.215307235717773,,,,,,,,0.018507791683077812,,,,,16.860572814941406,,,9.01860237121582,,,,1776371271.4902663,,7378.694509662,0.07854773104190826,,,,904,,,,,,,,,,,,0.36865565180778503,,,1.0693092346191406,4.354735851287842,,,26.0372371673584,,0.4515185058116913,913,,,,,,26.266681671142578,,,0.027071939781308174,,0.007012124639004469,,2714,,
0.6386758685112,,21.20507049560547,,,,,,,,0.018486859276890755,,,,,16.844867706298828,,,8.831777572631836,,,,1776371278.4513707,,7385.656060175,0.07818060368299484,,,,905,,,,,,,,,,,,0.38408443331718445,,,1.0627951622009277,4.360203742980957,,,26.038721084594727,,0.42813292145729065,914,,,,,,26.329133987426758,,,0.027153505012392998,,0.006490965373814106,,2717,,
0.6587430238723755,,21.159671783447266,,,,,,,,0.018554097041487694,,,,,16.805570602416992,,,8.982922554016113,,,,1776371285.55316,,7392.7572929,0.07786804437637329,,,,906,,,,,,,,,,,,0.37551310658454895,,,1.0768252611160278,4.35410213470459,,,26.040205001831055,,0.43657103180885315,915,,,,,,26.551151275634766,,,0.027329308912158012,,0.006680356804281473,,2720,,
0.655474066734314,,21.1442928314209,,,,,,,,0.01858833245933056,,,,,16.78857421875,,,9.053319931030273,,,,1776371292.7976124,,7400.001788803,0.07766861468553543,,,,907,,,,,,,,,,,,0.3820456564426422,,,1.0674922466278076,4.355718612670898,,,26.041730880737305,,0.44198688864707947,916,,,,,,26.663902282714844,,,0.027380069717764854,,0.0067017776891589165,,2723,,
0.6535289883613586,,21.10132598876953,,,,,,,,0.018627123907208443,,,,,16.737943649291992,,,9.220966339111328,,,,1776371300.1133506,,7407.317554333,0.07710473239421844,,,,908,,,,,,,,,,,,0.36887767910957336,,,1.0854521989822388,4.363383769989014,,,26.0432186126709,,0.4187031090259552,917,,,,,,26.902006149291992,,,0.02724308893084526,,0.006693204399198294,,2726,,
0.6698564887046814,,21.0865535736084,,,,,,,,0.018732596188783646,,,,,16.725465774536133,,,9.161971092224121,,,,1776371307.1325788,,7414.336858181,0.077017642557621,,,,909,,,,,,,,,,,,0.3782655894756317,,,1.0990842580795288,4.361088275909424,,,26.044700622558594,,0.4437417685985565,918,,,,,,27.08807373046875,,,0.027638493105769157,,0.006763029843568802,,2729,,
0.6817874908447266,,21.061201095581055,,,,,,,,0.018869034945964813,,,,,16.697248458862305,,,9.340551376342773,,,,1776371314.2541559,,7421.45821475,0.07664424180984497,,,,910,,,,,,,,,,,,0.37695619463920593,,,1.1009392738342285,4.363951206207275,,,26.0461483001709,,0.4506143629550934,919,,,,,,27.39900779724121,,,0.027746519073843956,,0.006419305223971605,,2732,,
0.6747448444366455,,21.01378631591797,,,,,,,,0.01879837177693844,,,,,16.663450241088867,,,9.212261199951172,,,,1776371321.370976,,7428.575181367,0.07633727788925171,,,,911,,,,,,,,,,,,0.3749265670776367,,,1.1040443181991577,4.350334167480469,,,26.047513961791992,,0.43168461322784424,920,,,,,,27.44424819946289,,,0.027803827077150345,,0.0065316855907440186,,2735,,
0.6733254790306091,,20.997116088867188,,,,,,,,0.018722081556916237,,,,,16.643224716186523,,,9.0979642868042,,,,1776371328.7645664,,7435.968780649,0.07603652775287628,,,,912,,,,,,,,,,,,0.371748149394989,,,1.1091901063919067,4.353891372680664,,,26.048866271972656,,0.45530781149864197,921,,,,,,27.40749740600586,,,0.027785783633589745,,0.006517569534480572,,2738,,
0.6830489635467529,,20.953872680664062,,,,,,,,0.018751235678792,,,,,16.595842361450195,,,9.328835487365723,,,,1776371336.0796072,,7443.283540606,0.07565750181674957,,,,913,,,,,,,,,,,,0.37728461623191833,,,1.1168822050094604,4.358027935028076,,,26.05035400390625,,0.4447862207889557,922,,,,,,27.59539794921875,,,0.02761656418442726,,0.006300265900790691,,2741,,
0.6719275116920471,,20.958431243896484,,,,,,,,0.018744489178061485,,,,,16.599721908569336,,,9.26832389831543,,,,1776371343.3534443,,7450.557675397,0.07563767582178116,,,,914,,,,,,,,,,,,0.37528669834136963,,,1.1132107973098755,4.358712196350098,,,26.051862716674805,,0.43610331416130066,923,,,,,,27.620901107788086,,,0.02777363546192646,,0.006463921628892422,,2744,,
0.6937302350997925,,20.918249130249023,,,,,,,,0.018788116052746773,,,,,16.56622886657715,,,9.289603233337402,,,,1776371350.436343,,7457.64041196,0.07519759237766266,,,,915,,,,,,,,,,,,0.37318113446235657,,,1.1300194263458252,4.3520188331604,,,26.05333137512207,,0.43589356541633606,924,,,,,,27.8223934173584,,,0.02784743346273899,,0.006419296842068434,,2747,,
0.6974205374717712,,20.90192413330078,,,,,,,,0.018803764134645462,,,,,16.548112869262695,,,9.30812931060791,,,,1776371357.6283774,,7464.832409311,0.07494980841875076,,,,916,,,,,,,,,,,,0.372115820646286,,,1.136041522026062,4.3538103103637695,,,26.054882049560547,,0.4542075991630554,925,,,,,,27.920194625854492,,,0.027811450883746147,,0.006133515853434801,,2750,,
0.6937091946601868,,20.869199752807617,,,,,,,,0.018852639943361282,,,,,16.516101837158203,,,9.505038261413574,,,,1776371364.704714,,7471.908764155,0.07476712763309479,,,,917,,,,,,,,,,,,0.3727555274963379,,,1.1436153650283813,4.353097438812256,,,26.0564022064209,,0.42772018909454346,926,,,,,,28.074970245361328,,,0.027681855484843254,,0.0062747676856815815,,2753,,
0.6995055079460144,,20.81919288635254,,,,,,,,0.018772223964333534,,,,,16.47203826904297,,,9.35943603515625,,,,1776371371.7945137,,7478.99915501,0.07425929605960846,,,,918,,,,,,,,,,,,0.3687385320663452,,,1.1466772556304932,4.3471550941467285,,,26.057941436767578,,0.43505406379699707,927,,,,,,28.12672233581543,,,0.027679122984409332,,0.006288397125899792,,2756,,
0.6983542442321777,,20.828758239746094,,,,,,,,0.01889708824455738,,,,,16.472436904907227,,,9.396000862121582,,,,1776371378.8479927,,7486.052071063,0.07422246783971786,,,,919,,,,,,,,,,,,0.3763602674007416,,,1.1489779949188232,4.356321811676025,,,26.059476852416992,,0.448993980884552,928,,,,,,28.331451416015625,,,0.027779996395111084,,0.006231781095266342,,2759,,
0.7065858840942383,,20.805870056152344,,,,,,,,0.018959375098347664,,,,,16.44864273071289,,,9.455979347229004,,,,1776371385.958262,,7493.16224699,0.07388930022716522,,,,920,,,,,,,,,,,,0.36640557646751404,,,1.1579432487487793,4.357226371765137,,,26.060962677001953,,0.4627670347690582,929,,,,,,28.558509826660156,,,0.028129473328590393,,0.006061875261366367,,2762,,
0.7041762471199036,,20.763845443725586,,,,,,,,0.018998825922608376,,,,,16.41023063659668,,,9.546658515930176,,,,1776371393.1356397,,7500.339604198,0.0736474022269249,,,,921,,,,,,,,,,,,0.3794759213924408,,,1.1658536195755005,4.353616714477539,,,26.062437057495117,,0.4477018117904663,930,,,,,,28.71833038330078,,,0.02809855155646801,,0.006403545383363962,,2765,,
0.7086412310600281,,20.735240936279297,,,,,,,,0.018981752917170525,,,,,16.37798500061035,,,9.661825180053711,,,,1776371400.211795,,7507.416354885,0.07327176630496979,,,,922,,,,,,,,,,,,0.3699463903903961,,,1.1692984104156494,4.357254505157471,,,26.063920974731445,,0.46274662017822266,931,,,,,,28.870922088623047,,,0.028108322992920876,,0.006227724254131317,,2768,,
0.710432231426239,,20.6814022064209,,,,,,,,0.018896538764238358,,,,,16.33309555053711,,,9.684734344482422,,,,1776371407.3530595,,7514.557714404,0.07282505929470062,,,,923,,,,,,,,,,,,0.36478662490844727,,,1.1661956310272217,4.348306179046631,,,26.065326690673828,,0.46214595437049866,932,,,,,,28.913619995117188,,,0.028061214834451675,,0.006204095669090748,,2771,,
0.7096306085586548,,20.67974090576172,,,,,,,,0.019019359722733498,,,,,16.331438064575195,,,9.657418251037598,,,,1776371414.5562887,,7521.760592406,0.07276156544685364,,,,924,,,,,,,,,,,,0.3692142367362976,,,1.1783666610717773,4.348304271697998,,,26.0667667388916,,0.4529059827327728,933,,,,,,29.106611251831055,,,0.02827519364655018,,0.005995863117277622,,2774,,
0.7149256467819214,,20.647449493408203,,,,,,,,0.018937569111585617,,,,,16.297067642211914,,,9.529827117919922,,,,1776371421.8431854,,7529.047272893,0.07241224497556686,,,,925,,,,,,,,,,,,0.3709279000759125,,,1.173201322555542,4.350384712219238,,,26.0682315826416,,0.454275518655777,934,,,,,,29.101116180419922,,,0.028109842911362648,,0.005915752146393061,,2777,,
0.7154297232627869,,20.636695861816406,,,,,,,,0.01895044930279255,,,,,16.285158157348633,,,9.591544151306152,,,,1776371429.0579274,,7536.261750496,0.07232373207807541,,,,926,,,,,,,,,,,,0.3672599196434021,,,1.1835896968841553,4.351539134979248,,,26.069711685180664,,0.4446302354335785,935,,,,,,29.181764602661133,,,0.028175348415970802,,0.006241138558834791,,2780,,
0.7126407623291016,,20.602998733520508,,,,,,,,0.01896030642092228,,,,,16.2436466217041,,,9.636034965515137,,,,1776371436.2488062,,7543.452842981,0.07182930409908295,,,,927,,,,,,,,,,,,0.37006476521492004,,,1.1894720792770386,4.359353065490723,,,26.071338653564453,,0.44137248396873474,936,,,,,,29.386608123779297,,,0.028147215023636818,,0.0058989147655665874,,2783,,
0.730096697807312,,20.562482833862305,,,,,,,,0.019101668149232864,,,,,16.217756271362305,,,9.800416946411133,,,,1776371443.3411758,,7550.545350314,0.07166209816932678,,,,928,,,,,,,,,,,,0.3705335855484009,,,1.2110707759857178,4.344727039337158,,,26.072891235351562,,0.46155261993408203,937,,,,,,29.68952751159668,,,0.028445011004805565,,0.00616772985085845,,2786,,
0.719022810459137,,20.561033248901367,,,,,,,,0.019065430387854576,,,,,16.221529006958008,,,9.618697166442871,,,,1776371450.5360997,,7557.740373375,0.07149236649274826,,,,929,,,,,,,,,,,,0.3758520781993866,,,1.21501886844635,4.33950138092041,,,26.07441520690918,,0.44530075788497925,938,,,,,,29.614349365234375,,,0.028300637379288673,,0.00595660088583827,,2789,,
0.7320683598518372,,20.504114151000977,,,,,,,,0.019044525921344757,,,,,16.155935287475586,,,9.730441093444824,,,,1776371457.772191,,7564.976399378,0.07097897678613663,,,,930,,,,,,,,,,,,0.3706187903881073,,,1.2068217992782593,4.348177909851074,,,26.075899124145508,,0.4654155373573303,939,,,,,,29.861156463623047,,,0.028314225375652313,,0.005800669081509113,,2792,,
0.739001989364624,,20.505680084228516,,,,,,,,0.01924583874642849,,,,,16.154281616210938,,,9.911282539367676,,,,1776371464.8013258,,7572.005436579,0.0708811804652214,,,,931,,,,,,,,,,,,0.3784406781196594,,,1.2230395078659058,4.351396083831787,,,26.077289581298828,,0.479574978351593,940,,,,,,30.21647071838379,,,0.028766771778464317,,0.005665244068950415,,2795,,
0.7505933046340942,,20.470808029174805,,,,,,,,0.019257428124547005,,,,,16.126253128051758,,,9.979660987854004,,,,1776371471.8486595,,7579.052905545,0.07071974873542786,,,,932,,,,,,,,,,,,0.3775644898414612,,,1.2280006408691406,4.344552993774414,,,26.078720092773438,,0.4436553418636322,941,,,,,,30.326614379882812,,,0.02858523651957512,,0.005846083164215088,,2798,,
0.7563536167144775,,20.441347122192383,,,,,,,,0.019396904855966568,,,,,16.099790573120117,,,10.09335994720459,,,,1776371478.8495955,,7586.053638193,0.0703059583902359,,,,933,,,,,,,,,,,,0.3800993859767914,,,1.2309166193008423,4.341556549072266,,,26.080066680908203,,0.44480177760124207,942,,,,,,30.68177032470703,,,0.028770918026566505,,0.005713921505957842,,2801,,
0.7365049719810486,,20.422096252441406,,,,,,,,0.01924915425479412,,,,,16.073692321777344,,,10.02235221862793,,,,1776371486.2562525,,7593.46065934,0.07006781548261642,,,,934,,,,,,,,,,,,0.3623262643814087,,,1.234960675239563,4.3484039306640625,,,26.081430435180664,,0.4653148949146271,943,,,,,,30.5743465423584,,,0.028633026406168938,,0.005772389005869627,,2804,,
0.7514278888702393,,20.396785736083984,,,,,,,,0.019236937165260315,,,,,16.048460006713867,,,10.111711502075195,,,,1776371493.3180778,,7600.52227141,0.06971291452646255,,,,935,,,,,,,,,,,,0.37421879172325134,,,1.2305896282196045,4.348324775695801,,,26.082889556884766,,0.4439345896244049,944,,,,,,30.698734283447266,,,0.028553269803524017,,0.005559863056987524,,2807,,
0.7460702657699585,,20.382768630981445,,,,,,,,0.019249217584729195,,,,,16.027515411376953,,,10.081632614135742,,,,1776371500.5319283,,7607.735988182,0.06962201744318008,,,,936,,,,,,,,,,,,0.3737086355686188,,,1.2480179071426392,4.355251312255859,,,26.084321975708008,,0.4380108714103699,945,,,,,,30.753690719604492,,,0.028667723760008812,,0.005834226496517658,,2810,,
0.7609339356422424,,20.341548919677734,,,,,,,,0.019249700009822845,,,,,15.993424415588379,,,10.141043663024902,,,,1776371507.6291153,,7614.833148542,0.06927509605884552,,,,937,,,,,,,,,,,,0.36984243988990784,,,1.2455570697784424,4.3481245040893555,,,26.08583641052246,,0.4713355600833893,946,,,,,,30.941692352294922,,,0.028709761798381805,,0.005629213526844978,,2813,,
0.7650914788246155,,20.308685302734375,,,,,,,,0.019474990665912628,,,,,15.961775779724121,,,10.349337577819824,,,,1776371514.792746,,7621.997007554,0.06902515143156052,,,,938,,,,,,,,,,,,0.371042400598526,,,1.2598273754119873,4.346911430358887,,,26.087343215942383,,0.46151381731033325,947,,,,,,31.401906967163086,,,0.029159126803278923,,0.005855238530784845,,2816,,
0.7624624371528625,,20.291301727294922,,,,,,,,0.019501032307744026,,,,,15.94743824005127,,,10.345989227294922,,,,1776371522.1206198,,7629.324961503,0.06887452304363251,,,,939,,,,,,,,,,,,0.3742061257362366,,,1.2709333896636963,4.343864917755127,,,26.08864974975586,,0.4741109609603882,948,,,,,,31.528104782104492,,,0.029163310304284096,,0.00571846030652523,,2819,,
0.7699500322341919,,20.27996826171875,,,,,,,,0.019435497000813484,,,,,15.93221664428711,,,10.285480499267578,,,,1776371529.1125631,,7636.316817127,0.06867346167564392,,,,940,,,,,,,,,,,,0.36779892444610596,,,1.2663472890853882,4.347752094268799,,,26.089948654174805,,0.4485988914966583,949,,,,,,31.452411651611328,,,0.02896842546761036,,0.005790822673588991,,2822,,
0.7757202386856079,,20.206525802612305,,,,,,,,0.019356176257133484,,,,,15.85863971710205,,,10.26258373260498,,,,1776371536.0883408,,7643.293441805,0.06803371757268906,,,,941,,,,,,,,,,,,0.36957693099975586,,,1.2813130617141724,4.3478851318359375,,,26.091358184814453,,0.48625248670578003,950,,,,,,31.629980087280273,,,0.029131151735782623,,0.0055455658584833145,,2825,,
0.7730589509010315,,20.18506622314453,,,,,,,,0.01937064714729786,,,,,15.847764015197754,,,10.342917442321777,,,,1776371543.1498156,,7650.353915526,0.06787534803152084,,,,942,,,,,,,,,,,,0.377717524766922,,,1.286206603050232,4.337301254272461,,,26.09288787841797,,0.4709766209125519,951,,,,,,31.76914405822754,,,0.0289831031113863,,0.005531232338398695,,2828,,
0.775590717792511,,20.20348358154297,,,,,,,,0.019658170640468597,,,,,15.850848197937012,,,10.529470443725586,,,,1776371550.1560361,,7657.360306774,0.06787193566560745,,,,943,,,,,,,,,,,,0.3698600232601166,,,1.283129096031189,4.352632522583008,,,26.09451675415039,,0.45409026741981506,952,,,,,,32.23102569580078,,,0.029343752190470695,,0.005461289081722498,,2831,,
0.7907322645187378,,20.181060791015625,,,,,,,,0.019698938354849815,,,,,15.828022003173828,,,10.578719139099121,,,,1776371557.399585,,7664.603514176,0.06765519827604294,,,,944,,,,,,,,,,,,0.37695667147636414,,,1.3024311065673828,4.353039741516113,,,26.09600067138672,,0.4759262204170227,953,,,,,,32.42369079589844,,,0.029449818655848503,,0.005514228250831366,,2834,,
0.7886140942573547,,20.119359970092773,,,,,,,,0.01956511102616787,,,,,15.784282684326172,,,10.469924926757812,,,,1776371564.4929967,,7671.69717388,0.06720506399869919,,,,945,,,,,,,,,,,,0.37517049908638,,,1.3074743747711182,4.335079193115234,,,26.097383499145508,,0.48023250699043274,954,,,,,,32.35734176635742,,,0.02932092733681202,,0.005253272131085396,,2837,,
0.7882279753684998,,20.105684280395508,,,,,,,,0.019528625532984734,,,,,15.762561798095703,,,10.4672212600708,,,,1776371571.698739,,7678.902897338,0.06707358360290527,,,,946,,,,,,,,,,,,0.3780999481678009,,,1.3140604496002197,4.343123435974121,,,26.098737716674805,,0.45888763666152954,955,,,,,,32.389305114746094,,,0.02935091033577919,,0.0054648565128445625,,2840,,
0.7898941040039062,,20.061323165893555,,,,,,,,0.01946716383099556,,,,,15.718730926513672,,,10.475471496582031,,,,1776371578.7682722,,7685.972940335,0.06661771982908249,,,,947,,,,,,,,,,,,0.38050562143325806,,,1.3128448724746704,4.342592239379883,,,26.10015869140625,,0.4738663136959076,956,,,,,,32.518287658691406,,,0.029328666627407074,,0.005506936926394701,,2843,,
0.7903619408607483,,20.056663513183594,,,,,,,,0.019605102017521858,,,,,15.71798038482666,,,10.566444396972656,,,,1776371585.96727,,7693.171557379,0.06650794297456741,,,,948,,,,,,,,,,,,0.37364211678504944,,,1.317163348197937,4.338682651519775,,,26.101625442504883,,0.463166743516922,957,,,,,,32.786495208740234,,,0.029176877811551094,,0.0053380196914076805,,2846,,
0.8095105290412903,,20.030696868896484,,,,,,,,0.019663933664560318,,,,,15.69262981414795,,,10.671649932861328,,,,1776371594.348007,,7701.552073436,0.06627955287694931,,,,949,,,,,,,,,,,,0.3720933198928833,,,1.3258566856384277,4.338066577911377,,,26.103044509887695,,0.47098973393440247,958,,,,,,32.978370666503906,,,0.029299991205334663,,0.005439965520054102,,2849,,
0.7958818078041077,,19.980628967285156,,,,,,,,0.01968167908489704,,,,,15.64798641204834,,,10.858514785766602,,,,1776371601.2521288,,7708.456123306,0.06598704308271408,,,,950,,,,,,,,,,,,0.3705424666404724,,,1.3318891525268555,4.332645893096924,,,26.104475021362305,,0.4717995226383209,959,,,,,,33.216121673583984,,,0.02959778532385826,,0.00554850185289979,,2852,,
0.8100160360336304,,19.9790096282959,,,,,,,,0.01981678232550621,,,,,15.630850791931152,,,10.957016944885254,,,,1776371608.4158275,,7715.620037096,0.06566734611988068,,,,951,,,,,,,,,,,,0.36835339665412903,,,1.3438103199005127,4.34815788269043,,,26.1058292388916,,0.45886725187301636,960,,,,,,33.55194091796875,,,0.02964712493121624,,0.005404132883995771,,2855,,
0.8110480904579163,,19.967042922973633,,,,,,,,0.01987522467970848,,,,,15.635083198547363,,,10.616434097290039,,,,1776371615.4026682,,7722.606832219,0.06565408408641815,,,,952,,,,,,,,,,,,0.3713693618774414,,,1.35798978805542,4.331960678100586,,,26.10716438293457,,0.47568124532699585,961,,,,,,33.57701873779297,,,0.029947470873594284,,0.005363063886761665,,2858,,
0.8171600103378296,,19.932701110839844,,,,,,,,0.019904155284166336,,,,,15.592814445495605,,,10.954117774963379,,,,1776371622.4912443,,7729.695645337,0.06531620025634766,,,,953,,,,,,,,,,,,0.3710441589355469,,,1.364248514175415,4.3398895263671875,,,26.108488082885742,,0.4911227524280548,962,,,,,,33.871910095214844,,,0.029832812026143074,,0.005428322125226259,,2861,,
0.8353144526481628,,19.88217544555664,,,,,,,,0.019922170788049698,,,,,15.543795585632324,,,11.116146087646484,,,,1776371629.7968988,,7737.001297134,0.06503688544034958,,,,954,,,,,,,,,,,,0.3765140473842621,,,1.3716672658920288,4.338383197784424,,,26.109792709350586,,0.462879478931427,963,,,,,,34.10630798339844,,,0.029891369864344597,,0.005436655133962631,,2864,,
0.8339150547981262,,19.895442962646484,,,,,,,,0.019944632425904274,,,,,15.547008514404297,,,11.015460968017578,,,,1776371636.8850677,,7744.089287875,0.06479746103286743,,,,955,,,,,,,,,,,,0.3673097491264343,,,1.3731513023376465,4.348437309265137,,,26.111238479614258,,0.47205933928489685,964,,,,,,34.183292388916016,,,0.0299345962703228,,0.005182074382901192,,2867,,
0.8318125009536743,,19.85110855102539,,,,,,,,0.019826173782348633,,,,,15.509674072265625,,,11.077574729919434,,,,1776371643.9582586,,7751.162212674,0.06446370482444763,,,,956,,,,,,,,,,,,0.37274038791656494,,,1.3695263862609863,4.341433525085449,,,26.11250114440918,,0.4890645742416382,965,,,,,,34.172264099121094,,,0.029933379963040352,,0.005167054478079081,,2870,,
0.8324862718582153,,19.808809280395508,,,,,,,,0.019706519320607185,,,,,15.463645935058594,,,11.010696411132812,,,,1776371651.0835955,,7758.287593832,0.06415212154388428,,,,957,,,,,,,,,,,,0.37096866965293884,,,1.3798907995224,4.345162391662598,,,26.113882064819336,,0.48198044300079346,966,,,,,,34.17854690551758,,,0.02973763830959797,,0.005280041601508856,,2873,,
0.8438428640365601,,19.797666549682617,,,,,,,,0.019911015406250954,,,,,15.447355270385742,,,11.186339378356934,,,,1776371658.196971,,7765.40094992,0.06401684880256653,,,,958,,,,,,,,,,,,0.37676680088043213,,,1.384937047958374,4.350312232971191,,,26.11536407470703,,0.4552147388458252,967,,,,,,34.60000991821289,,,0.029764194041490555,,0.005233458708971739,,2876,,
0.8364984393119812,,19.771848678588867,,,,,,,,0.02000085450708866,,,,,15.433504104614258,,,11.296549797058105,,,,1776371665.2987711,,7772.502662904,0.06383764743804932,,,,959,,,,,,,,,,,,0.3696938753128052,,,1.3958722352981567,4.338345527648926,,,26.116727828979492,,0.482388973236084,968,,,,,,34.85208511352539,,,0.03007769212126732,,0.005230016075074673,,2879,,
0.8262220025062561,,19.750829696655273,,,,,,,,0.01995876617729664,,,,,15.409399032592773,,,11.334502220153809,,,,1776371672.3538668,,7779.558079491,0.06365957111120224,,,,960,,,,,,,,,,,,0.3751504719257355,,,1.4023010730743408,4.341431617736816,,,26.118202209472656,,0.48729750514030457,969,,,,,,34.86172103881836,,,0.029913298785686493,,0.00511536467820406,,2882,,
0.855332612991333,,19.7088680267334,,,,,,,,0.020140981301665306,,,,,15.376672744750977,,,11.214994430541992,,,,1776371679.5278907,,7786.732202134,0.06330177187919617,,,,961,,,,,,,,,,,,0.3756820857524872,,,1.4147307872772217,4.332194805145264,,,26.119688034057617,,0.495912104845047,970,,,,,,35.35404586791992,,,0.030362678691744804,,0.004953072872012854,,2885,,
0.8617836236953735,,19.695585250854492,,,,,,,,0.019998321309685707,,,,,15.360786437988281,,,11.306280136108398,,,,1776371686.6227732,,7793.826799158,0.06317856907844543,,,,962,,,,,,,,,,,,0.37540096044540405,,,1.4200767278671265,4.334798812866211,,,26.121055603027344,,0.47879087924957275,971,,,,,,35.23826599121094,,,0.0302009005099535,,0.005249903071671724,,2888,,
0.8508347868919373,,19.67366600036621,,,,,,,,0.020037611946463585,,,,,15.333797454833984,,,11.26162052154541,,,,1776371694.1341271,,7801.337976169,0.06285016238689423,,,,963,,,,,,,,,,,,0.367224782705307,,,1.4254891872406006,4.339867115020752,,,26.122526168823242,,0.46298694610595703,972,,,,,,35.43360137939453,,,0.030196698382496834,,0.004982501734048128,,2891,,
0.8712989091873169,,19.623668670654297,,,,,,,,0.020030012354254723,,,,,15.289414405822754,,,11.339739799499512,,,,1776371701.4271555,,7808.631168409,0.06256049871444702,,,,964,,,,,,,,,,,,0.36930176615715027,,,1.420324444770813,4.334254741668701,,,26.123998641967773,,0.5053156018257141,973,,,,,,35.613365173339844,,,0.03040393255650997,,0.005086515098810196,,2894,,
0.8535808324813843,,19.621356964111328,,,,,,,,0.019951460883021355,,,,,15.285862922668457,,,11.35850715637207,,,,1776371708.4871094,,7815.691127298,0.06246607005596161,,,,965,,,,,,,,,,,,0.36897701025009155,,,1.4311692714691162,4.335495471954346,,,26.12541389465332,,0.4751642346382141,974,,,,,,35.521785736083984,,,0.030154071748256683,,0.005067907739430666,,2897,,
0.8621254563331604,,19.565629959106445,,,,,,,,0.020026322454214096,,,,,15.24409008026123,,,11.28506851196289,,,,1776371715.539934,,7822.743843674,0.06220446899533272,,,,966,,,,,,,,,,,,0.36614957451820374,,,1.4484739303588867,4.321540355682373,,,26.126800537109375,,0.49367594718933105,975,,,,,,35.83259201049805,,,0.03030998818576336,,0.005164974834769964,,2900,,
0.8827759027481079,,19.572956085205078,,,,,,,,0.020113658159971237,,,,,15.235895156860352,,,11.414039611816406,,,,1776371722.8241289,,7830.028352086,0.06195751205086708,,,,967,,,,,,,,,,,,0.3709160387516022,,,1.4692577123641968,4.337060928344727,,,26.12811279296875,,0.4991506338119507,976,,,,,,36.10506820678711,,,0.03063616342842579,,0.0049379183910787106,,2903,,
0.8632994294166565,,19.518177032470703,,,,,,,,0.020176146179437637,,,,,15.186295509338379,,,11.580280303955078,,,,1776371729.914075,,7837.118358447,0.061602573841810226,,,,968,,,,,,,,,,,,0.3707466125488281,,,1.4510539770126343,4.331880569458008,,,26.129478454589844,,0.48963552713394165,977,,,,,,36.42048645019531,,,0.03056175634264946,,0.004877957981079817,,2906,,
0.8892303705215454,,19.522253036499023,,,,,,,,0.020317571237683296,,,,,15.188313484191895,,,11.573355674743652,,,,1776371736.9362407,,7844.140653107,0.06155257672071457,,,,969,,,,,,,,,,,,0.3719794750213623,,,1.4653812646865845,4.333940505981445,,,26.130830764770508,,0.4972282350063324,978,,,,,,36.66609191894531,,,0.030853271484375,,0.0049555953592062,,2909,,
0.8786752223968506,,19.488374710083008,,,,,,,,0.020340994000434875,,,,,15.151508331298828,,,11.851112365722656,,,,1776371743.9988835,,7851.203092569,0.06121084839105606,,,,970,,,,,,,,,,,,0.3745844066143036,,,1.4673207998275757,4.336864948272705,,,26.13210678100586,,0.48470839858055115,979,,,,,,36.930049896240234,,,0.030654503032565117,,0.005051687825471163,,2912,,
0.8889536261558533,,19.483867645263672,,,,,,,,0.020348478108644485,,,,,15.149345397949219,,,11.792133331298828,,,,1776371751.0051687,,7858.209283482,0.06114800646901131,,,,971,,,,,,,,,,,,0.3775436282157898,,,1.480625867843628,4.334524631500244,,,26.133373260498047,,0.496522456407547,980,,,,,,37.0128059387207,,,0.030822699889540672,,0.004941274411976337,,2915,,
0.897125780582428,,19.44520378112793,,,,,,,,0.020292699337005615,,,,,15.107317924499512,,,11.824271202087402,,,,1776371758.4820812,,7865.686184016,0.06075571849942207,,,,972,,,,,,,,,,,,0.3633936941623688,,,1.4885109663009644,4.337887763977051,,,26.13472557067871,,0.4957233667373657,981,,,,,,37.125,,,0.030624914914369583,,0.004851478151977062,,2918,,
0.896048903465271,,19.42366600036621,,,,,,,,0.020380899310112,,,,,15.080642700195312,,,11.838164329528809,,,,1776371765.4704185,,7872.674651056,0.06056596711277962,,,,973,,,,,,,,,,,,0.37818169593811035,,,1.4855904579162598,4.343021392822266,,,26.13611602783203,,0.48205286264419556,982,,,,,,37.4161262512207,,,0.030747728422284126,,0.004890643525868654,,2921,,
0.8986413478851318,,19.384138107299805,,,,,,,,0.02034323662519455,,,,,15.042838096618652,,,11.877691268920898,,,,1776371772.6580906,,7879.862556156,0.06034734845161438,,,,974,,,,,,,,,,,,0.36474350094795227,,,1.5111737251281738,4.34129524230957,,,26.137502670288086,,0.4667550027370453,983,,,,,,37.46989440917969,,,0.0307002030313015,,0.004944931715726852,,2924,,
0.896652102470398,,19.342788696289062,,,,,,,,0.020292803645133972,,,,,15.018019676208496,,,11.78722858428955,,,,1776371779.6701853,,7886.874246671,0.06005087494850159,,,,975,,,,,,,,,,,,0.368894100189209,,,1.4981729984283447,4.32476806640625,,,26.138961791992188,,0.515656054019928,984,,,,,,37.58203125,,,0.03097284398972988,,0.004716244991868734,,2927,,
0.9010621905326843,,19.34827423095703,,,,,,,,0.020390570163726807,,,,,15.013280868530273,,,11.927000045776367,,,,1776371786.7866518,,7893.990613453,0.059937357902526855,,,,976,,,,,,,,,,,,0.3730490505695343,,,1.508284568786621,4.334991931915283,,,26.140287399291992,,0.5137931704521179,985,,,,,,37.84129333496094,,,0.03100912645459175,,0.004798294510692358,,2930,,
0.9106665253639221,,19.317310333251953,,,,,,,,0.020371202379465103,,,,,14.987931251525879,,,11.824748992919922,,,,1776371793.985096,,7901.189216597,0.05964937061071396,,,,977,,,,,,,,,,,,0.3725396990776062,,,1.5234516859054565,4.329378128051758,,,26.141639709472656,,0.4689420163631439,986,,,,,,37.93511962890625,,,0.03079848550260067,,0.004877236671745777,,2933,,
0.90529865026474,,19.29400062561035,,,,,,,,0.020464684814214706,,,,,14.955236434936523,,,12.119751930236816,,,,1776371801.102114,,7908.30606509,0.05950457975268364,,,,978,,,,,,,,,,,,0.37197744846343994,,,1.5172710418701172,4.338764667510986,,,26.143009185791016,,0.517122209072113,987,,,,,,38.27869415283203,,,0.031096983700990677,,0.004640572238713503,,2936,,
0.9298496246337891,,19.26303482055664,,,,,,,,0.020492710173130035,,,,,14.933066368103027,,,11.99121379852295,,,,1776371808.1533787,,7915.357388689,0.0592530183494091,,,,979,,,,,,,,,,,,0.3663959205150604,,,1.5453925132751465,4.329970359802246,,,26.1444034576416,,0.4939016103744507,988,,,,,,38.479026794433594,,,0.031139500439167023,,0.00471190782263875,,2939,,
0.93405681848526,,19.229564666748047,,,,,,,,0.02058419957756996,,,,,14.903331756591797,,,12.078178405761719,,,,1776371815.2248678,,7922.429180156,0.05892561748623848,,,,980,,,,,,,,,,,,0.368462473154068,,,1.5667880773544312,4.326234340667725,,,26.145713806152344,,0.5218024849891663,989,,,,,,38.76066589355469,,,0.031252048909664154,,0.004673737101256847,,2942,,
0.9371845722198486,,19.19842529296875,,,,,,,,0.020457761362195015,,,,,14.864267349243164,,,12.176703453063965,,,,1776371822.484519,,7929.68933828,0.058703016489744186,,,,981,,,,,,,,,,,,0.37631019949913025,,,1.541843295097351,4.3341569900512695,,,26.146955490112305,,0.4797024428844452,990,,,,,,38.750614166259766,,,0.030940411612391472,,0.004837683867663145,,2945,,
0.9336696267127991,,19.182331085205078,,,,,,,,0.020542483776807785,,,,,14.85351848602295,,,12.164680480957031,,,,1776371829.625421,,7936.829387187,0.05853396654129028,,,,982,,,,,,,,,,,,0.3728146255016327,,,1.56891667842865,4.328812599182129,,,26.14826774597168,,0.5341334939002991,991,,,,,,38.994686126708984,,,0.03132365271449089,,0.004536439664661884,,2948,,
0.9342371821403503,,19.166805267333984,,,,,,,,0.020429542288184166,,,,,14.835590362548828,,,12.10957145690918,,,,1776371836.9434214,,7944.147611482,0.05833016708493233,,,,983,,,,,,,,,,,,0.3756510019302368,,,1.5577865839004517,4.331215858459473,,,26.149581909179688,,0.506766676902771,992,,,,,,38.90969467163086,,,0.031243471428751945,,0.0046111163683235645,,2951,,
0.927872896194458,,19.145557403564453,,,,,,,,0.020479390397667885,,,,,14.811887741088867,,,12.131710052490234,,,,1776371844.292928,,7951.497296871,0.0581599697470665,,,,984,,,,,,,,,,,,0.37341248989105225,,,1.557687520980835,4.333670616149902,,,26.150951385498047,,0.5245116353034973,993,,,,,,39.140907287597656,,,0.031309813261032104,,0.004769028630107641,,2954,,
0.9420318603515625,,19.1163387298584,,,,,,,,0.020568376407027245,,,,,14.78239917755127,,,12.241098403930664,,,,1776371851.348994,,7958.553135579,0.05787070468068123,,,,985,,,,,,,,,,,,0.37348803877830505,,,1.5755301713943481,4.3339362144470215,,,26.152368545532227,,0.5276826620101929,994,,,,,,39.50813293457031,,,0.031411342322826385,,0.004638314712792635,,2957,,
0.9298006296157837,,19.07062530517578,,,,,,,,0.020625101402401924,,,,,14.754892349243164,,,12.354744911193848,,,,1776371858.5717123,,7965.77595286,0.05765345320105553,,,,986,,,,,,,,,,,,0.366437166929245,,,1.5786842107772827,4.315730571746826,,,26.15377426147461,,0.4947623312473297,995,,,,,,39.7894287109375,,,0.0314427949488163,,0.0045981742441654205,,2960,,
0.9545629024505615,,19.03959083557129,,,,,,,,0.020726099610328674,,,,,14.71678352355957,,,12.6632661819458,,,,1776371865.57201,,7972.776166666,0.057335276156663895,,,,987,,,,,,,,,,,,0.3694751560688019,,,1.6033439636230469,4.322810649871826,,,26.155223846435547,,0.5172485709190369,996,,,,,,40.17155456542969,,,0.03147482872009277,,0.004482422024011612,,2963,,
0.961290717124939,,19.047040939331055,,,,,,,,0.020675016567111015,,,,,14.725394248962402,,,12.438047409057617,,,,1776371872.6642427,,7979.868447255,0.05738530308008194,,,,988,,,,,,,,,,,,0.3706432282924652,,,1.6064239740371704,4.321645736694336,,,26.156558990478516,,0.49314066767692566,997,,,,,,39.99504470825195,,,0.03141430392861366,,0.004496386740356684,,2966,,
0.953730583190918,,19.016307830810547,,,,,,,,0.020741460844874382,,,,,14.686067581176758,,,12.589666366577148,,,,1776371879.8424735,,7987.046930756,0.05710848420858383,,,,989,,,,,,,,,,,,0.36516544222831726,,,1.606062650680542,4.330240726470947,,,26.1579647064209,,0.5134763717651367,998,,,,,,40.3299560546875,,,0.03187604993581772,,0.0046512712724506855,,2969,,
0.9709247946739197,,19.003070831298828,,,,,,,,0.02070436254143715,,,,,14.67126178741455,,,12.493192672729492,,,,1776371887.054739,,7994.259066836,0.05686751753091812,,,,990,,,,,,,,,,,,0.37428247928619385,,,1.62193763256073,4.331810474395752,,,26.159385681152344,,0.497923880815506,999,,,,,,40.42546081542969,,,0.03158608451485634,,0.004494949243962765,,2972,,
0.9655275344848633,,18.973360061645508,,,,,,,,0.02070268616080284,,,,,14.651497840881348,,,12.454439163208008,,,,1776371894.2756608,,8001.479680322,0.05669111758470535,,,,991,,,,,,,,,,,,0.3724493384361267,,,1.6246075630187988,4.321861743927002,,,26.160730361938477,,0.5102020502090454,1000,,,,,,40.571693420410156,,,0.03157924488186836,,0.0044947159476578236,,2975,,
0.9730866551399231,,18.936187744140625,,,,,,,,0.020737865939736366,,,,,14.609976768493652,,,12.653840065002441,,,,1776371901.317818,,8008.522052873,0.056423600763082504,,,,992,,,,,,,,,,,,0.3601553738117218,,,1.6375577449798584,4.326210021972656,,,26.162158966064453,,0.5203191041946411,1001,,,,,,40.81717300415039,,,0.03172339126467705,,0.004467751830816269,,2978,,
0.9769905805587769,,18.9295711517334,,,,,,,,0.02091043069958687,,,,,14.605438232421875,,,12.788199424743652,,,,1776371908.4959326,,8015.701050222,0.05625913664698601,,,,993,,,,,,,,,,,,0.37348684668540955,,,1.6434438228607178,4.324133396148682,,,26.163528442382812,,0.5112010836601257,1002,,,,,,41.27200698852539,,,0.03190828487277031,,0.004524711519479752,,2981,,
0.9894726276397705,,18.874616622924805,,,,,,,,0.02089366503059864,,,,,14.552916526794434,,,12.884313583374023,,,,1776371915.5615578,,8022.765715899,0.05588727444410324,,,,994,,,,,,,,,,,,0.3728213906288147,,,1.6648271083831787,4.321699142456055,,,26.16485595703125,,0.4934721887111664,1003,,,,,,41.55025100708008,,,0.03196689113974571,,0.004312137141823769,,2984,,
0.9839134812355042,,18.89031982421875,,,,,,,,0.020925136283040047,,,,,14.568564414978027,,,12.836992263793945,,,,1776371922.7972534,,8030.001294256,0.05602105334401131,,,,995,,,,,,,,,,,,0.3769024610519409,,,1.6446809768676758,4.3217549324035645,,,26.166175842285156,,0.5297197699546814,1004,,,,,,41.521976470947266,,,0.031911663711071014,,0.004574150312691927,,2987,,
0.983533501625061,,18.836809158325195,,,,,,,,0.0208689346909523,,,,,14.526440620422363,,,12.697553634643555,,,,1776371930.1228912,,8037.327108262,0.055702093988657,,,,996,,,,,,,,,,,,0.3773025572299957,,,1.6645442247390747,4.310367107391357,,,26.167434692382812,,0.5050026774406433,1005,,,,,,41.634952545166016,,,0.032092925161123276,,0.004492283333092928,,2990,,
1.0015507936477661,,18.848440170288086,,,,,,,,0.020873794332146645,,,,,14.514752388000488,,,12.696260452270508,,,,1776371937.1644046,,8044.368561146,0.05550317093729973,,,,997,,,,,,,,,,,,0.3650999367237091,,,1.6684927940368652,4.333690166473389,,,26.168760299682617,,0.5217004418373108,1006,,,,,,41.76431655883789,,,0.03211541846394539,,0.004379461519420147,,2993,,
1.0014432668685913,,18.79864501953125,,,,,,,,0.020959416404366493,,,,,14.473917961120605,,,12.927166938781738,,,,1776371944.202857,,8051.407306954,0.05523688718676567,,,,998,,,,,,,,,,,,0.3669321835041046,,,1.6760430335998535,4.32472562789917,,,26.170093536376953,,0.5234006643295288,1007,,,,,,42.095191955566406,,,0.03208869323134422,,0.004440628923475742,,2996,,
,0.006937500089406967,,0.3496687412261963,-8.87744738831131e-16,270.9776306152344,7.438277424554052e-15,6.349067687988281,0.1149364560842514,6.349067687988281,,0.029878990724682808,0.9673500061035156,18.270004272460938,0.994381308555603,,0.44430139660835266,0.2193916141986847,,19.649614334106445,134.3021697998047,0.19116877019405365,1776372028.4171858,0.018953772261738777,8135.623747249,,6.310927867889404,146.0260772705078,0.07515624910593033,999,0.24697443842887878,0.013218751177191734,17.223173141479492,0.0016312499064952135,0.3601812720298767,134.81434631347656,0.5062749981880188,0.22186875343322754,297.2338562011719,0.10560625046491623,6.142074108123779,,0.1574164777994156,12.628334999084473,,,0.00279999990016222,145.60508728027344,,51.53460693359375,,1008,0.004231249913573265,0.00466249929741025,0.8635749816894531,17.223173141479492,270.9776306152344,,47.29287338256836,13.225584983825684,,0.2507062256336212,,0.8635749816894531,2999,0.015451855957508087,297.2338562011719
1.010128378868103,,18.78298568725586,,,,,,,,0.020898256450891495,,,,,14.45458698272705,,,12.830764770507812,,,,1776372029.5343893,,8136.738433496,0.05500949174165726,,,,999,,,,,,,,,,,,0.37833404541015625,,,1.6914565563201904,4.328397274017334,,,26.17144203186035,,0.5252039432525635,1009,,,,,,42.22347640991211,,,0.032211076468229294,,0.004316427279263735,,2999,,
1.010245680809021,,18.752574920654297,,,,,,,,0.020974520593881607,,,,,14.428494453430176,,,13.008421897888184,,,,1776372036.7283916,,8143.932692248,0.05483207851648331,,,,1000,,,,,,,,,,,,0.3680538535118103,,,1.695810317993164,4.3240814208984375,,,26.172834396362305,,0.5159668326377869,1010,,,,,,42.51445770263672,,,0.03223610669374466,,0.00449711037799716,,3002,,
1.0035293102264404,,18.723424911499023,,,,,,,,0.021039964631199837,,,,,14.40204906463623,,,13.102538108825684,,,,1776372043.830824,,8151.035098445,0.05454840883612633,,,,1001,,,,,,,,,,,,0.36206501722335815,,,1.6962394714355469,4.321374893188477,,,26.174219131469727,,0.5171624422073364,1011,,,,,,42.7672119140625,,,0.03227993845939636,,0.004308870527893305,,3005,,
1.0258972644805908,,18.73406982421875,,,,,,,,0.021125297993421555,,,,,14.407708168029785,,,12.943612098693848,,,,1776372051.261303,,8158.465459385,0.05464128032326698,,,,1002,,,,,,,,,,,,0.3715495467185974,,,1.7195255756378174,4.326360702514648,,,26.175586700439453,,0.5269372463226318,1012,,,,,,42.93948745727539,,,0.0323382131755352,,0.004474361427128315,,3008,,
1.0264514684677124,,18.695629119873047,,,,,,,,0.02122422307729721,,,,,14.364853858947754,,,13.1912260055542,,,,1776372058.56137,,8165.765758193,0.05424559861421585,,,,1003,,,,,,,,,,,,0.3728502690792084,,,1.7316019535064697,4.330775737762451,,,26.176950454711914,,0.5569483041763306,1013,,,,,,43.43561553955078,,,0.03281005099415779,,0.004224457312375307,,3011,,
1.0345454216003418,,18.644758224487305,,,,,,,,0.021162597462534904,,,,,14.325409889221191,,,13.314095497131348,,,,1776372065.6008742,,8172.805082371,0.05395247042179108,,,,1004,,,,,,,,,,,,0.36747264862060547,,,1.740560531616211,4.3193464279174805,,,26.17820167541504,,0.5418980121612549,1014,,,,,,43.51243209838867,,,0.032660797238349915,,0.004281758796423674,,3014,,
1.03312349319458,,18.639501571655273,,,,,,,,0.02115803398191929,,,,,14.316003799438477,,,13.250062942504883,,,,1776372072.9113805,,8180.115604758,0.0538579486310482,,,,1005,,,,,,,,,,,,0.3652578890323639,,,1.737938404083252,4.323495864868164,,,26.17947006225586,,0.5092092156410217,1015,,,,,,43.594608306884766,,,0.032445505261421204,,0.004148403182625771,,3017,,
1.0385974645614624,,18.597734451293945,,,,,,,,0.021192826330661774,,,,,14.282975196838379,,,13.504034996032715,,,,1776372080.0160377,,8187.220279343,0.05353492870926857,,,,1006,,,,,,,,,,,,0.36992838978767395,,,1.7494887113571167,4.314757347106934,,,26.18082046508789,,0.5097584128379822,1016,,,,,,44.007259368896484,,,0.03257867321372032,,0.004159881267696619,,3020,,
1.0408141613006592,,18.595314025878906,,,,,,,,0.021222013980150223,,,,,14.274681091308594,,,13.29809856414795,,,,1776372087.1618626,,8194.365866982,0.05351065471768379,,,,1007,,,,,,,,,,,,0.367946594953537,,,1.7516776323318481,4.3206305503845215,,,26.18214988708496,,0.5345255136489868,1017,,,,,,44.067291259765625,,,0.03274906054139137,,0.004219342954456806,,3023,,
1.0582562685012817,,18.559412002563477,,,,,,,,0.02135508507490158,,,,,14.235093116760254,,,13.72581672668457,,,,1776372094.2717824,,8201.476242764,0.05324096977710724,,,,1008,,,,,,,,,,,,0.37968528270721436,,,1.746367335319519,4.324318885803223,,,26.183488845825195,,0.5177540183067322,1018,,,,,,44.56338882446289,,,0.03276228532195091,,0.0042045763693749905,,3026,,
1.0371067523956299,,18.541990280151367,,,,,,,,0.02134217508137226,,,,,14.212262153625488,,,13.649977684020996,,,,1776372101.4181416,,8208.622253791,0.052988968789577484,,,,1009,,,,,,,,,,,,0.3766457140445709,,,1.7734712362289429,4.3297271728515625,,,26.1848201751709,,0.5551989078521729,1019,,,,,,44.71384811401367,,,0.032981231808662415,,0.004207231570035219,,3029,,
1.0503363609313965,,18.51830291748047,,,,,,,,0.021425727754831314,,,,,14.195771217346191,,,13.896424293518066,,,,1776372108.4978325,,8215.701860014,0.0529073029756546,,,,1010,,,,,,,,,,,,0.363200306892395,,,1.7699317932128906,4.322530269622803,,,26.186174392700195,,0.5507816076278687,1020,,,,,,44.9847526550293,,,0.03302798420190811,,0.00430418411269784,,3032,,
1.0605802536010742,,18.497196197509766,,,,,,,,0.021485624834895134,,,,,14.172799110412598,,,13.874568939208984,,,,1776372115.667195,,8222.871318605,0.052644483745098114,,,,1011,,,,,,,,,,,,0.3703870475292206,,,1.7818197011947632,4.32439661026001,,,26.187450408935547,,0.5279306173324585,1021,,,,,,45.278526306152344,,,0.03303853049874306,,0.0043065669015049934,,3035,,
1.0627895593643188,,18.47026824951172,,,,,,,,0.021295400336384773,,,,,14.147851943969727,,,13.532732009887695,,,,1776372123.0293715,,8230.23356498,0.052520737051963806,,,,1012,,,,,,,,,,,,0.36854690313339233,,,1.7894062995910645,4.322418689727783,,,26.188615798950195,,0.5593233704566956,1022,,,,,,45.04695510864258,,,0.032970886677503586,,0.004236399196088314,,3038,,
1.0606517791748047,,18.44716453552246,,,,,,,,0.021225426346063614,,,,,14.128836631774902,,,13.378564834594727,,,,1776372130.1410983,,8237.345361554,0.05234990641474724,,,,1013,,,,,,,,,,,,0.3615720272064209,,,1.7820647954940796,4.318330764770508,,,26.189945220947266,,0.547021210193634,1023,,,,,,44.98613357543945,,,0.03301619365811348,,0.004196123220026493,,3041,,
1.0657916069030762,,18.406705856323242,,,,,,,,0.021364467218518257,,,,,14.099531173706055,,,13.79192066192627,,,,1776372137.2372658,,8244.441413604,0.052060939371585846,,,,1014,,,,,,,,,,,,0.366106241941452,,,1.8009024858474731,4.307175159454346,,,26.191377639770508,,0.5440325140953064,1024,,,,,,45.60224914550781,,,0.033146489411592484,,0.004138492513448,,3044,,
1.0706000328063965,,18.38542366027832,,,,,,,,0.021449176594614983,,,,,14.072113037109375,,,13.940190315246582,,,,1776372144.340364,,8251.544416551,0.05184384062886238,,,,1015,,,,,,,,,,,,0.3720402121543884,,,1.8117588758468628,4.3133111000061035,,,26.192800521850586,,0.5411519408226013,1025,,,,,,45.92911911010742,,,0.0330633819103241,,0.004026032518595457,,3047,,
1.078590750694275,,18.378511428833008,,,,,,,,0.021588275209069252,,,,,14.0707426071167,,,13.840229034423828,,,,1776372151.5240204,,8258.728812585,0.051817916333675385,,,,1016,,,,,,,,,,,,0.3685133457183838,,,1.8295520544052124,4.307768821716309,,,26.194232940673828,,0.5353478789329529,1026,,,,,,46.24219512939453,,,0.03338614106178284,,0.004030103795230389,,3050,,
1.0934995412826538,,18.373594284057617,,,,,,,,0.021572953090071678,,,,,14.04605770111084,,,13.863178253173828,,,,1776372158.7164407,,8265.920699391,0.051673028618097305,,,,1017,,,,,,,,,,,,0.370993971824646,,,1.841708779335022,4.327535152435303,,,26.195573806762695,,0.538895845413208,1027,,,,,,46.351417541503906,,,0.03357037901878357,,0.004060272127389908,,3053,,
1.0716246366500854,,18.329694747924805,,,,,,,,0.021314727142453194,,,,,14.010284423828125,,,13.906961441040039,,,,1776372165.7603898,,8272.964384884,0.051389530301094055,,,,1018,,,,,,,,,,,,0.37072518467903137,,,1.8130245208740234,4.319409370422363,,,26.196823120117188,,0.5637248754501343,1028,,,,,,46.09812545776367,,,0.0332304909825325,,0.004074344877153635,,3056,,
1.0793125629425049,,18.304304122924805,,,,,,,,0.021334819495677948,,,,,13.985208511352539,,,13.804718017578125,,,,1776372173.0129504,,8280.217269638,0.05115993320941925,,,,1019,,,,,,,,,,,,0.3675139248371124,,,1.8297386169433594,4.319096565246582,,,26.19820213317871,,0.5410302877426147,1029,,,,,,46.302391052246094,,,0.033069685101509094,,0.004155440721660852,,3059,,
1.1149197816848755,,18.275480270385742,,,,,,,,0.021606428548693657,,,,,13.96001148223877,,,14.237832069396973,,,,1776372180.0403976,,8287.24447198,0.05094810575246811,,,,1020,,,,,,,,,,,,0.3702796995639801,,,1.8638051748275757,4.315470218658447,,,26.199594497680664,,0.5419254899024963,1030,,,,,,47.09468460083008,,,0.033394813537597656,,0.003926197532564402,,3062,,
1.119085431098938,,18.239038467407227,,,,,,,,0.02178891748189926,,,,,13.92937183380127,,,14.323484420776367,,,,1776372187.3068492,,8294.510899405,0.05067471042275429,,,,1021,,,,,,,,,,,,0.36895450949668884,,,1.887662410736084,4.309666633605957,,,26.20098876953125,,0.527661919593811,1031,,,,,,47.705474853515625,,,0.03374161198735237,,0.003823858452960849,,3065,,
1.1146374940872192,,18.22462272644043,,,,,,,,0.021669410169124603,,,,,13.916275978088379,,,14.340484619140625,,,,1776372194.5709727,,8301.775120452,0.05055016651749611,,,,1022,,,,,,,,,,,,0.3689963221549988,,,1.871208667755127,4.308346748352051,,,26.202421188354492,,0.5483688712120056,1032,,,,,,47.568504333496094,,,0.033387113362550735,,0.003936623688787222,,3068,,
1.126623272895813,,18.206459045410156,,,,,,,,0.021649999544024467,,,,,13.895683288574219,,,14.149277687072754,,,,1776372201.7884629,,8308.99269295,0.050351448357105255,,,,1023,,,,,,,,,,,,0.3703959882259369,,,1.889503836631775,4.310774326324463,,,26.203853607177734,,0.5603358745574951,1033,,,,,,47.7355842590332,,,0.03349258378148079,,0.003932108636945486,,3071,,
1.121233582496643,,18.186887741088867,,,,,,,,0.021690256893634796,,,,,13.872081756591797,,,14.446614265441895,,,,1776372208.8533447,,8316.057438191,0.05022464692592621,,,,1024,,,,,,,,,,,,0.3649415075778961,,,1.9010809659957886,4.314806938171387,,,26.205257415771484,,0.5352145433425903,1034,,,,,,47.979095458984375,,,0.033522941172122955,,0.0038611816707998514,,3074,,
1.1285960674285889,,18.138154983520508,,,,,,,,0.02176280878484249,,,,,13.820577621459961,,,14.550039291381836,,,,1776372216.0845563,,8323.288666925,0.04986843839287758,,,,1025,,,,,,,,,,,,0.37447646260261536,,,1.9146960973739624,4.317576885223389,,,26.206539154052734,,0.5343226194381714,1035,,,,,,48.46249771118164,,,0.033627238124608994,,0.003888082457706332,,3077,,
1.1327978372573853,,18.13410186767578,,,,,,,,0.02178887091577053,,,,,13.817846298217773,,,14.457772254943848,,,,1776372223.266611,,8330.470634596,0.049805648624897,,,,1026,,,,,,,,,,,,0.3674832880496979,,,1.9146262407302856,4.316257476806641,,,26.207836151123047,,0.5392228960990906,1036,,,,,,48.544620513916016,,,0.03381409868597984,,0.004032997880131006,,3080,,
1.1383064985275269,,18.107379913330078,,,,,,,,0.0217385645955801,,,,,13.794574737548828,,,14.598602294921875,,,,1776372230.3101132,,8337.514017865,0.04962625354528427,,,,1027,,,,,,,,,,,,0.3698166012763977,,,1.9295271635055542,4.312806606292725,,,26.209190368652344,,0.5595552325248718,1037,,,,,,48.66389846801758,,,0.033732641488313675,,0.003916050773113966,,3083,,
1.1506503820419312,,18.103105545043945,,,,,,,,0.02174193784594536,,,,,13.787666320800781,,,14.473297119140625,,,,1776372237.4675827,,8344.671466051,0.049527984112501144,,,,1028,,,,,,,,,,,,0.3681144118309021,,,1.921812891960144,4.315438747406006,,,26.21054458618164,,0.540908932685852,1038,,,,,,48.70393753051758,,,0.03356679156422615,,0.003943283576518297,,3086,,
1.1553736925125122,,18.085840225219727,,,,,,,,0.021882139146327972,,,,,13.76583480834961,,,14.457745552062988,,,,1776372244.5120063,,8351.71613072,0.049342602491378784,,,,1029,,,,,,,,,,,,0.3689326345920563,,,1.9600732326507568,4.320004940032959,,,26.211925506591797,,0.527968168258667,1039,,,,,,49.203914642333984,,,0.03394393250346184,,0.003816795302554965,,3089,,
1.1393182277679443,,18.05036163330078,,,,,,,,0.021993685513734818,,,,,13.734036445617676,,,14.940979957580566,,,,1776372251.7674437,,8358.971770995,0.04912206158041954,,,,1030,,,,,,,,,,,,0.3678939640522003,,,1.9563028812408447,4.3163228034973145,,,26.21324348449707,,0.5494594573974609,1040,,,,,,49.69584274291992,,,0.03420663997530937,,0.0038178463000804186,,3092,,
1.1808862686157227,,18.031347274780273,,,,,,,,0.022040054202079773,,,,,13.714669227600098,,,15.043705940246582,,,,1776372259.146972,,8366.350915553,0.04893602430820465,,,,1031,,,,,,,,,,,,0.37287917733192444,,,1.970556616783142,4.316680431365967,,,26.214481353759766,,0.5657769441604614,1041,,,,,,50.0576286315918,,,0.03435501828789711,,0.0038038233760744333,,3095,,
1.1452258825302124,,18.011606216430664,,,,,,,,0.02191345766186714,,,,,13.700364112854004,,,14.695220947265625,,,,1776372266.167815,,8373.372157295,0.04888438060879707,,,,1032,,,,,,,,,,,,0.37087345123291016,,,1.9697394371032715,4.311243534088135,,,26.21553611755371,,0.5184095501899719,1042,,,,,,49.76778793334961,,,0.03402077779173851,,0.0038155282381922007,,3098,,
1.1747817993164062,,17.96105194091797,,,,,,,,0.021962987259030342,,,,,13.659396171569824,,,14.782302856445312,,,,1776372273.4751928,,8380.679113907,0.04848417267203331,,,,1033,,,,,,,,,,,,0.36100316047668457,,,1.9977054595947266,4.301653861999512,,,26.216705322265625,,0.5795695781707764,1043,,,,,,50.24891662597656,,,0.034348178654909134,,0.003652285784482956,,3101,,
1.1864738464355469,,17.961162567138672,,,,,,,,0.022134169936180115,,,,,13.65247917175293,,,14.872968673706055,,,,1776372280.5111575,,8387.71567821,0.04844827950000763,,,,1034,,,,,,,,,,,,0.3680334985256195,,,1.9978410005569458,4.308683395385742,,,26.2179012298584,,0.5548877716064453,1044,,,,,,50.6478271484375,,,0.03433961048722267,,0.003729588119313121,,3104,,
1.1800487041473389,,17.933805465698242,,,,,,,,0.022061293944716454,,,,,13.631999015808105,,,15.06356430053711,,,,1776372287.515546,,8394.719951828,0.048365503549575806,,,,1035,,,,,,,,,,,,0.37023037672042847,,,1.9883235692977905,4.301806926727295,,,26.219112396240234,,0.5711740851402283,1045,,,,,,50.69567108154297,,,0.03425591066479683,,0.0038991549517959356,,3107,,
1.176702618598938,,17.923137664794922,,,,,,,,0.02204626426100731,,,,,13.607319831848145,,,15.106429100036621,,,,1776372294.7891254,,8401.993434182,0.04813111573457718,,,,1036,,,,,,,,,,,,0.37183550000190735,,,2.00451397895813,4.315819263458252,,,26.220264434814453,,0.5645898580551147,1046,,,,,,50.840084075927734,,,0.034467294812202454,,0.003716187085956335,,3110,,
1.1660947799682617,,17.886838912963867,,,,,,,,0.02204098179936409,,,,,13.569365501403809,,,15.174205780029297,,,,1776372301.8418596,,8409.046067256,0.0478370301425457,,,,1037,,,,,,,,,,,,0.37156885862350464,,,2.0079643726348877,4.31747579574585,,,26.221513748168945,,0.5492780804634094,1047,,,,,,51.15254592895508,,,0.03447182849049568,,0.0037172092124819756,,3113,,
1.1836280822753906,,17.880577087402344,,,,,,,,0.02204488031566143,,,,,13.56534194946289,,,14.970921516418457,,,,1776372308.834545,,8416.038820725,0.047722600400447845,,,,1038,,,,,,,,,,,,0.37365493178367615,,,2.0266788005828857,4.315235137939453,,,26.222789764404297,,0.5538080334663391,1048,,,,,,51.254085540771484,,,0.034446507692337036,,0.003626398276537657,,3116,,
1.205839991569519,,17.844654083251953,,,,,,,,0.022084621712565422,,,,,13.53149700164795,,,15.166706085205078,,,,1776372316.0802605,,8423.284295811,0.04753773286938667,,,,1039,,,,,,,,,,,,0.36693161725997925,,,2.051116943359375,4.31315803527832,,,26.22406005859375,,0.5411018133163452,1049,,,,,,51.6333122253418,,,0.034294262528419495,,0.003646192140877247,,3119,,
1.2115273475646973,,17.809843063354492,,,,,,,,0.02221381664276123,,,,,13.500370025634766,,,15.206292152404785,,,,1776372323.3499596,,8430.55451458,0.04727385938167572,,,,1040,,,,,,,,,,,,0.3696461319923401,,,2.062540292739868,4.309472560882568,,,26.225444793701172,,0.5399608016014099,1050,,,,,,52.1412353515625,,,0.03476269543170929,,0.003587967250496149,,3122,,
1.2218869924545288,,17.781103134155273,,,,,,,,0.022307688370347023,,,,,13.481120109558105,,,15.746254920959473,,,,1776372330.7081218,,8437.912336174,0.047175463289022446,,,,1041,,,,,,,,,,,,0.37116727232933044,,,2.061847448348999,4.299983501434326,,,26.226730346679688,,0.5623587965965271,1051,,,,,,52.4932861328125,,,0.034726787358522415,,0.0035591451451182365,,3125,,
1.246212124824524,,17.778106689453125,,,,,,,,0.022364070639014244,,,,,13.470622062683105,,,15.526824951171875,,,,1776372337.7572386,,8444.961229504,0.047018375247716904,,,,1042,,,,,,,,,,,,0.369188517332077,,,2.0829293727874756,4.307485103607178,,,26.227998733520508,,0.5987165570259094,1052,,,,,,52.77298355102539,,,0.03491917997598648,,0.0036963641177862883,,3128,,
1.245169758796692,,17.748184204101562,,,,,,,,0.022206544876098633,,,,,13.443578720092773,,,15.49035930633545,,,,1776372344.947249,,8452.151414446,0.04690416157245636,,,,1043,,,,,,,,,,,,0.37031692266464233,,,2.082031726837158,4.304605007171631,,,26.229143142700195,,0.564367949962616,1053,,,,,,52.532657623291016,,,0.034798480570316315,,0.0037606728728860617,,3131,,
1.239899754524231,,17.73127555847168,,,,,,,,0.022166496142745018,,,,,13.413382530212402,,,15.423300743103027,,,,1776372351.9815872,,8459.185648479,0.046640414744615555,,,,1044,,,,,,,,,,,,0.37007686495780945,,,2.088102102279663,4.3178935050964355,,,26.23045539855957,,0.5955343842506409,1054,,,,,,52.704776763916016,,,0.03493160009384155,,0.0036236175801604986,,3134,,
1.2402069568634033,,17.711193084716797,,,,,,,,0.02237820439040661,,,,,13.392601013183594,,,15.684192657470703,,,,1776372359.5028539,,8466.707073144,0.046512968838214874,,,,1045,,,,,,,,,,,,0.3680713474750519,,,2.10760498046875,4.3185930252075195,,,26.231887817382812,,0.5809232592582703,1055,,,,,,53.45457458496094,,,0.03529012203216553,,0.003613144624978304,,3137,,
1.2433689832687378,,17.69330596923828,,,,,,,,0.02243412286043167,,,,,13.38944149017334,,,15.744007110595703,,,,1776372366.6603992,,8473.865243981,0.04643376171588898,,,,1046,,,,,,,,,,,,0.35805538296699524,,,2.1050939559936523,4.303863048553467,,,26.23318099975586,,0.5609273314476013,1056,,,,,,53.59469985961914,,,0.0351412333548069,,0.0035033170133829117,,3140,,
1.2552852630615234,,17.660764694213867,,,,,,,,0.022343933582305908,,,,,13.352020263671875,,,15.595283508300781,,,,1776372373.8718364,,8481.075903103,0.046162839978933334,,,,1047,,,,,,,,,,,,0.37071481347084045,,,2.1269514560699463,4.308745861053467,,,26.23442840576172,,0.5620537996292114,1057,,,,,,53.70603561401367,,,0.03499269858002663,,0.003592126304283738,,3143,,
1.2544190883636475,,17.629745483398438,,,,,,,,0.022477516904473305,,,,,13.32987117767334,,,15.908095359802246,,,,1776372380.9181647,,8488.122581274,0.04606829583644867,,,,1048,,,,,,,,,,,,0.3674144446849823,,,2.1342594623565674,4.299872875213623,,,26.235628128051758,,0.5684118270874023,1058,,,,,,54.19116973876953,,,0.0352320522069931,,0.003624912817031145,,3146,,
1.2621270418167114,,17.60953712463379,,,,,,,,0.02238437719643116,,,,,13.298417091369629,,,15.864990234375,,,,1776372389.0306444,,8496.234910893,0.04577098786830902,,,,1049,,,,,,,,,,,,0.3728552460670471,,,2.147383451461792,4.311121463775635,,,26.23687744140625,,0.560616672039032,1059,,,,,,54.239036560058594,,,0.03507000580430031,,0.0034501575864851475,,3149,,
1.2685647010803223,,17.59686279296875,,,,,,,,0.02238878421485424,,,,,13.286535263061523,,,15.722732543945312,,,,1776372395.9388678,,8503.142924014,0.04564576968550682,,,,1050,,,,,,,,,,,,0.37204480171203613,,,2.1467385292053223,4.310327053070068,,,26.238178253173828,,0.5660302639007568,1060,,,,,,54.40108108520508,,,0.03531881794333458,,0.0035328189842402935,,3152,,
1.281959891319275,,17.545406341552734,,,,,,,,0.022559601813554764,,,,,13.242860794067383,,,16.16866683959961,,,,1776372403.089762,,8510.293962569,0.04539020359516144,,,,1051,,,,,,,,,,,,0.35794660449028015,,,2.176635980606079,4.302547454833984,,,26.2395076751709,,0.5812597870826721,1061,,,,,,55.1794319152832,,,0.0354386642575264,,0.003443283261731267,,3155,,
1.3120959997177124,,17.54514503479004,,,,,,,,0.022626647725701332,,,,,13.239965438842773,,,16.221446990966797,,,,1776372410.1554978,,8517.359617858,0.04534371197223663,,,,1052,,,,,,,,,,,,0.3742295205593109,,,2.1967086791992188,4.305179119110107,,,26.240861892700195,,0.581572949886322,1062,,,,,,55.41043472290039,,,0.03549293801188469,,0.0034511093981564045,,3158,,
1.298413634300232,,17.524242401123047,,,,,,,,0.02268098294734955,,,,,13.223797798156738,,,16.29150390625,,,,1776372417.3152757,,8524.519317471,0.04523453116416931,,,,1053,,,,,,,,,,,,0.3728182911872864,,,2.178745746612549,4.30044412612915,,,26.24222755432129,,0.5848758220672607,1063,,,,,,55.67192077636719,,,0.035551320761442184,,0.0035368558019399643,,3161,,
1.3008290529251099,,17.493331909179688,,,,,,,,0.02278747595846653,,,,,13.195444107055664,,,16.4468936920166,,,,1776372424.8344467,,8532.038487464,0.045016709715127945,,,,1054,,,,,,,,,,,,0.36999067664146423,,,2.196301221847534,4.297888278961182,,,26.243385314941406,,0.5767357349395752,1064,,,,,,56.1308479309082,,,0.035677794367074966,,0.003577394410967827,,3164,,
1.2887840270996094,,17.46514892578125,,,,,,,,0.02254674583673477,,,,,13.165855407714844,,,16.025270462036133,,,,1776372431.8763726,,8539.080532979,0.04474257677793503,,,,1055,,,,,,,,,,,,0.3717166483402252,,,2.2291202545166016,4.299296855926514,,,26.2446231842041,,0.5655677318572998,1065,,,,,,55.925479888916016,,,0.035565946251153946,,0.0034598917700350285,,3167,,
1.3074393272399902,,17.454111099243164,,,,,,,,0.022705310955643654,,,,,13.154321670532227,,,16.506059646606445,,,,1776372438.862371,,8546.066337968,0.044658780097961426,,,,1056,,,,,,,,,,,,0.37640389800071716,,,2.2133941650390625,4.299792289733887,,,26.246017456054688,,0.5749062299728394,1066,,,,,,56.423397064208984,,,0.035617612302303314,,0.003466583788394928,,3170,,
1.3241541385650635,,17.421913146972656,,,,,,,,0.022753290832042694,,,,,13.110145568847656,,,16.44666290283203,,,,1776372445.9916766,,8553.195650224,0.0443759523332119,,,,1057,,,,,,,,,,,,0.36860111355781555,,,2.2458715438842773,4.311769008636475,,,26.247316360473633,,0.5801239013671875,1067,,,,,,56.90449905395508,,,0.035831574350595474,,0.003293723566457629,,3173,,
1.3166590929031372,,17.410301208496094,,,,,,,,0.022747250273823738,,,,,13.115050315856934,,,16.4722843170166,,,,1776372452.9989312,,8560.20316918,0.044364083558321,,,,1058,,,,,,,,,,,,0.3590523898601532,,,2.234405994415283,4.295248985290527,,,26.248571395874023,,0.5866639614105225,1068,,,,,,56.92501449584961,,,0.03578852489590645,,0.003408565418794751,,3176,,
1.3423551321029663,,17.391328811645508,,,,,,,,0.02273579314351082,,,,,13.086393356323242,,,16.463172912597656,,,,1776372460.354042,,8567.558503386,0.04416264221072197,,,,1059,,,,,,,,,,,,0.36605510115623474,,,2.245136022567749,4.304936408996582,,,26.249860763549805,,0.5994617342948914,1069,,,,,,57.0888671875,,,0.03583130985498428,,0.003346475074067712,,3179,,
1.3101272583007812,,17.393604278564453,,,,,,,,0.022916696965694427,,,,,13.080499649047852,,,16.547866821289062,,,,1776372467.4492393,,8574.653234116,0.044138699769973755,,,,1060,,,,,,,,,,,,0.3737872540950775,,,2.235389471054077,4.313106060028076,,,26.251171112060547,,0.5991639494895935,1070,,,,,,57.5456657409668,,,0.036015890538692474,,0.0033898360561579466,,3182,,
1.339548110961914,,17.339845657348633,,,,,,,,0.022978192195296288,,,,,13.04470157623291,,,16.873023986816406,,,,1776372474.493795,,8581.697733636,0.04392212629318237,,,,1061,,,,,,,,,,,,0.36198797821998596,,,2.2657787799835205,4.295144081115723,,,26.252410888671875,,0.5670748353004456,1071,,,,,,58.07567596435547,,,0.03598935902118683,,0.003350593149662018,,3185,,
1.3447314500808716,,17.330820083618164,,,,,,,,0.022940324619412422,,,,,13.016847610473633,,,16.90540313720703,,,,1776372481.7676954,,8588.972468137,0.04365114867687225,,,,1062,,,,,,,,,,,,0.3727644085884094,,,2.264976739883423,4.3139729499816895,,,26.253646850585938,,0.5814152359962463,1072,,,,,,58.299861907958984,,,0.036188289523124695,,0.003332804422825575,,3188,,
1.345814824104309,,17.296308517456055,,,,,,,,0.02283153124153614,,,,,12.99853801727295,,,16.807973861694336,,,,1776372488.7314334,,8595.935465824,0.04355766624212265,,,,1063,,,,,,,,,,,,0.3698257505893707,,,2.286104917526245,4.297769546508789,,,26.254846572875977,,0.5858200788497925,1073,,,,,,58.205936431884766,,,0.03614361956715584,,0.0033066184259951115,,3191,,
1.3353524208068848,,17.277257919311523,,,,,,,,0.022758347913622856,,,,,12.967693328857422,,,16.68655776977539,,,,1776372495.9557893,,8603.159891788,0.04335371032357216,,,,1064,,,,,,,,,,,,0.37353307008743286,,,2.2863433361053467,4.309564113616943,,,26.256183624267578,,0.5801178216934204,1074,,,,,,58.26777267456055,,,0.035960327833890915,,0.003281781915575266,,3194,,
1.3425617218017578,,17.247501373291016,,,,,,,,0.022925538942217827,,,,,12.94919490814209,,,17.070205688476562,,,,1776372503.1599896,,8610.364433593,0.04321162775158882,,,,1065,,,,,,,,,,,,0.3708942234516144,,,2.285295009613037,4.298305988311768,,,26.2575626373291,,0.579441249370575,1075,,,,,,58.789772033691406,,,0.03613252937793732,,0.003315153531730175,,3197,,
1.3382779359817505,,17.234159469604492,,,,,,,,0.02288779988884926,,,,,12.928875923156738,,,16.903385162353516,,,,1776372510.210218,,8617.414415354,0.04303997755050659,,,,1066,,,,,,,,,,,,0.36141183972358704,,,2.3175652027130127,4.305281162261963,,,26.258867263793945,,0.5718072056770325,1076,,,,,,58.978450775146484,,,0.036239705979824066,,0.0032053347676992416,,3200,,
1.3674542903900146,,17.199996948242188,,,,,,,,0.022969713434576988,,,,,12.905436515808105,,,17.17780876159668,,,,1776372517.285729,,8624.490003018,0.042785417288541794,,,,1067,,,,,,,,,,,,0.37177059054374695,,,2.3278348445892334,4.294559001922607,,,26.26019287109375,,0.5738405585289001,1077,,,,,,59.53812026977539,,,0.03621359169483185,,0.0031912808772176504,,3203,,
1.3768292665481567,,17.18353843688965,,,,,,,,0.023038262501358986,,,,,12.887537002563477,,,16.9577693939209,,,,1776372524.592298,,8631.796312651,0.04270489513874054,,,,1068,,,,,,,,,,,,0.3704964220523834,,,2.3423330783843994,4.296004295349121,,,26.2614688873291,,0.5720008611679077,1078,,,,,,59.853477478027344,,,0.036364346742630005,,0.003318890230730176,,3206,,
1.4021797180175781,,17.15887451171875,,,,,,,,0.023022238165140152,,,,,12.863677978515625,,,17.084810256958008,,,,1776372532.1197777,,8639.323768326,0.04258843883872032,,,,1069,,,,,,,,,,,,0.3678820729255676,,,2.3483545780181885,4.29519510269165,,,26.262746810913086,,0.5687302350997925,1079,,,,,,59.961341857910156,,,0.036481890827417374,,0.0032433620654046535,,3209,,
1.3896225690841675,,17.15382194519043,,,,,,,,0.023122968152165413,,,,,12.85033130645752,,,17.489519119262695,,,,1776372539.1848612,,8646.389153931,0.0424729585647583,,,,1070,,,,,,,,,,,,0.3672887682914734,,,2.36279296875,4.303491115570068,,,26.264020919799805,,0.6265510320663452,1080,,,,,,60.375057220458984,,,0.03685610368847847,,0.0033631562255322933,,3212,,
1.3973065614700317,,17.110750198364258,,,,,,,,0.02317165397107601,,,,,12.817169189453125,,,17.553747177124023,,,,1776372546.2929032,,8653.49691139,0.042310409247875214,,,,1071,,,,,,,,,,,,0.3707773685455322,,,2.3862228393554688,4.293581962585449,,,26.265209197998047,,0.6156875491142273,1081,,,,,,60.79412078857422,,,0.03686616197228432,,0.0033458471298217773,,3215,,
1.3934797048568726,,17.128929138183594,,,,,,,,0.02300846017897129,,,,,12.818718910217285,,,17.170120239257812,,,,1776372553.5288627,,8660.732923277,0.04220755398273468,,,,1072,,,,,,,,,,,,0.3692129850387573,,,2.389552116394043,4.310210227966309,,,26.266447067260742,,0.5857007503509521,1082,,,,,,60.506160736083984,,,0.03652797266840935,,0.0031792251393198967,,3218,,
1.3852375745773315,,17.058109283447266,,,,,,,,0.023093044757843018,,,,,12.771183013916016,,,17.478103637695312,,,,1776372560.8680954,,8668.072605112,0.04194644093513489,,,,1073,,,,,,,,,,,,0.37382933497428894,,,2.3738584518432617,4.286927700042725,,,26.267759323120117,,0.5972569584846497,1083,,,,,,61.07261657714844,,,0.03661143034696579,,0.0031989547424018383,,3221,,
1.411384105682373,,17.0562801361084,,,,,,,,0.023183273151516914,,,,,12.765727996826172,,,17.55810546875,,,,1776372567.903273,,8675.107348692,0.041847072541713715,,,,1074,,,,,,,,,,,,0.36948999762535095,,,2.4138877391815186,4.290553569793701,,,26.269142150878906,,0.5983110666275024,1084,,,,,,61.42608642578125,,,0.036523595452308655,,0.0031965766102075577,,3224,,
1.4673421382904053,,17.01615333557129,,,,,,,,0.023429056629538536,,,,,12.717543601989746,,,18.170455932617188,,,,1776372575.104213,,8682.30827353,0.04164162650704384,,,,1075,,,,,,,,,,,,0.3754633963108063,,,2.429292917251587,4.298608779907227,,,26.270524978637695,,0.6039854288101196,1085,,,,,,62.52180862426758,,,0.036984220147132874,,0.0032439595088362694,,3227,,
1.4391380548477173,,17.014793395996094,,,,,,,,0.023431945592164993,,,,,12.71725082397461,,,17.806425094604492,,,,1776372582.255384,,8689.459343969,0.04154063016176224,,,,1076,,,,,,,,,,,,0.36981990933418274,,,2.4552998542785645,4.297542095184326,,,26.271656036376953,,0.582287609577179,1086,,,,,,62.583595275878906,,,0.03692753612995148,,0.003182413289323449,,3230,,
1.4286653995513916,,16.99439811706543,,,,,,,,0.023195596411824226,,,,,12.692804336547852,,,17.771568298339844,,,,1776372589.2294095,,8696.433469794,0.04136354476213455,,,,1077,,,,,,,,,,,,0.36947333812713623,,,2.458172082901001,4.301592826843262,,,26.272680282592773,,0.6087784767150879,1087,,,,,,62.18742752075195,,,0.036720242351293564,,0.0031814859248697758,,3233,,
1.4476971626281738,,16.974592208862305,,,,,,,,0.02337207831442356,,,,,12.677717208862305,,,17.757341384887695,,,,1776372596.3560135,,8703.560279811,0.041208669543266296,,,,1078,,,,,,,,,,,,0.3695881962776184,,,2.450178384780884,4.296873569488525,,,26.273841857910156,,0.6155070066452026,1088,,,,,,62.875064849853516,,,0.03710620105266571,,0.0032032430171966553,,3236,,
1.4443912506103516,,16.950345993041992,,,,,,,,0.023475075140595436,,,,,12.660080909729004,,,18.227893829345703,,,,1776372603.463574,,8710.66771446,0.041163332760334015,,,,1079,,,,,,,,,,,,0.3746618628501892,,,2.476872444152832,4.290266036987305,,,26.27509307861328,,0.613361120223999,1089,,,,,,63.22382736206055,,,0.037011053413152695,,0.003165601287037134,,3239,,
1.467705249786377,,16.94172477722168,,,,,,,,0.02368715964257717,,,,,12.649209022521973,,,18.407554626464844,,,,1776372610.6465983,,8717.850610749,0.04099399223923683,,,,1080,,,,,,,,,,,,0.36344778537750244,,,2.489250659942627,4.292516708374023,,,26.276376724243164,,0.6263755559921265,1090,,,,,,64.14868927001953,,,0.03748637065291405,,0.0031740388367325068,,3242,,
1.482177495956421,,16.924938201904297,,,,,,,,0.02369290590286255,,,,,12.618817329406738,,,18.58426284790039,,,,1776372617.7004292,,8724.904551063,0.040809035301208496,,,,1081,,,,,,,,,,,,0.3694969415664673,,,2.505976676940918,4.30612325668335,,,26.277484893798828,,0.6083935499191284,1091,,,,,,64.44808197021484,,,0.037494733929634094,,0.003118228167295456,,3245,,
1.4849042892456055,,16.868377685546875,,,,,,,,0.023483943194150925,,,,,12.572540283203125,,,18.479719161987305,,,,1776372625.1267729,,8732.330661749,0.04052399843931198,,,,1082,,,,,,,,,,,,0.3721606433391571,,,2.4990158081054688,4.295838832855225,,,26.278512954711914,,0.5876240134239197,1092,,,,,,64.28136444091797,,,0.037232980132102966,,0.003119057510048151,,3248,,
1.459354043006897,,16.86026382446289,,,,,,,,0.02336721308529377,,,,,12.560606002807617,,,18.263019561767578,,,,1776372632.3147798,,8739.518711963,0.040479253977537155,,,,1083,,,,,,,,,,,,0.3699711561203003,,,2.492405414581299,4.299656867980957,,,26.27968406677246,,0.5934932231903076,1093,,,,,,63.99580001831055,,,0.0372697114944458,,0.003081158734858036,,3251,,
1.478248119354248,,16.857946395874023,,,,,,,,0.02321227267384529,,,,,12.559988975524902,,,17.7010498046875,,,,1776372639.4182296,,8746.622368838,0.04039449244737625,,,,1084,,,,,,,,,,,,0.36260488629341125,,,2.5095343589782715,4.297956943511963,,,26.28106689453125,,0.6077463030815125,1094,,,,,,63.734283447265625,,,0.03700283542275429,,0.003031836822628975,,3254,,
1.4939652681350708,,16.827287673950195,,,,,,,,0.02351161651313305,,,,,12.53592300415039,,,18.21271514892578,,,,1776372646.50396,,8753.708260701,0.04026421904563904,,,,1085,,,,,,,,,,,,0.3692118227481842,,,2.5487444400787354,4.2913665771484375,,,26.282564163208008,,0.606854259967804,1095,,,,,,64.7982177734375,,,0.03760630264878273,,0.003126267110928893,,3257,,
1.4996628761291504,,16.791650772094727,,,,,,,,0.023648880422115326,,,,,12.493444442749023,,,18.61590003967285,,,,1776372653.6914454,,8760.895792487,0.04001758247613907,,,,1086,,,,,,,,,,,,0.3735809326171875,,,2.5430290699005127,4.298205852508545,,,26.28412628173828,,0.6078683733940125,1096,,,,,,65.51969909667969,,,0.037348322570323944,,0.003022996708750725,,3260,,
1.4784996509552002,,16.792612075805664,,,,,,,,0.023724375292658806,,,,,12.50527286529541,,,18.431163787841797,,,,1776372660.9068284,,8768.111233835,0.040011513978242874,,,,1087,,,,,,,,,,,,0.37278303503990173,,,2.5632200241088867,4.28734016418457,,,26.285493850708008,,0.6162177324295044,1097,,,,,,65.73577117919922,,,0.03765001893043518,,0.0030074401292949915,,3263,,
1.5083606243133545,,16.73525047302246,,,,,,,,0.02380440942943096,,,,,12.45088005065918,,,18.889957427978516,,,,1776372668.0905955,,8775.294736037,0.03975857421755791,,,,1088,,,,,,,,,,,,0.37457144260406494,,,2.5689337253570557,4.2843708992004395,,,26.28668212890625,,0.5975121855735779,1098,,,,,,66.4366683959961,,,0.03796885162591934,,0.0030639583710581064,,3266,,
1.4977937936782837,,16.7279052734375,,,,,,,,0.023731069639325142,,,,,12.435970306396484,,,18.601341247558594,,,,1776372675.2008548,,8782.405207919,0.03957933932542801,,,,1089,,,,,,,,,,,,0.36450281739234924,,,2.5733959674835205,4.291934490203857,,,26.287864685058594,,0.6017946600914001,1099,,,,,,66.4161376953125,,,0.03780779242515564,,0.002898675622418523,,3269,,
1.5058518648147583,,16.70957374572754,,,,,,,,0.02373569644987583,,,,,12.413117408752441,,,18.90300941467285,,,,1776372682.2455757,,8789.449599379,0.039455533027648926,,,,1090,,,,,,,,,,,,0.36387312412261963,,,2.584230661392212,4.296454906463623,,,26.28897476196289,,0.6171852350234985,1100,,,,,,66.71788024902344,,,0.037916399538517,,0.003066434757784009,,3272,,
1.5150967836380005,,16.682714462280273,,,,,,,,0.02329828590154648,,,,,12.38612174987793,,,18.224285125732422,,,,1776372689.3550177,,8796.559072079,0.03920813649892807,,,,1091,,,,,,,,,,,,0.3698163628578186,,,2.5807716846466064,4.296593189239502,,,26.29001235961914,,0.5794541835784912,1101,,,,,,65.90599060058594,,,0.03715004771947861,,0.002940078964456916,,3275,,
1.523553729057312,,16.655536651611328,,,,,,,,0.023669004440307617,,,,,12.37528133392334,,,18.927854537963867,,,,1776372696.606121,,8803.810129013,0.0392085537314415,,,,1092,,,,,,,,,,,,0.37384337186813354,,,2.596071720123291,4.280255317687988,,,26.291353225708008,,0.60203617811203,1102,,,,,,66.9954605102539,,,0.03793879598379135,,0.0030799447558820248,,3278,,
1.5369890928268433,,16.657955169677734,,,,,,,,0.02385425567626953,,,,,12.366802215576172,,,18.880830764770508,,,,1776372703.8697433,,8811.074001012,0.039093952625989914,,,,1093,,,,,,,,,,,,0.3713110387325287,,,2.62512469291687,4.2911553382873535,,,26.29264259338379,,0.6089527606964111,1103,,,,,,67.74032592773438,,,0.0381038673222065,,0.002882282016798854,,3281,,
1.5814597606658936,,16.62866973876953,,,,,,,,0.02386891283094883,,,,,12.340429306030273,,,18.921724319458008,,,,1776372711.0123355,,8818.216544333,0.038942981511354446,,,,1094,,,,,,,,,,,,0.3739021420478821,,,2.644521713256836,4.288238048553467,,,26.293827056884766,,0.6206024885177612,1104,,,,,,67.97074890136719,,,0.037962839007377625,,0.0028840904124081135,,3284,,
1.550601601600647,,16.613468170166016,,,,,,,,0.024039100855588913,,,,,12.325984954833984,,,19.412477493286133,,,,1776372718.0529325,,8825.256938887,0.03882121294736862,,,,1095,,,,,,,,,,,,0.3644680082798004,,,2.6257078647613525,4.287483215332031,,,26.295080184936523,,0.6307756304740906,1105,,,,,,68.60881805419922,,,0.0384552888572216,,0.002985958941280842,,3287,,
1.5431745052337646,,16.593196868896484,,,,,,,,0.023857370018959045,,,,,12.304389953613281,,,19.338359832763672,,,,1776372725.6560283,,8832.860319466,0.038740552961826324,,,,1096,,,,,,,,,,,,0.3680977523326874,,,2.656818151473999,4.288805961608887,,,26.296171188354492,,0.6275096535682678,1106,,,,,,68.36016845703125,,,0.03824014961719513,,0.0030000824481248856,,3290,,
1.5827662944793701,,16.562152862548828,,,,,,,,0.02397192269563675,,,,,12.270246505737305,,,19.51861572265625,,,,1776372732.7964058,,8840.000895105,0.03844819217920303,,,,1097,,,,,,,,,,,,0.3788588345050812,,,2.6845273971557617,4.291907787322998,,,26.297256469726562,,0.5909228920936584,1107,,,,,,69.13824462890625,,,0.038320884108543396,,0.002849872224032879,,3293,,
1.591917872428894,,16.56112289428711,,,,,,,,0.024266675114631653,,,,,12.270333290100098,,,19.68320655822754,,,,1776372739.9243379,,8847.128479272,0.03841753304004669,,,,1098,,,,,,,,,,,,0.3689979314804077,,,2.6899349689483643,4.2907891273498535,,,26.298473358154297,,0.6438765525817871,1108,,,,,,70.03584289550781,,,0.03861552104353905,,0.0029055976774543524,,3296,,
,0.007174999453127384,,0.34331250190734863,2.3776553642607112e-14,485.70965576171875,3.239552723299788e-14,5.952423572540283,0.11442483216524124,5.952423572540283,,0.030224157497286797,0.967849850654602,33.06275939941406,0.9943250417709351,,0.4349231421947479,0.21886155009269714,,35.39312744140625,239.89376831054688,0.1872187703847885,1776372824.8013356,0.019217101857066154,8932.008169532,,11.449179649353027,261.3760070800781,0.07246875017881393,1099,0.2433481514453888,0.013106250204145908,14.297698020935059,0.0016499999910593033,0.3641500174999237,239.86233520507812,0.49834373593330383,0.21382500231266022,532.4097290039062,0.10299999266862869,11.229935646057129,,0.14586324989795685,12.495802879333496,,,0.0026499999221414328,259.9655456542969,,92.75242614746094,,1109,0.004812499973922968,0.004825000185519457,0.8597249984741211,14.297698020935059,485.70965576171875,,85.02792358398438,13.207610130310059,,0.24448123574256897,,0.8597249984741211,3299,0.015732644125819206,532.4097290039062
1.5987372398376465,,16.528467178344727,,,,,,,,0.024082357063889503,,,,,12.244871139526367,,,19.580982208251953,,,,1776372825.963429,,8933.167511073,0.03828974440693855,,,,1099,,,,,,,,,,,,0.36872953176498413,,,2.732400417327881,4.283594608306885,,,26.299482345581055,,0.650286853313446,1110,,,,,,69.7908706665039,,,0.03863238915801048,,0.0028659517411142588,,3299,,
1.5823395252227783,,16.508831024169922,,,,,,,,0.02395835518836975,,,,,12.213751792907715,,,19.368741989135742,,,,1776372832.9726467,,8940.177045536,0.0380735918879509,,,,1100,,,,,,,,,,,,0.36860135197639465,,,2.6851744651794434,4.295078754425049,,,26.3006534576416,,0.613684892654419,1111,,,,,,69.80113220214844,,,0.03854108601808548,,0.002911785151809454,,3302,,
1.5767313241958618,,16.490192413330078,,,,,,,,0.02387007512152195,,,,,12.198979377746582,,,19.556184768676758,,,,1776372839.9328525,,8947.137420217,0.03795960918068886,,,,1101,,,,,,,,,,,,0.3684360086917877,,,2.687410593032837,4.291210651397705,,,26.30191421508789,,0.6395263671875,1112,,,,,,69.754638671875,,,0.03825502470135689,,0.0027892673388123512,,3305,,
1.6204819679260254,,16.4603271484375,,,,,,,,0.023944426327943802,,,,,12.171935081481934,,,19.55735206604004,,,,1776372847.000034,,8954.204736089,0.03781699761748314,,,,1102,,,,,,,,,,,,0.3646438419818878,,,2.744950532913208,4.288392543792725,,,26.30303382873535,,0.6286265850067139,1113,,,,,,70.14397430419922,,,0.03832412138581276,,0.0028675131034106016,,3308,,
1.6206245422363281,,16.437049865722656,,,,,,,,0.024228574708104134,,,,,12.150471687316895,,,20.1066837310791,,,,1776372854.1233494,,8961.327819338,0.03766493499279022,,,,1103,,,,,,,,,,,,0.3722716271877289,,,2.7640082836151123,4.286577224731445,,,26.304283142089844,,0.6005878448486328,1114,,,,,,71.3414077758789,,,0.03877070173621178,,0.0028408148791640997,,3311,,
1.6090883016586304,,16.418554306030273,,,,,,,,0.024046530947089195,,,,,12.126078605651855,,,19.8861141204834,,,,1776372861.3529954,,8968.557065322,0.03753601387143135,,,,1104,,,,,,,,,,,,0.3718564212322235,,,2.735287666320801,4.292475700378418,,,26.305505752563477,,0.6317557692527771,1115,,,,,,71.08979797363281,,,0.03849712386727333,,0.0027927220799028873,,3314,,
1.6165169477462769,,16.387422561645508,,,,,,,,0.023941418156027794,,,,,12.0969820022583,,,20.054771423339844,,,,1776372868.4391284,,8975.643191424,0.03737641125917435,,,,1105,,,,,,,,,,,,0.3748176693916321,,,2.75809383392334,4.290439128875732,,,26.30669593811035,,0.6442483067512512,1116,,,,,,71.03987121582031,,,0.03846731781959534,,0.0028474365826696157,,3317,,
1.644353985786438,,16.364782333374023,,,,,,,,0.024211153388023376,,,,,12.08602237701416,,,20.026641845703125,,,,1776372875.5675259,,8982.771481638,0.03721804916858673,,,,1106,,,,,,,,,,,,0.3697023093700409,,,2.8022594451904297,4.2787604331970215,,,26.30802345275879,,0.6187095046043396,1117,,,,,,72.0654296875,,,0.038752514868974686,,0.0028049855027347803,,3320,,
1.6417632102966309,,16.338438034057617,,,,,,,,0.024418747052550316,,,,,12.053971290588379,,,20.812467575073242,,,,1776372882.6911755,,8989.895571234,0.03707057237625122,,,,1107,,,,,,,,,,,,0.37350398302078247,,,2.8046512603759766,4.284465312957764,,,26.309242248535156,,0.6541276574134827,1118,,,,,,73.11582946777344,,,0.03912690654397011,,0.002794096013531089,,3323,,
1.6492607593536377,,16.34334945678711,,,,,,,,0.02417595125734806,,,,,12.045568466186523,,,20.18454933166504,,,,1776372889.7018588,,8996.90586589,0.03704092651605606,,,,1108,,,,,,,,,,,,0.3692290782928467,,,2.807698965072632,4.297782897949219,,,26.310365676879883,,0.6525318026542664,1119,,,,,,72.43733978271484,,,0.03870628401637077,,0.002801737515255809,,3326,,
1.6419048309326172,,16.310487747192383,,,,,,,,0.023978665471076965,,,,,12.015220642089844,,,20.12618064880371,,,,1776372896.9510262,,9004.155565104,0.03683841973543167,,,,1109,,,,,,,,,,,,0.37246811389923096,,,2.815228223800659,4.2952680587768555,,,26.311506271362305,,0.6376340389251709,1120,,,,,,72.27584075927734,,,0.038706324994564056,,0.002770749619230628,,3329,,
1.6484503746032715,,16.3000431060791,,,,,,,,0.024082858115434647,,,,,12.012964248657227,,,20.110204696655273,,,,1776372903.9753885,,9011.180070712,0.03674910590052605,,,,1110,,,,,,,,,,,,0.3711593747138977,,,2.843102216720581,4.287077903747559,,,26.31287384033203,,0.6210622191429138,1121,,,,,,72.71762084960938,,,0.03869401291012764,,0.0028003931511193514,,3332,,
1.6546844244003296,,16.27344512939453,,,,,,,,0.02426258474588394,,,,,11.981621742248535,,,20.431631088256836,,,,1776372911.26801,,9018.472261522,0.03656863048672676,,,,1111,,,,,,,,,,,,0.36642372608184814,,,2.835481882095337,4.291823863983154,,,26.314207077026367,,0.6311109066009521,1122,,,,,,73.6574478149414,,,0.039111655205488205,,0.0027384290006011724,,3335,,
1.6759177446365356,,16.254453659057617,,,,,,,,0.024413643404841423,,,,,11.963700294494629,,,20.649885177612305,,,,1776372918.3714795,,9025.576298952,0.03644417226314545,,,,1112,,,,,,,,,,,,0.37494662404060364,,,2.865886688232422,4.2907538414001465,,,26.315507888793945,,0.6093724370002747,1123,,,,,,74.30546569824219,,,0.03906228020787239,,0.0027120611630380154,,3338,,
1.7236706018447876,,16.21993064880371,,,,,,,,0.024460671469569206,,,,,11.939717292785645,,,20.703214645385742,,,,1776372925.7355785,,9032.939572644,0.03622822463512421,,,,1113,,,,,,,,,,,,0.3717900812625885,,,2.884974241256714,4.280212879180908,,,26.316734313964844,,0.6446214914321899,1124,,,,,,74.8696060180664,,,0.03930278494954109,,0.002708947751671076,,3341,,
1.693089246749878,,16.22357749938965,,,,,,,,0.024328457191586494,,,,,11.940171241760254,,,20.52518653869629,,,,1776372932.9029102,,9040.106929373,0.036329884082078934,,,,1114,,,,,,,,,,,,0.368125319480896,,,2.8624141216278076,4.283405780792236,,,26.317867279052734,,0.6197376251220703,1125,,,,,,74.15001678466797,,,0.039094336330890656,,0.0028408959042280912,,3344,,
1.6956305503845215,,16.191129684448242,,,,,,,,0.024129098281264305,,,,,11.906523704528809,,,20.09136199951172,,,,1776372940.0657294,,9047.27037299,0.03607543930411339,,,,1115,,,,,,,,,,,,0.3675871193408966,,,2.8947746753692627,4.284607410430908,,,26.318998336791992,,0.6232261061668396,1126,,,,,,74.12097930908203,,,0.038916394114494324,,0.0026153766084462404,,3347,,
1.6780755519866943,,16.14250373840332,,,,,,,,0.024483904242515564,,,,,11.855167388916016,,,20.992036819458008,,,,1776372947.0607972,,9054.26507867,0.03580019995570183,,,,1116,,,,,,,,,,,,0.3633790612220764,,,2.926081895828247,4.287336349487305,,,26.320171356201172,,0.6280675530433655,1127,,,,,,75.81006622314453,,,0.039632830768823624,,0.0026990806218236685,,3350,,
1.7270761728286743,,16.169193267822266,,,,,,,,0.024634698405861855,,,,,11.87688159942627,,,21.178516387939453,,,,1776372954.2936742,,9061.49768279,0.03587108105421066,,,,1117,,,,,,,,,,,,0.37258628010749817,,,2.926039934158325,4.292311191558838,,,26.32132911682129,,0.6515607833862305,1128,,,,,,76.07425689697266,,,0.03956715762615204,,0.0026373579166829586,,3353,,
1.7160030603408813,,16.130529403686523,,,,,,,,0.02455500327050686,,,,,11.843941688537598,,,21.327241897583008,,,,1776372961.668536,,9068.872502569,0.035693660378456116,,,,1118,,,,,,,,,,,,0.3698436915874481,,,2.945061683654785,4.286587238311768,,,26.322471618652344,,0.6237759590148926,1129,,,,,,76.28736114501953,,,0.039371512830257416,,0.0026797987520694733,,3356,,
1.7176597118377686,,16.092519760131836,,,,,,,,0.024560583755373955,,,,,11.81546401977539,,,21.405561447143555,,,,1776372968.685574,,9075.889683621,0.03550584614276886,,,,1119,,,,,,,,,,,,0.36731064319610596,,,2.9298033714294434,4.277055263519287,,,26.323673248291016,,0.6354978680610657,1130,,,,,,76.69563293457031,,,0.03955715894699097,,0.0026293252594769,,3359,,
1.7182645797729492,,16.08517837524414,,,,,,,,0.024416722357273102,,,,,11.801044464111328,,,21.101715087890625,,,,1776372975.728666,,9082.932511979,0.035457510501146317,,,,1120,,,,,,,,,,,,0.3675187826156616,,,2.931182861328125,4.284133434295654,,,26.324857711791992,,0.6583737134933472,1131,,,,,,76.28097534179688,,,0.03944455832242966,,0.0025464182253926992,,3362,,
1.7396268844604492,,16.063182830810547,,,,,,,,0.024558288976550102,,,,,11.785550117492676,,,21.099000930786133,,,,1776372982.8631616,,9090.067110263,0.03532620146870613,,,,1121,,,,,,,,,,,,0.3685653507709503,,,2.969228506088257,4.2776336669921875,,,26.326095581054688,,0.6572229266166687,1132,,,,,,77.1461410522461,,,0.03989509120583534,,0.0026712329126894474,,3365,,
1.7562439441680908,,16.03643226623535,,,,,,,,0.024787910282611847,,,,,11.754867553710938,,,21.66811752319336,,,,1776372989.8686237,,9097.072555417,0.035170841962099075,,,,1122,,,,,,,,,,,,0.3589162826538086,,,2.990419387817383,4.281567096710205,,,26.32737922668457,,0.6377058625221252,1133,,,,,,78.21199035644531,,,0.03993501886725426,,0.0027232584543526173,,3368,,
1.7556647062301636,,16.010705947875977,,,,,,,,0.024591989815235138,,,,,11.732717514038086,,,21.539722442626953,,,,1776372997.0497801,,9104.253847839,0.034982454031705856,,,,1123,,,,,,,,,,,,0.363165020942688,,,3.0377564430236816,4.277989387512207,,,26.328542709350586,,0.6511791944503784,1134,,,,,,78.03964233398438,,,0.03983987122774124,,0.002700819168239832,,3371,,
1.763495683670044,,16.007474899291992,,,,,,,,0.024642039090394974,,,,,11.719048500061035,,,21.382930755615234,,,,1776373004.1934323,,9111.397530887,0.03495718166232109,,,,1124,,,,,,,,,,,,0.37109804153442383,,,3.050088405609131,4.288425445556641,,,26.329776763916016,,0.6444114446640015,1135,,,,,,78.18694305419922,,,0.040040526539087296,,0.002703552832826972,,3374,,
1.7960243225097656,,15.979368209838867,,,,,,,,0.02458530105650425,,,,,11.6987886428833,,,21.24201011657715,,,,1776373011.294894,,9118.499261533,0.03479119762778282,,,,1125,,,,,,,,,,,,0.36142536997795105,,,3.0575156211853027,4.280580520629883,,,26.33096694946289,,0.6176090240478516,1136,,,,,,78.4334487915039,,,0.03971095383167267,,0.002642602426931262,,3377,,
1.7943766117095947,,15.965058326721191,,,,,,,,0.024894574657082558,,,,,11.676557540893555,,,22.130908966064453,,,,1776373018.398293,,9125.602309075,0.03467443957924843,,,,1126,,,,,,,,,,,,0.3697510361671448,,,3.0596508979797363,4.2885003089904785,,,26.332124710083008,,0.6545782089233398,1137,,,,,,79.53605651855469,,,0.04010660573840141,,0.0025867228396236897,,3380,,
1.8106052875518799,,15.940084457397461,,,,,,,,0.02494189515709877,,,,,11.665434837341309,,,22.02584457397461,,,,1776373025.8733947,,9133.07747595,0.0345732755959034,,,,1127,,,,,,,,,,,,0.3769831657409668,,,3.0784010887145996,4.2746500968933105,,,26.33340835571289,,0.6576699614524841,1138,,,,,,79.97261810302734,,,0.04027510806918144,,0.0026027841959148645,,3383,,
1.801587700843811,,15.912568092346191,,,,,,,,0.024957288056612015,,,,,11.623926162719727,,,22.297565460205078,,,,1776373033.0362508,,9140.240360466,0.034342583268880844,,,,1128,,,,,,,,,,,,0.36716145277023315,,,3.0621345043182373,4.288643836975098,,,26.334609985351562,,0.6109372973442078,1139,,,,,,80.55914306640625,,,0.04027538374066353,,0.0025574550963938236,,3386,,
1.7913323640823364,,15.903069496154785,,,,,,,,0.024759450927376747,,,,,11.628057479858398,,,21.88033676147461,,,,1776373040.1270764,,9147.331134937,0.03430665656924248,,,,1129,,,,,,,,,,,,0.3698824346065521,,,3.0749382972717285,4.275012016296387,,,26.335779190063477,,0.6523324847221375,1140,,,,,,80.0092544555664,,,0.04022573307156563,,0.0025496059097349644,,3389,,
1.8444855213165283,,15.897530555725098,,,,,,,,0.02481314353644848,,,,,11.61866283416748,,,21.663070678710938,,,,1776373047.2944388,,9154.498910147,0.03425731882452965,,,,1130,,,,,,,,,,,,0.3720286786556244,,,3.1160800457000732,4.278868198394775,,,26.33698272705078,,0.646399974822998,1141,,,,,,80.20901489257812,,,0.04037075862288475,,0.0024887395557016134,,3392,,
1.7889225482940674,,15.880640983581543,,,,,,,,0.024799108505249023,,,,,11.593131065368652,,,21.647066116333008,,,,1776373054.385601,,9161.589763859,0.0340723842382431,,,,1131,,,,,,,,,,,,0.36017364263534546,,,3.1067955493927,4.287511348724365,,,26.33823013305664,,0.6667252779006958,1142,,,,,,80.601318359375,,,0.04029054567217827,,0.002548552816733718,,3395,,
1.8516896963119507,,15.84953784942627,,,,,,,,0.024948276579380035,,,,,11.56686019897461,,,22.128828048706055,,,,1776373061.7250652,,9168.929452458,0.03395560756325722,,,,1132,,,,,,,,,,,,0.36856287717819214,,,3.1493704319000244,4.282678604125977,,,26.339527130126953,,0.6853036284446716,1143,,,,,,81.42304229736328,,,0.04051895812153816,,0.00252453051507473,,3398,,
1.8378210067749023,,15.82711410522461,,,,,,,,0.025058649480342865,,,,,11.5422945022583,,,22.558094024658203,,,,1776373068.803874,,9176.008212058,0.03378242999315262,,,,1133,,,,,,,,,,,,0.37288081645965576,,,3.154454469680786,4.284820556640625,,,26.3406925201416,,0.6392349004745483,1144,,,,,,82.18989562988281,,,0.04047412797808647,,0.002531495178118348,,3401,,
1.830308198928833,,15.790068626403809,,,,,,,,0.02503596618771553,,,,,11.513524055480957,,,22.702144622802734,,,,1776373075.9525561,,9183.157213775,0.033657073974609375,,,,1134,,,,,,,,,,,,0.36718690395355225,,,3.1745543479919434,4.276542663574219,,,26.341678619384766,,0.6418684124946594,1145,,,,,,82.52681732177734,,,0.04049408435821533,,0.0024647926911711693,,3404,,
1.8512237071990967,,15.774916648864746,,,,,,,,0.025129983201622963,,,,,11.497112274169922,,,22.888267517089844,,,,1776373083.0971143,,9190.301273091,0.03352135419845581,,,,1135,,,,,,,,,,,,0.3687583804130554,,,3.201134204864502,4.277803897857666,,,26.342628479003906,,0.6454476714134216,1146,,,,,,83.1459732055664,,,0.04077458754181862,,0.0025427909567952156,,3407,,
1.8706239461898804,,15.7571439743042,,,,,,,,0.025139058008790016,,,,,11.48181438446045,,,22.877683639526367,,,,1776373090.328501,,9197.532688418,0.033404361456632614,,,,1136,,,,,,,,,,,,0.37171006202697754,,,3.192563533782959,4.275327205657959,,,26.34369659423828,,0.6491292119026184,1147,,,,,,83.36906433105469,,,0.04074401408433914,,0.002463873475790024,,3410,,
1.8607159852981567,,15.715377807617188,,,,,,,,0.025029229000210762,,,,,11.445457458496094,,,22.847640991210938,,,,1776373097.3541224,,9204.5583394,0.033207956701517105,,,,1137,,,,,,,,,,,,0.36538177728652954,,,3.18088698387146,4.269920825958252,,,26.34477996826172,,0.6336116790771484,1148,,,,,,83.38765716552734,,,0.04064268246293068,,0.0024209017865359783,,3413,,
1.88286292552948,,15.701409339904785,,,,,,,,0.024980418384075165,,,,,11.425164222717285,,,22.7996883392334,,,,1776373104.4165187,,9211.620609265,0.03311331942677498,,,,1138,,,,,,,,,,,,0.3690541684627533,,,3.1897270679473877,4.2762451171875,,,26.346004486083984,,0.659829318523407,1149,,,,,,83.699462890625,,,0.04069015011191368,,0.002471640007570386,,3416,,
1.8831150531768799,,15.714908599853516,,,,,,,,0.025118792429566383,,,,,11.437422752380371,,,22.720609664916992,,,,1776373111.3542824,,9218.558373111,0.03313715383410454,,,,1139,,,,,,,,,,,,0.3705545663833618,,,3.2236692905426025,4.2774858474731445,,,26.347328186035156,,0.6710053086280823,1150,,,,,,83.97245025634766,,,0.041046980768442154,,0.002435894450172782,,3419,,
1.8737831115722656,,15.690605163574219,,,,,,,,0.025334341451525688,,,,,11.407857894897461,,,23.256103515625,,,,1776373118.3918085,,9225.596209317,0.03302649036049843,,,,1140,,,,,,,,,,,,0.36509016156196594,,,3.2402961254119873,4.282749176025391,,,26.348661422729492,,0.6495215892791748,1151,,,,,,85.05535888671875,,,0.041214197874069214,,0.002486240351572633,,3422,,
1.9140100479125977,,15.683255195617676,,,,,,,,0.025110973045229912,,,,,11.390545845031738,,,23.071044921875,,,,1776373125.6947591,,9232.898852122,0.032883092761039734,,,,1141,,,,,,,,,,,,0.36532533168792725,,,3.2410972118377686,4.2927093505859375,,,26.349853515625,,0.6683403849601746,1152,,,,,,84.71208190917969,,,0.04106263443827629,,0.0024083727039396763,,3425,,
1.8966115713119507,,15.626755714416504,,,,,,,,0.025154240429401398,,,,,11.35079574584961,,,23.028093338012695,,,,1776373133.0218346,,9240.225672079,0.03267119824886322,,,,1142,,,,,,,,,,,,0.3679617941379547,,,3.305314540863037,4.275960922241211,,,26.351043701171875,,0.6693680286407471,1153,,,,,,85.40678405761719,,,0.04103513062000275,,0.002469268860295415,,3428,,
1.9225640296936035,,15.631831169128418,,,,,,,,0.02518240362405777,,,,,11.35315227508545,,,23.2685604095459,,,,1776373140.1631715,,9247.367494958,0.03262611851096153,,,,1143,,,,,,,,,,,,0.37182748317718506,,,3.2887072563171387,4.278677940368652,,,26.352266311645508,,0.7094370126724243,1154,,,,,,85.56265258789062,,,0.04136840999126434,,0.002410446060821414,,3431,,
1.908331274986267,,15.598462104797363,,,,,,,,0.025150002911686897,,,,,11.32522201538086,,,23.02029800415039,,,,1776373147.2414396,,9254.445470491,0.032494500279426575,,,,1144,,,,,,,,,,,,0.3733562231063843,,,3.305804491043091,4.273239612579346,,,26.353487014770508,,0.6807352900505066,1155,,,,,,85.81708526611328,,,0.04126476123929024,,0.002410631161183119,,3434,,
1.9532999992370605,,15.593793869018555,,,,,,,,0.025503626093268394,,,,,11.314298629760742,,,23.681657791137695,,,,1776373154.2763793,,9261.480238923,0.032439734786748886,,,,1145,,,,,,,,,,,,0.3685782253742218,,,3.3307979106903076,4.279495716094971,,,26.354787826538086,,0.6949896216392517,1156,,,,,,87.24089050292969,,,0.041657667607069016,,0.0025027443189173937,,3437,,
1.9519462585449219,,15.579435348510742,,,,,,,,0.025380674749612808,,,,,11.303630828857422,,,23.613473892211914,,,,1776373161.541298,,9268.745259513,0.032326195389032364,,,,1146,,,,,,,,,,,,0.3685280680656433,,,3.3498079776763916,4.275804042816162,,,26.356027603149414,,0.6827461123466492,1157,,,,,,87.08843231201172,,,0.041437115520238876,,0.0023236714769154787,,3440,,
1.9269474744796753,,15.535303115844727,,,,,,,,0.02531030960381031,,,,,11.261384010314941,,,23.70341682434082,,,,1776373168.6841226,,9275.888612838,0.03209235519170761,,,,1147,,,,,,,,,,,,0.3700058162212372,,,3.3367154598236084,4.273918628692627,,,26.357189178466797,,0.6710060238838196,1158,,,,,,87.41416931152344,,,0.04140524938702583,,0.0023409437853842974,,3443,,
1.9530631303787231,,15.52335262298584,,,,,,,,0.02515905350446701,,,,,11.241961479187012,,,23.296825408935547,,,,1776373175.7578526,,9282.962179254,0.032011572271585464,,,,1148,,,,,,,,,,,,0.3676481544971466,,,3.359112024307251,4.281391620635986,,,26.358409881591797,,0.670036256313324,1159,,,,,,87.17254638671875,,,0.04144781082868576,,0.002354561584070325,,3446,,
1.9380847215652466,,15.525745391845703,,,,,,,,0.025136515498161316,,,,,11.242973327636719,,,23.00066375732422,,,,1776373184.0672867,,9291.271426998,0.031955476850271225,,,,1149,,,,,,,,,,,,0.37110215425491333,,,3.349052906036377,4.282771587371826,,,26.35967254638672,,0.6819681525230408,1160,,,,,,87.2374496459961,,,0.04140852764248848,,0.002397737232968211,,3449,,
1.9645805358886719,,15.48533821105957,,,,,,,,0.025344952940940857,,,,,11.218481063842773,,,23.60248374938965,,,,1776373190.9725556,,9298.176813742,0.03184349834918976,,,,1150,,,,,,,,,,,,0.3573414981365204,,,3.365649461746216,4.266858100891113,,,26.36100196838379,,0.6825705170631409,1161,,,,,,88.23274993896484,,,0.041545335203409195,,0.002393718808889389,,3452,,
1.9841231107711792,,15.489720344543457,,,,,,,,0.0255071222782135,,,,,11.2131929397583,,,23.843887329101562,,,,1776373198.2894392,,9305.493742805,0.03176909685134888,,,,1151,,,,,,,,,,,,0.36864328384399414,,,3.4076497554779053,4.276526927947998,,,26.36237144470215,,0.6927967071533203,1162,,,,,,89.00090026855469,,,0.041958075016736984,,0.002338159829378128,,3455,,
1.9906705617904663,,15.459659576416016,,,,,,,,0.02548910677433014,,,,,11.179945945739746,,,24.003097534179688,,,,1776373205.3400886,,9312.544246201,0.031632862985134125,,,,1152,,,,,,,,,,,,0.3705754578113556,,,3.392287015914917,4.2797136306762695,,,26.363672256469727,,0.6578853130340576,1163,,,,,,89.31515502929688,,,0.041342392563819885,,0.002377250697463751,,3458,,
2.0249640941619873,,15.439888954162598,,,,,,,,0.025393566116690636,,,,,11.164128303527832,,,23.976682662963867,,,,1776373212.5168204,,9319.720803507,0.03153720498085022,,,,1153,,,,,,,,,,,,0.37194398045539856,,,3.4515645503997803,4.275760650634766,,,26.36482048034668,,0.6511310935020447,1164,,,,,,89.33553314208984,,,0.04153026267886162,,0.0023972606286406517,,3461,,
2.019240617752075,,15.410382270812988,,,,,,,,0.025533171370625496,,,,,11.145000457763672,,,24.09679412841797,,,,1776373219.5278184,,9326.73243584,0.03140027076005936,,,,1154,,,,,,,,,,,,0.37414801120758057,,,3.453204393386841,4.265381813049316,,,26.365964889526367,,0.6665158867835999,1165,,,,,,90.09873962402344,,,0.042033273726701736,,0.002339848317205906,,3464,,
2.005993127822876,,15.381481170654297,,,,,,,,0.025565586984157562,,,,,11.118391990661621,,,24.124053955078125,,,,1776373226.5620854,,9333.766368858,0.031308673322200775,,,,1155,,,,,,,,,,,,0.3680570721626282,,,3.4397952556610107,4.263088226318359,,,26.367097854614258,,0.7038599252700806,1166,,,,,,90.50062561035156,,,0.041939038783311844,,0.0024115084670484066,,3467,,
1.9874598979949951,,15.382223129272461,,,,,,,,0.025596018880605698,,,,,11.103117942810059,,,24.330455780029297,,,,1776373233.9692163,,9341.173729638,0.031179280951619148,,,,1156,,,,,,,,,,,,0.37687066197395325,,,3.4906742572784424,4.279105186462402,,,26.3682918548584,,0.7005268931388855,1167,,,,,,91.048828125,,,0.041784513741731644,,0.0022929536644369364,,3470,,
2.046447277069092,,15.35144329071045,,,,,,,,0.025821367278695107,,,,,11.076399803161621,,,25.217975616455078,,,,1776373241.0456624,,9348.249692055,0.031078658998012543,,,,1157,,,,,,,,,,,,0.3718673586845398,,,3.4993598461151123,4.2750444412231445,,,26.36952018737793,,0.6697864532470703,1168,,,,,,92.1673812866211,,,0.04219780117273331,,0.002333741867914796,,3473,,
2.0227863788604736,,15.336888313293457,,,,,,,,0.02568691410124302,,,,,11.061633110046387,,,24.54429054260254,,,,1776373248.2645407,,9355.46928441,0.03091874159872532,,,,1158,,,,,,,,,,,,0.37243664264678955,,,3.486513614654541,4.2752556800842285,,,26.370534896850586,,0.6966670155525208,1169,,,,,,92.10804748535156,,,0.04223684221506119,,0.0022745835594832897,,3476,,
2.0468668937683105,,15.30798625946045,,,,,,,,0.025639843195676804,,,,,11.031963348388672,,,24.677379608154297,,,,1776373255.3844717,,9362.588750613,0.030754070729017258,,,,1159,,,,,,,,,,,,0.3645733594894409,,,3.494253396987915,4.276021957397461,,,26.371538162231445,,0.7052302956581116,1170,,,,,,92.41595458984375,,,0.0423709861934185,,0.002284118440002203,,3479,,
2.055462598800659,,15.294986724853516,,,,,,,,0.025739753618836403,,,,,11.023045539855957,,,25.097421646118164,,,,1776373262.5798616,,9369.783980376,0.030650561675429344,,,,1160,,,,,,,,,,,,0.36785659193992615,,,3.5217297077178955,4.271940231323242,,,26.37278938293457,,0.6672657132148743,1171,,,,,,93.11215209960938,,,0.04215608537197113,,0.002265163231641054,,3482,,
2.0401575565338135,,15.272424697875977,,,,,,,,0.025758791714906693,,,,,11.00748348236084,,,25.086475372314453,,,,1776373269.5709097,,9376.774851244,0.030602769926190376,,,,1161,,,,,,,,,,,,0.36250385642051697,,,3.5647761821746826,4.264944076538086,,,26.3740234375,,0.6935287117958069,1172,,,,,,93.25769805908203,,,0.04233419522643089,,0.0022346542682498693,,3485,,
2.0946497917175293,,15.256949424743652,,,,,,,,0.025855718180537224,,,,,10.984967231750488,,,25.572412490844727,,,,1776373276.6966057,,9383.900801793,0.030490340664982796,,,,1162,,,,,,,,,,,,0.3685576915740967,,,3.575549364089966,4.2719831466674805,,,26.375263214111328,,0.6972233057022095,1173,,,,,,94.05513000488281,,,0.04246806725859642,,0.0022605492267757654,,3488,,
2.113191843032837,,15.237608909606934,,,,,,,,0.02588188648223877,,,,,10.967016220092773,,,25.46051788330078,,,,1776373283.8126245,,9391.016921789,0.030392169952392578,,,,1163,,,,,,,,,,,,0.3603096902370453,,,3.60443115234375,4.27059268951416,,,26.376405715942383,,0.6893178224563599,1174,,,,,,94.4209976196289,,,0.04246329143643379,,0.0022818229626864195,,3491,,
2.099379777908325,,15.225144386291504,,,,,,,,0.025768257677555084,,,,,10.954849243164062,,,25.39407730102539,,,,1776373290.8835378,,9398.087600641,0.030324989929795265,,,,1164,,,,,,,,,,,,0.36355748772621155,,,3.5811567306518555,4.2702956199646,,,26.37749671936035,,0.6577785611152649,1175,,,,,,94.1778335571289,,,0.042111750692129135,,0.002232328522950411,,3494,,
2.0655808448791504,,15.199135780334473,,,,,,,,0.02587168663740158,,,,,10.925090789794922,,,25.364238739013672,,,,1776373298.0865242,,9405.290545329,0.030124537646770477,,,,1165,,,,,,,,,,,,0.3726125657558441,,,3.6441380977630615,4.274044513702393,,,26.378772735595703,,0.6728563904762268,1176,,,,,,95.18128204345703,,,0.042455386370420456,,0.0021532794926315546,,3497,,
2.1173136234283447,,15.191991806030273,,,,,,,,0.025936564430594444,,,,,10.918926239013672,,,25.180835723876953,,,,1776373305.2938056,,9412.49820642,0.030062023550271988,,,,1166,,,,,,,,,,,,0.36168020963668823,,,3.6465625762939453,4.273066520690918,,,26.379976272583008,,0.7007396221160889,1177,,,,,,95.54378509521484,,,0.042855314910411835,,0.002198867266997695,,3500,,
2.1051900386810303,,15.150278091430664,,,,,,,,0.025896308943629265,,,,,10.887643814086914,,,25.31745147705078,,,,1776373312.3343096,,9419.538363831,0.029889004305005074,,,,1167,,,,,,,,,,,,0.37122851610183716,,,3.6691665649414062,4.262635231018066,,,26.38108253479004,,0.6764906048774719,1178,,,,,,95.96207427978516,,,0.042750485241413116,,0.002185654826462269,,3503,,
2.092792510986328,,15.152771949768066,,,,,,,,0.02600216306746006,,,,,10.880379676818848,,,25.624561309814453,,,,1776373319.523786,,9426.728079649,0.029887693002820015,,,,1168,,,,,,,,,,,,0.36987873911857605,,,3.6685726642608643,4.272392272949219,,,26.38226318359375,,0.6929742693901062,1179,,,,,,96.44709777832031,,,0.042543455958366394,,0.0021301002707332373,,3506,,
2.1308116912841797,,15.11577320098877,,,,,,,,0.026027489453554153,,,,,10.84813404083252,,,26.07210922241211,,,,1776373326.7712712,,9433.9754308,0.029719389975070953,,,,1169,,,,,,,,,,,,0.37276187539100647,,,3.6784846782684326,4.267638683319092,,,26.38339614868164,,0.6892458200454712,1180,,,,,,97.09471893310547,,,0.042813826352357864,,0.0021781069226562977,,3509,,
2.183873414993286,,15.099835395812988,,,,,,,,0.02611996792256832,,,,,10.838470458984375,,,26.496631622314453,,,,1776373334.053781,,9441.25787064,0.029676023870706558,,,,1170,,,,,,,,,,,,0.36362558603286743,,,3.7210254669189453,4.261364459991455,,,26.384613037109375,,0.6807215213775635,1181,,,,,,97.67035675048828,,,0.042996082454919815,,0.0021850222256034613,,3512,,
2.16167950630188,,15.076915740966797,,,,,,,,0.026171142235398293,,,,,10.808587074279785,,,26.458110809326172,,,,1776373341.2767403,,9448.480953417,0.02951028198003769,,,,1171,,,,,,,,,,,,0.3778557777404785,,,3.725102424621582,4.268328666687012,,,26.385847091674805,,0.7455660104751587,1182,,,,,,98.29558563232422,,,0.04327721893787384,,0.002236360916867852,,3515,,
2.1710076332092285,,15.052255630493164,,,,,,,,0.025886064395308495,,,,,10.790200233459473,,,26.126359939575195,,,,1776373348.4173977,,9455.621913242,0.029364364221692085,,,,1172,,,,,,,,,,,,0.38097667694091797,,,3.7207584381103516,4.26205587387085,,,26.38701629638672,,0.6843439340591431,1183,,,,,,97.6833724975586,,,0.0429142527282238,,0.0021411145571619272,,3518,,
2.1718904972076416,,15.05890941619873,,,,,,,,0.02597048133611679,,,,,10.78637409210205,,,25.886789321899414,,,,1776373355.44825,,9462.652527359,0.02932671271264553,,,,1173,,,,,,,,,,,,0.3623162806034088,,,3.7582218647003174,4.272535800933838,,,26.388343811035156,,0.6626919507980347,1184,,,,,,97.99176788330078,,,0.04285818710923195,,0.002110669855028391,,3521,,
2.152437686920166,,15.028640747070312,,,,,,,,0.02606857381761074,,,,,10.766576766967773,,,26.236845016479492,,,,1776373362.5690954,,9469.77316827,0.02923828735947609,,,,1174,,,,,,,,,,,,0.3667311668395996,,,3.744926691055298,4.262061595916748,,,26.389698028564453,,0.688097357749939,1185,,,,,,98.8852310180664,,,0.04303627833724022,,0.0021084246691316366,,3524,,
2.211106061935425,,15.03557300567627,,,,,,,,0.02622148022055626,,,,,10.757850646972656,,,26.50432586669922,,,,1776373369.7040524,,9476.908258467,0.029203837737441063,,,,1175,,,,,,,,,,,,0.3730006217956543,,,3.7902746200561523,4.277722358703613,,,26.391002655029297,,0.7029836773872375,1186,,,,,,99.59748077392578,,,0.04349655658006668,,0.002136644208803773,,3527,,
2.19911789894104,,14.992475509643555,,,,,,,,0.0262316782027483,,,,,10.725424766540527,,,26.30733299255371,,,,1776373376.8848877,,9484.090575266,0.02903253212571144,,,,1176,,,,,,,,,,,,0.3685542941093445,,,3.809617519378662,4.267051696777344,,,26.392122268676758,,0.7150051593780518,1187,,,,,,100.17601776123047,,,0.043513841927051544,,0.002144432859495282,,3530,,
2.2039947509765625,,14.961223602294922,,,,,,,,0.026095425710082054,,,,,10.702638626098633,,,26.696468353271484,,,,1776373383.9098632,,9491.113825977,0.02892998978495598,,,,1177,,,,,,,,,,,,0.37189626693725586,,,3.7813374996185303,4.2585859298706055,,,26.393239974975586,,0.6615011692047119,1188,,,,,,100.08585357666016,,,0.04296516254544258,,0.002199840499088168,,3533,,
2.213078737258911,,14.947157859802246,,,,,,,,0.026082094758749008,,,,,10.681049346923828,,,26.551250457763672,,,,1776373390.9608037,,9498.165139382,0.02878669649362564,,,,1178,,,,,,,,,,,,0.36687928438186646,,,3.773306369781494,4.266109466552734,,,26.394378662109375,,0.7326628565788269,1189,,,,,,100.37338256835938,,,0.043594516813755035,,0.002129699569195509,,3536,,
2.254587411880493,,14.934884071350098,,,,,,,,0.02618034929037094,,,,,10.68310260772705,,,26.489543914794922,,,,1776373398.418145,,9505.622169324,0.028753221035003662,,,,1179,,,,,,,,,,,,0.3728339672088623,,,3.8696882724761963,4.251781463623047,,,26.395702362060547,,0.6657305359840393,1190,,,,,,100.98501586914062,,,0.04334067180752754,,0.0021193944849073887,,3539,,
2.2296369075775146,,14.914511680603027,,,,,,,,0.0266046654433012,,,,,10.637181282043457,,,27.664827346801758,,,,1776373405.5933976,,9512.797413848,0.02854432724416256,,,,1180,,,,,,,,,,,,0.37184593081474304,,,3.8872854709625244,4.277329444885254,,,26.397045135498047,,0.7033571004867554,1191,,,,,,103.318603515625,,,0.043748889118433,,0.002076276345178485,,3542,,
2.261777877807617,,14.889985084533691,,,,,,,,0.02671920694410801,,,,,10.63621711730957,,,27.782054901123047,,,,1776373412.7836268,,9519.987733235,0.028535302728414536,,,,1181,,,,,,,,,,,,0.37543460726737976,,,3.885796308517456,4.253767013549805,,,26.398096084594727,,0.7009948492050171,1192,,,,,,103.87248992919922,,,0.04418546333909035,,0.0021404512226581573,,3545,,
2.2286999225616455,,14.859400749206543,,,,,,,,0.02623586915433407,,,,,10.595739364624023,,,27.597923278808594,,,,1776373419.903515,,9527.107442494,0.02833239547908306,,,,1182,,,,,,,,,,,,0.3604494035243988,,,3.898756504058838,4.263662338256836,,,26.399009704589844,,0.7276151180267334,1193,,,,,,102.65509033203125,,,0.04358575493097305,,0.0020908538717776537,,3548,,
2.2833786010742188,,14.864690780639648,,,,,,,,0.026004740968346596,,,,,10.599820137023926,,,26.983366012573242,,,,1776373427.160379,,9534.364649172,0.028317280113697052,,,,1183,,,,,,,,,,,,0.3658030927181244,,,3.883500576019287,4.264869689941406,,,26.40015411376953,,0.6513163447380066,1194,,,,,,101.87232208251953,,,0.04311401769518852,,0.0021095441188663244,,3551,,
2.2554426193237305,,14.826839447021484,,,,,,,,0.026286542415618896,,,,,10.558060646057129,,,27.587793350219727,,,,1776373434.4516025,,9541.655617306,0.028163481503725052,,,,1184,,,,,,,,,,,,0.3739701211452484,,,3.912466287612915,4.268778324127197,,,26.401456832885742,,0.7003097534179688,1195,,,,,,103.53770446777344,,,0.04359714686870575,,0.0021282052621245384,,3554,,
2.2650017738342285,,14.833938598632812,,,,,,,,0.026481349021196365,,,,,10.561622619628906,,,27.940963745117188,,,,1776373441.4575634,,9548.661687874,0.028110498562455177,,,,1185,,,,,,,,,,,,0.36312058568000793,,,3.932792901992798,4.272315979003906,,,26.402708053588867,,0.7144064903259277,1196,,,,,,104.40750122070312,,,0.043907590210437775,,0.0021120854653418064,,3557,,
2.28452205657959,,14.793574333190918,,,,,,,,0.026834415271878242,,,,,10.530043601989746,,,28.610383987426758,,,,1776373448.57687,,9555.781125615,0.0279903132468462,,,,1186,,,,,,,,,,,,0.37550240755081177,,,3.9672505855560303,4.263530254364014,,,26.403841018676758,,0.6967997550964355,1197,,,,,,106.25204467773438,,,0.044104013592004776,,0.0020020082592964172,,3560,,
2.31535267829895,,14.791111946105957,,,,,,,,0.026491820812225342,,,,,10.527861595153809,,,28.10144805908203,,,,1776373455.5705428,,9562.774714126,0.02792290970683098,,,,1187,,,,,,,,,,,,0.36627161502838135,,,3.985706090927124,4.263250827789307,,,26.404813766479492,,0.7066698670387268,1198,,,,,,105.18091583251953,,,0.043736767023801804,,0.002055041491985321,,3563,,
2.2925846576690674,,14.764949798583984,,,,,,,,0.02616599015891552,,,,,10.50048828125,,,27.36822509765625,,,,1776373462.7114785,,9569.915395106,0.02775735780596733,,,,1188,,,,,,,,,,,,0.37247857451438904,,,3.9587666988372803,4.264461517333984,,,26.405881881713867,,0.7290797233581543,1199,,,,,,104.41310119628906,,,0.04377761855721474,,0.0019699237309396267,,3566,,
2.342616319656372,,14.737896919250488,,,,,,,,0.02638234570622444,,,,,10.474342346191406,,,27.90413475036621,,,,1776373470.0001278,,9577.2044081,0.02768092416226864,,,,1189,,,,,,,,,,,,0.37002670764923096,,,3.998812198638916,4.263556480407715,,,26.407211303710938,,0.7090790271759033,1200,,,,,,105.6957015991211,,,0.04387300834059715,,0.00202836818061769,,3569,,
2.4113478660583496,,14.734745979309082,,,,,,,,0.026748886331915855,,,,,10.465447425842285,,,28.411514282226562,,,,1776373477.4511502,,9584.655380723,0.027597999200224876,,,,1190,,,,,,,,,,,,0.36093515157699585,,,4.076160907745361,4.269299507141113,,,26.40862274169922,,0.6859908699989319,1201,,,,,,107.52088165283203,,,0.04402759298682213,,0.0020265865605324507,,3572,,
2.378800868988037,,14.722343444824219,,,,,,,,0.026994895190000534,,,,,10.443987846374512,,,29.51428985595703,,,,1776373484.522897,,9591.726878019,0.027525946497917175,,,,1191,,,,,,,,,,,,0.3654716908931732,,,4.055269241333008,4.278357982635498,,,26.409833908081055,,0.691481351852417,1202,,,,,,108.69317626953125,,,0.04455262050032616,,0.002017300808802247,,3575,,
2.3410770893096924,,14.701634407043457,,,,,,,,0.026742368936538696,,,,,10.43893814086914,,,28.26739501953125,,,,1776373491.6663084,,9598.870330153,0.027408313006162643,,,,1192,,,,,,,,,,,,0.3719632029533386,,,4.074697971343994,4.262696266174316,,,26.410770416259766,,0.7076001167297363,1203,,,,,,108.03977966308594,,,0.044480811804533005,,0.001990135759115219,,3578,,
2.344308376312256,,14.685332298278809,,,,,,,,0.02641846239566803,,,,,10.417351722717285,,,27.827110290527344,,,,1776373499.0579064,,9606.262163092,0.027329223230481148,,,,1193,,,,,,,,,,,,0.36198690533638,,,4.035475254058838,4.267979621887207,,,26.411733627319336,,0.6737026572227478,1204,,,,,,107.0017318725586,,,0.04414062201976776,,0.0020163736771792173,,3581,,
2.363316535949707,,14.674412727355957,,,,,,,,0.02635618858039379,,,,,10.40918254852295,,,27.577428817749023,,,,1776373506.1721675,,9613.37620913,0.027267297729849815,,,,1194,,,,,,,,,,,,0.36614876985549927,,,4.0338850021362305,4.26522970199585,,,26.41286849975586,,0.7365911602973938,1205,,,,,,106.99794006347656,,,0.044134870171546936,,0.002072499832138419,,3584,,
2.3959004878997803,,14.632397651672363,,,,,,,,0.02668304368853569,,,,,10.372427940368652,,,28.444580078125,,,,1776373513.2254007,,9620.433987496,0.027060264721512794,,,,1195,,,,,,,,,,,,0.36350196599960327,,,4.145620346069336,4.2599711418151855,,,26.41414451599121,,0.7207096815109253,1206,,,,,,109.29893493652344,,,0.04446936771273613,,0.002000057604163885,,3587,,
2.4107818603515625,,14.617436408996582,,,,,,,,0.027172069996595383,,,,,10.367742538452148,,,29.116249084472656,,,,1776373520.2131984,,9627.417384337,0.027086032554507256,,,,1196,,,,,,,,,,,,0.3700609803199768,,,4.146157264709473,4.249693393707275,,,26.41542625427246,,0.7162651419639587,1207,,,,,,111.10725402832031,,,0.04491470754146576,,0.001975982217118144,,3590,,
2.464406967163086,,14.618551254272461,,,,,,,,0.026932243257761,,,,,10.346695899963379,,,29.593021392822266,,,,1776373527.3692482,,9634.573321884,0.026938393712043762,,,,1197,,,,,,,,,,,,0.3700315058231354,,,4.176114082336426,4.271854877471924,,,26.416461944580078,,0.7435991168022156,1208,,,,,,110.92367553710938,,,0.04485669732093811,,0.0020142702851444483,,3593,,
2.3946900367736816,,14.579898834228516,,,,,,,,0.02677595429122448,,,,,10.316697120666504,,,29.674606323242188,,,,1776373534.6057086,,9641.809964054,0.02684355154633522,,,,1198,,,,,,,,,,,,0.36370036005973816,,,4.121236324310303,4.263200759887695,,,26.417461395263672,,0.734143078327179,1209,,,,,,110.5400161743164,,,0.044395025819540024,,0.0020113575737923384,,3596,,
,0.006624999921768904,,0.332806259393692,3.859981995493755e-14,804.0103149414062,4.61655995549759e-14,5.865955829620361,0.1111222580075264,5.865955829620361,,0.030762987211346626,0.9676875472068787,54.76586151123047,0.9943751096725464,,0.4265018105506897,0.21755194664001465,,58.774986267089844,396.38140869140625,0.1854250133037567,1776373619.0647094,0.01958487741649151,9726.271180291,,19.18813133239746,432.6071472167969,0.07588750123977661,1199,0.24221394956111908,0.01307500060647726,16.216733932495117,0.0015249998541548848,0.3601687252521515,395.3439636230469,0.4851188063621521,0.2061000019311905,881.6151123046875,0.09885625541210175,18.926172256469727,,0.13706086575984955,12.563161849975586,,,0.0023562500718981028,429.9258117675781,,155.17466735839844,,1210,0.0041375006549060345,0.0051312497816979885,0.8539875745773315,16.216733932495117,804.0103149414062,,140.51927185058594,13.133867263793945,,0.2367124855518341,,0.8539875745773315,3599,0.01608901657164097,881.6151123046875
2.473069667816162,,14.572171211242676,,,,,,,,0.027066733688116074,,,,,10.30963134765625,,,29.837604522705078,,,,1776373620.2176855,,9727.421841627,0.02674024924635887,,,,1199,,,,,,,,,,,,0.37361839413642883,,,4.179750442504883,4.2625412940979,,,26.418581008911133,,0.7621379494667053,1211,,,,,,112.019287109375,,,0.04504553601145744,,0.0019032865529879928,,3599,,
2.4504287242889404,,14.553375244140625,,,,,,,,0.026793276891112328,,,,,10.29775333404541,,,29.000783920288086,,,,1776373626.937107,,9734.141646794,0.026665065437555313,,,,1200,,,,,,,,,,,,0.36424434185028076,,,4.217209339141846,4.255624294281006,,,26.419631958007812,,0.725505530834198,1212,,,,,,111.3537368774414,,,0.04465680941939354,,0.0019633746705949306,,3602,,
2.4509546756744385,,14.526062965393066,,,,,,,,0.026886746287345886,,,,,10.271659851074219,,,29.5645694732666,,,,1776373634.170417,,9741.374710449,0.02656533569097519,,,,1201,,,,,,,,,,,,0.372690886259079,,,4.224435806274414,4.2544026374816895,,,26.420759201049805,,0.7510389089584351,1213,,,,,,112.17666625976562,,,0.04493582993745804,,0.0019236389780417085,,3605,,
2.4303717613220215,,14.522361755371094,,,,,,,,0.026904696598649025,,,,,10.26058578491211,,,29.250953674316406,,,,1776373641.3890126,,9748.593065709,0.026512108743190765,,,,1202,,,,,,,,,,,,0.35907259583473206,,,4.212559700012207,4.261776447296143,,,26.421966552734375,,0.7499423027038574,1214,,,,,,112.51979064941406,,,0.04483470320701599,,0.001970355398952961,,3608,,
2.462662935256958,,14.49532699584961,,,,,,,,0.02681613527238369,,,,,10.24477767944336,,,29.321035385131836,,,,1776373648.631383,,9755.835648416,0.02637266367673874,,,,1203,,,,,,,,,,,,0.37140852212905884,,,4.2529072761535645,4.250551700592041,,,26.423200607299805,,0.7173917889595032,1215,,,,,,112.75105285644531,,,0.04487461596727371,,0.0019402168691158295,,3611,,
2.4691426753997803,,14.470067977905273,,,,,,,,0.027040427550673485,,,,,10.221138954162598,,,30.204072952270508,,,,1776373655.7379427,,9762.942485993,0.02629082463681698,,,,1204,,,,,,,,,,,,0.36754241585731506,,,4.27047061920166,4.248928070068359,,,26.424530029296875,,0.7479836940765381,1216,,,,,,113.95447540283203,,,0.04500499740242958,,0.0018887198530137539,,3614,,
2.4996166229248047,,14.46374225616455,,,,,,,,0.027081193402409554,,,,,10.204842567443848,,,29.931119918823242,,,,1776373662.8246732,,9770.028758444,0.026201047003269196,,,,1205,,,,,,,,,,,,0.364549845457077,,,4.319152355194092,4.258900165557861,,,26.425716400146484,,0.7267464995384216,1217,,,,,,114.4278793334961,,,0.04516521096229553,,0.0019165199482813478,,3617,,
2.55574107170105,,14.434279441833496,,,,,,,,0.027123577892780304,,,,,10.191176414489746,,,30.12303352355957,,,,1776373670.0890813,,9777.293132261,0.026098676025867462,,,,1206,,,,,,,,,,,,0.3712195158004761,,,4.303458213806152,4.243101596832275,,,26.426834106445312,,0.7202382683753967,1218,,,,,,115.18812561035156,,,0.04509206861257553,,0.0018878900445997715,,3620,,
2.518587589263916,,14.425309181213379,,,,,,,,0.027102699503302574,,,,,10.156518936157227,,,30.533828735351562,,,,1776373677.260593,,9784.464782918,0.02598978765308857,,,,1207,,,,,,,,,,,,0.36616069078445435,,,4.352887153625488,4.268789291381836,,,26.427810668945312,,0.7310577034950256,1219,,,,,,115.43963623046875,,,0.04541952535510063,,0.0019377459539100528,,3623,,
2.5050623416900635,,14.406848907470703,,,,,,,,0.027073346078395844,,,,,10.146721839904785,,,30.461956024169922,,,,1776373684.3159666,,9791.520354276,0.025895969942212105,,,,1208,,,,,,,,,,,,0.36296558380126953,,,4.337782859802246,4.26012659072876,,,26.42879867553711,,0.7352405786514282,1220,,,,,,115.81222534179688,,,0.045046404004096985,,0.0018495371332392097,,3626,,
2.495375871658325,,14.410846710205078,,,,,,,,0.027312012389302254,,,,,10.150029182434082,,,31.030410766601562,,,,1776373691.4063485,,9798.610414902,0.025883873924613,,,,1209,,,,,,,,,,,,0.37216055393218994,,,4.343426704406738,4.2608184814453125,,,26.4299259185791,,0.725832462310791,1221,,,,,,116.93437194824219,,,0.04559867084026337,,0.0019266847521066666,,3629,,
2.592620611190796,,14.391180038452148,,,,,,,,0.0272287055850029,,,,,10.123495101928711,,,30.734582901000977,,,,1776373698.7754405,,9805.979424937,0.02573717199265957,,,,1210,,,,,,,,,,,,0.37401917576789856,,,4.398423671722412,4.2676849365234375,,,26.43099021911621,,0.7004475593566895,1222,,,,,,117.17096710205078,,,0.04512563720345497,,0.0019216525834053755,,3632,,
2.518435478210449,,14.37505054473877,,,,,,,,0.02708883211016655,,,,,10.122748374938965,,,29.949338912963867,,,,1776373706.0252194,,9813.229635198,0.025728978216648102,,,,1211,,,,,,,,,,,,0.3710189461708069,,,4.346534252166748,4.252302169799805,,,26.432056427001953,,0.7310130596160889,1223,,,,,,116.4789810180664,,,0.04533368721604347,,0.0018635924207046628,,3635,,
2.5616159439086914,,14.338885307312012,,,,,,,,0.027043616399168968,,,,,10.076976776123047,,,30.652284622192383,,,,1776373713.216606,,9820.420971463,0.02555095963180065,,,,1212,,,,,,,,,,,,0.37632638216018677,,,4.3749847412109375,4.261907577514648,,,26.433258056640625,,0.7142449617385864,1224,,,,,,117.37864685058594,,,0.04514415189623833,,0.001842248486354947,,3638,,
2.562608242034912,,14.325058937072754,,,,,,,,0.027229106053709984,,,,,10.069866180419922,,,30.69232177734375,,,,1776373720.392355,,9827.59638574,0.02554868906736374,,,,1213,,,,,,,,,,,,0.37335407733917236,,,4.392486095428467,4.255192279815674,,,26.43454360961914,,0.7535803914070129,1225,,,,,,118.1202621459961,,,0.045606017112731934,,0.0018413770012557507,,3641,,
2.622098445892334,,14.31417465209961,,,,,,,,0.027478879317641258,,,,,10.053793907165527,,,31.445219039916992,,,,1776373727.411647,,9834.615614174,0.02540595829486847,,,,1214,,,,,,,,,,,,0.3661663234233856,,,4.476741313934326,4.260380268096924,,,26.435768127441406,,0.7334548234939575,1226,,,,,,119.75653839111328,,,0.04572095721960068,,0.0018870498752221465,,3644,,
2.617574453353882,,14.259136199951172,,,,,,,,0.02746322564780712,,,,,9.998961448669434,,,32.057498931884766,,,,1776373734.6860032,,9841.890120569,0.02523263916373253,,,,1215,,,,,,,,,,,,0.37342965602874756,,,4.50649356842041,4.260173797607422,,,26.43687629699707,,0.724500834941864,1227,,,,,,120.845458984375,,,0.04601454362273216,,0.0018187544774264097,,3647,,
2.5861434936523438,,14.253825187683105,,,,,,,,0.0273770559579134,,,,,10.009001731872559,,,31.70622444152832,,,,1776373741.654503,,9848.858518042,0.025212639942765236,,,,1216,,,,,,,,,,,,0.37510061264038086,,,4.465373516082764,4.2448225021362305,,,26.43789291381836,,0.726332426071167,1228,,,,,,120.249755859375,,,0.045948561280965805,,0.0018886291654780507,,3650,,
2.6418049335479736,,14.244686126708984,,,,,,,,0.027435315772891045,,,,,9.993631362915039,,,31.732324600219727,,,,1776373748.6407282,,9855.845245466,0.025100568309426308,,,,1217,,,,,,,,,,,,0.3674929440021515,,,4.499608516693115,4.251054286956787,,,26.438936233520508,,0.7565925121307373,1229,,,,,,120.94326782226562,,,0.04593968018889427,,0.0017964935395866632,,3653,,
2.5996649265289307,,14.236194610595703,,,,,,,,0.02738730050623417,,,,,9.980852127075195,,,31.40581703186035,,,,1776373755.742978,,9862.947301372,0.025017114356160164,,,,1218,,,,,,,,,,,,0.3698687255382538,,,4.499371528625488,4.255343914031982,,,26.44002342224121,,0.7533904314041138,1230,,,,,,121.16448211669922,,,0.046088315546512604,,0.0018576555885374546,,3656,,
2.6243977546691895,,14.207947731018066,,,,,,,,0.02741268090903759,,,,,9.963290214538574,,,32.28631591796875,,,,1776373762.7995946,,9870.004440971,0.024965912103652954,,,,1219,,,,,,,,,,,,0.369473397731781,,,4.5571722984313965,4.244656085968018,,,26.44114875793457,,0.7164475917816162,1231,,,,,,121.70889282226562,,,0.046025559306144714,,0.0018253620946779847,,3659,,
2.6499075889587402,,14.222244262695312,,,,,,,,0.027628079056739807,,,,,9.967148780822754,,,32.04104995727539,,,,1776373770.1017108,,9877.305712442,0.024951191619038582,,,,1220,,,,,,,,,,,,0.37271058559417725,,,4.5670485496521,4.255094528198242,,,26.442378997802734,,0.7697804570198059,1232,,,,,,122.76506805419922,,,0.0461721308529377,,0.001872202381491661,,3662,,
2.7053816318511963,,14.181285858154297,,,,,,,,0.027651315554976463,,,,,9.925507545471191,,,32.77922058105469,,,,1776373777.2201817,,9884.424376499,0.024778790771961212,,,,1221,,,,,,,,,,,,0.3695847690105438,,,4.613137245178223,4.255777359008789,,,26.443592071533203,,0.7234273552894592,1233,,,,,,123.74889373779297,,,0.04625755921006203,,0.001801976002752781,,3665,,
2.688718557357788,,14.15843391418457,,,,,,,,0.027664747089147568,,,,,9.911795616149902,,,32.30141067504883,,,,1776373784.2568872,,9891.460823611,0.024688564240932465,,,,1222,,,,,,,,,,,,0.3669064939022064,,,4.631946563720703,4.246639251708984,,,26.444766998291016,,0.7450277209281921,1234,,,,,,124.19341278076172,,,0.0466187559068203,,0.0017725130310282111,,3668,,
2.671128749847412,,14.158377647399902,,,,,,,,0.02742549031972885,,,,,9.89322566986084,,,32.30501174926758,,,,1776373791.2559776,,9898.460216172,0.024649277329444885,,,,1223,,,,,,,,,,,,0.362430214881897,,,4.588133811950684,4.265150547027588,,,26.445951461791992,,0.7683976888656616,1235,,,,,,123.43602752685547,,,0.04614929482340813,,0.001871707383543253,,3671,,
2.6595094203948975,,14.118216514587402,,,,,,,,0.027383267879486084,,,,,9.867568969726562,,,32.27463912963867,,,,1776373798.5591483,,9905.764072323,0.02453387901186943,,,,1224,,,,,,,,,,,,0.36014649271965027,,,4.630934238433838,4.250646114349365,,,26.447124481201172,,0.7638807892799377,1236,,,,,,123.77648162841797,,,0.046205632388591766,,0.0018679921049624681,,3674,,
2.746882677078247,,14.117281913757324,,,,,,,,0.027757558971643448,,,,,9.85808277130127,,,32.985164642333984,,,,1776373805.6572196,,9912.861596742,0.024423474445939064,,,,1225,,,,,,,,,,,,0.35973072052001953,,,4.687183856964111,4.259198188781738,,,26.448347091674805,,0.7504205107688904,1237,,,,,,125.92845153808594,,,0.04668479412794113,,0.0017535293009132147,,3677,,
2.7883331775665283,,14.10001277923584,,,,,,,,0.027993977069854736,,,,,9.843557357788086,,,33.721946716308594,,,,1776373812.7780168,,9919.982590497,0.02433827519416809,,,,1226,,,,,,,,,,,,0.37097254395484924,,,4.702709674835205,4.25645637512207,,,26.44959831237793,,0.7359336018562317,1238,,,,,,127.4046630859375,,,0.046864498406648636,,0.0017660136800259352,,3680,,
2.7120940685272217,,14.061389923095703,,,,,,,,0.027451200410723686,,,,,9.820491790771484,,,32.60177993774414,,,,1776373819.8882544,,9927.09292083,0.024233724921941757,,,,1227,,,,,,,,,,,,0.3713405430316925,,,4.676634311676025,4.240898132324219,,,26.450584411621094,,0.7452242374420166,1239,,,,,,125.57215881347656,,,0.04615287110209465,,0.0017697010189294815,,3683,,
2.7525277137756348,,14.0663480758667,,,,,,,,0.02754710242152214,,,,,9.814655303955078,,,32.174705505371094,,,,1776373826.9052644,,9934.109607293,0.02420395240187645,,,,1228,,,,,,,,,,,,0.3635835647583008,,,4.702855587005615,4.251691818237305,,,26.45174217224121,,0.7211040258407593,1240,,,,,,126.04357147216797,,,0.04648697376251221,,0.0017689112573862076,,3686,,
2.7397444248199463,,14.038896560668945,,,,,,,,0.0275130532681942,,,,,9.780792236328125,,,32.77668762207031,,,,1776373834.3535464,,9941.557621852,0.0240632314234972,,,,1229,,,,,,,,,,,,0.36418506503105164,,,4.719232559204102,4.25810432434082,,,26.45291519165039,,0.7535839080810547,1241,,,,,,126.7475814819336,,,0.04653517156839371,,0.0017500424291938543,,3689,,
2.7262206077575684,,14.035022735595703,,,,,,,,0.02779320627450943,,,,,9.780792236328125,,,33.277313232421875,,,,1776373841.5149734,,9948.719171754,0.024024272337555885,,,,1230,,,,,,,,,,,,0.36469346284866333,,,4.741250038146973,4.254229545593262,,,26.454111099243164,,0.7441544532775879,1242,,,,,,128.1883544921875,,,0.046770792454481125,,0.0017211586236953735,,3692,,
2.8025121688842773,,14.028318405151367,,,,,,,,0.028139492496848106,,,,,9.77595329284668,,,33.86923599243164,,,,1776373848.6752853,,9955.879795132,0.02398088574409485,,,,1231,,,,,,,,,,,,0.3677310645580292,,,4.794694900512695,4.252366065979004,,,26.455341339111328,,0.7800378799438477,1243,,,,,,129.94093322753906,,,0.04729094356298447,,0.0017684560734778643,,3695,,
2.7487895488739014,,13.987919807434082,,,,,,,,0.027789274230599403,,,,,9.727676391601562,,,33.34355545043945,,,,1776373855.771205,,9962.97524953,0.023785555735230446,,,,1232,,,,,,,,,,,,0.3723665475845337,,,4.780785083770752,4.260244846343994,,,26.456392288208008,,0.7635673880577087,1244,,,,,,129.52947998046875,,,0.04706466570496559,,0.001709511037915945,,3698,,
2.7657923698425293,,13.99039077758789,,,,,,,,0.02777150832116604,,,,,9.739561080932617,,,33.07731246948242,,,,1776373862.760967,,9969.964943315,0.02381322905421257,,,,1233,,,,,,,,,,,,0.370802104473114,,,4.790010929107666,4.250830173492432,,,26.45741844177246,,0.7314043045043945,1245,,,,,,128.99322509765625,,,0.04663264751434326,,0.001746465335600078,,3701,,
2.799356460571289,,13.97865104675293,,,,,,,,0.027710402384400368,,,,,9.713824272155762,,,33.217857360839844,,,,1776373870.1733606,,9977.377638963,0.023678062483668327,,,,1234,,,,,,,,,,,,0.3651438355445862,,,4.838746547698975,4.264827251434326,,,26.458568572998047,,0.7607094645500183,1246,,,,,,129.65798950195312,,,0.046850819140672684,,0.001742605003528297,,3704,,
2.867220878601074,,13.940360069274902,,,,,,,,0.027945172041654587,,,,,9.689650535583496,,,33.72111129760742,,,,1776373877.229332,,9984.434150079,0.02358788251876831,,,,1235,,,,,,,,,,,,0.3735981285572052,,,4.863073825836182,4.250707626342773,,,26.459716796875,,0.7712700963020325,1247,,,,,,131.14537048339844,,,0.047219131141901016,,0.0016769859939813614,,3707,,
2.82299542427063,,13.93021297454834,,,,,,,,0.027886835858225822,,,,,9.679605484008789,,,34.30061721801758,,,,1776373884.147699,,9991.352185722,0.023521073162555695,,,,1236,,,,,,,,,,,,0.36232832074165344,,,4.865649223327637,4.250607967376709,,,26.460832595825195,,0.7529109716415405,1248,,,,,,131.31283569335938,,,0.04692024737596512,,0.0016849162057042122,,3710,,
2.8426287174224854,,13.912805557250977,,,,,,,,0.027897316962480545,,,,,9.665290832519531,,,34.293907165527344,,,,1776373891.3154933,,9998.519755433,0.023498045280575752,,,,1237,,,,,,,,,,,,0.35909852385520935,,,4.893840312957764,4.247515678405762,,,26.461929321289062,,0.761428952217102,1249,,,,,,131.68125915527344,,,0.04698662459850311,,0.001743790926411748,,3713,,
2.8830206394195557,,13.88014030456543,,,,,,,,0.027994193136692047,,,,,9.62838363647461,,,34.518043518066406,,,,1776373898.5625238,,10005.766575652,0.023300034925341606,,,,1238,,,,,,,,,,,,0.369745671749115,,,4.890251636505127,4.2517571449279785,,,26.463008880615234,,0.7724378705024719,1250,,,,,,133.149169921875,,,0.047487773001194,,0.0017011412419378757,,3716,,
2.8653764724731445,,13.868804931640625,,,,,,,,0.02801431342959404,,,,,9.628087997436523,,,34.20390319824219,,,,1776373905.7429776,,10012.947236277,0.02328474447131157,,,,1239,,,,,,,,,,,,0.36472228169441223,,,4.936777114868164,4.240715980529785,,,26.464065551757812,,0.7755355834960938,1251,,,,,,133.3181915283203,,,0.047498248517513275,,0.0017406276892870665,,3719,,
2.8742918968200684,,13.83674144744873,,,,,,,,0.027996985241770744,,,,,9.594837188720703,,,34.438045501708984,,,,1776373912.7132282,,10019.917995142,0.02315947599709034,,,,1240,,,,,,,,,,,,0.37168481945991516,,,4.920650005340576,4.241903305053711,,,26.465129852294922,,0.7430163025856018,1252,,,,,,133.98312377929688,,,0.047237418591976166,,0.0016707670874893665,,3722,,
2.9218573570251465,,13.828152656555176,,,,,,,,0.028215955942869186,,,,,9.58142375946045,,,35.6122932434082,,,,1776373919.9697154,,10027.173681266,0.02305327169597149,,,,1241,,,,,,,,,,,,0.3642699718475342,,,5.053901672363281,4.246727466583252,,,26.466299057006836,,0.731029212474823,1253,,,,,,135.69505310058594,,,0.047372084110975266,,0.0017210880760103464,,3725,,
2.842456102371216,,13.82227897644043,,,,,,,,0.028201337903738022,,,,,9.57824420928955,,,35.5447998046875,,,,1776373927.0142183,,10034.218701912,0.02302801050245762,,,,1242,,,,,,,,,,,,0.3736226558685303,,,4.956908226013184,4.244034767150879,,,26.46729278564453,,0.7486112713813782,1254,,,,,,135.71160888671875,,,0.04742492735385895,,0.0016263537108898163,,3728,,
2.897814989089966,,13.804591178894043,,,,,,,,0.028054431080818176,,,,,9.564866065979004,,,35.45169448852539,,,,1776373934.2683356,,10041.472378868,0.022966422140598297,,,,1243,,,,,,,,,,,,0.35984840989112854,,,4.986358165740967,4.239724636077881,,,26.4682559967041,,0.7878517508506775,1255,,,,,,135.2803192138672,,,0.04758482053875923,,0.0017131590284407139,,3731,,
2.9389517307281494,,13.780388832092285,,,,,,,,0.02810058556497097,,,,,9.528189659118652,,,36.153804779052734,,,,1776373941.4417644,,10048.64566879,0.022828787565231323,,,,1244,,,,,,,,,,,,0.36943548917770386,,,5.017712116241455,4.252199172973633,,,26.469398498535156,,0.786474883556366,1256,,,,,,136.3421173095703,,,0.04761243239045143,,0.001710600103251636,,3734,,
2.9464921951293945,,13.751562118530273,,,,,,,,0.028187161311507225,,,,,9.5127592086792,,,36.364105224609375,,,,1776373948.5550725,,10055.759101729,0.02279830351471901,,,,1245,,,,,,,,,,,,0.36959078907966614,,,5.045815467834473,4.238804340362549,,,26.47046661376953,,0.7926176190376282,1257,,,,,,136.7483673095703,,,0.047568220645189285,,0.001702251611277461,,3737,,
2.9378535747528076,,13.754249572753906,,,,,,,,0.028408845886588097,,,,,9.508466720581055,,,36.533119201660156,,,,1776373955.646341,,10062.85033663,0.022719521075487137,,,,1246,,,,,,,,,,,,0.36663728952407837,,,5.090064525604248,4.245781421661377,,,26.47161293029785,,0.8030101656913757,1258,,,,,,138.68588256835938,,,0.048238787800073624,,0.001650160294957459,,3740,,
2.9128005504608154,,13.741286277770996,,,,,,,,0.02813723310828209,,,,,9.505987167358398,,,35.811222076416016,,,,1776373962.6965935,,10069.900745766001,0.022686854004859924,,,,1247,,,,,,,,,,,,0.3692992329597473,,,5.090911865234375,4.235297203063965,,,26.472684860229492,,0.7670175433158875,1259,,,,,,137.51687622070312,,,0.047657717019319534,,0.0016536378534510732,,3743,,
2.9535391330718994,,13.722037315368652,,,,,,,,0.02792814001441002,,,,,9.472521781921387,,,35.28325653076172,,,,1776373969.8756416,,10077.080106598,0.022534050047397614,,,,1248,,,,,,,,,,,,0.37196382880210876,,,5.097416400909424,4.249516010284424,,,26.473804473876953,,0.7568410634994507,1260,,,,,,137.52099609375,,,0.04748472198843956,,0.0016367350472137332,,3746,,
3.0349574089050293,,13.7158203125,,,,,,,,0.028364891186356544,,,,,9.458795547485352,,,36.14035415649414,,,,1776373978.0241585,,10085.229072068,0.022446662187576294,,,,1249,,,,,,,,,,,,0.3643478453159332,,,5.152836322784424,4.257023811340332,,,26.475156784057617,,0.7628443241119385,1261,,,,,,139.89315795898438,,,0.04828138276934624,,0.0016554000321775675,,3749,,
3.005326509475708,,13.707521438598633,,,,,,,,0.028347564861178398,,,,,9.458401679992676,,,36.0642204284668,,,,1776373984.8441477,,10092.048136792,0.022427868098020554,,,,1250,,,,,,,,,,,,0.37312808632850647,,,5.167734146118164,4.249119281768799,,,26.47637939453125,,0.7828540802001953,1262,,,,,,140.01828002929688,,,0.04803292453289032,,0.001592158805578947,,3752,,
3.0431969165802,,13.67234992980957,,,,,,,,0.028478486463427544,,,,,9.429764747619629,,,36.51128387451172,,,,1776373991.9503648,,10099.154583458,0.02233656495809555,,,,1251,,,,,,,,,,,,0.3685482144355774,,,5.242181777954102,4.242585182189941,,,26.477523803710938,,0.7725232243537903,1263,,,,,,141.18695068359375,,,0.04811594635248184,,0.0015767099102959037,,3755,,
3.0696682929992676,,13.653472900390625,,,,,,,,0.02852213941514492,,,,,9.409027099609375,,,36.5576171875,,,,1776373999.101864,,10106.30609376,0.022212987765669823,,,,1252,,,,,,,,,,,,0.36898359656333923,,,5.209978103637695,4.244443416595459,,,26.47858238220215,,0.7769593596458435,1264,,,,,,142.25234985351562,,,0.04834062606096268,,0.0015796306543052197,,3758,,
3.0341994762420654,,13.641791343688965,,,,,,,,0.02838263474404812,,,,,9.40087890625,,,36.553314208984375,,,,1776374006.3890638,,10113.593403127,0.022152194753289223,,,,1253,,,,,,,,,,,,0.3641219437122345,,,5.225020408630371,4.240911483764648,,,26.479530334472656,,0.7590625882148743,1265,,,,,,141.82948303222656,,,0.04831167683005333,,0.001585617195814848,,3761,,
3.0277938842773438,,13.628243446350098,,,,,,,,0.028322061523795128,,,,,9.382290840148926,,,36.79249572753906,,,,1776374013.4702506,,10120.67490311,0.02207317389547825,,,,1254,,,,,,,,,,,,0.36008378863334656,,,5.218286991119385,4.245952129364014,,,26.480546951293945,,0.7795723080635071,1266,,,,,,142.17990112304688,,,0.04831768944859505,,0.0015665995888411999,,3764,,
3.0683655738830566,,13.61791706085205,,,,,,,,0.02845599874854088,,,,,9.363564491271973,,,37.135643005371094,,,,1776374020.5595999,,10127.764222421,0.02202298678457737,,,,1255,,,,,,,,,,,,0.3626919090747833,,,5.266129493713379,4.254351615905762,,,26.481651306152344,,0.773142397403717,1267,,,,,,143.1499786376953,,,0.048449452966451645,,0.0015685241669416428,,3767,,
3.0461297035217285,,13.610565185546875,,,,,,,,0.028482073917984962,,,,,9.350582122802734,,,37.26870346069336,,,,1776374027.7027664,,10134.907480667,0.02195281907916069,,,,1256,,,,,,,,,,,,0.36764445900917053,,,5.264194965362549,4.259983539581299,,,26.482757568359375,,0.7577299475669861,1268,,,,,,143.92257690429688,,,0.048304568976163864,,0.00162958400323987,,3770,,
3.1468522548675537,,13.567490577697754,,,,,,,,0.028771383687853813,,,,,9.322786331176758,,,38.16648483276367,,,,1776374035.0097585,,10142.213898916,0.021843289956450462,,,,1257,,,,,,,,,,,,0.3668733835220337,,,5.364221572875977,4.244703769683838,,,26.48398208618164,,0.8051384687423706,1269,,,,,,145.8944854736328,,,0.04875639081001282,,0.0016052944120019674,,3773,,
3.110239267349243,,13.560750961303711,,,,,,,,0.028594067320227623,,,,,9.321345329284668,,,38.27749252319336,,,,1776374042.1108053,,10149.314946728,0.0218327809125185,,,,1258,,,,,,,,,,,,0.36993172764778137,,,5.318709373474121,4.239406585693359,,,26.48516845703125,,0.7962297201156616,1270,,,,,,145.13604736328125,,,0.04846109449863434,,0.00161802361253649,,3776,,
3.0926456451416016,,13.556021690368652,,,,,,,,0.028407154604792595,,,,,9.302788734436035,,,37.53117370605469,,,,1776374049.327751,,10156.531789431,0.02174978330731392,,,,1259,,,,,,,,,,,,0.36026546359062195,,,5.3105292320251465,4.253231525421143,,,26.486299514770508,,0.7638655304908752,1271,,,,,,144.86436462402344,,,0.04845327511429787,,0.001592707121744752,,3779,,
3.1007988452911377,,13.523173332214355,,,,,,,,0.028465429320931435,,,,,9.273111343383789,,,37.56569290161133,,,,1776374056.5823004,,10163.786753355,0.021646512672305107,,,,1260,,,,,,,,,,,,0.363881379365921,,,5.321990966796875,4.250061511993408,,,26.48751449584961,,0.7792233824729919,1272,,,,,,145.7852783203125,,,0.04878001660108566,,0.001595435431227088,,3782,,
3.103700637817383,,13.51098346710205,,,,,,,,0.028602052479982376,,,,,9.269185066223145,,,37.92902374267578,,,,1776374063.5308633,,10170.73524849,0.021569855511188507,,,,1261,,,,,,,,,,,,0.36093834042549133,,,5.404294490814209,4.241797924041748,,,26.488685607910156,,0.7752944827079773,1273,,,,,,146.93458557128906,,,0.048803169280290604,,0.00156351865734905,,3785,,
3.129878044128418,,13.480607986450195,,,,,,,,0.02866194397211075,,,,,9.2350435256958,,,38.477046966552734,,,,1776374070.7743285,,10177.978420664,0.021444721147418022,,,,1262,,,,,,,,,,,,0.3629387319087982,,,5.451164722442627,4.2455644607543945,,,26.489788055419922,,0.7546746730804443,1274,,,,,,148.146240234375,,,0.04865872114896774,,0.0015917730052024126,,3788,,
3.2426366806030273,,13.473480224609375,,,,,,,,0.028975792229175568,,,,,9.232990264892578,,,38.717430114746094,,,,1776374077.816773,,10185.020904855,0.02141640894114971,,,,1263,,,,,,,,,,,,0.3683111369609833,,,5.470252513885498,4.240490913391113,,,26.490922927856445,,0.8176057934761047,1275,,,,,,149.91671752929688,,,0.04909629002213478,,0.0015513530233874917,,3791,,
3.161801338195801,,13.466287612915039,,,,,,,,0.028421761468052864,,,,,9.228629112243652,,,37.248538970947266,,,,1776374084.9007099,,10192.104664872,0.021367784589529037,,,,1264,,,,,,,,,,,,0.36493271589279175,,,5.4482221603393555,4.237658500671387,,,26.491975784301758,,0.8029891848564148,1276,,,,,,147.39111328125,,,0.04854721203446388,,0.0015630139969289303,,3794,,
3.0811398029327393,,13.442082405090332,,,,,,,,0.028285443782806396,,,,,9.197827339172363,,,37.089454650878906,,,,1776374091.9806142,,10199.184924764,0.0212722048163414,,,,1265,,,,,,,,,,,,0.3608427047729492,,,5.413814544677734,4.244255065917969,,,26.493167877197266,,0.8234445452690125,1277,,,,,,147.22242736816406,,,0.04871948063373566,,0.0015405049780383706,,3797,,
3.2424278259277344,,13.416234970092773,,,,,,,,0.028626810759305954,,,,,9.193123817443848,,,38.399009704589844,,,,1776374098.9530954,,10206.157298612,0.02121393196284771,,,,1266,,,,,,,,,,,,0.37251853942871094,,,5.518277168273926,4.223113059997559,,,26.4945068359375,,0.750956118106842,1278,,,,,,149.6034698486328,,,0.048825014382600784,,0.0015435901004821062,,3800,,
3.2345476150512695,,13.40658950805664,,,,,,,,0.028969665989279747,,,,,9.171419143676758,,,38.30438995361328,,,,1776374106.194572,,10213.398546493,0.02113005705177784,,,,1267,,,,,,,,,,,,0.3751741051673889,,,5.604180335998535,4.235169887542725,,,26.495676040649414,,0.8081729412078857,1279,,,,,,151.8505401611328,,,0.04956299439072609,,0.0015399135882034898,,3803,,
3.2431766986846924,,13.393199920654297,,,,,,,,0.028997309505939484,,,,,9.149980545043945,,,39.39027404785156,,,,1776374113.2167969,,10220.420910793,0.021037664264440536,,,,1268,,,,,,,,,,,,0.36866047978401184,,,5.60271692276001,4.243217945098877,,,26.496675491333008,,0.8100764751434326,1280,,,,,,152.70445251464844,,,0.04921228438615799,,0.001556140254251659,,3806,,
3.2315735816955566,,13.36098575592041,,,,,,,,0.028927380219101906,,,,,9.130536079406738,,,39.987770080566406,,,,1776374120.4026518,,10227.60677243,0.020980186760425568,,,,1269,,,,,,,,,,,,0.3647083044052124,,,5.5972161293029785,4.230450630187988,,,26.497692108154297,,0.8272969126701355,1281,,,,,,152.8616943359375,,,0.04915354400873184,,0.0015276590129360557,,3809,,
3.231252908706665,,13.386558532714844,,,,,,,,0.029065407812595367,,,,,9.13995361328125,,,39.47165298461914,,,,1776374127.5371656,,10234.741188751,0.020964236930012703,,,,1270,,,,,,,,,,,,0.367249995470047,,,5.619356155395508,4.24660587310791,,,26.498682022094727,,0.7973474264144897,1282,,,,,,153.41091918945312,,,0.04979792237281799,,0.0015019993297755718,,3812,,
3.261366844177246,,13.333871841430664,,,,,,,,0.02925051935017109,,,,,9.099029541015625,,,41.099388122558594,,,,1776374134.6885238,,10241.892561348,0.02080543525516987,,,,1271,,,,,,,,,,,,0.3642902076244354,,,5.6640472412109375,4.234844207763672,,,26.499753952026367,,0.8149722814559937,1283,,,,,,155.80599975585938,,,0.049755025655031204,,0.0015312379691749811,,3815,,
3.3104875087738037,,13.339424133300781,,,,,,,,0.029156843200325966,,,,,9.086564064025879,,,40.68850326538086,,,,1776374141.7740877,,10248.978018246,0.020728785544633865,,,,1272,,,,,,,,,,,,0.36378851532936096,,,5.659473419189453,4.252859115600586,,,26.500673294067383,,0.7986549139022827,1284,,,,,,155.93310546875,,,0.05001792311668396,,0.001508146757259965,,3818,,
3.2353355884552,,13.320277214050293,,,,,,,,0.028739741072058678,,,,,9.073871612548828,,,39.74216079711914,,,,1776374148.84337,,10256.047815672,0.02067582495510578,,,,1273,,,,,,,,,,,,0.3668625056743622,,,5.596938610076904,4.246405124664307,,,26.501604080200195,,0.782183051109314,1285,,,,,,154.05516052246094,,,0.04919736087322235,,0.0014631596859544516,,3821,,
3.2753958702087402,,13.32009220123291,,,,,,,,0.029138628393411636,,,,,9.075523376464844,,,40.40989685058594,,,,1776374155.8445566,,10263.048698486,0.02066696621477604,,,,1274,,,,,,,,,,,,0.36272677779197693,,,5.650392055511475,4.244568824768066,,,26.502851486206055,,0.8014431595802307,1286,,,,,,156.10009765625,,,0.04989537596702576,,0.001429974683560431,,3824,,
3.3335161209106445,,13.288471221923828,,,,,,,,0.029108749702572823,,,,,9.045218467712402,,,39.94991683959961,,,,1776374162.8665392,,10270.070884635,0.02053365297615528,,,,1275,,,,,,,,,,,,0.3742646872997284,,,5.714767932891846,4.2432541847229,,,26.503984451293945,,0.8159431219100952,1287,,,,,,156.94387817382812,,,0.05008779466152191,,0.0014497493393719196,,3827,,
3.337427854537964,,13.26722526550293,,,,,,,,0.028880758211016655,,,,,9.022043228149414,,,40.16484451293945,,,,1776374170.2248917,,10277.429200445,0.02044881321489811,,,,1276,,,,,,,,,,,,0.3635174036026001,,,5.712893486022949,4.245180606842041,,,26.505126953125,,0.8248301148414612,1288,,,,,,156.5889892578125,,,0.04958448186516762,,0.0015134707791730762,,3830,,
3.305318593978882,,13.258323669433594,,,,,,,,0.028939926996827126,,,,,9.017256736755371,,,40.284263610839844,,,,1776374177.3583777,,10284.562758934,0.02040124125778675,,,,1277,,,,,,,,,,,,0.36969077587127686,,,5.7561750411987305,4.241066932678223,,,26.50631332397461,,0.8031102418899536,1289,,,,,,157.20069885253906,,,0.0495191365480423,,0.0015055980766192079,,3833,,
3.3862626552581787,,13.254384994506836,,,,,,,,0.028918445110321045,,,,,9.005823135375977,,,40.249752044677734,,,,1776374184.493875,,10291.697781309,0.020355956628918648,,,,1278,,,,,,,,,,,,0.3641144633293152,,,5.7618184089660645,4.248560905456543,,,26.507421493530273,,0.779356062412262,1290,,,,,,157.29144287109375,,,0.04967186599969864,,0.0014747416134923697,,3836,,
3.3736374378204346,,13.239441871643066,,,,,,,,0.029108550399541855,,,,,8.997161865234375,,,39.84584045410156,,,,1776374191.5975485,,10298.801675937,0.020283270627260208,,,,1279,,,,,,,,,,,,0.3709156811237335,,,5.816865921020508,4.242279529571533,,,26.508686065673828,,0.8048121929168701,1291,,,,,,158.82086181640625,,,0.05001559853553772,,0.0014556575333699584,,3839,,
3.3543026447296143,,13.209550857543945,,,,,,,,0.029170257970690727,,,,,8.973597526550293,,,41.41127014160156,,,,1776374198.8814752,,10306.085673637,0.020202307030558586,,,,1280,,,,,,,,,,,,0.3629629909992218,,,5.789575099945068,4.2359538078308105,,,26.51000213623047,,0.8076099157333374,1292,,,,,,160.07374572753906,,,0.04985111951828003,,0.0014827545965090394,,3842,,
3.3437929153442383,,13.208131790161133,,,,,,,,0.02912699431180954,,,,,8.96875,,,40.47806167602539,,,,1776374206.1618347,,10313.366472747,0.02015712298452854,,,,1281,,,,,,,,,,,,0.3674725890159607,,,5.875629901885986,4.239381313323975,,,26.511070251464844,,0.822100043296814,1293,,,,,,160.10540771484375,,,0.0501343309879303,,0.0014596859691664577,,3845,,
3.3538639545440674,,13.190445899963379,,,,,,,,0.029159758239984512,,,,,8.937417984008789,,,41.348388671875,,,,1776374213.4613636,,10320.665700507,0.020068278536200523,,,,1282,,,,,,,,,,,,0.3734187185764313,,,5.853991508483887,4.25302791595459,,,26.51211166381836,,0.8050392866134644,1294,,,,,,160.82855224609375,,,0.05011660233139992,,0.001433362253010273,,3848,,
3.371851921081543,,13.163687705993652,,,,,,,,0.02909122407436371,,,,,8.923046112060547,,,40.902095794677734,,,,1776374220.4734483,,10327.677632117,0.019981931895017624,,,,1283,,,,,,,,,,,,0.36581122875213623,,,5.866528034210205,4.2406415939331055,,,26.51312828063965,,0.7979992628097534,1295,,,,,,161.42156982421875,,,0.05013623088598251,,0.001453867880627513,,3851,,
3.391772985458374,,13.153053283691406,,,,,,,,0.02909979410469532,,,,,8.91808795928955,,,40.74036407470703,,,,1776374227.6205442,,10334.82489674,0.0199702400714159,,,,1284,,,,,,,,,,,,0.36297163367271423,,,5.915368556976318,4.234966278076172,,,26.51413917541504,,0.8394179344177246,1296,,,,,,161.4527130126953,,,0.05009165406227112,,0.0014834001194685698,,3854,,
3.4182674884796143,,13.113105773925781,,,,,,,,0.029453782364726067,,,,,8.887055397033691,,,41.95196533203125,,,,1776374234.8056588,,10342.009902042,0.019864674657583237,,,,1285,,,,,,,,,,,,0.3656599819660187,,,5.9168171882629395,4.22605037689209,,,26.51527214050293,,0.7737361788749695,1297,,,,,,164.33914184570312,,,0.05055177956819534,,0.0014405630063265562,,3857,,
3.4693660736083984,,13.1134033203125,,,,,,,,0.029196707531809807,,,,,8.877639770507812,,,41.36758804321289,,,,1776374242.0559835,,10349.260608245,0.0198260098695755,,,,1286,,,,,,,,,,,,0.3672466576099396,,,5.9625020027160645,4.2357635498046875,,,26.51640510559082,,0.8095115423202515,1298,,,,,,163.26939392089844,,,0.05005136877298355,,0.001382460817694664,,3860,,
3.4190306663513184,,13.083499908447266,,,,,,,,0.029164467006921768,,,,,8.850232124328613,,,41.81985092163086,,,,1776374249.0249045,,10356.229525967,0.019667847082018852,,,,1287,,,,,,,,,,,,0.3610938787460327,,,6.009286880493164,4.233269214630127,,,26.51742172241211,,0.8054561614990234,1299,,,,,,164.27490234375,,,0.05006089806556702,,0.0014401860535144806,,3863,,
3.471010446548462,,13.075407028198242,,,,,,,,0.029059845954179764,,,,,8.8453950881958,,,42.0717887878418,,,,1776374256.082801,,10363.286847199,0.01966245099902153,,,,1288,,,,,,,,,,,,0.36515071988105774,,,5.989277362823486,4.230011463165283,,,26.518529891967773,,0.7930694818496704,1300,,,,,,163.7560272216797,,,0.050045132637023926,,0.0014074996579438448,,3866,,
3.5587055683135986,,13.075918197631836,,,,,,,,0.029487209394574165,,,,,8.842869758605957,,,41.89216232299805,,,,1776374263.1190095,,10370.323064704,0.01960144191980362,,,,1289,,,,,,,,,,,,0.36744073033332825,,,6.062321186065674,4.233048915863037,,,26.519775390625,,0.7900292873382568,1301,,,,,,166.53021240234375,,,0.0504218265414238,,0.0014213237445801497,,3869,,
3.505403757095337,,13.055152893066406,,,,,,,,0.029605232179164886,,,,,8.817195892333984,,,43.136844635009766,,,,1776374270.4944906,,10377.698471139,0.019506845623254776,,,,1290,,,,,,,,,,,,0.367722749710083,,,6.076765060424805,4.237957000732422,,,26.52088737487793,,0.806215763092041,1302,,,,,,168.1713409423828,,,0.050934407860040665,,0.0013672374188899994,,3872,,
3.521605968475342,,13.044776916503906,,,,,,,,0.02963125891983509,,,,,8.801688194274902,,,43.61189651489258,,,,1776374277.642907,,10384.847084403,0.019463861361145973,,,,1291,,,,,,,,,,,,0.36687347292900085,,,6.126521587371826,4.24308967590332,,,26.52205467224121,,0.7980716824531555,1303,,,,,,168.7091522216797,,,0.050801441073417664,,0.0013568230206146836,,3875,,
3.621652364730835,,13.014276504516602,,,,,,,,0.02967577986419201,,,,,8.788723945617676,,,43.01903533935547,,,,1776374284.7616105,,10391.965642653,0.019409922882914543,,,,1292,,,,,,,,,,,,0.36073175072669983,,,6.132986545562744,4.225553512573242,,,26.5230712890625,,0.8701170682907104,1304,,,,,,169.34017944335938,,,0.051000699400901794,,0.0013805563794448972,,3878,,
3.483151435852051,,13.007674217224121,,,,,,,,0.029268354177474976,,,,,8.769850730895996,,,42.63184356689453,,,,1776374291.8038945,,10399.007746959,0.01933244615793228,,,,1293,,,,,,,,,,,,0.3623618185520172,,,6.131353378295898,4.23782205581665,,,26.5239315032959,,0.8057458400726318,1305,,,,,,167.55177307128906,,,0.05042438209056854,,0.0013282160507515073,,3881,,
3.577698230743408,,12.983844757080078,,,,,,,,0.029527956619858742,,,,,8.76183795928955,,,42.98785400390625,,,,1776374298.977475,,10406.181694652,0.01926148496568203,,,,1294,,,,,,,,,,,,0.36254292726516724,,,6.112120628356934,4.222007751464844,,,26.52506446838379,,0.8437913656234741,1306,,,,,,169.77047729492188,,,0.050992488861083984,,0.0014132928336039186,,3884,,
3.642226457595825,,12.986090660095215,,,,,,,,0.029612766578793526,,,,,8.750382423400879,,,43.629337310791016,,,,1776374306.2492056,,10413.453163924,0.01920226588845253,,,,1295,,,,,,,,,,,,0.36826762557029724,,,6.211231231689453,4.235708713531494,,,26.526195526123047,,0.8172054290771484,1307,,,,,,170.88442993164062,,,0.05096232146024704,,0.0013584558619186282,,3887,,
3.585012674331665,,12.948904991149902,,,,,,,,0.029746482148766518,,,,,8.719797134399414,,,44.316200256347656,,,,1776374313.3957314,,10420.59999743,0.01910572126507759,,,,1296,,,,,,,,,,,,0.36690089106559753,,,6.234760284423828,4.229107856750488,,,26.527278900146484,,0.8157734274864197,1308,,,,,,172.5230712890625,,,0.051013581454753876,,0.0013762878952547908,,3890,,
3.6266679763793945,,12.943161964416504,,,,,,,,0.029634220525622368,,,,,8.704099655151367,,,45.00548553466797,,,,1776374320.5377235,,10427.741845171,0.019072096794843674,,,,1297,,,,,,,,,,,,0.3646785020828247,,,6.193823337554932,4.239062309265137,,,26.528348922729492,,0.8298185467720032,1309,,,,,,172.26132202148438,,,0.051232341676950455,,0.0014177885605022311,,3893,,
3.5608654022216797,,12.945348739624023,,,,,,,,0.029275232926011086,,,,,8.705997467041016,,,43.781776428222656,,,,1776374327.65272,,10434.856623844,0.019014764577150345,,,,1298,,,,,,,,,,,,0.35770338773727417,,,6.175130367279053,4.239351272583008,,,26.529205322265625,,0.8136133551597595,1310,,,,,,170.51522827148438,,,0.05055687204003334,,0.0013370172819122672,,3896,,
,0.006506249774247408,,0.3244500160217285,7.661509230857955e-14,1262.1461181640625,6.285895198451796e-14,5.884790420532227,0.11118070781230927,5.884790420532227,,0.0313616581261158,0.9661625623703003,86.00126647949219,0.994112491607666,,0.43309286236763,0.21972119808197021,,92.79651641845703,621.0087280273438,0.1663687378168106,1776374413.0404134,0.019991887733340263,10520.246905396,,30.3931884765625,678.6785278320312,0.06593749672174454,1299,0.24653051793575287,0.011837499216198921,15.569029808044434,0.0017499999376013875,0.3450874984264374,617.2752075195312,0.47516873478889465,0.20086874067783356,1379.4150390625,0.09558124095201492,30.182466506958008,,0.11498510092496872,12.653946876525879,,,0.002050000010058284,675.9750366210938,,245.4630126953125,,1311,0.004231249913573265,0.004368749912828207,0.8478437066078186,15.569029808044434,1262.1461181640625,,222.07791137695312,13.153299331665039,,0.22996248304843903,,0.8478437066078186,3899,0.016384078189730644,1379.4150390625
3.6198570728302,,12.924208641052246,,,,,,,,0.02971012517809868,,,,,8.683699607849121,,,44.52872085571289,,,,1776374414.2468884,,10521.450964982,0.018941229209303856,,,,1299,,,,,,,,,,,,0.3661223351955414,,,6.204361915588379,4.2405104637146,,,26.530364990234375,,0.8411426544189453,1312,,,,,,173.651123046875,,,0.05135483667254448,,0.0013283517910167575,,3899,,
3.6657893657684326,,12.901477813720703,,,,,,,,0.030176442116498947,,,,,8.664998054504395,,,46.26203918457031,,,,1776374421.3587651,,10528.56311456,0.018866144120693207,,,,1300,,,,,,,,,,,,0.3661811649799347,,,6.359792709350586,4.236480712890625,,,26.531604766845703,,0.8631911277770996,1313,,,,,,177.34304809570312,,,0.051923446357250214,,0.0013826830545440316,,3902,,
3.6038904190063477,,12.905978202819824,,,,,,,,0.029843248426914215,,,,,8.664742469787598,,,44.82521057128906,,,,1776374428.464334,,10535.669096836,0.018849728628993034,,,,1301,,,,,,,,,,,,0.3691658079624176,,,6.295388698577881,4.241235733032227,,,26.532615661621094,,0.8490386009216309,1314,,,,,,175.06210327148438,,,0.05157388001680374,,0.0013739423593506217,,3905,,
3.6290979385375977,,12.877813339233398,,,,,,,,0.029561124742031097,,,,,8.641462326049805,,,44.67831039428711,,,,1776374435.5523512,,10542.756817512,0.018734846264123917,,,,1302,,,,,,,,,,,,0.3657439351081848,,,6.339016437530518,4.23635196685791,,,26.533761978149414,,0.8368622064590454,1315,,,,,,174.8465118408203,,,0.051094673573970795,,0.001340882503427565,,3908,,
3.657271385192871,,12.86357593536377,,,,,,,,0.02979234978556633,,,,,8.628657341003418,,,44.86417007446289,,,,1776374442.8765817,,10550.080628498,0.018691793084144592,,,,1303,,,,,,,,,,,,0.36272504925727844,,,6.371349811553955,4.23491907119751,,,26.534868240356445,,0.8369025588035583,1316,,,,,,176.11135864257812,,,0.0515361912548542,,0.0013159934896975756,,3911,,
3.6201465129852295,,12.838008880615234,,,,,,,,0.02961588464677334,,,,,8.609379768371582,,,44.57355499267578,,,,1776374450.5306854,,10557.734646489,0.018649736419320107,,,,1304,,,,,,,,,,,,0.35967904329299927,,,6.3595051765441895,4.228630065917969,,,26.53590965270996,,0.8214598298072815,1317,,,,,,175.9872589111328,,,0.05102945864200592,,0.001350127044133842,,3914,,
3.7678372859954834,,12.808782577514648,,,,,,,,0.029998769983649254,,,,,8.57962703704834,,,46.247589111328125,,,,1776374457.6572814,,10564.861172439,0.01854625903069973,,,,1305,,,,,,,,,,,,0.36849623918533325,,,6.520528793334961,4.229156017303467,,,26.537071228027344,,0.8374666571617126,1318,,,,,,179.31756591796875,,,0.051797911524772644,,0.001364058000035584,,3917,,
3.697279453277588,,12.813912391662598,,,,,,,,0.029860302805900574,,,,,8.578452110290527,,,46.36385726928711,,,,1776374464.684282,,10571.888353507,0.018484272062778473,,,,1306,,,,,,,,,,,,0.36642956733703613,,,6.466742992401123,4.23546028137207,,,26.538087844848633,,0.8330328464508057,1319,,,,,,179.16018676757812,,,0.05136486887931824,,0.001338935922831297,,3920,,
3.7790729999542236,,12.79509162902832,,,,,,,,0.029672550037503242,,,,,8.558372497558594,,,45.32877731323242,,,,1776374472.110277,,10579.314223789,0.018424909561872482,,,,1307,,,,,,,,,,,,0.3569543957710266,,,6.502170562744141,4.236720085144043,,,26.539064407348633,,0.8449253439903259,1320,,,,,,178.52171325683594,,,0.051735520362854004,,0.0013025287771597505,,3923,,
3.7869791984558105,,12.803008079528809,,,,,,,,0.029896901920437813,,,,,8.564105987548828,,,45.519466400146484,,,,1776374479.4349225,,10586.639146318,0.018374204635620117,,,,1308,,,,,,,,,,,,0.37474367022514343,,,6.526831150054932,4.238901615142822,,,26.54022216796875,,0.8341484069824219,1321,,,,,,180.06088256835938,,,0.051669877022504807,,0.0013192619662731886,,3926,,
3.7126262187957764,,12.770646095275879,,,,,,,,0.02986593171954155,,,,,8.539310455322266,,,46.003292083740234,,,,1776374486.5876513,,10593.791619552,0.01833004504442215,,,,1309,,,,,,,,,,,,0.362566739320755,,,6.477859020233154,4.231335639953613,,,26.54132652282715,,0.8401726484298706,1322,,,,,,180.47354125976562,,,0.05179250240325928,,0.0013096604961901903,,3929,,
3.8484296798706055,,12.75940227508545,,,,,,,,0.029893659055233,,,,,8.523094177246094,,,45.75755310058594,,,,1776374493.693624,,10600.897895767,0.018252570182085037,,,,1310,,,,,,,,,,,,0.36577820777893066,,,6.560546398162842,4.236307144165039,,,26.54247283935547,,0.83232182264328,1323,,,,,,181.4035186767578,,,0.05189855396747589,,0.001293123117648065,,3932,,
3.8389248847961426,,12.732824325561523,,,,,,,,0.02999894693493843,,,,,8.507343292236328,,,45.81570816040039,,,,1776374500.8480794,,10608.052211911,0.0181621965020895,,,,1311,,,,,,,,,,,,0.3667687773704529,,,6.641225814819336,4.225480079650879,,,26.54372787475586,,0.8362008929252625,1324,,,,,,182.77667236328125,,,0.05221628397703171,,0.0012702809181064367,,3935,,
3.7779557704925537,,12.715079307556152,,,,,,,,0.029771260917186737,,,,,8.486458778381348,,,45.95860290527344,,,,1776374508.1184185,,10615.322659047,0.018117936328053474,,,,1312,,,,,,,,,,,,0.3629136085510254,,,6.627751350402832,4.2286224365234375,,,26.544921875,,0.8416885733604431,1325,,,,,,182.1171875,,,0.051793310791254044,,0.0013339330907911062,,3938,,
3.776672840118408,,12.69436264038086,,,,,,,,0.030203144997358322,,,,,8.472857475280762,,,47.18125915527344,,,,1776374515.2692657,,10622.473707939,0.018058137968182564,,,,1313,,,,,,,,,,,,0.36346760392189026,,,6.681491851806641,4.221505165100098,,,26.54605484008789,,0.8267549872398376,1326,,,,,,185.20889282226562,,,0.05237782374024391,,0.001321043586358428,,3941,,
3.9607467651367188,,12.725798606872559,,,,,,,,0.030513551086187363,,,,,8.48702621459961,,,47.274864196777344,,,,1776374522.416898,,10629.620932017,0.01805989257991314,,,,1314,,,,,,,,,,,,0.3641720712184906,,,6.7210869789123535,4.238773345947266,,,26.5471134185791,,0.8579376339912415,1327,,,,,,186.985107421875,,,0.05262993648648262,,0.0013159076916053891,,3944,,
3.8577637672424316,,12.682738304138184,,,,,,,,0.03045453131198883,,,,,8.452676773071289,,,48.21876907348633,,,,1776374529.5997627,,10636.803728298,0.01796148344874382,,,,1315,,,,,,,,,,,,0.36559200286865234,,,6.735603332519531,4.230062484741211,,,26.54792022705078,,0.8443213701248169,1328,,,,,,187.96484375,,,0.052576009184122086,,0.0013536694459617138,,3947,,
3.831810712814331,,12.675043106079102,,,,,,,,0.03001713752746582,,,,,8.438796997070312,,,46.65359878540039,,,,1776374536.9368224,,10644.141040271,0.01789204217493534,,,,1316,,,,,,,,,,,,0.36138319969177246,,,6.666801929473877,4.236246585845947,,,26.548683166503906,,0.8246541619300842,1329,,,,,,185.7088165283203,,,0.052390895783901215,,0.0012870843056589365,,3950,,
3.8111329078674316,,12.664746284484863,,,,,,,,0.03002241812646389,,,,,8.435051918029785,,,46.620113372802734,,,,1776374544.1262496,,10651.330372367,0.017848730087280273,,,,1317,,,,,,,,,,,,0.36625152826309204,,,6.7159013748168945,4.22969388961792,,,26.549612045288086,,0.8543782830238342,1330,,,,,,186.20733642578125,,,0.052521925419569016,,0.0013248901814222336,,3953,,
3.9210891723632812,,12.638824462890625,,,,,,,,0.029930248856544495,,,,,8.410022735595703,,,46.97736358642578,,,,1776374551.259503,,10658.463463369,0.017758117988705635,,,,1318,,,,,,,,,,,,0.36349010467529297,,,6.7162017822265625,4.228802680969238,,,26.550729751586914,,0.8253101706504822,1331,,,,,,186.78036499023438,,,0.05232691392302513,,0.001280882628634572,,3956,,
4.009332180023193,,12.605050086975098,,,,,,,,0.03033790923655033,,,,,8.385570526123047,,,48.802284240722656,,,,1776374558.2517521,,10665.45602577,0.01769922487437725,,,,1319,,,,,,,,,,,,0.36583372950553894,,,6.855481147766113,4.219480991363525,,,26.552095413208008,,0.8416065573692322,1332,,,,,,190.00022888183594,,,0.052556030452251434,,0.001287435763515532,,3959,,
3.948355197906494,,12.614156723022461,,,,,,,,0.030453704297542572,,,,,8.38138484954834,,,48.73373031616211,,,,1776374565.3373456,,10672.541881324,0.01763000898063183,,,,1320,,,,,,,,,,,,0.3665580451488495,,,6.819555282592773,4.232771873474121,,,26.553319931030273,,0.8646655082702637,1333,,,,,,191.13661193847656,,,0.05282832309603691,,0.0012650808785110712,,3962,,
3.9730286598205566,,12.601630210876465,,,,,,,,0.03031582571566105,,,,,8.367389678955078,,,47.893184661865234,,,,1776374572.7442834,,10679.948821902,0.01757480762898922,,,,1321,,,,,,,,,,,,0.36513552069664,,,6.916476249694824,4.234239101409912,,,26.55433464050293,,0.8599184155464172,1334,,,,,,191.08062744140625,,,0.05272185057401657,,0.0012328888988122344,,3965,,
3.9417357444763184,,12.601043701171875,,,,,,,,0.030491823330521584,,,,,8.36739730834961,,,48.91607666015625,,,,1776374579.881645,,10687.085890486,0.017575334757566452,,,,1322,,,,,,,,,,,,0.36296552419662476,,,6.845402717590332,4.233646869659424,,,26.55536651611328,,0.8483455181121826,1335,,,,,,192.15481567382812,,,0.052958957850933075,,0.0013081773649901152,,3968,,
4.094263553619385,,12.545838356018066,,,,,,,,0.030353879556059837,,,,,8.32705307006836,,,48.626285552978516,,,,1776374587.0126886,,10694.216931538,0.01744649186730385,,,,1323,,,,,,,,,,,,0.3715030550956726,,,7.0338616371154785,4.218785285949707,,,26.556325912475586,,0.858167827129364,1336,,,,,,192.86134338378906,,,0.05281657725572586,,0.0012408903567120433,,3971,,
3.982611894607544,,12.552753448486328,,,,,,,,0.03019147552549839,,,,,8.30990219116211,,,49.5157470703125,,,,1776374594.0412004,,10701.245422574,0.017368895933032036,,,,1324,,,,,,,,,,,,0.35475483536720276,,,6.936117172241211,4.242851734161377,,,26.557289123535156,,0.8686789870262146,1337,,,,,,192.5133056640625,,,0.0526023805141449,,0.001292078522965312,,3974,,
4.004692554473877,,12.533323287963867,,,,,,,,0.030346717685461044,,,,,8.304800033569336,,,49.127567291259766,,,,1776374601.3538606,,10708.557840767,0.017324943095445633,,,,1325,,,,,,,,,,,,0.3577398955821991,,,6.958256721496582,4.228523254394531,,,26.5583438873291,,0.855604887008667,1338,,,,,,194.18594360351562,,,0.05271691456437111,,0.0012353741331025958,,3977,,
4.054949760437012,,12.5148286819458,,,,,,,,0.030599860474467278,,,,,8.284308433532715,,,50.6968994140625,,,,1776374608.5627685,,10715.766870715,0.017275812104344368,,,,1326,,,,,,,,,,,,0.36566951870918274,,,7.0142974853515625,4.230520248413086,,,26.559398651123047,,0.8776718974113464,1339,,,,,,196.37069702148438,,,0.05311460793018341,,0.0012457416160032153,,3980,,
4.0752081871032715,,12.523884773254395,,,,,,,,0.030493929982185364,,,,,8.28764820098877,,,50.126155853271484,,,,1776374615.5411506,,10722.745754908,0.01724681630730629,,,,1327,,,,,,,,,,,,0.35944631695747375,,,7.045878887176514,4.236237049102783,,,26.560314178466797,,0.8197319507598877,1340,,,,,,195.85870361328125,,,0.05275367572903633,,0.0011938028037548065,,3983,,
4.0800933837890625,,12.495553016662598,,,,,,,,0.030600497499108315,,,,,8.262076377868652,,,49.92208480834961,,,,1776374622.5358877,,10729.741222005,0.01714354380965233,,,,1328,,,,,,,,,,,,0.37035951018333435,,,7.031299591064453,4.233475685119629,,,26.56130599975586,,0.8307200074195862,1341,,,,,,197.42735290527344,,,0.05335182324051857,,0.0012049621436744928,,3986,,
4.042322158813477,,12.469037055969238,,,,,,,,0.03063729964196682,,,,,8.23593521118164,,,51.1851806640625,,,,1776374629.5717187,,10736.775913938,0.017088549211621284,,,,1329,,,,,,,,,,,,0.35962367057800293,,,7.061663627624512,4.233102321624756,,,26.56226921081543,,0.867825448513031,1342,,,,,,198.52015686035156,,,0.05333475023508072,,0.0012452804949134588,,3989,,
4.165865421295166,,12.450291633605957,,,,,,,,0.03034379333257675,,,,,8.231926918029785,,,49.847957611083984,,,,1776374636.92923,,10744.133343023,0.0170334093272686,,,,1330,,,,,,,,,,,,0.36695677042007446,,,7.087192535400391,4.2183637619018555,,,26.56315040588379,,0.8365541696548462,1343,,,,,,197.154296875,,,0.052858076989650726,,0.0012411631178110838,,3992,,
4.138082981109619,,12.4439697265625,,,,,,,,0.030298961326479912,,,,,8.21677303314209,,,49.71190643310547,,,,1776374643.982785,,10751.186976761,0.017011048272252083,,,,1331,,,,,,,,,,,,0.3674776256084442,,,7.101944923400879,4.227196216583252,,,26.564191818237305,,0.8766539692878723,1344,,,,,,197.35079956054688,,,0.05312875285744667,,0.0012221487704664469,,3995,,
4.1301188468933105,,12.441999435424805,,,,,,,,0.030591150745749474,,,,,8.21338176727295,,,50.49408721923828,,,,1776374651.2210279,,10758.425273254,0.016909107565879822,,,,1332,,,,,,,,,,,,0.3708837628364563,,,7.197890758514404,4.228618144989014,,,26.565404891967773,,0.8390544652938843,1345,,,,,,200.33653259277344,,,0.05337434634566307,,0.0012216924224048853,,3998,,
4.179502964019775,,12.416223526000977,,,,,,,,0.03063296340405941,,,,,8.191023826599121,,,52.212059020996094,,,,1776374658.3692486,,10765.573542643,0.016882838681340218,,,,1333,,,,,,,,,,,,0.365843266248703,,,7.180400371551514,4.225199222564697,,,26.56653594970703,,0.832629382610321,1346,,,,,,201.16256713867188,,,0.05319377779960632,,0.0012245207326486707,,4001,,
4.134012222290039,,12.39582347869873,,,,,,,,0.030855728313326836,,,,,8.173101425170898,,,52.132972717285156,,,,1776374665.7256472,,10772.929689386,0.016801752150058746,,,,1334,,,,,,,,,,,,0.366841197013855,,,7.274916172027588,4.222721576690674,,,26.567523956298828,,0.834926962852478,1347,,,,,,203.47909545898438,,,0.053594157099723816,,0.0012421270366758108,,4004,,
4.178166389465332,,12.384202003479004,,,,,,,,0.03032945655286312,,,,,8.155412673950195,,,51.0417594909668,,,,1776374672.736959,,10779.94148668,0.01675255224108696,,,,1335,,,,,,,,,,,,0.36729517579078674,,,7.2559309005737305,4.22878885269165,,,26.56854248046875,,0.8605924248695374,1348,,,,,,200.6372833251953,,,0.0531466118991375,,0.0012195184826850891,,4007,,
4.2045578956604,,12.383443832397461,,,,,,,,0.030379390344023705,,,,,8.154594421386719,,,50.78097152709961,,,,1776374679.9543371,,10787.158728194,0.016730865463614464,,,,1336,,,,,,,,,,,,0.36868026852607727,,,7.253964900970459,4.2288498878479,,,26.569652557373047,,0.8779578804969788,1349,,,,,,201.27609252929688,,,0.053370099514722824,,0.001184193417429924,,4010,,
4.169722557067871,,12.367566108703613,,,,,,,,0.03070635162293911,,,,,8.141843795776367,,,51.729347229003906,,,,1776374687.1055417,,10794.309423282,0.01665741764008999,,,,1337,,,,,,,,,,,,0.36693546175956726,,,7.338159084320068,4.225722789764404,,,26.570833206176758,,0.8332139849662781,1350,,,,,,204.20616149902344,,,0.053323112428188324,,0.00120671431068331,,4013,,
4.302109241485596,,12.34256649017334,,,,,,,,0.03092053160071373,,,,,8.116425514221191,,,52.533023834228516,,,,1776374694.1793115,,10801.383462045,0.01659988798201084,,,,1338,,,,,,,,,,,,0.36648035049438477,,,7.354271411895752,4.22614049911499,,,26.571956634521484,,0.8667449951171875,1351,,,,,,206.16334533691406,,,0.05387071147561073,,0.0012103234184905887,,4016,,
4.250988006591797,,12.336198806762695,,,,,,,,0.030963722616434097,,,,,8.117425918579102,,,52.60763168334961,,,,1776374701.4395788,,10808.643632352,0.016553357243537903,,,,1339,,,,,,,,,,,,0.36239802837371826,,,7.284845352172852,4.218771934509277,,,26.572956085205078,,0.859251081943512,1352,,,,,,207.1498260498047,,,0.0541270449757576,,0.001202519633807242,,4019,,
4.3013916015625,,12.303808212280273,,,,,,,,0.03066309541463852,,,,,8.094903945922852,,,52.061641693115234,,,,1776374708.4817472,,10815.685847777,0.016475658863782883,,,,1340,,,,,,,,,,,,0.3641836941242218,,,7.395807266235352,4.208904266357422,,,26.573883056640625,,0.882119357585907,1353,,,,,,206.25633239746094,,,0.05370347946882248,,0.0011771130375564098,,4022,,
4.280407905578613,,12.311661720275879,,,,,,,,0.030556948855519295,,,,,8.091217994689941,,,51.38397979736328,,,,1776374715.5628548,,10822.766921129,0.016461210325360298,,,,1341,,,,,,,,,,,,0.3665476441383362,,,7.383480548858643,4.2204437255859375,,,26.574935913085938,,0.8841044306755066,1354,,,,,,205.6525115966797,,,0.05370438098907471,,0.0012241618242114782,,4025,,
4.2661452293396,,12.306639671325684,,,,,,,,0.030773252248764038,,,,,8.077360153198242,,,52.037086486816406,,,,1776374722.6994383,,10829.903651395,0.016399547457695007,,,,1342,,,,,,,,,,,,0.3600419759750366,,,7.4210710525512695,4.229279041290283,,,26.5760555267334,,0.8659950494766235,1355,,,,,,207.89723205566406,,,0.05364902317523956,,0.0012010651407763362,,4028,,
4.380380153656006,,12.282007217407227,,,,,,,,0.0310170017182827,,,,,8.061352729797363,,,53.81052017211914,,,,1776374729.9914181,,10837.195584863,0.01632494106888771,,,,1343,,,,,,,,,,,,0.36951708793640137,,,7.547894477844238,4.220654487609863,,,26.57708740234375,,0.8703047633171082,1356,,,,,,210.36474609375,,,0.05427004396915436,,0.0011998582631349564,,4031,,
4.416263580322266,,12.2725248336792,,,,,,,,0.0312031339854002,,,,,8.04071044921875,,,53.881988525390625,,,,1776374737.335503,,10844.53955875,0.01627838797867298,,,,1344,,,,,,,,,,,,0.3631131649017334,,,7.563028812408447,4.231814861297607,,,26.578086853027344,,0.846562385559082,1357,,,,,,212.39169311523438,,,0.05434570834040642,,0.0011841258965432644,,4034,,
4.384265422821045,,12.247279167175293,,,,,,,,0.030985133722424507,,,,,8.025931358337402,,,53.782222747802734,,,,1776374744.4342842,,10851.638521212,0.016216231510043144,,,,1345,,,,,,,,,,,,0.37004318833351135,,,7.496549606323242,4.221347332000732,,,26.578960418701172,,0.8745731711387634,1358,,,,,,211.5453338623047,,,0.05392828583717346,,0.001163257984444499,,4037,,
4.3765764236450195,,12.25141429901123,,,,,,,,0.030463937669992447,,,,,8.024288177490234,,,52.55912399291992,,,,1776374751.9418352,,10859.146173046,0.016149386763572693,,,,1346,,,,,,,,,,,,0.36415714025497437,,,7.456992149353027,4.227126598358154,,,26.579944610595703,,0.8906588554382324,1359,,,,,,208.84600830078125,,,0.053698331117630005,,0.0011499817483127117,,4040,,
4.2832841873168945,,12.22481632232666,,,,,,,,0.03046150878071785,,,,,8.000658988952637,,,53.27011489868164,,,,1776374759.0452027,,10866.24920159,0.016093183308839798,,,,1347,,,,,,,,,,,,0.36764082312583923,,,7.486931324005127,4.224156856536865,,,26.581186294555664,,0.8756960034370422,1360,,,,,,210.00918579101562,,,0.05391627550125122,,0.0012181800557300448,,4043,,
4.470541000366211,,12.203360557556152,,,,,,,,0.031046094372868538,,,,,7.989307403564453,,,54.02113723754883,,,,1776374766.295794,,10873.500094463,0.016051845625042915,,,,1348,,,,,,,,,,,,0.3633824288845062,,,7.666891098022461,4.214055061340332,,,26.58258819580078,,0.8853976726531982,1361,,,,,,214.21434020996094,,,0.05484572798013687,,0.001143543515354395,,4046,,
4.424663066864014,,12.176251411437988,,,,,,,,0.03162417933344841,,,,,7.960200309753418,,,57.316837310791016,,,,1776374774.501951,,10881.706406311,0.0160199087113142,,,,1349,,,,,,,,,,,,0.3627146780490875,,,7.663699626922607,4.21605110168457,,,26.58382797241211,,0.8543108105659485,1362,,,,,,218.79293823242188,,,0.05486774444580078,,0.001157288090325892,,4049,,
4.458033561706543,,12.178895950317383,,,,,,,,0.03138734772801399,,,,,7.964285373687744,,,55.2939453125,,,,1776374781.5669386,,10888.770953588,0.015957390889525414,,,,1350,,,,,,,,,,,,0.3692339062690735,,,7.716977596282959,4.214609146118164,,,26.584741592407227,,0.8474506139755249,1363,,,,,,217.68572998046875,,,0.054841600358486176,,0.001157510676421225,,4052,,
4.420943260192871,,12.166852951049805,,,,,,,,0.030871998518705368,,,,,7.944640159606934,,,55.0684700012207,,,,1776374788.6512105,,10895.855257339,0.01590656489133835,,,,1351,,,,,,,,,,,,0.3715395927429199,,,7.624699592590332,4.222212314605713,,,26.58558464050293,,0.8523567914962769,1364,,,,,,214.8543243408203,,,0.054586831480264664,,0.0011759484186768532,,4055,,
4.401874542236328,,12.142569541931152,,,,,,,,0.030713774263858795,,,,,7.933220386505127,,,53.80534744262695,,,,1776374795.7112355,,10902.915334328,0.015840258449316025,,,,1352,,,,,,,,,,,,0.36119288206100464,,,7.628065586090088,4.209349632263184,,,26.5866641998291,,0.8920702934265137,1365,,,,,,214.77908325195312,,,0.054449234157800674,,0.0011668564984574914,,4058,,
4.417891502380371,,12.147963523864746,,,,,,,,0.03100436180830002,,,,,7.921040058135986,,,55.13330841064453,,,,1776374802.9828553,,10910.1870013,0.015784023329615593,,,,1353,,,,,,,,,,,,0.3651772737503052,,,7.762241363525391,4.226922988891602,,,26.587953567504883,,0.8873876929283142,1366,,,,,,217.5379638671875,,,0.05449305847287178,,0.0011017508804798126,,4061,,
4.600950717926025,,12.138588905334473,,,,,,,,0.0315854586660862,,,,,7.910655975341797,,,56.49628829956055,,,,1776374810.0184078,,10917.222512613,0.01573825255036354,,,,1354,,,,,,,,,,,,0.37157657742500305,,,7.7969889640808105,4.227932929992676,,,26.589149475097656,,0.8352270722389221,1367,,,,,,222.15594482421875,,,0.055292759090662,,0.0011225054040551186,,4064,,
4.525126934051514,,12.115004539489746,,,,,,,,0.03129104897379875,,,,,7.891568183898926,,,56.61839294433594,,,,1776374817.1196315,,10924.32346807,0.01570269837975502,,,,1355,,,,,,,,,,,,0.3696090877056122,,,7.8513312339782715,4.22343635559082,,,26.590049743652344,,0.8854526877403259,1368,,,,,,220.7964630126953,,,0.05497131496667862,,0.0011215497506782413,,4067,,
4.509842395782471,,12.097657203674316,,,,,,,,0.031067149713635445,,,,,7.876338005065918,,,55.546730041503906,,,,1776374824.1774175,,10931.381299964,0.015645064413547516,,,,1356,,,,,,,,,,,,0.3626595735549927,,,7.836777210235596,4.221320629119873,,,26.590974807739258,,0.8905557990074158,1369,,,,,,220.06289672851562,,,0.05492919310927391,,0.0011645936174318194,,4070,,
4.610988616943359,,12.091017723083496,,,,,,,,0.030941607430577278,,,,,7.8644938468933105,,,55.6145133972168,,,,1776374831.3373532,,10938.541526611,0.015566905029118061,,,,1357,,,,,,,,,,,,0.35898837447166443,,,7.818997383117676,4.226524829864502,,,26.592071533203125,,0.8673391938209534,1370,,,,,,220.25759887695312,,,0.05461949110031128,,0.0011238307924941182,,4073,,
4.600127696990967,,12.097259521484375,,,,,,,,0.031374335289001465,,,,,7.874390602111816,,,56.014434814453125,,,,1776374838.6479268,,10945.85199523,0.015568053349852562,,,,1358,,,,,,,,,,,,0.3655599057674408,,,7.8598127365112305,4.2228684425354,,,26.5933837890625,,0.890808641910553,1371,,,,,,223.05606079101562,,,0.0551249198615551,,0.001118650776334107,,4076,,
4.620021343231201,,12.057520866394043,,,,,,,,0.031487274914979935,,,,,7.838890075683594,,,57.08126449584961,,,,1776374845.6964908,,10952.900475643,0.015459281392395496,,,,1359,,,,,,,,,,,,0.3645516335964203,,,7.958491802215576,4.218632221221924,,,26.594648361206055,,0.881186306476593,1372,,,,,,225.64125061035156,,,0.05524085834622383,,0.0011106759775429964,,4079,,
4.568384647369385,,12.041329383850098,,,,,,,,0.03132893517613411,,,,,7.828450679779053,,,56.00403594970703,,,,1776374852.872174,,10960.076372661,0.015412294305860996,,,,1360,,,,,,,,,,,,0.3618803024291992,,,7.96826171875,4.212881088256836,,,26.595706939697266,,0.9021923542022705,1373,,,,,,224.5692138671875,,,0.05540173873305321,,0.001098433742299676,,4082,,
4.627440452575684,,12.037209510803223,,,,,,,,0.03127215802669525,,,,,7.812311172485352,,,56.48504638671875,,,,1776374860.0293748,,10967.233257359,0.015401860699057579,,,,1361,,,,,,,,,,,,0.3551386296749115,,,7.959694862365723,4.224897384643555,,,26.59683609008789,,0.8908277153968811,1374,,,,,,225.16763305664062,,,0.05538655444979668,,0.0011091189226135612,,4085,,
4.595795631408691,,12.034194946289062,,,,,,,,0.03100026212632656,,,,,7.806275844573975,,,55.811458587646484,,,,1776374867.1957135,,10974.399782312,0.015319122932851315,,,,1362,,,,,,,,,,,,0.35398566722869873,,,7.942154884338379,4.227920055389404,,,26.597919464111328,,0.8900982737541199,1375,,,,,,224.22312927246094,,,0.05513247847557068,,0.0010579376248642802,,4088,,
4.678206920623779,,12.011170387268066,,,,,,,,0.031278472393751144,,,,,7.790942192077637,,,57.570091247558594,,,,1776374874.290691,,10981.49460235,0.015267178416252136,,,,1363,,,,,,,,,,,,0.3608672618865967,,,8.108630180358887,4.2202277183532715,,,26.599151611328125,,0.8671653270721436,1376,,,,,,226.934326171875,,,0.05488050356507301,,0.001093195634894073,,4091,,
4.810956001281738,,12.00293254852295,,,,,,,,0.0318942666053772,,,,,7.784796714782715,,,58.4080810546875,,,,1776374881.318144,,10988.522169181,0.015237517654895782,,,,1364,,,,,,,,,,,,0.3649616539478302,,,8.259638786315918,4.218134880065918,,,26.600351333618164,,0.8968678712844849,1377,,,,,,231.7552032470703,,,0.05584239959716797,,0.0010846200166270137,,4094,,
4.6916375160217285,,11.996121406555176,,,,,,,,0.031582992523908615,,,,,7.764081001281738,,,57.64715576171875,,,,1776374888.3391824,,10995.543290788,0.015181121416389942,,,,1365,,,,,,,,,,,,0.3569045960903168,,,8.184171676635742,4.2320404052734375,,,26.601247787475586,,0.8499605655670166,1378,,,,,,230.32843017578125,,,0.05538066849112511,,0.0011114852968603373,,4097,,
4.705790042877197,,11.976311683654785,,,,,,,,0.03128727525472641,,,,,7.755246639251709,,,56.64370346069336,,,,1776374895.310158,,11002.514187673,0.015145731158554554,,,,1366,,,,,,,,,,,,0.3620346188545227,,,8.141074180603027,4.221065998077393,,,26.60215950012207,,0.9005008935928345,1379,,,,,,228.75643920898438,,,0.055549945682287216,,0.0010886801173910499,,4100,,
4.697464466094971,,11.959877014160156,,,,,,,,0.031456053256988525,,,,,7.738966464996338,,,57.65460968017578,,,,1776374902.7266293,,11009.930553161,0.015090408734977245,,,,1367,,,,,,,,,,,,0.36850467324256897,,,8.154764175415039,4.220910549163818,,,26.60321617126465,,0.8583558201789856,1380,,,,,,231.08758544921875,,,0.05547431856393814,,0.0011221340391784906,,4103,,
4.7117109298706055,,11.941143989562988,,,,,,,,0.031548187136650085,,,,,7.720485687255859,,,59.62067794799805,,,,1776374909.8884199,,11017.092369517,0.015001567080616951,,,,1368,,,,,,,,,,,,0.3651640713214874,,,8.204853057861328,4.2206573486328125,,,26.60419273376465,,0.8715789914131165,1381,,,,,,233.22802734375,,,0.05557747557759285,,0.0010750658111646771,,4106,,
4.778104782104492,,11.944674491882324,,,,,,,,0.031824104487895966,,,,,7.718300819396973,,,59.65068435668945,,,,1776374917.0172486,,11024.221525693,0.014991307631134987,,,,1369,,,,,,,,,,,,0.362014502286911,,,8.16822624206543,4.226373672485352,,,26.605247497558594,,0.9038702249526978,1382,,,,,,235.0336456298828,,,0.05577937513589859,,0.0010938094928860664,,4109,,
4.828739166259766,,11.909417152404785,,,,,,,,0.03177345544099808,,,,,7.690598964691162,,,59.776248931884766,,,,1776374924.1127625,,11031.316670596,0.014938265085220337,,,,1370,,,,,,,,,,,,0.3645780384540558,,,8.268791198730469,4.218818664550781,,,26.606239318847656,,0.8991687297821045,1383,,,,,,235.61199951171875,,,0.055951740592718124,,0.0011210687225684524,,4112,,
4.753035545349121,,11.903828620910645,,,,,,,,0.03159049525856972,,,,,7.690405368804932,,,59.2350959777832,,,,1776374931.1803374,,11038.384857197,0.014892314560711384,,,,1371,,,,,,,,,,,,0.36019399762153625,,,8.253870010375977,4.2134246826171875,,,26.607263565063477,,0.8614034056663513,1384,,,,,,235.08792114257812,,,0.055654074996709824,,0.0010680054547265172,,4115,,
4.753653049468994,,11.885941505432129,,,,,,,,0.031315047293901443,,,,,7.673341274261475,,,58.66259765625,,,,1776374938.4973948,,11045.701444467,0.014831509441137314,,,,1372,,,,,,,,,,,,0.3580622375011444,,,8.300772666931152,4.212600231170654,,,26.60834503173828,,0.8907161355018616,1385,,,,,,233.74765014648438,,,0.05558495223522186,,0.0010562815004959702,,4118,,
4.792583465576172,,11.869654655456543,,,,,,,,0.031794801354408264,,,,,7.659597396850586,,,60.607810974121094,,,,1776374945.5872664,,11052.791533263,0.01475850585848093,,,,1373,,,,,,,,,,,,0.36784857511520386,,,8.359841346740723,4.210057258605957,,,26.609556198120117,,0.9079092144966125,1386,,,,,,238.754638671875,,,0.05619890242815018,,0.0010491464054211974,,4121,,
4.930937767028809,,11.87295913696289,,,,,,,,0.031915683299303055,,,,,7.652386665344238,,,60.53170394897461,,,,1776374952.583871,,11059.787988267,0.014744495041668415,,,,1374,,,,,,,,,,,,0.3662550449371338,,,8.456926345825195,4.220571517944336,,,26.610628128051758,,0.9034495949745178,1387,,,,,,239.9073944091797,,,0.05610038712620735,,0.001047119963914156,,4124,,
4.90933895111084,,11.855622291564941,,,,,,,,0.03166856989264488,,,,,7.6399641036987305,,,59.39316940307617,,,,1776374959.7567117,,11066.960825838,0.014696708880364895,,,,1375,,,,,,,,,,,,0.36368900537490845,,,8.402036666870117,4.2156572341918945,,,26.61154556274414,,0.9202690720558167,1388,,,,,,238.68551635742188,,,0.056117210537195206,,0.0010787665378302336,,4127,,
4.8930158615112305,,11.827418327331543,,,,,,,,0.03157305717468262,,,,,7.6245622634887695,,,59.62532424926758,,,,1776374967.1056473,,11074.309914266,0.014631403610110283,,,,1376,,,,,,,,,,,,0.3587963879108429,,,8.479839324951172,4.202856063842773,,,26.61258888244629,,0.9006927609443665,1389,,,,,,238.80416870117188,,,0.05598654970526695,,0.0010377125581726432,,4130,,
4.927048683166504,,11.827603340148926,,,,,,,,0.03167165815830231,,,,,7.612549781799316,,,60.268280029296875,,,,1776374974.2110538,,11081.415129595,0.014602305367588997,,,,1377,,,,,,,,,,,,0.36589163541793823,,,8.49287223815918,4.215054035186768,,,26.613723754882812,,0.9052361249923706,1390,,,,,,240.3569793701172,,,0.05629860609769821,,0.0010662837885320187,,4133,,
4.896589279174805,,11.806670188903809,,,,,,,,0.03156876564025879,,,,,7.587335586547852,,,61.30063247680664,,,,1776374981.305585,,11088.509746004,0.014508768916130066,,,,1378,,,,,,,,,,,,0.36518657207489014,,,8.562134742736816,4.219334125518799,,,26.61482048034668,,0.9186021089553833,1391,,,,,,240.9988250732422,,,0.05589688569307327,,0.001034170389175415,,4136,,
5.017765522003174,,11.789894104003906,,,,,,,,0.032066598534584045,,,,,7.580438613891602,,,61.66944122314453,,,,1776374988.4615629,,11095.665689276,0.014497119933366776,,,,1379,,,,,,,,,,,,0.363943874835968,,,8.647930145263672,4.209454536437988,,,26.615934371948242,,0.9117708206176758,1392,,,,,,245.06817626953125,,,0.056865476071834564,,0.0010588753502815962,,4139,,
4.881412029266357,,11.798952102661133,,,,,,,,0.03167004883289337,,,,,7.578089237213135,,,59.91154861450195,,,,1776374995.6472087,,11102.851473468,0.01447143591940403,,,,1380,,,,,,,,,,,,0.363834947347641,,,8.60903549194336,4.22086238861084,,,26.61697769165039,,0.8859386444091797,1393,,,,,,242.41429138183594,,,0.05615796521306038,,0.0010432970011606812,,4142,,
4.946660995483398,,11.795989990234375,,,,,,,,0.031930096447467804,,,,,7.5634074211120605,,,61.783992767333984,,,,1776375003.145866,,11110.350065139,0.014394024387001991,,,,1381,,,,,,,,,,,,0.3553450107574463,,,8.635797500610352,4.232582092285156,,,26.618125915527344,,0.8995106816291809,1394,,,,,,245.72412109375,,,0.0566127710044384,,0.001036242232657969,,4145,,
4.994208812713623,,11.75074577331543,,,,,,,,0.03182448446750641,,,,,7.537136077880859,,,62.33606719970703,,,,1776375010.4298027,,11117.633987567,0.014335117302834988,,,,1382,,,,,,,,,,,,0.3684559166431427,,,8.63339900970459,4.21360969543457,,,26.61921501159668,,0.8929049968719482,1395,,,,,,246.06021118164062,,,0.05658307299017906,,0.0010634440695866942,,4148,,
4.963680267333984,,11.754980087280273,,,,,,,,0.03188847005367279,,,,,7.544166564941406,,,62.402286529541016,,,,1776375017.5505223,,11124.75468177,0.014313497580587864,,,,1383,,,,,,,,,,,,0.3605281412601471,,,8.63136100769043,4.210813999176025,,,26.620309829711914,,0.8688612580299377,1396,,,,,,246.76806640625,,,0.05641075596213341,,0.0010234994115307927,,4151,,
5.130913257598877,,11.73483943939209,,,,,,,,0.0323394276201725,,,,,7.524084568023682,,,63.83511734008789,,,,1776375024.6767466,,11131.88078309,0.014266888611018658,,,,1384,,,,,,,,,,,,0.36625242233276367,,,8.834949493408203,4.210756301879883,,,26.621421813964844,,0.8956847190856934,1397,,,,,,251.18043518066406,,,0.056895311921834946,,0.001051826518960297,,4154,,
5.094467639923096,,11.729480743408203,,,,,,,,0.032089319080114365,,,,,7.510505199432373,,,63.55504608154297,,,,1776375031.816105,,11139.020305434,0.014210655353963375,,,,1385,,,,,,,,,,,,0.3730122745037079,,,8.66597843170166,4.218976020812988,,,26.62244987487793,,0.9423891305923462,1398,,,,,,250.5898895263672,,,0.05707598850131035,,0.0010244612349197268,,4157,,
5.116462230682373,,11.706130027770996,,,,,,,,0.031785767525434494,,,,,7.491617679595947,,,63.179054260253906,,,,1776375039.130827,,11146.334924869,0.014166654087603092,,,,1386,,,,,,,,,,,,0.3624744117259979,,,8.744728088378906,4.214511871337891,,,26.62343978881836,,0.8700036406517029,1399,,,,,,248.65231323242188,,,0.05645446106791496,,0.001018361421301961,,4160,,
5.061664581298828,,11.693693161010742,,,,,,,,0.031947795301675797,,,,,7.490222930908203,,,62.67780685424805,,,,1776375046.2468562,,11153.451142508,0.014145522378385067,,,,1387,,,,,,,,,,,,0.3604981601238251,,,8.632405281066895,4.203471660614014,,,26.624479293823242,,0.9162351489067078,1400,,,,,,250.07347106933594,,,0.056804358959198,,0.0009995469590649009,,4163,,
5.1349945068359375,,11.689680099487305,,,,,,,,0.03166474774479866,,,,,7.478911876678467,,,62.38458251953125,,,,1776375053.3606157,,11160.564676197,0.014076929539442062,,,,1388,,,,,,,,,,,,0.36002346873283386,,,8.800003051757812,4.210768222808838,,,26.625574111938477,,0.9171733856201172,1401,,,,,,249.20762634277344,,,0.05634070187807083,,0.00102473353035748,,4166,,
5.132575035095215,,11.670641899108887,,,,,,,,0.03202319145202637,,,,,7.447898864746094,,,64.5343017578125,,,,1776375060.4476538,,11167.652045766,0.014023208990693092,,,,1389,,,,,,,,,,,,0.3708565831184387,,,8.810746192932129,4.222743034362793,,,26.626771926879883,,0.9241554737091064,1402,,,,,,253.3629150390625,,,0.05690892040729523,,0.0010191206820309162,,4169,,
5.143977642059326,,11.656020164489746,,,,,,,,0.03207577019929886,,,,,7.446279525756836,,,63.663970947265625,,,,1776375067.6526303,,11174.85701079,0.01397637091577053,,,,1390,,,,,,,,,,,,0.3713523745536804,,,8.894211769104004,4.209741115570068,,,26.62796974182129,,0.9661639332771301,1403,,,,,,254.00128173828125,,,0.05723316967487335,,0.0010048086987808347,,4172,,
5.175285816192627,,11.655426979064941,,,,,,,,0.032254572957754135,,,,,7.4370269775390625,,,64.92942810058594,,,,1776375074.7330117,,11181.937501791,0.013957444578409195,,,,1391,,,,,,,,,,,,0.3600751757621765,,,8.97398853302002,4.218400478363037,,,26.629117965698242,,0.9595604538917542,1404,,,,,,255.94598388671875,,,0.057583026587963104,,0.0010381604079157114,,4175,,
5.2474493980407715,,11.648541450500488,,,,,,,,0.032693907618522644,,,,,7.426717758178711,,,66.62201690673828,,,,1776375081.8543239,,11189.058386637,0.013898178935050964,,,,1392,,,,,,,,,,,,0.35461264848709106,,,9.044509887695312,4.221823692321777,,,26.630210876464844,,0.9961177706718445,1405,,,,,,260.6256103515625,,,0.057658787816762924,,0.001001957105472684,,4178,,
5.206079959869385,,11.639204025268555,,,,,,,,0.03224250301718712,,,,,7.414414882659912,,,64.50530242919922,,,,1776375089.1726148,,11196.376656438,0.013859505765140057,,,,1393,,,,,,,,,,,,0.3661779463291168,,,8.884835243225098,4.224789619445801,,,26.631065368652344,,0.9360964894294739,1406,,,,,,257.44219970703125,,,0.05721411854028702,,0.0009760180255398154,,4181,,
5.151806831359863,,11.598374366760254,,,,,,,,0.03176591172814369,,,,,7.3920979499816895,,,63.60645294189453,,,,1776375096.1084392,,11203.312831574,0.0137786865234375,,,,1394,,,,,,,,,,,,0.3635275661945343,,,8.836307525634766,4.2062764167785645,,,26.631900787353516,,0.9570234417915344,1407,,,,,,255.19215393066406,,,0.05696515366435051,,0.0009910548105835915,,4184,,
5.118480682373047,,11.600931167602539,,,,,,,,0.03175821527838707,,,,,7.380979061126709,,,63.678646087646484,,,,1776375103.4236972,,11210.628010747,0.013761666603386402,,,,1395,,,,,,,,,,,,0.36152884364128113,,,8.957182884216309,4.219952583312988,,,26.633071899414062,,0.9178979396820068,1408,,,,,,255.69210815429688,,,0.05696532502770424,,0.001011196873150766,,4187,,
5.114109516143799,,11.599117279052734,,,,,,,,0.03198980912566185,,,,,7.374786853790283,,,64.7041244506836,,,,1776375110.453548,,11217.657645,0.013726886361837387,,,,1396,,,,,,,,,,,,0.3721616864204407,,,9.075817108154297,4.224330425262451,,,26.634323120117188,,0.8958860039710999,1409,,,,,,258.2964782714844,,,0.05722194164991379,,0.001011041458696127,,4190,,
5.266594409942627,,11.569782257080078,,,,,,,,0.032466962933540344,,,,,7.355589389801025,,,66.8784408569336,,,,1776375117.5352874,,11224.739487315,0.01363946869969368,,,,1397,,,,,,,,,,,,0.35693755745887756,,,9.14827823638916,4.214193344116211,,,26.635520935058594,,0.9394134283065796,1410,,,,,,263.6524963378906,,,0.05746917799115181,,0.001000974210910499,,4193,,
5.339649677276611,,11.566824913024902,,,,,,,,0.03248105198144913,,,,,7.352785587310791,,,67.61888122558594,,,,1776375124.6506734,,11231.854888883,0.013634204864501953,,,,1398,,,,,,,,,,,,0.3654323220252991,,,9.178380966186523,4.214038372039795,,,26.636676788330078,,0.9496132135391235,1411,,,,,,264.1298828125,,,0.05770588666200638,,0.0009949523955583572,,4196,,
,0.005618750583380461,,0.31741249561309814,1.1622023872795428e-13,1883.3123779296875,9.639554779394821e-14,5.928767681121826,0.11138693988323212,5.928767681121826,,0.03194093331694603,0.964706301689148,128.81336975097656,0.9938498735427856,,0.4238574504852295,0.2246187925338745,,139.68260192871094,925.384765625,0.15219376981258392,1776375209.93129,0.020427145063877106,11317.138296121,,45.72480773925781,1012.9266357421875,0.058281246572732925,1399,0.24620762467384338,0.01035625021904707,14.222748756408691,0.0012687499402090907,0.34509995579719543,918.0560302734375,0.46656250953674316,0.19680625200271606,2057.4326171875,0.09264999628067017,45.678260803222656,,0.1205257922410965,12.484672546386719,,,0.002050000010058284,1011.1718139648438,,367.6935729980469,,1412,0.003631249535828829,0.003650000086054206,0.8421187400817871,14.222748756408691,1883.3123779296875,,334.0614013671875,13.083200454711914,,0.2238999903202057,,0.8421187400817871,4199,0.016683926805853844,2057.4326171875
5.322343349456787,,11.537409782409668,,,,,,,,0.032395534217357635,,,,,7.333211421966553,,,65.57707214355469,,,,1776375211.2230773,,11318.427216199,0.01356907095760107,,,,1399,,,,,,,,,,,,0.3576772212982178,,,9.224427223205566,4.204200267791748,,,26.637666702270508,,0.9386979341506958,1413,,,,,,264.32977294921875,,,0.05808298662304878,,0.0009681445080786943,,4199,,
5.2958502769470215,,11.545247077941895,,,,,,,,0.03192552551627159,,,,,7.325926303863525,,,65.08930969238281,,,,1776375218.1514666,,11325.356126436,0.013539050705730915,,,,1400,,,,,,,,,,,,0.3632964491844177,,,9.116211891174316,4.219322204589844,,,26.638517379760742,,0.9554435014724731,1414,,,,,,261.22369384765625,,,0.05705137923359871,,0.0009803413413465023,,4202,,
5.284045219421387,,11.5458402633667,,,,,,,,0.0320981964468956,,,,,7.319074630737305,,,65.76688385009766,,,,1776375225.1989164,,11332.403050977,0.013493512757122517,,,,1401,,,,,,,,,,,,0.36386018991470337,,,9.150079727172852,4.226764678955078,,,26.639528274536133,,0.931867241859436,1415,,,,,,263.32305908203125,,,0.057172685861587524,,0.0009433530503883958,,4205,,
5.482892036437988,,11.53381061553955,,,,,,,,0.032336656004190445,,,,,7.315642833709717,,,66.60466766357422,,,,1776375232.4617927,,11339.66578491,0.013482535257935524,,,,1402,,,,,,,,,,,,0.3641732931137085,,,9.340594291687012,4.218166351318359,,,26.64055061340332,,0.9524908661842346,1416,,,,,,265.74310302734375,,,0.057778868824243546,,0.0009636813192628324,,4208,,
5.345433712005615,,11.497706413269043,,,,,,,,0.03249743580818176,,,,,7.286036968231201,,,67.5780258178711,,,,1776375239.7069225,,11346.911142495,0.013399737887084484,,,,1403,,,,,,,,,,,,0.36498120427131653,,,9.297931671142578,4.211669445037842,,,26.641565322875977,,0.9502766132354736,1417,,,,,,268.6011047363281,,,0.05767800658941269,,0.0009895333787426353,,4211,,
5.410039901733398,,11.510380744934082,,,,,,,,0.03240504115819931,,,,,7.2896013259887695,,,68.44265747070312,,,,1776375246.8782394,,11354.082553588,0.013394567184150219,,,,1404,,,,,,,,,,,,0.3598540127277374,,,9.224348068237305,4.2207794189453125,,,26.642620086669922,,0.9061280488967896,1418,,,,,,268.1355895996094,,,0.057178858667612076,,0.0009824145818129182,,4214,,
5.3857221603393555,,11.485733032226562,,,,,,,,0.03205571696162224,,,,,7.277634143829346,,,65.14839935302734,,,,1776375253.9662218,,11361.170429009,0.013333902694284916,,,,1405,,,,,,,,,,,,0.36014416813850403,,,9.268471717834473,4.208100318908691,,,26.643564224243164,,0.8596575856208801,1419,,,,,,266.2383728027344,,,0.05708017945289612,,0.0009460916044190526,,4217,,
5.453451633453369,,11.461134910583496,,,,,,,,0.03208674490451813,,,,,7.2533416748046875,,,66.13593292236328,,,,1776375261.1646175,,11368.368832809,0.01328759640455246,,,,1406,,,,,,,,,,,,0.3632875382900238,,,9.345061302185059,4.207793235778809,,,26.64466094970703,,0.9185709357261658,1420,,,,,,267.52337646484375,,,0.057658690959215164,,0.000982449040748179,,4220,,
5.4679975509643555,,11.45556354522705,,,,,,,,0.03278002515435219,,,,,7.250790119171143,,,68.78947448730469,,,,1776375268.2942593,,11375.498576732,0.013261585496366024,,,,1407,,,,,,,,,,,,0.3527010977268219,,,9.575403213500977,4.20477294921875,,,26.645845413208008,,0.9355100393295288,1421,,,,,,273.7226867675781,,,0.058423787355422974,,0.0009687095880508423,,4223,,
5.572048187255859,,11.429632186889648,,,,,,,,0.03265045955777168,,,,,7.2369232177734375,,,67.73965454101562,,,,1776375275.4443638,,11382.648781205,0.01322886161506176,,,,1408,,,,,,,,,,,,0.3575461208820343,,,9.513185501098633,4.192708969116211,,,26.646745681762695,,0.9178135395050049,1422,,,,,,272.8746643066406,,,0.05842763930559158,,0.0009419230627827346,,4226,,
5.53846549987793,,11.438146591186523,,,,,,,,0.03265739232301712,,,,,7.228621482849121,,,68.8349380493164,,,,1776375282.6569839,,11389.861219137,0.013161597773432732,,,,1409,,,,,,,,,,,,0.3673369586467743,,,9.54858112335205,4.209525108337402,,,26.647628784179688,,0.9528022408485413,1423,,,,,,274.5994873046875,,,0.05810781940817833,,0.0009404941229149699,,4229,,
5.640073299407959,,11.421250343322754,,,,,,,,0.03275556117296219,,,,,7.211504936218262,,,68.88231658935547,,,,1776375289.796277,,11397.000637151,0.013108007609844208,,,,1410,,,,,,,,,,,,0.3666315972805023,,,9.70141887664795,4.209744930267334,,,26.648448944091797,,0.9463506937026978,1424,,,,,,276.67926025390625,,,0.05870538204908371,,0.0009523614426143467,,4232,,
5.483211040496826,,11.422028541564941,,,,,,,,0.03232453390955925,,,,,7.203943729400635,,,68.52721405029297,,,,1776375297.0787559,,11404.28311073,0.013079721480607986,,,,1411,,,,,,,,,,,,0.3575797379016876,,,9.667074203491211,4.218085765838623,,,26.6492862701416,,0.9725277423858643,1425,,,,,,273.76104736328125,,,0.05797358229756355,,0.0009420192218385637,,4235,,
5.642282962799072,,11.392165184020996,,,,,,,,0.032881349325180054,,,,,7.180143356323242,,,70.6764907836914,,,,1776375304.32494,,11411.529346307,0.012997297570109367,,,,1412,,,,,,,,,,,,0.36434105038642883,,,9.63093090057373,4.212022304534912,,,26.65035057067871,,0.9508689641952515,1426,,,,,,280.0796203613281,,,0.0586773157119751,,0.0009182598441839218,,4238,,
5.5363311767578125,,11.384771347045898,,,,,,,,0.03269631043076515,,,,,7.159709453582764,,,70.8980941772461,,,,1776375311.4371402,,11418.64134947,0.01296195201575756,,,,1413,,,,,,,,,,,,0.3631206452846527,,,9.6292085647583,4.225061893463135,,,26.651365280151367,,0.9741849899291992,1427,,,,,,279.8182678222656,,,0.058685339987277985,,0.0009122089832089841,,4241,,
5.526488304138184,,11.358956336975098,,,,,,,,0.032360777258872986,,,,,7.153723239898682,,,68.53521728515625,,,,1776375318.4009569,,11425.605350569,0.012897009961307049,,,,1414,,,,,,,,,,,,0.3630800247192383,,,9.636504173278809,4.205233097076416,,,26.65242576599121,,0.8872879147529602,1428,,,,,,277.7267150878906,,,0.05786028504371643,,0.0009318588417954743,,4244,,
5.602901935577393,,11.349878311157227,,,,,,,,0.03263523802161217,,,,,7.157294273376465,,,70.33312225341797,,,,1776375325.8048587,,11433.009315461,0.012928588315844536,,,,1415,,,,,,,,,,,,0.3623879849910736,,,9.665974617004395,4.19258451461792,,,26.653545379638672,,0.955242395401001,1429,,,,,,279.9529113769531,,,0.0588279590010643,,0.0009417854016646743,,4247,,
5.671636581420898,,11.3463773727417,,,,,,,,0.03279847279191017,,,,,7.134371757507324,,,71.55323028564453,,,,1776375333.1525178,,11440.356960583,0.012854086235165596,,,,1416,,,,,,,,,,,,0.3638650178909302,,,9.75944995880127,4.212006568908691,,,26.654558181762695,,0.9429470896720886,1430,,,,,,282.9114685058594,,,0.05862470716238022,,0.0009228595881722867,,4250,,
5.820803165435791,,11.338295936584473,,,,,,,,0.03315218910574913,,,,,7.131872653961182,,,72.39530181884766,,,,1776375340.2667344,,11447.470575435,0.012847336009144783,,,,1417,,,,,,,,,,,,0.3577462136745453,,,9.898289680480957,4.206423759460449,,,26.655492782592773,,0.9823995232582092,1431,,,,,,285.7767028808594,,,0.059232547879219055,,0.0009342264966107905,,4253,,
5.60042142868042,,11.319504737854004,,,,,,,,0.03311964124441147,,,,,7.115250587463379,,,72.79774475097656,,,,1776375347.3545277,,11454.558612854,0.012802782468497753,,,,1418,,,,,,,,,,,,0.36063075065612793,,,9.790807723999023,4.204254150390625,,,26.656415939331055,,0.970100998878479,1432,,,,,,286.6351623535156,,,0.05893498659133911,,0.0009317276999354362,,4256,,
5.539304256439209,,11.314743041992188,,,,,,,,0.032491929829120636,,,,,7.106863498687744,,,70.49458312988281,,,,1776375354.5304596,,11461.735082228,0.01274572592228651,,,,1419,,,,,,,,,,,,0.36255380511283875,,,9.82353401184082,4.207878589630127,,,26.65728759765625,,0.9663808345794678,1433,,,,,,282.4813537597656,,,0.05859097093343735,,0.0009169128607027233,,4259,,
5.682081699371338,,11.308690071105957,,,,,,,,0.032499756664037704,,,,,7.098697185516357,,,70.87837982177734,,,,1776375361.7061374,,11468.91030583,0.012715023010969162,,,,1420,,,,,,,,,,,,0.36429035663604736,,,9.828336715698242,4.209992408752441,,,26.65833282470703,,0.9457842111587524,1434,,,,,,283.1650390625,,,0.058477554470300674,,0.0009348323801532388,,4262,,
5.75119161605835,,11.291014671325684,,,,,,,,0.03258213773369789,,,,,7.0902018547058105,,,71.51519775390625,,,,1776375369.0161157,,11476.220082362,0.012661279179155827,,,,1421,,,,,,,,,,,,0.34842389822006226,,,9.86694049835205,4.200812816619873,,,26.659425735473633,,0.9365972876548767,1435,,,,,,285.0618896484375,,,0.058348968625068665,,0.000907270994503051,,4265,,
5.718064308166504,,11.263375282287598,,,,,,,,0.03293902799487114,,,,,7.062548637390137,,,74.06745147705078,,,,1776375376.0532837,,11483.257379417,0.012610865756869316,,,,1422,,,,,,,,,,,,0.35796454548835754,,,10.007281303405762,4.2008280754089355,,,26.660518646240234,,0.9490689039230347,1436,,,,,,289.6073303222656,,,0.05874666944146156,,0.0009055934497155249,,4268,,
5.800182342529297,,11.27527904510498,,,,,,,,0.033219777047634125,,,,,7.074005603790283,,,73.66487121582031,,,,1776375383.1395025,,11490.343691995,0.012610656209290028,,,,1423,,,,,,,,,,,,0.36267948150634766,,,10.04308795928955,4.201272964477539,,,26.661643981933594,,0.9465116262435913,1437,,,,,,291.75421142578125,,,0.0595518983900547,,0.0008825765107758343,,4271,,
5.806839942932129,,11.25301456451416,,,,,,,,0.03297163173556328,,,,,7.044238090515137,,,73.87101745605469,,,,1776375390.1365924,,11497.340831664,0.012547310441732407,,,,1424,,,,,,,,,,,,0.3614930510520935,,,10.008503913879395,4.208775043487549,,,26.662656784057617,,0.9839535355567932,1438,,,,,,291.4651184082031,,,0.059361133724451065,,0.000917808327358216,,4274,,
5.775181293487549,,11.24770450592041,,,,,,,,0.03268489986658096,,,,,7.043432712554932,,,72.20552825927734,,,,1776375397.2789454,,11504.483364214,0.012531100772321224,,,,1425,,,,,,,,,,,,0.36010298132896423,,,10.018064498901367,4.20427131652832,,,26.663618087768555,,0.9202635884284973,1439,,,,,,288.8428955078125,,,0.058942750096321106,,0.0008886525174602866,,4277,,
5.868196487426758,,11.222397804260254,,,,,,,,0.03287680819630623,,,,,7.013951778411865,,,73.51142883300781,,,,1776375404.6600857,,11511.86425013,0.012441689148545265,,,,1426,,,,,,,,,,,,0.3543381690979004,,,10.210695266723633,4.208446502685547,,,26.66472625732422,,0.9908304810523987,1440,,,,,,292.4871826171875,,,0.059266794472932816,,0.0009097537258639932,,4280,,
5.847721576690674,,11.222207069396973,,,,,,,,0.03308891877532005,,,,,7.013874530792236,,,75.14012908935547,,,,1776375411.644996,,11518.849599748,0.012435013428330421,,,,1427,,,,,,,,,,,,0.3608713448047638,,,10.210110664367676,4.208332538604736,,,26.665729522705078,,0.9710391163825989,1441,,,,,,295.03155517578125,,,0.05913339555263519,,0.0009405140299350023,,4283,,
5.860165119171143,,11.188467025756836,,,,,,,,0.03320055827498436,,,,,6.98530912399292,,,74.95563507080078,,,,1776375418.7647388,,11525.969176557,0.012377134524285793,,,,1428,,,,,,,,,,,,0.3578866720199585,,,10.190110206604004,4.203157424926758,,,26.666643142700195,,0.970149040222168,1442,,,,,,297.147216796875,,,0.0596596896648407,,0.0009041160228662193,,4286,,
5.8652238845825195,,11.20280933380127,,,,,,,,0.03298075869679451,,,,,6.999819278717041,,,73.93135070800781,,,,1776375426.1003628,,11533.304332775,0.01235064398497343,,,,1429,,,,,,,,,,,,0.3677677512168884,,,10.220756530761719,4.20298957824707,,,26.667619705200195,,0.9415512084960938,1443,,,,,,295.2974853515625,,,0.059343572705984116,,0.0008788955165073276,,4289,,
5.85225772857666,,11.191097259521484,,,,,,,,0.03283214941620827,,,,,6.982073783874512,,,74.66656494140625,,,,1776375433.4231396,,11540.627150278,0.01230291835963726,,,,1430,,,,,,,,,,,,0.3552173376083374,,,10.2416410446167,4.209022045135498,,,26.668672561645508,,0.9757156372070312,1444,,,,,,295.8599853515625,,,0.05943060666322708,,0.0008870953461155295,,4292,,
5.960716724395752,,11.192741394042969,,,,,,,,0.03305092453956604,,,,,6.977970600128174,,,73.9262466430664,,,,1776375440.572081,,11547.77601134,0.012282826006412506,,,,1431,,,,,,,,,,,,0.36060193181037903,,,10.34288501739502,4.214771270751953,,,26.669872283935547,,1.0006064176559448,1445,,,,,,298.0846252441406,,,0.05964633449912071,,0.0008899268577806652,,4295,,
6.127022743225098,,11.171866416931152,,,,,,,,0.033486347645521164,,,,,6.9627604484558105,,,76.83131408691406,,,,1776375447.6091926,,11554.813418304,0.012241077609360218,,,,1432,,,,,,,,,,,,0.3595762252807617,,,10.508489608764648,4.209106922149658,,,26.67101287841797,,0.9650960564613342,1446,,,,,,303.26519775390625,,,0.06016147509217262,,0.0008809801074676216,,4298,,
5.998898983001709,,11.154386520385742,,,,,,,,0.033491265028715134,,,,,6.941150665283203,,,76.5750961303711,,,,1776375454.608378,,11561.812487757,0.01218089647591114,,,,1433,,,,,,,,,,,,0.3597123622894287,,,10.369431495666504,4.213235378265381,,,26.67200469970703,,0.9595060348510742,1447,,,,,,304.3231506347656,,,0.060150742530822754,,0.0008781466749496758,,4301,,
5.967954635620117,,11.140680313110352,,,,,,,,0.03281410038471222,,,,,6.935930252075195,,,75.44595336914062,,,,1776375461.7432704,,11568.947678438,0.012137886136770248,,,,1434,,,,,,,,,,,,0.35760143399238586,,,10.306909561157227,4.204751014709473,,,26.672893524169922,,0.9166706204414368,1448,,,,,,299.61334228515625,,,0.05921585112810135,,0.0008701104088686407,,4304,,
6.00607442855835,,11.13379192352295,,,,,,,,0.03281991556286812,,,,,6.915387153625488,,,75.18226623535156,,,,1776375469.1363945,,11576.340860647,0.012134885415434837,,,,1435,,,,,,,,,,,,0.35894453525543213,,,10.263197898864746,4.218403339385986,,,26.673904418945312,,0.9236565232276917,1449,,,,,,299.6267395019531,,,0.05938872694969177,,0.0008713761926628649,,4307,,
5.997837066650391,,11.114864349365234,,,,,,,,0.033182594925165176,,,,,6.909422397613525,,,75.7794189453125,,,,1776375476.3007424,,11583.505071517,0.012070211581885815,,,,1436,,,,,,,,,,,,0.3600306212902069,,,10.506280899047852,4.205442905426025,,,26.675100326538086,,0.9420598149299622,1450,,,,,,304.552490234375,,,0.05974539369344711,,0.0008587809279561043,,4310,,
6.145073413848877,,11.112076759338379,,,,,,,,0.0334731787443161,,,,,6.898850917816162,,,76.59066772460938,,,,1776375483.3514924,,11590.555925436,0.012026505544781685,,,,1437,,,,,,,,,,,,0.36015790700912476,,,10.6609525680542,4.213225364685059,,,26.67619514465332,,0.9451118111610413,1451,,,,,,308.6239929199219,,,0.0598723329603672,,0.0008576388354413211,,4313,,
6.067120552062988,,11.07905387878418,,,,,,,,0.033470433205366135,,,,,6.8830413818359375,,,77.22652435302734,,,,1776375490.428972,,11597.633041503,0.011971994303166866,,,,1438,,,,,,,,,,,,0.3598531484603882,,,10.590194702148438,4.1960129737854,,,26.67709732055664,,0.9916350245475769,1452,,,,,,309.5854797363281,,,0.06018146499991417,,0.0008538874099031091,,4316,,
6.009413242340088,,11.072928428649902,,,,,,,,0.03309549391269684,,,,,6.8736653327941895,,,77.34730529785156,,,,1776375497.3704863,,11604.574736707,0.011933347210288048,,,,1439,,,,,,,,,,,,0.3563356399536133,,,10.551090240478516,4.1992645263671875,,,26.677940368652344,,0.972668468952179,1453,,,,,,307.610107421875,,,0.059823110699653625,,0.0008544852607883513,,4319,,
6.16223669052124,,11.062236785888672,,,,,,,,0.033121198415756226,,,,,6.8616862297058105,,,78.20314025878906,,,,1776375504.63421,,11611.838395239,0.01188848726451397,,,,1440,,,,,,,,,,,,0.36263248324394226,,,10.546744346618652,4.200550079345703,,,26.678882598876953,,0.968218207359314,1454,,,,,,308.4429626464844,,,0.05977550521492958,,0.000829892756883055,,4322,,
6.220175743103027,,11.050390243530273,,,,,,,,0.03311210498213768,,,,,6.858377933502197,,,77.20867156982422,,,,1776375511.8031619,,11619.007498533,0.011857550591230392,,,,1441,,,,,,,,,,,,0.3592767119407654,,,10.568504333496094,4.192013263702393,,,26.679931640625,,0.9247221946716309,1455,,,,,,309.4244689941406,,,0.05965825542807579,,0.0008518534014001489,,4325,,
6.166251182556152,,11.05018138885498,,,,,,,,0.033467844128608704,,,,,6.844605922698975,,,78.38562774658203,,,,1776375518.931701,,11626.135683141,0.011837278492748737,,,,1442,,,,,,,,,,,,0.35558536648750305,,,10.74951171875,4.205574989318848,,,26.68101692199707,,0.9541902542114258,1456,,,,,,313.22113037109375,,,0.06016351655125618,,0.0008424792904406786,,4328,,
6.286928653717041,,11.032291412353516,,,,,,,,0.03370894119143486,,,,,6.835930824279785,,,80.13058471679688,,,,1776375526.0675304,,11633.271758575,0.01181193720549345,,,,1443,,,,,,,,,,,,0.36330658197402954,,,10.763387680053711,4.1963605880737305,,,26.682044982910156,,0.9707173705101013,1457,,,,,,316.3258972167969,,,0.060492001473903656,,0.000855002086609602,,4331,,
6.287149429321289,,11.019742965698242,,,,,,,,0.03346302732825279,,,,,6.819153308868408,,,79.7433853149414,,,,1776375533.0484395,,11640.252636287,0.011766031384468079,,,,1444,,,,,,,,,,,,0.36054691672325134,,,10.776827812194824,4.200590133666992,,,26.68299674987793,,0.9453598856925964,1458,,,,,,315.3070983886719,,,0.060346316546201706,,0.0008603600435890257,,4334,,
6.172754764556885,,11.006763458251953,,,,,,,,0.03285102918744087,,,,,6.810429096221924,,,77.45860290527344,,,,1776375540.1796484,,11647.383782466,0.011723540723323822,,,,1445,,,,,,,,,,,,0.3620007336139679,,,10.758933067321777,4.196335315704346,,,26.683971405029297,,1.0103442668914795,1459,,,,,,310.1886901855469,,,0.0598929226398468,,0.0008435262134298682,,4337,,
6.438855171203613,,11.002886772155762,,,,,,,,0.033397115767002106,,,,,6.8032355308532715,,,79.0402603149414,,,,1776375547.328885,,11654.533069016,0.011703584343194962,,,,1446,,,,,,,,,,,,0.35609546303749084,,,10.74638557434082,4.199650287628174,,,26.6851806640625,,1.0143697261810303,1460,,,,,,316.355224609375,,,0.060505785048007965,,0.0008370274445042014,,4340,,
6.514922142028809,,10.992477416992188,,,,,,,,0.03381073847413063,,,,,6.798993110656738,,,79.11316680908203,,,,1776375554.4300199,,11661.634368841,0.011659801006317139,,,,1447,,,,,,,,,,,,0.3625260293483734,,,10.959197998046875,4.193484783172607,,,26.686342239379883,,0.9582898020744324,1461,,,,,,321.0877380371094,,,0.06091058626770973,,0.0008339362102560699,,4343,,
6.329164505004883,,10.987466812133789,,,,,,,,0.03375661373138428,,,,,6.790432929992676,,,82.16126251220703,,,,1776375561.5209236,,11668.72503608,0.011614677496254444,,,,1448,,,,,,,,,,,,0.3605578541755676,,,10.997840881347656,4.197032928466797,,,26.687406539916992,,1.0156877040863037,1462,,,,,,321.73321533203125,,,0.06080427020788193,,0.0008276281296275556,,4346,,
6.325080394744873,,10.98206615447998,,,,,,,,0.03374917805194855,,,,,6.7776665687561035,,,80.82197570800781,,,,1776375569.8545504,,11677.058712295,0.011590377427637577,,,,1449,,,,,,,,,,,,0.3621171712875366,,,11.014421463012695,4.204399585723877,,,26.688556671142578,,1.0022739171981812,1463,,,,,,322.49468994140625,,,0.060821324586868286,,0.0008391325827687979,,4349,,
6.428178310394287,,10.964394569396973,,,,,,,,0.03340696170926094,,,,,6.762373924255371,,,79.3215560913086,,,,1776375576.6709166,,11683.874963864,0.011536676436662674,,,,1450,,,,,,,,,,,,0.3567042946815491,,,11.038232803344727,4.202021598815918,,,26.689559936523438,,0.9846035838127136,1464,,,,,,320.74884033203125,,,0.06049526855349541,,0.0008319586631841958,,4352,,
6.312744617462158,,10.958694458007812,,,,,,,,0.03367101028561592,,,,,6.765118598937988,,,80.92738342285156,,,,1776375583.707413,,11690.911520288,0.011522159911692142,,,,1451,,,,,,,,,,,,0.3579268753528595,,,11.050963401794434,4.193577289581299,,,26.69054412841797,,0.9480696320533752,1465,,,,,,323.6068420410156,,,0.060814715921878815,,0.0008495847578160465,,4355,,
6.385454177856445,,10.930782318115234,,,,,,,,0.03363692760467529,,,,,6.73319149017334,,,81.91007995605469,,,,1776375590.6741664,,11697.879189249,0.011476201936602592,,,,1452,,,,,,,,,,,,0.3641519248485565,,,11.083318710327148,4.197591781616211,,,26.69154930114746,,0.9783584475517273,1466,,,,,,325.01629638671875,,,0.060855377465486526,,0.000853393750730902,,4358,,
6.423924446105957,,10.920257568359375,,,,,,,,0.03316663205623627,,,,,6.722049713134766,,,80.46078491210938,,,,1776375597.8690815,,11705.0731999,0.011429345235228539,,,,1453,,,,,,,,,,,,0.3628767728805542,,,11.081340789794922,4.198208332061768,,,26.692590713500977,,1.0084902048110962,1467,,,,,,321.3932800292969,,,0.06015867367386818,,0.000831275072414428,,4361,,
6.367706298828125,,10.910921096801758,,,,,,,,0.033321913331747055,,,,,6.711798191070557,,,79.96845245361328,,,,1776375605.121769,,11712.326240444,0.01136764232069254,,,,1454,,,,,,,,,,,,0.359328031539917,,,11.034843444824219,4.199124336242676,,,26.693803787231445,,0.9803374409675598,1468,,,,,,324.414306640625,,,0.06059655547142029,,0.0008194008260034025,,4364,,
6.411128520965576,,10.916641235351562,,,,,,,,0.033807236701250076,,,,,6.713308334350586,,,83.45870971679688,,,,1776375612.1925087,,11719.396747655,0.011377714574337006,,,,1455,,,,,,,,,,,,0.35959839820861816,,,11.277237892150879,4.203332424163818,,,26.695011138916016,,0.9582932591438293,1469,,,,,,328.9861755371094,,,0.06122460588812828,,0.0008044855785556138,,4367,,
6.57309103012085,,10.892471313476562,,,,,,,,0.03409230709075928,,,,,6.692600727081299,,,83.5154037475586,,,,1776375619.2385662,,11726.442714823,0.011320224031805992,,,,1456,,,,,,,,,,,,0.363381028175354,,,11.338533401489258,4.199871063232422,,,26.696069717407227,,0.985623300075531,1470,,,,,,333.04779052734375,,,0.06153027340769768,,0.0007924773381091654,,4370,,
6.595993995666504,,10.884272575378418,,,,,,,,0.03377754986286163,,,,,6.692198753356934,,,82.40381622314453,,,,1776375626.2366312,,11733.440960271,0.011299395933747292,,,,1457,,,,,,,,,,,,0.36356106400489807,,,11.341772079467773,4.192074298858643,,,26.696916580200195,,1.0064477920532227,1471,,,,,,331.2720031738281,,,0.06159236282110214,,0.0008010067977011204,,4373,,
6.601380825042725,,10.869709014892578,,,,,,,,0.03343969210982323,,,,,6.672630786895752,,,81.42536163330078,,,,1776375633.3440778,,11740.548308216,0.011244633235037327,,,,1458,,,,,,,,,,,,0.360905259847641,,,11.365002632141113,4.197076320648193,,,26.69771957397461,,0.9725250005722046,1472,,,,,,329.4234924316406,,,0.06084505841135979,,0.0007865595980547369,,4376,,
6.512208461761475,,10.867402076721191,,,,,,,,0.03372896462678909,,,,,6.675998687744141,,,82.16511535644531,,,,1776375640.6718936,,11747.875838527,0.011243348009884357,,,,1459,,,,,,,,,,,,0.3652757704257965,,,11.459306716918945,4.191404342651367,,,26.69873809814453,,0.9833508133888245,1473,,,,,,332.3979797363281,,,0.061274535953998566,,0.0008336646133102477,,4379,,
6.559821128845215,,10.862661361694336,,,,,,,,0.03395562991499901,,,,,6.6596832275390625,,,85.08674621582031,,,,1776375648.0123062,,11755.21667692,0.01121435035020113,,,,1460,,,,,,,,,,,,0.35903263092041016,,,11.470739364624023,4.202978134155273,,,26.69974136352539,,1.0081210136413574,1474,,,,,,335.2318115234375,,,0.061561159789562225,,0.0008202028111554682,,4382,,
6.692318439483643,,10.858174324035645,,,,,,,,0.03420211374759674,,,,,6.648874759674072,,,85.75570678710938,,,,1776375655.2258556,,11762.430870995,0.011160415597259998,,,,1461,,,,,,,,,,,,0.36235031485557556,,,11.535451889038086,4.209299564361572,,,26.70062255859375,,1.0313820838928223,1475,,,,,,339.4365234375,,,0.06180092319846153,,0.000804364972282201,,4385,,
6.57590389251709,,10.823638916015625,,,,,,,,0.03388865292072296,,,,,6.630532264709473,,,85.56244659423828,,,,1776375662.3672004,,11769.571273,0.0111080976203084,,,,1462,,,,,,,,,,,,0.3657810688018799,,,11.483545303344727,4.193107604980469,,,26.7014217376709,,0.9833208322525024,1476,,,,,,337.9611511230469,,,0.06126008182764053,,0.0007944463286548853,,4388,,
6.599425315856934,,10.832427024841309,,,,,,,,0.033672500401735306,,,,,6.624525547027588,,,83.06988525390625,,,,1776375669.5570865,,11776.761389186,0.011105923913419247,,,,1463,,,,,,,,,,,,0.36887675523757935,,,11.452231407165527,4.2079010009765625,,,26.702266693115234,,0.994311511516571,1477,,,,,,335.9718322753906,,,0.061445578932762146,,0.0007850637775845826,,4391,,
6.5700764656066895,,10.806159019470215,,,,,,,,0.033458951860666275,,,,,6.605097770690918,,,83.0435791015625,,,,1776375676.6061094,,11783.810018602,0.011047393083572388,,,,1464,,,,,,,,,,,,0.35746946930885315,,,11.568700790405273,4.201062202453613,,,26.703277587890625,,0.9245505928993225,1478,,,,,,335.540283203125,,,0.06101301684975624,,0.0007710617501288652,,4394,,
6.879212856292725,,10.802599906921387,,,,,,,,0.03379499912261963,,,,,6.603581428527832,,,83.9084243774414,,,,1776375683.656713,,11790.861139663,0.01100645586848259,,,,1465,,,,,,,,,,,,0.36391115188598633,,,11.737896919250488,4.199018955230713,,,26.704530715942383,,0.9584805369377136,1479,,,,,,339.9804382324219,,,0.06127854809165001,,0.0007803638000041246,,4397,,
6.8061747550964355,,10.804516792297363,,,,,,,,0.03424379602074623,,,,,6.597891330718994,,,87.56660461425781,,,,1776375690.6425908,,11797.84656046,0.010979373008012772,,,,1466,,,,,,,,,,,,0.36566027998924255,,,11.821670532226562,4.206624984741211,,,26.705652236938477,,0.9828603267669678,1480,,,,,,345.4157409667969,,,0.06200360506772995,,0.0007660614210180938,,4400,,
6.81156063079834,,10.769986152648926,,,,,,,,0.03422396630048752,,,,,6.582854270935059,,,87.46121215820312,,,,1776375697.7955549,,11804.999547628,0.010941972956061363,,,,1467,,,,,,,,,,,,0.3536141812801361,,,11.593830108642578,4.187132358551025,,,26.706560134887695,,0.9871214628219604,1481,,,,,,346.08135986328125,,,0.06229542940855026,,0.0007679748814553022,,4403,,
6.767710208892822,,10.769670486450195,,,,,,,,0.03419105336070061,,,,,6.577875137329102,,,85.20061492919922,,,,1776375705.3231459,,11812.527227385,0.0109421880915761,,,,1468,,,,,,,,,,,,0.3574071228504181,,,11.744171142578125,4.191795825958252,,,26.707551956176758,,0.9925554394721985,1482,,,,,,346.5121765136719,,,0.06206632778048515,,0.0007817199220880866,,4406,,
6.914647579193115,,10.765105247497559,,,,,,,,0.03405940160155296,,,,,6.566634178161621,,,86.46331024169922,,,,1776375712.366429,,11819.570666739,0.010904204100370407,,,,1469,,,,,,,,,,,,0.3652471601963043,,,11.816825866699219,4.198470592498779,,,26.708593368530273,,0.9828951954841614,1483,,,,,,346.2483825683594,,,0.06183759123086929,,0.0007662815041840076,,4409,,
6.902885913848877,,10.746623039245605,,,,,,,,0.03401459753513336,,,,,6.550665855407715,,,85.67005157470703,,,,1776375719.3894517,,11826.593802221,0.010843578726053238,,,,1470,,,,,,,,,,,,0.36059248447418213,,,11.891932487487793,4.195956707000732,,,26.709623336791992,,0.9940532445907593,1484,,,,,,347.1673583984375,,,0.061846472322940826,,0.0007794077973812819,,4412,,
6.801405429840088,,10.733890533447266,,,,,,,,0.03379366919398308,,,,,6.533553123474121,,,86.87312316894531,,,,1776375726.4685476,,11833.673069726,0.010824713855981827,,,,1471,,,,,,,,,,,,0.3579678535461426,,,11.804940223693848,4.200336933135986,,,26.710712432861328,,1.0144351720809937,1485,,,,,,345.8954162597656,,,0.06161916255950928,,0.0007982212118804455,,4415,,
6.825064659118652,,10.745657920837402,,,,,,,,0.03380631282925606,,,,,6.538283824920654,,,84.58901977539062,,,,1776375733.6007152,,11840.804650043,0.010785909369587898,,,,1472,,,,,,,,,,,,0.36170390248298645,,,11.876543045043945,4.207375526428223,,,26.711833953857422,,1.0713567733764648,1486,,,,,,347.0846252441406,,,0.061770256608724594,,0.0007360173622146249,,4418,,
6.81430196762085,,10.734102249145508,,,,,,,,0.034101467579603195,,,,,6.526101589202881,,,86.39105987548828,,,,1776375740.8159306,,11848.020144884,0.01075685117393732,,,,1473,,,,,,,,,,,,0.3600439727306366,,,12.047783851623535,4.208000659942627,,,26.712928771972656,,0.9985053539276123,1487,,,,,,350.8763732910156,,,0.06239558011293411,,0.0007763805333524942,,4421,,
7.106153964996338,,10.716938018798828,,,,,,,,0.03418333828449249,,,,,6.516098499298096,,,88.75487518310547,,,,1776375747.9126337,,11855.116923312,0.010726776905357838,,,,1474,,,,,,,,,,,,0.3572905659675598,,,12.056838035583496,4.200838088989258,,,26.714113235473633,,0.9737933278083801,1488,,,,,,353.1685791015625,,,0.0620439387857914,,0.000772592902649194,,4424,,
6.9156951904296875,,10.687835693359375,,,,,,,,0.03433698043227196,,,,,6.50301456451416,,,87.9941177368164,,,,1776375755.0253966,,11862.229475855,0.010695153847336769,,,,1475,,,,,,,,,,,,0.36536654829978943,,,12.02037525177002,4.184821128845215,,,26.715221405029297,,0.9880911111831665,1489,,,,,,355.1840515136719,,,0.06263545155525208,,0.0007538805948570371,,4427,,
6.8234405517578125,,10.686579704284668,,,,,,,,0.03403940796852112,,,,,6.491340637207031,,,88.70594024658203,,,,1776375762.2913475,,11869.495338649,0.010645282454788685,,,,1476,,,,,,,,,,,,0.36346420645713806,,,11.989923477172852,4.195239067077637,,,26.716169357299805,,0.9981632232666016,1490,,,,,,354.4473571777344,,,0.06193823367357254,,0.000752069114241749,,4430,,
7.220149040222168,,10.687996864318848,,,,,,,,0.03405791148543358,,,,,6.484663963317871,,,88.0787124633789,,,,1776375769.5328894,,11876.737068862,0.01062779501080513,,,,1477,,,,,,,,,,,,0.36431029438972473,,,12.190154075622559,4.20333194732666,,,26.717016220092773,,0.9846963286399841,1491,,,,,,355.281982421875,,,0.06235888972878456,,0.000779809313826263,,4433,,
7.029487133026123,,10.665668487548828,,,,,,,,0.03407559543848038,,,,,6.469062805175781,,,88.90898895263672,,,,1776375776.627348,,11883.831339593,0.010588490404188633,,,,1478,,,,,,,,,,,,0.37163659930229187,,,12.173956871032715,4.196606636047363,,,26.71800994873047,,0.9831477999687195,1492,,,,,,357.0860290527344,,,0.06220684200525284,,0.0007946040714159608,,4436,,
7.1776652336120605,,10.675806045532227,,,,,,,,0.034420277923345566,,,,,6.4743571281433105,,,88.4734115600586,,,,1776375783.819451,,11891.023401006,0.010573456063866615,,,,1479,,,,,,,,,,,,0.3615524172782898,,,12.285331726074219,4.201448440551758,,,26.71906089782715,,1.0228509902954102,1493,,,,,,360.7227478027344,,,0.06268151104450226,,0.0007507732952944934,,4439,,
7.044003009796143,,10.660082817077637,,,,,,,,0.034102700650691986,,,,,6.4615373611450195,,,88.7831802368164,,,,1776375790.9204988,,11898.124721491,0.010534007102251053,,,,1480,,,,,,,,,,,,0.35635054111480713,,,12.255532264709473,4.198546409606934,,,26.71999740600586,,1.0049524307250977,1494,,,,,,358.3021545410156,,,0.062353286892175674,,0.000765852106269449,,4442,,
7.069798946380615,,10.631338119506836,,,,,,,,0.034379228949546814,,,,,6.429305553436279,,,90.53067779541016,,,,1776375797.9267886,,11905.131284069,0.010491863824427128,,,,1481,,,,,,,,,,,,0.3587263822555542,,,12.198826789855957,4.202032566070557,,,26.72105598449707,,1.0604593753814697,1495,,,,,,363.60260009765625,,,0.06276755034923553,,0.0007580395904369652,,4445,,
7.044689178466797,,10.619392395019531,,,,,,,,0.03391899913549423,,,,,6.428660869598389,,,89.9604721069336,,,,1776375805.2703016,,11912.474749505,0.010474281385540962,,,,1482,,,,,,,,,,,,0.36187469959259033,,,12.183964729309082,4.190731525421143,,,26.72191619873047,,1.0167455673217773,1496,,,,,,359.4209289550781,,,0.06237351894378662,,0.0007753524696454406,,4448,,
7.1651129722595215,,10.622201919555664,,,,,,,,0.03397834673523903,,,,,6.420295715332031,,,89.33599090576172,,,,1776375812.3809311,,11919.584978794,0.010426834225654602,,,,1483,,,,,,,,,,,,0.3569323420524597,,,12.327685356140137,4.201906204223633,,,26.722942352294922,,1.0235228538513184,1497,,,,,,361.2367858886719,,,0.0624237135052681,,0.0007487505208700895,,4451,,
7.187363147735596,,10.603167533874512,,,,,,,,0.03449217975139618,,,,,6.409956932067871,,,91.34464263916016,,,,1776375819.4522254,,11926.656348438,0.010364665649831295,,,,1484,,,,,,,,,,,,0.36828652024269104,,,12.48592472076416,4.193210601806641,,,26.724164962768555,,1.0091875791549683,1498,,,,,,368.97357177734375,,,0.06297167390584946,,0.0007642885320819914,,4454,,
7.263950824737549,,10.596981048583984,,,,,,,,0.034837756305933,,,,,6.394461154937744,,,95.32120513916016,,,,1776375826.5563784,,11933.760555489,0.010356882587075233,,,,1485,,,,,,,,,,,,0.36392948031425476,,,12.623263359069824,4.202519416809082,,,26.725366592407227,,0.9739841818809509,1499,,,,,,372.46728515625,,,0.06300077587366104,,0.0007413249695673585,,4457,,
7.2161102294921875,,10.587332725524902,,,,,,,,0.03471732139587402,,,,,6.39171028137207,,,93.85970306396484,,,,1776375833.8124928,,11941.016644112,0.010317915119230747,,,,1486,,,,,,,,,,,,0.34611254930496216,,,12.560030937194824,4.195621967315674,,,26.726301193237305,,1.0492362976074219,1500,,,,,,372.7291259765625,,,0.06307152658700943,,0.0007353633409366012,,4460,,
7.1470046043396,,10.569753646850586,,,,,,,,0.03420044109225273,,,,,6.392308712005615,,,92.47463989257812,,,,1776375841.1323044,,11948.336234304,0.010316837579011917,,,,1487,,,,,,,,,,,,0.35862359404563904,,,12.449359893798828,4.1774444580078125,,,26.727134704589844,,1.0328103303909302,1501,,,,,,367.2911071777344,,,0.06266476958990097,,0.0007415023865178227,,4463,,
7.091187953948975,,10.574954986572266,,,,,,,,0.0342242568731308,,,,,6.380426406860352,,,89.9280776977539,,,,1776375848.2655728,,11955.469809047,0.010266944766044617,,,,1488,,,,,,,,,,,,0.3653217852115631,,,12.47863483428955,4.194528579711914,,,26.728242874145508,,0.998241662979126,1502,,,,,,368.8498229980469,,,0.06284964829683304,,0.0007145989220589399,,4466,,
7.569729804992676,,10.561497688293457,,,,,,,,0.034678924828767776,,,,,6.358636856079102,,,92.66621398925781,,,,1776375855.5058646,,11962.710312363,0.010240193456411362,,,,1489,,,,,,,,,,,,0.35865315794944763,,,12.796332359313965,4.202858924865723,,,26.729475021362305,,1.02200448513031,1503,,,,,,375.1780700683594,,,0.06332776695489883,,0.0007369553204625845,,4469,,
7.422438144683838,,10.55667781829834,,,,,,,,0.0347040556371212,,,,,6.362892150878906,,,94.21556091308594,,,,1776375862.5429215,,11969.747000886,0.0102241775020957,,,,1490,,,,,,,,,,,,0.3588223159313202,,,12.741842269897461,4.193785190582275,,,26.730558395385742,,1.044619083404541,1504,,,,,,375.9792785644531,,,0.06353023648262024,,0.000731155276298523,,4472,,
7.429510116577148,,10.533493041992188,,,,,,,,0.03458193317055702,,,,,6.340174674987793,,,94.31248474121094,,,,1776375870.0353425,,11977.239426521,0.010157630778849125,,,,1491,,,,,,,,,,,,0.3624778091907501,,,12.69017505645752,4.193319320678711,,,26.731550216674805,,0.9980962872505188,1505,,,,,,376.51593017578125,,,0.06310989707708359,,0.0007053737645037472,,4475,,
7.266176700592041,,10.5291748046875,,,,,,,,0.03427356109023094,,,,,6.328298091888428,,,92.75545501708984,,,,1776375877.2018538,,11984.405806702,0.010146004147827625,,,,1492,,,,,,,,,,,,0.35658225417137146,,,12.628190994262695,4.200877666473389,,,26.732423782348633,,0.9862869381904602,1506,,,,,,374.5829162597656,,,0.06280027329921722,,0.0007230315823107958,,4478,,
7.320918083190918,,10.515352249145508,,,,,,,,0.03428041934967041,,,,,6.319516658782959,,,94.38931274414062,,,,1776375884.3343284,,11991.538253643,0.010111531242728233,,,,1493,,,,,,,,,,,,0.36650073528289795,,,12.69198226928711,4.195836544036865,,,26.73338508605957,,1.0136429071426392,1507,,,,,,375.7516784667969,,,0.06319312751293182,,0.0007252802606672049,,4481,,
7.4902424812316895,,10.490110397338867,,,,,,,,0.03473504260182381,,,,,6.307286262512207,,,95.86650085449219,,,,1776375891.4253018,,11998.629528425,0.0100692855194211,,,,1494,,,,,,,,,,,,0.36855578422546387,,,12.927380561828613,4.182823657989502,,,26.734481811523438,,1.0199804306030273,1508,,,,,,382.4220886230469,,,0.06340344995260239,,0.000736445072107017,,4484,,
7.406590938568115,,10.50123119354248,,,,,,,,0.03509990870952606,,,,,6.310666084289551,,,96.14866638183594,,,,1776375898.5744858,,12005.778617426,0.010069579817354679,,,,1495,,,,,,,,,,,,0.36061161756515503,,,12.851578712463379,4.1905646324157715,,,26.73554801940918,,1.0807743072509766,1509,,,,,,385.94171142578125,,,0.06386993080377579,,0.0007054212037473917,,4487,,
7.4506144523620605,,10.477621078491211,,,,,,,,0.034818410873413086,,,,,6.290541172027588,,,98.11236572265625,,,,1776375905.7782214,,12012.982355668,0.010015863925218582,,,,1496,,,,,,,,,,,,0.3665759563446045,,,13.021120071411133,4.187079906463623,,,26.73655891418457,,1.0241544246673584,1510,,,,,,385.20159912109375,,,0.06347712129354477,,0.0007178409723564982,,4490,,
7.4661760330200195,,10.484970092773438,,,,,,,,0.03454045578837395,,,,,6.290066242218018,,,96.09619140625,,,,1776375912.8743296,,12020.078569325,0.009991397149860859,,,,1497,,,,,,,,,,,,0.3513352870941162,,,12.868490219116211,4.19490385055542,,,26.737600326538086,,0.9925830364227295,1511,,,,,,383.29638671875,,,0.0634046271443367,,0.0007033595466054976,,4493,,
7.35280179977417,,10.462804794311523,,,,,,,,0.034347668290138245,,,,,6.264510154724121,,,96.83171081542969,,,,1776375919.9000452,,12027.10416915,0.009948033839464188,,,,1498,,,,,,,,,,,,0.360130250453949,,,12.883381843566895,4.198294162750244,,,26.738698959350586,,1.0552302598953247,1512,,,,,,383.1409912109375,,,0.06312865018844604,,0.0007327310158871114,,4496,,
