train/stiffness_max,trainer/global_step,train/AreaOnlyLogMagnitudeLoss,_step,train/stiffness_area_ratio_mean,train/stiffness_std,train/area_std,_runtime,train/area_mean,train/stiffness_mean,train/cosine_similarity,train/loss,epoch,train/mcv_magnitude_std,train/stiffness_area_ratio_std,train/encoder_weight_norm,train/mcv_magnitude_mean,_timestamp,train/DirectionCosineLoss,val_fmap/animals/fmap_hks_wks/diag_ratio,val/eigenvector_8_similarity/dataloader_idx_0,val/eigenvalue_correlation/dataloader_idx_0,val_fmap/animals/fmap_hks_wks/biject_error,val/spectral_distance/dataloader_idx_0,val_fmap/animals/eval_B/lambda_10,val_fmap/animals/eval_A/lambda_10,val/eigenvector_5_similarity/dataloader_idx_0,val_fmap/animals/spectral_nn/ortho_error,val_fmap/animals/fmap_hks_wks/geo_at_25pct,val/eigenvector_17_similarity/dataloader_idx_0,val/eigenvector_18_similarity/dataloader_idx_0,val/eigenvector_2_similarity/dataloader_idx_0,val/eigenvector_6_similarity/dataloader_idx_0,val/geodesic_correlation_std/dataloader_idx_0,val_fmap/animals/eval_B/lambda_50,val/eigenvector_similarity_mean/dataloader_idx_0,val_fmap/animals/spectral_nn/mean_error,val/eigenvector_15_similarity/dataloader_idx_0,val_fmap/animals/fmap_hks_wks/mean_error,val_fmap/animals/fmap_hks_wks/geo_mean_error,val_fmap/animals/fmap_hks_wks/accuracy,val_fmap/animals/spectral_nn/geo_at_25pct,val/eigenvector_19_similarity/dataloader_idx_0,val_fmap/animals/fmap_hks_wks/geo_at_05pct,val_fmap/animals/eval_A/lambda_50,val_fmap/animals/eval_B/lambda_max,val/geodesic_num_sources/dataloader_idx_0,val/eigenvector_14_similarity/dataloader_idx_0,val/geodesic_max_error_mean/dataloader_idx_0,val_fmap/animals/fmap_hks_wks/top5_acc,val/eigenvector_4_similarity/dataloader_idx_0,val_fmap/animals/fmap_hks_wks/ortho_error,val_fmap/animals/fmap_hks_wks/median_error,val_fmap/animals/eval_A/lambda_mean,val/geodesic_monotonicity_mean/dataloader_idx_0,val_fmap/animals/spectral_nn/biject_error,val/eigenvector_similarity_mean_skip0/dataloader_idx_0,val_fmap/animals/spectral_nn/accuracy,val/lambda1_ratio/dataloader_idx_0,val_fmap/animals/eval_A/lambda_01,val/eigenvector_0_similarity/dataloader_idx_0,val/eigenvector_12_similarity/dataloader_idx_0,val_fmap/animals/spectral_nn/geo_at_10pct,val_fmap/animals/spectral_nn/top5_acc,val_fmap/animals/fmap_hks_wks/geomfum_accuracy,val_fmap/animals/spectral_nn/geo_at_01pct,val/eigenvector_10_similarity/dataloader_idx_0,val/eigenvector_7_similarity/dataloader_idx_0,val/eigenvector_3_similarity/dataloader_idx_0,val_fmap/animals/eval_B/lambda_01,val_fmap/geo@5%,val_fmap/animals/eval_A/lambda_20,val_fmap/animals/spectral_nn/top10_acc,val_fmap/animals/eval_A/lambda_100,val/eigenvector_9_similarity/dataloader_idx_0,val_fmap/animals/spectral_nn/top3_acc,val_fmap/animals/eval_A/lambda_max,val_fmap/animals/spectral_nn/diag_ratio,val_fmap/animals/eval_B/lambda_mean,val/geodesic_correlation_mean/dataloader_idx_0,val_fmap/animals/fmap_hks_wks/top3_acc,val/eigenvector_13_similarity/dataloader_idx_0,val_fmap/animals/eval_B/lambda_100,val/spectral_gap_ratio/dataloader_idx_0,val_fmap/animals/spectral_nn/geo_at_05pct,val_fmap/animals/spectral_nn/geo_mean_error,val_fmap/animals/fmap_hks_wks/geo_at_01pct,val/eigenvector_1_similarity/dataloader_idx_0,val/eigenvector_16_similarity/dataloader_idx_0,val_fmap/animals/eval_A/lambda_05,val_fmap/animals/spectral_nn/median_error,val/geodesic_mae_mean/dataloader_idx_0,val_fmap/animals/fmap_hks_wks/corr_error,val/eigenvalue_rel_mse/dataloader_idx_0,val/eigenvector_11_similarity/dataloader_idx_0,val_fmap/animals/fmap_hks_wks/geo_at_10pct,val_fmap/animals/spectral_nn/corr_error,val_fmap/animals/eval_B/lambda_05,val_fmap/animals/eval_B/lambda_20,val_fmap/animals/fmap_hks_wks/top10_acc
3.3744900226593018,149,1.9671189785003662,0,16.134807586669922,0.383404940366745,0.08540486544370651,155.331358301,0.8308733701705933,0.582513153553009,0.4345129728317261,4.499725818634033,0,0.8714808821678162,2.6459412574768066,48.02814483642578,1.6603248119354248,1776928353.6833386,0.5654870271682739,,,,,,,,,,,,,,,,,,,,,,,,,,,,,,,,,,,,,,,,,,,,,,,,,,,,,,,,,,,,,,,,,,,,,,,,,,,,,,,,,
4.284738063812256,299,1.4308339357376099,1,21.88878059387207,0.433240681886673,0.2962542176246643,171.48963799,0.65508633852005,0.5891215801239014,0.5004133582115173,3.361254930496216,1,1.3512864112854004,9.256173133850098,48.07929611206055,1.8567034006118774,1776928369.8406804,0.4995865821838379,,,,,,,,,,,,,,,,,,,,,,,,,,,,,,,,,,,,,,,,,,,,,,,,,,,,,,,,,,,,,,,,,,,,,,,,,,,,,,,,,
5.856746196746826,449,1.217616319656372,2,26.068744659423828,0.5972265601158142,0.5300558805465698,188.174672094,0.9160029292106628,0.7926228642463684,0.5134522914886475,2.921780586242676,2,1.7054334878921509,18.933744430541992,48.12592315673828,2.0289411544799805,1776928386.5268905,0.48654767870903015,,,,,,,,,,,,,,,,,,,,,,,,,,,,,,,,,,,,,,,,,,,,,,,,,,,,,,,,,,,,,,,,,,,,,,,,,,,,,,,,,
7.147086143493652,599,1.1790775060653687,3,28.60724449157715,0.744131863117218,0.5923104882240295,204.520270173,1.0606385469436646,0.9800138473510742,0.5234522819519043,2.834702730178833,3,1.8369925022125244,23.124420166015625,48.1640625,2.110119581222534,1776928402.8720047,0.4765477180480957,,,,,,,,,,,,,,,,,,,,,,,,,,,,,,,,,,,,,,,,,,,,,,,,,,,,,,,,,,,,,,,,,,,,,,,,,,,,,,,,,
8.24486255645752,749,1.202587604522705,4,30.0444278717041,0.8970566987991333,0.6070526242256165,220.88283189,1.2016595602035522,1.2018498182296753,0.5238844752311707,2.8812906742095947,4,1.9784122705459595,24.803647994995117,48.19908905029297,2.214500665664673,1776928419.2344444,0.47611546516418457,,,,,,,,,,,,,,,,,,,,,,,,,,,,,,,,,,,,,,,,,,,,,,,,,,,,,,,,,,,,,,,,,,,,,,,,,,,,,,,,,
9.007262229919434,899,1.1997367143630981,5,31.900609970092773,0.9949051737785339,0.6227066516876221,236.900751037,1.259379267692566,1.3354862928390503,0.5341390371322632,2.8653347492218018,5,2.0689287185668945,27.49567985534668,48.22800064086914,2.2693746089935303,1776928435.2531142,0.4658609926700592,,,,,,,,,,,,,,,,,,,,,,,,,,,,,,,,,,,,,,,,,,,,,,,,,,,,,,,,,,,,,,,,,,,,,,,,,,,,,,,,,
9.571887016296387,1049,1.2203128337860107,6,32.85502243041992,1.066721796989441,0.6290305256843567,253.250211589,1.2911180257797241,1.4157646894454956,0.5367453098297119,2.9038805961608887,6,2.151839256286621,28.48575782775879,48.252296447753906,2.333346128463745,1776928451.6025052,0.4632547199726105,,,,,,,,,,,,,,,,,,,,,,,,,,,,,,,,,,,,,,,,,,,,,,,,,,,,,,,,,,,,,,,,,,,,,,,,,,,,,,,,,
10.064003944396973,1199,1.2356411218643188,7,33.14551544189453,1.1286015510559082,0.6267712116241455,269.056530965,1.3291529417037964,1.5026938915252686,0.5401114821434021,2.9311704635620117,7,2.132572650909424,28.14133071899414,48.27631759643555,2.3557865619659424,1776928467.4091363,0.4598885476589203,,,,,,,,,,,,,,,,,,,,,,,,,,,,,,,,,,,,,,,,,,,,,,,,,,,,,,,,,,,,,,,,,,,,,,,,,,,,,,,,,
10.402749061584473,1349,1.2471247911453247,8,33.67835998535156,1.1783870458602905,0.6250593066215515,285.060004052,1.3573181629180908,1.5748200416564941,0.5419204831123352,2.952328681945801,8,2.1562705039978027,28.48929214477539,48.29954147338867,2.3872807025909424,1776928483.4121127,0.4580795466899872,,,,,,,,,,,,,,,,,,,,,,,,,,,,,,,,,,,,,,,,,,,,,,,,,,,,,,,,,,,,,,,,,,,,,,,,,,,,,,,,,
10.783364295959473,1499,1.249229907989502,9,34.1414680480957,1.2225456237792969,0.6255359053611755,300.907280404,1.3792088031768799,1.6321979761123657,0.544317364692688,2.9541432857513428,9,2.1702489852905273,28.761362075805664,48.32119369506836,2.407693386077881,1776928499.2592642,0.4556826055049896,,,,,,,,,,,,,,,,,,,,,,,,,,,,,,,,,,,,,,,,,,,,,,,,,,,,,,,,,,,,,,,,,,,,,,,,,,,,,,,,,
11.043047904968262,1649,1.2584589719772339,10,34.12370681762695,1.2563458681106567,0.6215315461158752,316.9763569,1.3989287614822388,1.6742148399353027,0.544675886631012,2.9722418785095215,10,2.1460745334625244,28.244674682617188,48.34172439575195,2.418269634246826,1776928515.3286219,0.4553241431713104,,,,,,,,,,,,,,,,,,,,,,,,,,,,,,,,,,,,,,,,,,,,,,,,,,,,,,,,,,,,,,,,,,,,,,,,,,,,,,,,,
11.196552276611328,1799,1.2584980726242065,11,34.549503326416016,1.2736772298812866,0.629656970500946,332.729298493,1.4006117582321167,1.6843492984771729,0.5478010773658752,2.9691953659057617,11,2.1743853092193604,28.983774185180664,48.3621711730957,2.426412343978882,1776928531.0818908,0.45219889283180237,,,,,,,,,,,,,,,,,,,,,,,,,,,,,,,,,,,,,,,,,,,,,,,,,,,,,,,,,,,,,,,,,,,,,,,,,,,,,,,,,
11.343009948730469,1949,1.2499101161956787,12,34.522178649902344,1.2787730693817139,0.6374485492706299,348.574124994,1.40338134765625,1.6772804260253906,0.5493718385696411,2.950448513031006,12,2.1121444702148438,28.944364547729492,48.38494110107422,2.4109699726104736,1776928546.9267335,0.4506281614303589,,,,,,,,,,,,,,,,,,,,,,,,,,,,,,,,,,,,,,,,,,,,,,,,,,,,,,,,,,,,,,,,,,,,,,,,,,,,,,,,,
11.293846130371094,2099,1.2439161539077759,13,34.360694885253906,1.2718406915664673,0.6426560878753662,364.532713446,1.3963730335235596,1.6478688716888428,0.5506657958030701,2.937166690826416,13,2.118776798248291,28.64902114868164,48.4099235534668,2.4113476276397705,1776928562.8855064,0.4493343234062195,,,,,,,,,,,,,,,,,,,,,,,,,,,,,,,,,,,,,,,,,,,,,,,,,,,,,,,,,,,,,,,,,,,,,,,,,,,,,,,,,
11.409445762634277,2249,1.2524449825286865,14,34.25794219970703,1.2878673076629639,0.6437703371047974,380.21070647,1.4071474075317383,1.6622177362442017,0.5506112575531006,2.9542787075042725,14,2.121919870376587,28.441505432128906,48.43375015258789,2.4204885959625244,1776928578.5634286,0.44938868284225464,,,,,,,,,,,,,,,,,,,,,,,,,,,,,,,,,,,,,,,,,,,,,,,,,,,,,,,,,,,,,,,,,,,,,,,,,,,,,,,,,
11.880230903625488,2399,1.2798224687576294,15,34.11958694458008,1.3307645320892334,0.6323623061180115,396.39363066,1.4335122108459473,1.7169657945632935,0.5497267246246338,3.009918689727783,15,2.106407642364502,27.704694747924805,48.45903778076172,2.448822021484375,1776928594.7462323,0.4502732455730438,,,,,,,,,,,,,,,,,,,,,,,,,,,,,,,,,,,,,,,,,,,,,,,,,,,,,,,,,,,,,,,,,,,,,,,,,,,,,,,,,
11.792377471923828,2549,1.2634941339492798,16,34.64841842651367,1.3206989765167236,0.6479013562202454,412.085189184,1.4142690896987915,1.6863951683044434,0.5531742572784424,2.9738144874572754,16,2.120527744293213,28.741960525512695,48.48222351074219,2.4459071159362793,1776928610.4379027,0.44682577252388,,,,,,,,,,,,,,,,,,,,,,,,,,,,,,,,,,,,,,,,,,,,,,,,,,,,,,,,,,,,,,,,,,,,,,,,,,,,,,,,,
11.910053253173828,2699,1.263195514678955,17,34.341033935546875,1.3319969177246094,0.6447756290435791,428.133563995,1.427640438079834,1.692153811454773,0.555077314376831,2.971313714981079,17,2.131284713745117,28.572603225708008,48.50422286987305,2.4464528560638428,1776928626.4857914,0.44492268562316895,,,,,,,,,,,,,,,,,,,,,,,,,,,,,,,,,,,,,,,,,,,,,,,,,,,,,,,,,,,,,,,,,,,,,,,,,,,,,,,,,
12.05349063873291,2849,1.2561887502670288,18,34.49505615234375,1.3432261943817139,0.6479078531265259,443.818869614,1.4279736280441284,1.6990021467208862,0.556092381477356,2.956284761428833,18,2.121763229370117,28.73984146118164,48.52827453613281,2.447140693664551,1776928642.1713233,0.44390764832496643,,,,,,,,,,,,,,,,,,,,,,,,,,,,,,,,,,,,,,,,,,,,,,,,,,,,,,,,,,,,,,,,,,,,,,,,,,,,,,,,,
12.253453254699707,2999,1.2622604370117188,19,34.724876403808594,1.3560364246368408,0.6461135149002075,459.766920405,1.427507996559143,1.7097529172897339,0.5570113658905029,2.9675087928771973,19,2.129089832305908,28.892650604248047,48.54947280883789,2.45390248298645,1776928658.119214,0.4429886043071747,,,,,,,,,,,,,,,,,,,,,,,,,,,,,,,,,,,,,,,,,,,,,,,,,,,,,,,,,,,,,,,,,,,,,,,,,,,,,,,,,
12.166451454162598,3149,1.256157398223877,20,34.5052375793457,1.3500850200653076,0.6477195620536804,475.503729195,1.426417589187622,1.6967908143997192,0.5583903789520264,2.9539248943328857,20,2.134003162384033,28.59979248046875,48.57455825805664,2.451927661895752,1776928673.8555286,0.441609650850296,,,,,,,,,,,,,,,,,,,,,,,,,,,,,,,,,,,,,,,,,,,,,,,,,,,,,,,,,,,,,,,,,,,,,,,,,,,,,,,,,
12.09819507598877,3299,1.2502914667129517,21,34.24602508544922,1.3474552631378174,0.6499342322349548,491.435550723,1.4292447566986084,1.6839137077331543,0.5578917264938354,2.9426913261413574,21,2.1502041816711426,28.598323822021484,48.59634780883789,2.455862045288086,1776928689.788268,0.4421083927154541,,,,,,,,,,,,,,,,,,,,,,,,,,,,,,,,,,,,,,,,,,,,,,,,,,,,,,,,,,,,,,,,,,,,,,,,,,,,,,,,,
12.322993278503418,3449,1.2523908615112305,22,34.563419342041016,1.3600062131881714,0.6518528461456299,507.432507693,1.4280893802642822,1.6922918558120728,0.560324490070343,2.9444572925567627,22,2.1320624351501465,29.113536834716797,48.619483947753906,2.458580732345581,1776928705.784709,0.439675509929657,,,,,,,,,,,,,,,,,,,,,,,,,,,,,,,,,,,,,,,,,,,,,,,,,,,,,,,,,,,,,,,,,,,,,,,,,,,,,,,,,
12.23889446258545,3599,1.2449376583099365,23,34.61527633666992,1.3535715341567993,0.6554239392280579,523.238913774,1.4272059202194214,1.6815078258514404,0.5610480308532715,2.9288270473480225,23,2.14026141166687,29.341419219970703,48.6400146484375,2.4572296142578125,1776928721.591649,0.4389519989490509,,,,,,,,,,,,,,,,,,,,,,,,,,,,,,,,,,,,,,,,,,,,,,,,,,,,,,,,,,,,,,,,,,,,,,,,,,,,,,,,,
,3749,,24,,,,698.237664722,,,,,24,,,,,1776928896.5873802,,0.17994938790798187,0.7468743920326233,0.9969145059585571,15.890732765197754,515613280.0,91.64132690429688,99.77130889892578,0.8739527463912964,5.617973804473877,0.4711875319480896,0.5755012631416321,0.5483003258705139,0.8871162533760071,0.8092890977859497,0.03691188991069794,677.4790649414062,0.7270556092262268,0.015322857536375523,0.6092005968093872,0.19937409460544586,0.35799363255500793,0.0031499997712671757,0.9952750205993652,0.5170933604240417,0.127943754196167,729.66259765625,1321.8621826171875,5.0,0.653192400932312,0.28084689378738403,0.013793750666081905,0.8164141774177551,15.890732765197754,0.15251995623111725,719.333984375,0.895473301410675,5.617973804473877,0.7130853533744812,0.1701812595129013,3.5121045112609863,1.2079259033986878e-14,0.992487907409668,0.6544214487075806,0.9749937653541565,0.48416873812675476,0.003918750211596489,0.32299375534057617,0.727759838104248,0.7555361390113831,0.8522872924804688,-9.377969321239243e-15,0.896512508392334,262.9490051269531,0.646568775177002,1411.7667236328125,0.7263809442520142,0.36717504262924194,1411.7667236328125,0.14666496217250824,669.507568359375,0.9356786608695984,0.008637499995529652,0.5956324934959412,1321.8621826171875,3.472949981689453,0.896512508392334,0.024571971967816353,0.00813124980777502,0.9341332316398621,0.5968308448791504,31.59852409362793,0.012218207120895386,0.0989585667848587,12.58968734741211,5.309601306915283,0.6687066555023193,0.29592499136924744,13.504319190979004,29.997129440307617,239.08334350585938,0.02552500180900097
12.212074279785156,3749,1.244561791419983,25,34.415428161621094,1.345680832862854,0.6589480638504028,699.621060163,1.4194986820220947,1.6579011678695679,0.5608165264129639,2.928307294845581,24,2.1585912704467773,28.854646682739258,48.66541290283203,2.4597883224487305,1776928897.9722593,0.4391835033893585,,,,,,,,,,,,,,,,,,,,,,,,,,,,,,,,,,,,,,,,,,,,,,,,,,,,,,,,,,,,,,,,,,,,,,,,,,,,,,,,,
12.114410400390625,3899,1.2226080894470215,26,34.503028869628906,1.3360334634780884,0.6551123857498169,714.568563204,1.418287754058838,1.6615755558013916,0.5623252391815186,2.8828909397125244,25,2.1441550254821777,29.169300079345703,48.69043731689453,2.443000555038452,1776928912.92135,0.43767476081848145,,,,,,,,,,,,,,,,,,,,,,,,,,,,,,,,,,,,,,,,,,,,,,,,,,,,,,,,,,,,,,,,,,,,,,,,,,,,,,,,,
12.163965225219727,4049,1.219614863395691,27,34.518245697021484,1.336724877357483,0.6583908200263977,730.621392882,1.4206796884536743,1.6482157707214355,0.5637003779411316,2.8755292892456055,26,2.1647226810455322,29.673786163330078,48.70889663696289,2.4442408084869385,1776928928.9737577,0.4362996518611908,,,,,,,,,,,,,,,,,,,,,,,,,,,,,,,,,,,,,,,,,,,,,,,,,,,,,,,,,,,,,,,,,,,,,,,,,,,,,,,,,
12.199146270751953,4199,1.213632345199585,28,34.50597381591797,1.3365230560302734,0.6555696725845337,746.535435569,1.4176037311553955,1.6450691223144531,0.5646719336509705,2.8625924587249756,27,2.151674270629883,29.501911163330078,48.733421325683594,2.436786651611328,1776928944.8878233,0.43532809615135193,,,,,,,,,,,,,,,,,,,,,,,,,,,,,,,,,,,,,,,,,,,,,,,,,,,,,,,,,,,,,,,,,,,,,,,,,,,,,,,,,
12.155511856079102,4349,1.204247236251831,29,34.40517807006836,1.3380695581436157,0.6533340811729431,762.565098845,1.424237608909607,1.6540018320083618,0.5649600625038147,2.843534231185913,28,2.1748642921447754,29.610074996948242,48.76046371459961,2.440070629119873,1776928960.9175131,0.4350399076938629,,,,,,,,,,,,,,,,,,,,,,,,,,,,,,,,,,,,,,,,,,,,,,,,,,,,,,,,,,,,,,,,,,,,,,,,,,,,,,,,,
12.225898742675781,4499,1.1975911855697632,30,34.228485107421875,1.3393365144729614,0.650681734085083,778.397214431,1.4293078184127808,1.6511116027832031,0.5668383240699768,2.8283448219299316,29,2.1596810817718506,29.762950897216797,48.78883743286133,2.427138090133667,1776928976.749914,0.4331616759300232,,,,,,,,,,,,,,,,,,,,,,,,,,,,,,,,,,,,,,,,,,,,,,,,,,,,,,,,,,,,,,,,,,,,,,,,,,,,,,,,,
12.107338905334473,4649,1.1840816736221313,31,34.27766799926758,1.308863878250122,0.6619452238082886,794.488603463,1.4088798761367798,1.5944570302963257,0.5684964060783386,2.7996666431427,30,2.1987507343292236,30.002588272094727,48.81724548339844,2.4184420108795166,1776928992.8412812,0.43150362372398376,,,,,,,,,,,,,,,,,,,,,,,,,,,,,,,,,,,,,,,,,,,,,,,,,,,,,,,,,,,,,,,,,,,,,,,,,,,,,,,,,
12.119324684143066,4799,1.1687887907028198,32,34.44076156616211,1.3068989515304565,0.6598733067512512,810.356252471,1.4016637802124023,1.5918147563934326,0.5710016489028931,2.7665750980377197,31,2.1690542697906494,29.95231056213379,48.840396881103516,2.4148237705230713,1776929008.708569,0.4289984107017517,,,,,,,,,,,,,,,,,,,,,,,,,,,,,,,,,,,,,,,,,,,,,,,,,,,,,,,,,,,,,,,,,,,,,,,,,,,,,,,,,
12.178526878356934,4949,1.1795207262039185,33,34.083091735839844,1.3092145919799805,0.661272406578064,826.381695279,1.4076881408691406,1.5841821432113647,0.5670373439788818,2.792003870010376,32,2.177732229232788,29.86887550354004,48.86870193481445,2.4120726585388184,1776929024.7346323,0.432962566614151,,,,,,,,,,,,,,,,,,,,,,,,,,,,,,,,,,,,,,,,,,,,,,,,,,,,,,,,,,,,,,,,,,,,,,,,,,,,,,,,,
12.194808959960938,5099,1.1703815460205078,34,34.57442092895508,1.3077428340911865,0.6625540256500244,842.261998113,1.4004124402999878,1.5833377838134766,0.5705557465553284,2.770207643508911,33,2.196165084838867,30.544410705566406,48.89092254638672,2.4202873706817627,1776929040.6145031,0.429444283246994,,,,,,,,,,,,,,,,,,,,,,,,,,,,,,,,,,,,,,,,,,,,,,,,,,,,,,,,,,,,,,,,,,,,,,,,,,,,,,,,,
12.200014114379883,5249,1.169870138168335,35,34.01041793823242,1.3053879737854004,0.6570605635643005,858.318018547,1.4010839462280273,1.5730078220367432,0.5690480470657349,2.7706921100616455,34,2.1857056617736816,29.628238677978516,48.916812896728516,2.4101696014404297,1776929056.6704273,0.4309520125389099,,,,,,,,,,,,,,,,,,,,,,,,,,,,,,,,,,,,,,,,,,,,,,,,,,,,,,,,,,,,,,,,,,,,,,,,,,,,,,,,,
12.27234935760498,5399,1.1610569953918457,36,34.35240173339844,1.309043288230896,0.6587194204330444,874.082397319,1.4013227224349976,1.5792943239212036,0.5713383555412292,2.7507760524749756,35,2.2078285217285156,30.392871856689453,48.94093704223633,2.411628007888794,1776929072.4349227,0.42866167426109314,,,,,,,,,,,,,,,,,,,,,,,,,,,,,,,,,,,,,,,,,,,,,,,,,,,,,,,,,,,,,,,,,,,,,,,,,,,,,,,,,
12.20567798614502,5549,1.1512444019317627,37,34.395965576171875,1.3055094480514526,0.6603937149047852,890.104755236,1.401152491569519,1.5682753324508667,0.5723680853843689,2.7301206588745117,36,2.1993014812469482,30.69199562072754,48.969390869140625,2.402177095413208,1776929088.4570775,0.4276319444179535,,,,,,,,,,,,,,,,,,,,,,,,,,,,,,,,,,,,,,,,,,,,,,,,,,,,,,,,,,,,,,,,,,,,,,,,,,,,,,,,,
12.226852416992188,5699,1.1486217975616455,38,34.52791213989258,1.3001117706298828,0.6617045998573303,905.841664775,1.3932055234909058,1.5657927989959717,0.5740106105804443,2.7232325077056885,37,2.200204372406006,30.65239143371582,48.9910888671875,2.4073262214660645,1776929104.194425,0.42598941922187805,,,,,,,,,,,,,,,,,,,,,,,,,,,,,,,,,,,,,,,,,,,,,,,,,,,,,,,,,,,,,,,,,,,,,,,,,,,,,,,,,
12.218461036682129,5849,1.146611213684082,39,34.26966857910156,1.3054746389389038,0.6564127802848816,921.764269759,1.3982961177825928,1.57488214969635,0.5735434293746948,2.719679117202759,38,2.2303740978240967,30.017330169677734,49.01541519165039,2.4103124141693115,1776929120.1169188,0.4264565110206604,,,,,,,,,,,,,,,,,,,,,,,,,,,,,,,,,,,,,,,,,,,,,,,,,,,,,,,,,,,,,,,,,,,,,,,,,,,,,,,,,
12.18254566192627,5999,1.1447654962539673,40,34.37358474731445,1.2996678352355957,0.6576892733573914,937.745923037,1.3978201150894165,1.5625298023223877,0.5745816230773926,2.714949607849121,39,2.1922080516815186,30.675947189331055,49.03874588012695,2.3945095539093018,1776929136.0987062,0.4254184663295746,,,,,,,,,,,,,,,,,,,,,,,,,,,,,,,,,,,,,,,,,,,,,,,,,,,,,,,,,,,,,,,,,,,,,,,,,,,,,,,,,
12.35896110534668,6149,1.1380796432495117,41,34.61796188354492,1.3190914392471313,0.6585729122161865,953.710053888,1.395625352859497,1.5822229385375977,0.5770983695983887,2.699061155319214,40,2.21065616607666,30.5428524017334,49.05702209472656,2.413106918334961,1776929152.062725,0.4229016900062561,,,,,,,,,,,,,,,,,,,,,,,,,,,,,,,,,,,,,,,,,,,,,,,,,,,,,,,,,,,,,,,,,,,,,,,,,,,,,,,,,
12.212194442749023,6299,1.1251507997512817,42,34.47788619995117,1.2873753309249878,0.6657040119171143,969.615172396,1.3862154483795166,1.5394697189331055,0.5781319737434387,2.6721694469451904,41,2.209946393966675,30.836837768554688,49.0782356262207,2.392625093460083,1776929167.9677436,0.4218679964542389,,,,,,,,,,,,,,,,,,,,,,,,,,,,,,,,,,,,,,,,,,,,,,,,,,,,,,,,,,,,,,,,,,,,,,,,,,,,,,,,,
12.484901428222656,6449,1.1397067308425903,43,34.276798248291016,1.316456913948059,0.6533265113830566,985.498938399,1.4039043188095093,1.578333854675293,0.5759298801422119,2.703483819961548,42,2.2150824069976807,30.43203353881836,49.102420806884766,2.412019968032837,1776929183.8514287,0.4240701496601105,,,,,,,,,,,,,,,,,,,,,,,,,,,,,,,,,,,,,,,,,,,,,,,,,,,,,,,,,,,,,,,,,,,,,,,,,,,,,,,,,
12.381889343261719,6599,1.1343374252319336,44,34.62571716308594,1.304939866065979,0.6606066823005676,1001.449793639,1.3879576921463013,1.5511786937713623,0.5787543058395386,2.689920663833618,43,2.2169079780578613,31.122726440429688,49.12373352050781,2.3978822231292725,1776929199.8022423,0.4212456941604614,,,,,,,,,,,,,,,,,,,,,,,,,,,,,,,,,,,,,,,,,,,,,,,,,,,,,,,,,,,,,,,,,,,,,,,,,,,,,,,,,
12.455036163330078,6749,1.1347286701202393,45,34.77720260620117,1.3086049556732178,0.6607478260993958,1017.307899734,1.389240026473999,1.556121587753296,0.5796469449996948,2.6898107528686523,44,2.240658760070801,31.54181480407715,49.141048431396484,2.412243604660034,1776929215.6603682,0.4203530550003052,,,,,,,,,,,,,,,,,,,,,,,,,,,,,,,,,,,,,,,,,,,,,,,,,,,,,,,,,,,,,,,,,,,,,,,,,,,,,,,,,
12.50835132598877,6899,1.1319835186004639,46,34.72783279418945,1.3112632036209106,0.657164990901947,1033.615365254,1.3954594135284424,1.5666383504867554,0.5779390335083008,2.6860287189483643,45,2.2543015480041504,31.513057708740234,49.1662712097168,2.405733823776245,1776929231.968057,0.4220609664916992,,,,,,,,,,,,,,,,,,,,,,,,,,,,,,,,,,,,,,,,,,,,,,,,,,,,,,,,,,,,,,,,,,,,,,,,,,,,,,,,,
12.422226905822754,7049,1.131620168685913,47,34.838985443115234,1.3081424236297607,0.6637334227561951,1049.513068715,1.3804179430007935,1.5457290410995483,0.5795169472694397,2.683723211288452,46,2.2578372955322266,31.215791702270508,49.1854133605957,2.418187379837036,1776929247.8651807,0.4204830825328827,,,,,,,,,,,,,,,,,,,,,,,,,,,,,,,,,,,,,,,,,,,,,,,,,,,,,,,,,,,,,,,,,,,,,,,,,,,,,,,,,
12.334237098693848,7199,1.1290591955184937,48,34.91898727416992,1.2986375093460083,0.6635170578956604,1065.585716434,1.3804279565811157,1.544734239578247,0.5794844627380371,2.6786341667175293,47,2.2213125228881836,31.503732681274414,49.2055778503418,2.405752658843994,1776929263.9383247,0.4205155372619629,,,,,,,,,,,,,,,,,,,,,,,,,,,,,,,,,,,,,,,,,,,,,,,,,,,,,,,,,,,,,,,,,,,,,,,,,,,,,,,,,
12.73536491394043,7349,1.1391624212265015,49,34.86727523803711,1.3405693769454956,0.6633377075195312,1081.396308319,1.397491216659546,1.5773659944534302,0.5799264907836914,2.6983983516693115,48,2.227853536605835,31.309171676635742,49.22642135620117,2.4205591678619385,1776929279.7485647,0.420073539018631,,,,,,,,,,,,,,,,,,,,,,,,,,,,,,,,,,,,,,,,,,,,,,,,,,,,,,,,,,,,,,,,,,,,,,,,,,,,,,,,,
,7499,,50,,,,1256.151984685,,,,,49,,,,,1776929454.5009885,,0.16286756098270416,0.7767723202705383,0.9972116351127625,15.05211067199707,2991385088.0,78.76470184326172,84.43787384033203,0.8687562942504883,5.566157817840576,0.5020062327384949,0.6255819201469421,0.6065848469734192,0.8885833024978638,0.8235640525817871,0.03987269103527069,577.8627319335938,0.7588529586791992,0.015167743898928165,0.662202775478363,0.1899203211069107,0.33632999658584595,0.0035437496844679117,0.99524986743927,0.5639532804489136,0.14275000989437103,617.6834106445312,1116.8282470703125,5.0,0.692383885383606,0.3159509003162384,0.015268750488758087,0.8390059471130371,15.05211067199707,0.14947539567947388,608.260009765625,0.8776357769966125,5.566157817840576,0.746398389339447,0.17602501809597015,2.8082637786865234,-3.21135262479344e-15,0.9954891204833984,0.7202686071395874,0.975437581539154,0.4952874779701233,0.00494999997317791,0.33045002818107605,0.7431817650794983,0.7769913077354431,0.8761064410209656,7.380218398217453e-15,0.8978686928749084,222.53599548339844,0.6532312035560608,1190.4649658203125,0.7483070492744446,0.37691253423690796,1190.4649658203125,0.1479092836380005,569.4238891601562,0.920265793800354,0.00989999994635582,0.6484867930412292,1116.8282470703125,2.7941951751708984,0.8978686928749084,0.024347640573978424,0.009525000117719173,0.9375001788139343,0.6577253937721252,27.020780563354492,0.012011834420263767,0.11522412300109863,12.419785499572754,2.8769371509552,0.7256147861480713,0.3321875035762787,13.450867652893066,25.973957061767578,202.98666381835938,0.02783125266432762
12.502419471740723,7499,1.122610330581665,51,34.74974822998047,1.30649733543396,0.6662949919700623,1257.899848541,1.376754879951477,1.5323213338851929,0.5835829377174377,2.661637783050537,49,2.2275619506835938,31.324617385864258,49.24260330200195,2.4012064933776855,1776929456.2508705,0.41641706228256226,,,,,,,,,,,,,,,,,,,,,,,,,,,,,,,,,,,,,,,,,,,,,,,,,,,,,,,,,,,,,,,,,,,,,,,,,,,,,,,,,
12.611784934997559,7649,1.1299967765808105,52,34.71749496459961,1.321081519126892,0.6603423953056335,1272.762987313,1.3883986473083496,1.5524890422821045,0.5820656418800354,2.6779284477233887,50,2.2303032875061035,31.437538146972656,49.26438903808594,2.4100077152252197,1776929471.115717,0.4179344177246094,,,,,,,,,,,,,,,,,,,,,,,,,,,,,,,,,,,,,,,,,,,,,,,,,,,,,,,,,,,,,,,,,,,,,,,,,,,,,,,,,
12.453773498535156,7799,1.1126335859298706,53,34.73941421508789,1.2959526777267456,0.667802095413208,1288.824054269,1.3721463680267334,1.5157215595245361,0.5836264491081238,2.6416409015655518,51,2.237032651901245,31.582963943481445,49.28190231323242,2.406371593475342,1776929487.1766768,0.41637352108955383,,,,,,,,,,,,,,,,,,,,,,,,,,,,,,,,,,,,,,,,,,,,,,,,,,,,,,,,,,,,,,,,,,,,,,,,,,,,,,,,,
12.486470222473145,7949,1.1023701429367065,54,34.708702087402344,1.2861672639846802,0.667248547077179,1304.652230027,1.3656085729599,1.506055474281311,0.5827097296714783,2.62203049659729,52,2.2366607189178467,31.67763328552246,49.298545837402344,2.4057979583740234,1776929503.004587,0.41729027032852173,,,,,,,,,,,,,,,,,,,,,,,,,,,,,,,,,,,,,,,,,,,,,,,,,,,,,,,,,,,,,,,,,,,,,,,,,,,,,,,,,
12.709153175354004,8099,1.1129933595657349,55,34.796573638916016,1.317134976387024,0.6642321944236755,1320.486395278,1.3827265501022339,1.5437114238739014,0.5840076208114624,2.6419787406921387,53,2.2668769359588623,31.570085525512695,49.31424331665039,2.4184556007385254,1776929518.8391898,0.4159923493862152,,,,,,,,,,,,,,,,,,,,,,,,,,,,,,,,,,,,,,,,,,,,,,,,,,,,,,,,,,,,,,,,,,,,,,,,,,,,,,,,,
12.74191951751709,8249,1.1212650537490845,56,34.73434066772461,1.3223891258239746,0.6600314378738403,1336.56866384,1.3888620138168335,1.5507909059524536,0.5827813744544983,2.6597487926483154,54,2.2340662479400635,31.564376831054688,49.33333969116211,2.4162182807922363,1776929534.9212635,0.4172186255455017,,,,,,,,,,,,,,,,,,,,,,,,,,,,,,,,,,,,,,,,,,,,,,,,,,,,,,,,,,,,,,,,,,,,,,,,,,,,,,,,,
12.897066116333008,8399,1.1143245697021484,57,35.095420837402344,1.3257180452346802,0.6588374972343445,1352.420384265,1.385201334953308,1.5544326305389404,0.586169421672821,2.64247989654541,55,2.2568252086639404,32.30607986450195,49.35121536254883,2.417053461074829,1776929550.7728636,0.41383060812950134,,,,,,,,,,,,,,,,,,,,,,,,,,,,,,,,,,,,,,,,,,,,,,,,,,,,,,,,,,,,,,,,,,,,,,,,,,,,,,,,,
12.583510398864746,8549,1.1107337474822998,58,35.087398529052734,1.3099123239517212,0.663347601890564,1368.382859345,1.3719375133514404,1.5318114757537842,0.5870923399925232,2.6343753337860107,56,2.2263829708099365,32.16065216064453,49.372215270996094,2.408221960067749,1776929566.7356677,0.41290754079818726,,,,,,,,,,,,,,,,,,,,,,,,,,,,,,,,,,,,,,,,,,,,,,,,,,,,,,,,,,,,,,,,,,,,,,,,,,,,,,,,,
12.904988288879395,8699,1.1367299556732178,59,34.60431671142578,1.339701771736145,0.6584357619285583,1384.19089607,1.397631049156189,1.5673847198486328,0.5821545124053955,2.691305160522461,57,2.2414450645446777,31.459630966186523,49.387203216552734,2.4286270141601562,1776929582.5434268,0.41784557700157166,,,,,,,,,,,,,,,,,,,,,,,,,,,,,,,,,,,,,,,,,,,,,,,,,,,,,,,,,,,,,,,,,,,,,,,,,,,,,,,,,
12.798168182373047,8849,1.1140481233596802,60,34.95485305786133,1.3268954753875732,0.6641219854354858,1400.151060085,1.3878874778747559,1.5559464693069458,0.585301399230957,2.6427948474884033,58,2.273263931274414,32.13389587402344,49.40154266357422,2.4334728717803955,1776929598.5033762,0.4146985709667206,,,,,,,,,,,,,,,,,,,,,,,,,,,,,,,,,,,,,,,,,,,,,,,,,,,,,,,,,,,,,,,,,,,,,,,,,,,,,,,,,
12.711451530456543,8999,1.1054255962371826,61,34.85840606689453,1.3098938465118408,0.6676210761070251,1416.067009092,1.3685513734817505,1.5178911685943604,0.5873163938522339,2.6235344409942627,59,2.2560157775878906,31.924055099487305,49.41974639892578,2.4126315116882324,1776929614.419572,0.4126836061477661,,,,,,,,,,,,,,,,,,,,,,,,,,,,,,,,,,,,,,,,,,,,,,,,,,,,,,,,,,,,,,,,,,,,,,,,,,,,,,,,,
12.732561111450195,9149,1.119722604751587,62,35.34949493408203,1.3290241956710815,0.6633151173591614,1432.102115657,1.3818011283874512,1.5559189319610596,0.5873934626579285,2.652052164077759,60,2.2669990062713623,32.82881164550781,49.43924331665039,2.434793710708618,1776929630.4549062,0.4126065671443939,,,,,,,,,,,,,,,,,,,,,,,,,,,,,,,,,,,,,,,,,,,,,,,,,,,,,,,,,,,,,,,,,,,,,,,,,,,,,,,,,
13.041773796081543,9299,1.1187142133712769,63,35.420658111572266,1.340860366821289,0.6659233570098877,1448.150059351,1.37949800491333,1.562484860420227,0.5890902280807495,2.6483383178710938,61,2.27890944480896,32.524723052978516,49.45748519897461,2.4404003620147705,1776929646.5027509,0.41090983152389526,,,,,,,,,,,,,,,,,,,,,,,,,,,,,,,,,,,,,,,,,,,,,,,,,,,,,,,,,,,,,,,,,,,,,,,,,,,,,,,,,
12.872733116149902,9449,1.1175658702850342,64,35.39049530029297,1.3364640474319458,0.6636350154876709,1464.435953974,1.3751282691955566,1.5528756380081177,0.5884217023849487,2.6467103958129883,62,2.2271547317504883,32.751399993896484,49.474464416503906,2.4191408157348633,1776929662.787977,0.41157832741737366,,,,,,,,,,,,,,,,,,,,,,,,,,,,,,,,,,,,,,,,,,,,,,,,,,,,,,,,,,,,,,,,,,,,,,,,,,,,,,,,,
13.04835033416748,9599,1.1204502582550049,65,35.31744384765625,1.3358349800109863,0.6642863154411316,1480.236151663,1.3795523643493652,1.5543979406356812,0.5896538496017456,2.6512467861175537,63,2.2547216415405273,32.72023391723633,49.48960876464844,2.4337708950042725,1776929678.5884655,0.4103461802005768,,,,,,,,,,,,,,,,,,,,,,,,,,,,,,,,,,,,,,,,,,,,,,,,,,,,,,,,,,,,,,,,,,,,,,,,,,,,,,,,,
13.019131660461426,9749,1.1281816959381104,66,35.28227615356445,1.3444740772247314,0.6630996465682983,1496.313823075,1.3831170797348022,1.5598844289779663,0.5868929624557495,2.6694705486297607,64,2.2873666286468506,32.59345245361328,49.50437545776367,2.45145845413208,1776929694.6658356,0.41310712695121765,,,,,,,,,,,,,,,,,,,,,,,,,,,,,,,,,,,,,,,,,,,,,,,,,,,,,,,,,,,,,,,,,,,,,,,,,,,,,,,,,
13.26330852508545,9899,1.1233521699905396,67,35.50831604003906,1.355538249015808,0.6685805320739746,1512.327030298,1.3796849250793457,1.561530590057373,0.5893232822418213,2.657381534576416,65,2.2510342597961426,32.787025451660156,49.51774597167969,2.4464776515960693,1776929710.6793933,0.4106766879558563,,,,,,,,,,,,,,,,,,,,,,,,,,,,,,,,,,,,,,,,,,,,,,,,,,,,,,,,,,,,,,,,,,,,,,,,,,,,,,,,,
13.0702543258667,10049,1.119094967842102,68,35.447723388671875,1.3443142175674438,0.6671727895736694,1528.452832777,1.373997688293457,1.5466548204421997,0.591975212097168,2.6462149620056152,66,2.2747042179107666,32.970916748046875,49.531795501708984,2.442974328994751,1776929726.8055356,0.4080248177051544,,,,,,,,,,,,,,,,,,,,,,,,,,,,,,,,,,,,,,,,,,,,,,,,,,,,,,,,,,,,,,,,,,,,,,,,,,,,,,,,,
13.097930908203125,10199,1.1167542934417725,69,35.56291580200195,1.3445017337799072,0.6695731282234192,1544.419104822,1.3723804950714111,1.5490872859954834,0.5919768810272217,2.6415319442749023,67,2.2568867206573486,32.8596076965332,49.54499816894531,2.4388952255249023,1776929742.7715287,0.4080231189727783,,,,,,,,,,,,,,,,,,,,,,,,,,,,,,,,,,,,,,,,,,,,,,,,,,,,,,,,,,,,,,,,,,,,,,,,,,,,,,,,,
13.162647247314453,10349,1.123064398765564,70,35.42536926269531,1.3555283546447754,0.6660155057907104,1560.236450981,1.3805835247039795,1.5671319961547852,0.5896857380867004,2.6564433574676514,68,2.2654261589050293,32.60676193237305,49.56147766113281,2.4484987258911133,1776929758.588472,0.41031429171562195,,,,,,,,,,,,,,,,,,,,,,,,,,,,,,,,,,,,,,,,,,,,,,,,,,,,,,,,,,,,,,,,,,,,,,,,,,,,,,,,,
13.2027587890625,10499,1.1343101263046265,71,35.364601135253906,1.364505648612976,0.663456916809082,1576.257189427,1.3856472969055176,1.5782451629638672,0.5884364247322083,2.6801843643188477,69,2.2810912132263184,32.35988235473633,49.579837799072266,2.4611470699310303,1776929774.6098602,0.4115636348724365,,,,,,,,,,,,,,,,,,,,,,,,,,,,,,,,,,,,,,,,,,,,,,,,,,,,,,,,,,,,,,,,,,,,,,,,,,,,,,,,,
13.349377632141113,10649,1.1291941404342651,72,35.68154525756836,1.3827497959136963,0.6636863350868225,1592.031268138,1.3941892385482788,1.603900671005249,0.5909761786460876,2.667412042617798,70,2.295628547668457,32.81140899658203,49.5955696105957,2.4744460582733154,1776929790.383987,0.40902388095855713,,,,,,,,,,,,,,,,,,,,,,,,,,,,,,,,,,,,,,,,,,,,,,,,,,,,,,,,,,,,,,,,,,,,,,,,,,,,,,,,,
13.291528701782227,10799,1.1214200258255005,73,35.599666595458984,1.3695805072784424,0.6617123484611511,1607.985776033,1.3865424394607544,1.586376667022705,0.5912272334098816,2.6516127586364746,71,2.2999818325042725,32.88467788696289,49.606746673583984,2.4601399898529053,1776929806.3379614,0.4087727963924408,,,,,,,,,,,,,,,,,,,,,,,,,,,,,,,,,,,,,,,,,,,,,,,,,,,,,,,,,,,,,,,,,,,,,,,,,,,,,,,,,
13.220051765441895,10949,1.1242061853408813,74,35.81745910644531,1.3629236221313477,0.6661874055862427,1623.858419629,1.3808577060699463,1.581190586090088,0.5915866494178772,2.6568260192871094,72,2.2885982990264893,33.16245651245117,49.618038177490234,2.4671781063079834,1776929822.2111537,0.4084134101867676,,,,,,,,,,,,,,,,,,,,,,,,,,,,,,,,,,,,,,,,,,,,,,,,,,,,,,,,,,,,,,,,,,,,,,,,,,,,,,,,,
13.53614616394043,11099,1.1397637128829956,75,35.64289855957031,1.4015278816223145,0.6611021161079407,1640.031237429,1.3991116285324097,1.6240572929382324,0.5897430181503296,2.689784288406372,73,2.283651113510132,32.519142150878906,49.6329231262207,2.4812967777252197,1776929838.3840117,0.41025686264038086,,,,,,,,,,,,,,,,,,,,,,,,,,,,,,,,,,,,,,,,,,,,,,,,,,,,,,,,,,,,,,,,,,,,,,,,,,,,,,,,,
,11249,,76,,,,1813.760506617,,,,,74,,,,,1776930012.1096025,,0.16610287129878998,0.7612133026123047,0.9971445798873901,13.421072959899902,12039171072.0,80.05010986328125,85.70367431640625,0.8617678880691528,5.579968452453613,0.4933437705039978,0.5945003032684326,0.6018807888031006,0.8866430521011353,0.8148761987686157,0.040743548423051834,587.1071166992188,0.750659704208374,0.015175686217844486,0.6476860046386719,0.19374927878379822,0.3436126410961151,0.002987500047311187,0.9951749444007874,0.564156174659729,0.13712500035762787,626.242919921875,1131.7508544921875,5.0,0.6817963719367981,0.3154175877571106,0.014081249013543129,0.8371170163154602,13.421072959899902,0.14672760665416718,616.9269409179688,0.8759691119194031,5.579968452453613,0.7377094030380249,0.17553748190402985,2.8524792194366455,6.095926714799749e-16,0.9967153668403625,0.7279736995697021,0.9755438566207886,0.4955499768257141,0.004662500228732824,0.3304624855518341,0.7510511875152588,0.752737283706665,0.8665862083435059,-1.163029091436063e-14,0.8986874222755432,224.76853942871094,0.6532187461853027,1204.7855224609375,0.7554594278335571,0.3767249882221222,1204.7855224609375,0.1511790007352829,578.48193359375,0.9187285304069519,0.008699999190866947,0.6458895802497864,1131.7508544921875,2.8269710540771484,0.8986874222755432,0.024325085803866386,0.00878124963492155,0.9361743927001953,0.6188710331916809,27.280426025390625,0.012031864374876022,0.11386062204837799,12.313240051269531,3.0514533519744873,0.7100984454154968,0.32113125920295715,13.449445724487305,26.16209602355957,207.32029724121094,0.026243748143315315
13.497794151306152,11249,1.1361191272735596,77,35.75743103027344,1.398929476737976,0.6650170087814331,1815.928587075,1.3946613073349,1.6117607355117798,0.5927161574363708,2.6795225143432617,74,2.280815362930298,32.796905517578125,49.645870208740234,2.480726957321167,1776930014.280312,0.40728384256362915,,,,,,,,,,,,,,,,,,,,,,,,,,,,,,,,,,,,,,,,,,,,,,,,,,,,,,,,,,,,,,,,,,,,,,,,,,,,,,,,,
13.20873737335205,11399,1.1210421323776245,78,35.76624298095703,1.3707340955734253,0.6680632829666138,1830.549642782,1.383524775505066,1.5782475471496582,0.5922591686248779,2.649825096130371,75,2.2981247901916504,33.38070297241211,49.66212844848633,2.470784902572632,1776930028.9022107,0.40774089097976685,,,,,,,,,,,,,,,,,,,,,,,,,,,,,,,,,,,,,,,,,,,,,,,,,,,,,,,,,,,,,,,,,,,,,,,,,,,,,,,,,
13.434053421020508,11549,1.1289228200912476,79,35.49884033203125,1.385467290878296,0.6618435978889465,1846.40893238,1.39569890499115,1.5943549871444702,0.590549647808075,2.6672959327697754,76,2.2732460498809814,32.9952507019043,49.67328643798828,2.4654147624969482,1776930044.7611492,0.40945035219192505,,,,,,,,,,,,,,,,,,,,,,,,,,,,,,,,,,,,,,,,,,,,,,,,,,,,,,,,,,,,,,,,,,,,,,,,,,,,,,,,,
13.471604347229004,11699,1.1308668851852417,80,35.749210357666016,1.3774513006210327,0.6686338186264038,1862.591692427,1.381632924079895,1.5764402151107788,0.5918487310409546,2.6698851585388184,77,2.314042091369629,33.331809997558594,49.68853759765625,2.4829869270324707,1776930060.9442194,0.4081513285636902,,,,,,,,,,,,,,,,,,,,,,,,,,,,,,,,,,,,,,,,,,,,,,,,,,,,,,,,,,,,,,,,,,,,,,,,,,,,,,,,,
13.801589012145996,11849,1.1429622173309326,81,35.85842514038086,1.4139772653579712,0.6601147055625916,1878.489503328,1.4036790132522583,1.629711627960205,0.5892517566680908,2.6966724395751953,78,2.2685232162475586,33.12312316894531,49.70492172241211,2.4832844734191895,1776930076.8424082,0.4107482135295868,,,,,,,,,,,,,,,,,,,,,,,,,,,,,,,,,,,,,,,,,,,,,,,,,,,,,,,,,,,,,,,,,,,,,,,,,,,,,,,,,
13.628937721252441,11999,1.1315745115280151,82,36.380287170410156,1.4056917428970337,0.6673543453216553,1894.576363468,1.3922024965286255,1.617314338684082,0.5948825478553772,2.668266534805298,79,2.2854623794555664,34.18896484375,49.71958923339844,2.4827380180358887,1776930092.9289289,0.40511760115623474,,,,,,,,,,,,,,,,,,,,,,,,,,,,,,,,,,,,,,,,,,,,,,,,,,,,,,,,,,,,,,,,,,,,,,,,,,,,,,,,,
13.640585899353027,12149,1.1249806880950928,83,35.983551025390625,1.395274043083191,0.6625656485557556,1910.368537074,1.390122890472412,1.605325698852539,0.5958796143531799,2.6540820598602295,80,2.3107359409332275,33.75955581665039,49.73001480102539,2.4862093925476074,1776930108.7209828,0.40412044525146484,,,,,,,,,,,,,,,,,,,,,,,,,,,,,,,,,,,,,,,,,,,,,,,,,,,,,,,,,,,,,,,,,,,,,,,,,,,,,,,,,
13.55445671081543,12299,1.1244341135025024,84,35.718971252441406,1.373142957687378,0.666993260383606,1926.075558266,1.3801296949386597,1.576383352279663,0.596040666103363,2.652827262878418,81,2.268871307373047,33.01935577392578,49.74478530883789,2.4649767875671387,1776930124.4284763,0.4039593040943146,,,,,,,,,,,,,,,,,,,,,,,,,,,,,,,,,,,,,,,,,,,,,,,,,,,,,,,,,,,,,,,,,,,,,,,,,,,,,,,,,
13.514561653137207,12449,1.1198774576187134,85,35.936378479003906,1.3821933269500732,0.6633066534996033,1942.240107737,1.387803077697754,1.5964643955230713,0.5951175689697266,2.6446375846862793,82,2.2751266956329346,33.5574951171875,49.75836944580078,2.465510845184326,1776930140.592447,0.4048824906349182,,,,,,,,,,,,,,,,,,,,,,,,,,,,,,,,,,,,,,,,,,,,,,,,,,,,,,,,,,,,,,,,,,,,,,,,,,,,,,,,,
13.551972389221191,12599,1.1266543865203857,86,36.07957458496094,1.3976142406463623,0.6656711101531982,1958.091357803,1.3908348083496094,1.6118232011795044,0.5947356820106506,2.6585731506347656,83,2.311332941055298,33.60576629638672,49.76763916015625,2.484781503677368,1776930156.443826,0.40526431798934937,,,,,,,,,,,,,,,,,,,,,,,,,,,,,,,,,,,,,,,,,,,,,,,,,,,,,,,,,,,,,,,,,,,,,,,,,,,,,,,,,
13.527084350585938,12749,1.1196779012680054,87,36.19034194946289,1.3773925304412842,0.6637317538261414,1974.123850555,1.381376028060913,1.5862778425216675,0.5954871773719788,2.643868923187256,84,2.325533151626587,34.32467269897461,49.781776428222656,2.483149528503418,1776930172.4765534,0.40451282262802124,,,,,,,,,,,,,,,,,,,,,,,,,,,,,,,,,,,,,,,,,,,,,,,,,,,,,,,,,,,,,,,,,,,,,,,,,,,,,,,,,
13.621109008789062,12899,1.1327908039093018,88,35.720584869384766,1.3960955142974854,0.6615736484527588,1990.050152148,1.392876148223877,1.6009446382522583,0.5952596664428711,2.6703217029571533,85,2.278278112411499,33.43732452392578,49.79459762573242,2.4801669120788574,1776930188.402692,0.4047403633594513,,,,,,,,,,,,,,,,,,,,,,,,,,,,,,,,,,,,,,,,,,,,,,,,,,,,,,,,,,,,,,,,,,,,,,,,,,,,,,,,,
13.829054832458496,13049,1.1390985250473022,89,35.79649353027344,1.419614315032959,0.6617398858070374,2006.001067861,1.3989605903625488,1.6183627843856812,0.5930725932121277,2.685124397277832,86,2.2718610763549805,33.3656005859375,49.8071403503418,2.484421491622925,1776930204.3535225,0.4069273769855499,,,,,,,,,,,,,,,,,,,,,,,,,,,,,,,,,,,,,,,,,,,,,,,,,,,,,,,,,,,,,,,,,,,,,,,,,,,,,,,,,
13.799577713012695,13199,1.1366461515426636,90,35.531368255615234,1.4088499546051025,0.6621754169464111,2021.916593951,1.3968168497085571,1.606827974319458,0.5961548686027527,2.677137613296509,87,2.2922801971435547,32.63784408569336,49.82304000854492,2.4806060791015625,1776930220.268531,0.4038451313972473,,,,,,,,,,,,,,,,,,,,,,,,,,,,,,,,,,,,,,,,,,,,,,,,,,,,,,,,,,,,,,,,,,,,,,,,,,,,,,,,,
13.729144096374512,13349,1.1247223615646362,91,35.642581939697266,1.4076591730117798,0.6604862213134766,2038.074983975,1.3981127738952637,1.6039745807647705,0.594593346118927,2.6548519134521484,88,2.2898213863372803,33.32204055786133,49.83546447753906,2.481368064880371,1776930236.4272988,0.4054066836833954,,,,,,,,,,,,,,,,,,,,,,,,,,,,,,,,,,,,,,,,,,,,,,,,,,,,,,,,,,,,,,,,,,,,,,,,,,,,,,,,,
13.819602966308594,13499,1.1275864839553833,92,35.93263244628906,1.418555498123169,0.6628568768501282,2053.977263918,1.3968838453292847,1.616686224937439,0.5942155122756958,2.660957098007202,89,2.3067116737365723,33.39321517944336,49.841453552246094,2.496180772781372,1776930252.3296876,0.4057844579219818,,,,,,,,,,,,,,,,,,,,,,,,,,,,,,,,,,,,,,,,,,,,,,,,,,,,,,,,,,,,,,,,,,,,,,,,,,,,,,,,,
13.975699424743652,13649,1.1301347017288208,93,36.144309997558594,1.4253069162368774,0.6584977507591248,2069.905409729,1.398550271987915,1.6234699487686157,0.5974982380867004,2.662771224975586,90,2.310986280441284,33.89296340942383,49.85591506958008,2.4900856018066406,1776930268.2582593,0.4025017023086548,,,,,,,,,,,,,,,,,,,,,,,,,,,,,,,,,,,,,,,,,,,,,,,,,,,,,,,,,,,,,,,,,,,,,,,,,,,,,,,,,
14.036192893981934,13799,1.1481091976165771,94,35.880123138427734,1.4253402948379517,0.6605174541473389,2085.855625742,1.3995460271835327,1.6206517219543457,0.5938279032707214,2.702390432357788,91,2.2941651344299316,33.560970306396484,49.86687088012695,2.4942705631256104,1776930284.2084532,0.4061720669269562,,,,,,,,,,,,,,,,,,,,,,,,,,,,,,,,,,,,,,,,,,,,,,,,,,,,,,,,,,,,,,,,,,,,,,,,,,,,,,,,,
13.867391586303711,13949,1.1349842548370361,95,36.15924835205078,1.4174349308013916,0.6635245084762573,2101.694975159,1.394007682800293,1.6191222667694092,0.596163809299469,2.673804998397827,92,2.299307346343994,33.69081115722656,49.880889892578125,2.492457389831543,1776930300.04761,0.4038362205028534,,,,,,,,,,,,,,,,,,,,,,,,,,,,,,,,,,,,,,,,,,,,,,,,,,,,,,,,,,,,,,,,,,,,,,,,,,,,,,,,,
13.997336387634277,14099,1.1425447463989258,96,35.870460510253906,1.4348174333572388,0.6616750359535217,2117.547954197,1.4034948348999023,1.6331284046173096,0.5956321358680725,2.6894569396972656,93,2.2787699699401855,33.16720199584961,49.89558792114258,2.4974656105041504,1776930315.9008229,0.40436792373657227,,,,,,,,,,,,,,,,,,,,,,,,,,,,,,,,,,,,,,,,,,,,,,,,,,,,,,,,,,,,,,,,,,,,,,,,,,,,,,,,,
13.858893394470215,14249,1.1309056282043457,97,36.1338005065918,1.4187042713165283,0.6600341200828552,2133.42179635,1.4054328203201294,1.635301947593689,0.5960860252380371,2.665724992752075,94,2.3128232955932617,34.072322845458984,49.90830612182617,2.491889476776123,1776930331.7741628,0.4039139747619629,,,,,,,,,,,,,,,,,,,,,,,,,,,,,,,,,,,,,,,,,,,,,,,,,,,,,,,,,,,,,,,,,,,,,,,,,,,,,,,,,
14.170724868774414,14399,1.1328520774841309,98,36.309226989746094,1.4432095289230347,0.6627264618873596,2149.453029695,1.406745433807373,1.6485986709594727,0.5970770120620728,2.6686275005340576,95,2.332454204559326,33.74456787109375,49.92133712768555,2.5114500522613525,1776930347.8055577,0.40292292833328247,,,,,,,,,,,,,,,,,,,,,,,,,,,,,,,,,,,,,,,,,,,,,,,,,,,,,,,,,,,,,,,,,,,,,,,,,,,,,,,,,
14.111010551452637,14549,1.1346205472946167,99,36.07638931274414,1.4315481185913086,0.6672133207321167,2165.262631122,1.3988261222839355,1.623591423034668,0.5970911979675293,2.672149658203125,96,2.2943942546844482,33.44941711425781,49.932682037353516,2.503854274749756,1776930363.6153767,0.4029088020324707,,,,,,,,,,,,,,,,,,,,,,,,,,,,,,,,,,,,,,,,,,,,,,,,,,,,,,,,,,,,,,,,,,,,,,,,,,,,,,,,,
14.037006378173828,14699,1.133786916732788,100,35.992347717285156,1.4263486862182617,0.6657487750053406,2181.296232692,1.3978137969970703,1.616477370262146,0.597933292388916,2.6696407794952393,97,2.3084616661071777,33.50021743774414,49.942256927490234,2.499647855758667,1776930379.6489518,0.4020666778087616,,,,,,,,,,,,,,,,,,,,,,,,,,,,,,,,,,,,,,,,,,,,,,,,,,,,,,,,,,,,,,,,,,,,,,,,,,,,,,,,,
13.983867645263672,14849,1.1310734748840332,101,35.82455062866211,1.4256033897399902,0.6619245409965515,2197.242810378,1.4015361070632935,1.6214215755462646,0.5976142287254333,2.6645328998565674,98,2.290595293045044,33.39054870605469,49.953392028808594,2.4945623874664307,1776930395.5949996,0.4023858308792114,,,,,,,,,,,,,,,,,,,,,,,,,,,,,,,,,,,,,,,,,,,,,,,,,,,,,,,,,,,,,,,,,,,,,,,,,,,,,,,,,
,14999,,102,,,,2371.670140423,,,,,99,,,,,1776930570.0191455,,0.1668209433555603,0.7516248226165771,0.9970105886459351,13.863862991333008,3774165504.0,81.41608428955078,87.47246551513672,0.8369115591049194,5.583590507507324,0.4998437762260437,0.5632578134536743,0.5465750694274902,0.8671229481697083,0.8198138475418091,0.040338050574064255,601.160400390625,0.7258375287055969,0.015165084041655064,0.5616537928581238,0.1910540908575058,0.34020689129829407,0.0031312499195337296,0.9951624870300293,0.5553237199783325,0.13490624725818634,641.6312866210938,1157.72998046875,5.0,0.6310383081436157,0.31662076711654663,0.014118747785687447,0.8211578130722046,13.863862991333008,0.1461658924818039,632.5800170898438,0.8756006360054016,5.583590507507324,0.7116457223892212,0.17528750002384186,2.8830275535583496,6.7600547555557444e-15,0.9954806566238403,0.6895461678504944,0.9756187796592712,0.4927000403404236,0.004381250124424696,0.3280999958515167,0.7001513838768005,0.7647136449813843,0.8619219064712524,3.9473632695852245e-15,0.8989562392234802,230.12510681152344,0.6530875563621521,1236.0106201171875,0.7485452890396118,0.37453123927116394,1236.0106201171875,0.1531800478696823,592.3320922851562,0.9173269271850586,0.009206250309944153,0.639229953289032,1157.72998046875,2.8604769706726074,0.8989562392234802,0.024359747767448425,0.008693750016391277,0.924634575843811,0.5790114998817444,27.845718383789062,0.012046635150909424,0.11414136737585068,12.26394271850586,3.2499263286590576,0.6590360999107361,0.3215624988079071,13.425298690795898,26.576385498046875,212.87034606933594,0.025437502190470695
13.848953247070312,14999,1.1254404783248901,103,36.082359313964844,1.4121692180633545,0.6694990396499634,2373.305927748,1.3877923488616943,1.5986403226852417,0.5985103249549866,2.6523702144622803,99,2.3063459396362305,33.68547058105469,49.966209411621094,2.501554250717163,1776930571.6568315,0.40148958563804626,,,,,,,,,,,,,,,,,,,,,,,,,,,,,,,,,,,,,,,,,,,,,,,,,,,,,,,,,,,,,,,,,,,,,,,,,,,,,,,,,
13.964930534362793,15149,1.1297602653503418,104,36.0427360534668,1.4182847738265991,0.6647226810455322,2387.957677204,1.3966175317764282,1.6178539991378784,0.5989839434623718,2.660536527633667,100,2.3078227043151855,33.753929138183594,49.9724235534668,2.490933656692505,1776930586.3098955,0.4010160267353058,,,,,,,,,,,,,,,,,,,,,,,,,,,,,,,,,,,,,,,,,,,,,,,,,,,,,,,,,,,,,,,,,,,,,,,,,,,,,,,,,
13.871543884277344,15299,1.1183669567108154,105,36.15331268310547,1.4110134840011597,0.6649372577667236,2404.011157576,1.394053339958191,1.609100580215454,0.5982028245925903,2.63853120803833,101,2.2802395820617676,34.027259826660156,49.984413146972656,2.48940372467041,1776930602.3635206,0.4017971456050873,,,,,,,,,,,,,,,,,,,,,,,,,,,,,,,,,,,,,,,,,,,,,,,,,,,,,,,,,,,,,,,,,,,,,,,,,,,,,,,,,
14.01445484161377,15449,1.1341795921325684,106,36.18902587890625,1.4270999431610107,0.6648025512695312,2419.947286973,1.388664722442627,1.6186999082565308,0.597818911075592,2.6705403327941895,102,2.316622018814087,33.602298736572266,49.999088287353516,2.5119805335998535,1776930618.2998006,0.40218111872673035,,,,,,,,,,,,,,,,,,,,,,,,,,,,,,,,,,,,,,,,,,,,,,,,,,,,,,,,,,,,,,,,,,,,,,,,,,,,,,,,,
14.108868598937988,15599,1.1438353061676025,107,36.08353805541992,1.4312975406646729,0.6631540656089783,2435.913919201,1.4018430709838867,1.6264042854309082,0.5987182855606079,2.6889524459838867,103,2.3056249618530273,33.740631103515625,50.01272964477539,2.5002081394195557,1776930634.266677,0.40128177404403687,,,,,,,,,,,,,,,,,,,,,,,,,,,,,,,,,,,,,,,,,,,,,,,,,,,,,,,,,,,,,,,,,,,,,,,,,,,,,,,,,
13.937935829162598,15749,1.119955062866211,108,36.2166748046875,1.4194806814193726,0.6647895574569702,2452.023929093,1.3917031288146973,1.6081851720809937,0.5999325513839722,2.639977216720581,104,2.299149990081787,34.223846435546875,50.026939392089844,2.4907419681549072,1776930650.3766382,0.4000674784183502,,,,,,,,,,,,,,,,,,,,,,,,,,,,,,,,,,,,,,,,,,,,,,,,,,,,,,,,,,,,,,,,,,,,,,,,,,,,,,,,,
14.120057106018066,15899,1.139302372932434,109,35.84050369262695,1.4435001611709595,0.6624361276626587,2468.249895579,1.4020146131515503,1.6337871551513672,0.5981410145759583,2.6804637908935547,105,2.284418821334839,33.14735794067383,50.0354118347168,2.508035659790039,1776930666.6022005,0.401858925819397,,,,,,,,,,,,,,,,,,,,,,,,,,,,,,,,,,,,,,,,,,,,,,,,,,,,,,,,,,,,,,,,,,,,,,,,,,,,,,,,,
14.152853965759277,16049,1.1349493265151978,110,36.07537078857422,1.4423766136169434,0.6640345454216003,2484.390941506,1.4064674377441406,1.636950969696045,0.6005548238754272,2.669344186782837,106,2.3111982345581055,33.55709457397461,50.049537658691406,2.5077481269836426,1776930682.7436213,0.39944523572921753,,,,,,,,,,,,,,,,,,,,,,,,,,,,,,,,,,,,,,,,,,,,,,,,,,,,,,,,,,,,,,,,,,,,,,,,,,,,,,,,,
14.346477508544922,16199,1.1337860822677612,111,36.318397521972656,1.4554362297058105,0.6634275913238525,2500.303239423,1.407132863998413,1.6531656980514526,0.6001052856445312,2.667466878890991,107,2.3130714893341064,33.82628631591797,50.06208801269531,2.5147159099578857,1776930698.6560903,0.399894654750824,,,,,,,,,,,,,,,,,,,,,,,,,,,,,,,,,,,,,,,,,,,,,,,,,,,,,,,,,,,,,,,,,,,,,,,,,,,,,,,,,
14.299739837646484,16349,1.1444587707519531,112,36.341896057128906,1.4608333110809326,0.6620684266090393,2516.445656531,1.4046363830566406,1.6454267501831055,0.6004126667976379,2.688505172729492,108,2.339843988418579,34.22256088256836,50.075706481933594,2.5218400955200195,1776930714.7983708,0.39958739280700684,,,,,,,,,,,,,,,,,,,,,,,,,,,,,,,,,,,,,,,,,,,,,,,,,,,,,,,,,,,,,,,,,,,,,,,,,,,,,,,,,
14.234606742858887,16499,1.13628351688385,113,36.323524475097656,1.4487478733062744,0.6613664627075195,2532.310966869,1.406650185585022,1.643743634223938,0.5988197326660156,2.6737468242645264,109,2.31831955909729,34.33760070800781,50.08662414550781,2.521437406539917,1776930730.6637924,0.4011802077293396,,,,,,,,,,,,,,,,,,,,,,,,,,,,,,,,,,,,,,,,,,,,,,,,,,,,,,,,,,,,,,,,,,,,,,,,,,,,,,,,,
14.436057090759277,16649,1.1450468301773071,114,36.128936767578125,1.4577956199645996,0.6602004170417786,2548.375947454,1.409475564956665,1.6561061143875122,0.6005567312240601,2.689537525177002,110,2.315467119216919,33.56013488769531,50.09699630737305,2.523825168609619,1776930746.7286272,0.3994433283805847,,,,,,,,,,,,,,,,,,,,,,,,,,,,,,,,,,,,,,,,,,,,,,,,,,,,,,,,,,,,,,,,,,,,,,,,,,,,,,,,,
14.194157600402832,16799,1.1481006145477295,115,36.10948181152344,1.454477071762085,0.6610572338104248,2564.287027502,1.4114278554916382,1.660632610321045,0.6002296805381775,2.6959714889526367,111,2.3297557830810547,33.4760856628418,50.11116027832031,2.528686761856079,1776930762.638829,0.3997703790664673,,,,,,,,,,,,,,,,,,,,,,,,,,,,,,,,,,,,,,,,,,,,,,,,,,,,,,,,,,,,,,,,,,,,,,,,,,,,,,,,,
14.212713241577148,16949,1.1377599239349365,116,35.89015579223633,1.4518330097198486,0.6594467163085938,2580.257580154,1.4129996299743652,1.6507333517074585,0.6018939018249512,2.6736254692077637,112,2.282578229904175,33.25053787231445,50.122474670410156,2.506357192993164,1776930778.6100953,0.39810606837272644,,,,,,,,,,,,,,,,,,,,,,,,,,,,,,,,,,,,,,,,,,,,,,,,,,,,,,,,,,,,,,,,,,,,,,,,,,,,,,,,,
14.480810165405273,17099,1.150787115097046,117,36.102664947509766,1.472254753112793,0.6640567183494568,2596.16568031,1.413591742515564,1.6629104614257812,0.5993479490280151,2.7022266387939453,113,2.3144161701202393,33.232215881347656,50.13581085205078,2.536466360092163,1776930794.5185478,0.4006521701812744,,,,,,,,,,,,,,,,,,,,,,,,,,,,,,,,,,,,,,,,,,,,,,,,,,,,,,,,,,,,,,,,,,,,,,,,,,,,,,,,,
14.524026870727539,17249,1.148789405822754,118,36.33959197998047,1.4817590713500977,0.6603876352310181,2612.149267908,1.4172790050506592,1.6737449169158936,0.5985504388809204,2.699028253555298,114,2.34881591796875,34.04526901245117,50.14722442626953,2.5412003993988037,1776930810.5019448,0.4014495015144348,,,,,,,,,,,,,,,,,,,,,,,,,,,,,,,,,,,,,,,,,,,,,,,,,,,,,,,,,,,,,,,,,,,,,,,,,,,,,,,,,
14.512307167053223,17399,1.1542325019836426,119,36.27384948730469,1.4819862842559814,0.661660373210907,2628.05930894,1.4088886976242065,1.6680988073349,0.6012929677963257,2.70717191696167,115,2.292273998260498,33.27336120605469,50.15852737426758,2.530689239501953,1776930826.4117713,0.3987070322036743,,,,,,,,,,,,,,,,,,,,,,,,,,,,,,,,,,,,,,,,,,,,,,,,,,,,,,,,,,,,,,,,,,,,,,,,,,,,,,,,,
14.423504829406738,17549,1.143244743347168,120,36.22234344482422,1.4603271484375,0.6661112904548645,2644.177862943,1.407876968383789,1.6481075286865234,0.6011161208152771,2.685373306274414,116,2.347343921661377,33.84575653076172,50.16835403442383,2.5338799953460693,1776930842.5303006,0.3988839387893677,,,,,,,,,,,,,,,,,,,,,,,,,,,,,,,,,,,,,,,,,,,,,,,,,,,,,,,,,,,,,,,,,,,,,,,,,,,,,,,,,
14.266064643859863,17699,1.1447596549987793,121,36.379188537597656,1.4565870761871338,0.6629783511161804,2659.953183924,1.4067364931106567,1.6482847929000854,0.602389395236969,2.687129497528076,117,2.335724353790283,34.61213684082031,50.17876434326172,2.5274147987365723,1776930858.305733,0.3976106643676758,,,,,,,,,,,,,,,,,,,,,,,,,,,,,,,,,,,,,,,,,,,,,,,,,,,,,,,,,,,,,,,,,,,,,,,,,,,,,,,,,
14.24349594116211,17849,1.126644492149353,122,36.49248504638672,1.4462882280349731,0.6637393832206726,2675.753182167,1.4032150506973267,1.642487645149231,0.6018970012664795,2.6513915061950684,118,2.3308615684509277,34.34330368041992,50.19145965576172,2.5193331241607666,1776930874.1052387,0.3981030285358429,,,,,,,,,,,,,,,,,,,,,,,,,,,,,,,,,,,,,,,,,,,,,,,,,,,,,,,,,,,,,,,,,,,,,,,,,,,,,,,,,
14.4707670211792,17999,1.1278858184814453,123,36.66534423828125,1.4627686738967896,0.6605381965637207,2691.854253532,1.4114797115325928,1.6624749898910522,0.6013308167457581,2.6544408798217773,119,2.3206658363342285,34.9870491027832,50.200714111328125,2.528409242630005,1776930890.2066634,0.39866915345191956,,,,,,,,,,,,,,,,,,,,,,,,,,,,,,,,,,,,,,,,,,,,,,,,,,,,,,,,,,,,,,,,,,,,,,,,,,,,,,,,,
14.43710708618164,18149,1.1374369859695435,124,36.55249786376953,1.4740465879440308,0.6600246429443359,2707.889853702,1.411684513092041,1.669217824935913,0.6016342639923096,2.6732397079467773,120,2.3213627338409424,34.55582809448242,50.2086296081543,2.5268964767456055,1776930906.2424564,0.3983657956123352,,,,,,,,,,,,,,,,,,,,,,,,,,,,,,,,,,,,,,,,,,,,,,,,,,,,,,,,,,,,,,,,,,,,,,,,,,,,,,,,,
14.307307243347168,18299,1.1280115842819214,125,36.27314758300781,1.4546658992767334,0.6611701846122742,2723.9554939,1.4041433334350586,1.645247220993042,0.6024748086929321,2.6535484790802,121,2.313908815383911,34.08292770385742,50.21754837036133,2.5125739574432373,1776930922.308458,0.39752522110939026,,,,,,,,,,,,,,,,,,,,,,,,,,,,,,,,,,,,,,,,,,,,,,,,,,,,,,,,,,,,,,,,,,,,,,,,,,,,,,,,,
14.520606994628906,18449,1.1493581533432007,126,36.48181915283203,1.4768906831741333,0.6592714190483093,2739.885467027,1.413797378540039,1.6697182655334473,0.6012355089187622,2.6974806785583496,122,2.324392080307007,34.236976623535156,50.227317810058594,2.531587839126587,1776930938.237866,0.3987644910812378,,,,,,,,,,,,,,,,,,,,,,,,,,,,,,,,,,,,,,,,,,,,,,,,,,,,,,,,,,,,,,,,,,,,,,,,,,,,,,,,,
14.566597938537598,18599,1.1498847007751465,127,36.11064910888672,1.4815189838409424,0.6529749035835266,2755.8740878,1.4227721691131592,1.6801422834396362,0.598929762840271,2.7008399963378906,123,2.324524402618408,33.83238983154297,50.23798370361328,2.536818265914917,1776930954.226857,0.401070237159729,,,,,,,,,,,,,,,,,,,,,,,,,,,,,,,,,,,,,,,,,,,,,,,,,,,,,,,,,,,,,,,,,,,,,,,,,,,,,,,,,
,18749,,128,,,,2930.444195044,,,,,124,,,,,1776931128.7928586,,0.16852706670761108,0.7348226308822632,0.9969202876091003,13.901456832885742,3297808384.0,86.28307342529297,93.18604278564453,0.8286604881286621,5.573511123657227,0.5085312724113464,0.5569756627082825,0.5310698747634888,0.861291766166687,0.8031074404716492,0.04041289538145065,639.17041015625,0.7179476022720337,0.015181987546384335,0.5708795189857483,0.19123254716396332,0.33741891384124756,0.003087500110268593,0.9952436685562134,0.5350965261459351,0.1412937492132187,683.9818725585938,1231.7784423828125,5.0,0.617863655090332,0.30972743034362793,0.014674999751150608,0.8324047327041626,13.901456832885742,0.14326411485671997,674.162353515625,0.8764006495475769,5.573511123657227,0.703504204750061,0.17425000667572021,3.040445327758789,-3.522193387645034e-15,0.9923732876777649,0.6758903861045837,0.9756001234054565,0.49143123626708984,0.004856249783188105,0.326081246137619,0.6975430846214294,0.7519384622573853,0.8528432846069336,4.60514872763218e-15,0.897987425327301,245.10911560058594,0.6530312895774841,1317.8243408203125,0.7508450746536255,0.3732624650001526,1317.8243408203125,0.15340936183929443,629.5922241210938,0.9195669889450073,0.009200000204145908,0.6153375506401062,1231.7784423828125,2.99910306930542,0.897987425327301,0.02443191409111023,0.009537500329315662,0.9245268702507019,0.5804350972175598,29.612489700317383,0.012076420709490776,0.10973699390888214,12.249530792236328,3.902238368988037,0.6450475454330444,0.32685625553131104,13.367171287536621,28.131650924682617,225.69210815429688,0.025993749499320984
14.714213371276855,18749,1.1466221809387207,129,36.6405029296875,1.4943727254867554,0.6589890718460083,2931.995374531,1.4136921167373657,1.6851820945739746,0.6033288836479187,2.689915180206299,124,2.304971218109131,34.263362884521484,50.245391845703125,2.535130262374878,1776931130.346989,0.3966711163520813,,,,,,,,,,,,,,,,,,,,,,,,,,,,,,,,,,,,,,,,,,,,,,,,,,,,,,,,,,,,,,,,,,,,,,,,,,,,,,,,,
14.568990707397461,18899,1.142524242401123,130,36.445743560791016,1.4788787364959717,0.6608548164367676,2946.768512602,1.4169508218765259,1.6686389446258545,0.6021050810813904,2.682943105697632,125,2.3504722118377686,34.339263916015625,50.26025390625,2.5361833572387695,1776931145.1208208,0.39789488911628723,,,,,,,,,,,,,,,,,,,,,,,,,,,,,,,,,,,,,,,,,,,,,,,,,,,,,,,,,,,,,,,,,,,,,,,,,,,,,,,,,
14.36862850189209,19049,1.1377757787704468,131,36.5172004699707,1.4616925716400146,0.6675038933753967,2962.76936964,1.4048978090286255,1.6403343677520752,0.6020350456237793,2.6735165119171143,126,2.3423848152160645,34.802886962890625,50.27456283569336,2.533898115158081,1776931161.1215813,0.3979649543762207,,,,,,,,,,,,,,,,,,,,,,,,,,,,,,,,,,,,,,,,,,,,,,,,,,,,,,,,,,,,,,,,,,,,,,,,,,,,,,,,,
14.52088451385498,19199,1.142681360244751,132,36.4411735534668,1.4752321243286133,0.6657450795173645,2978.576095876,1.404831886291504,1.6543588638305664,0.6027029156684875,2.6826601028442383,127,2.303025960922241,33.808631896972656,50.283931732177734,2.5271522998809814,1776931176.9289315,0.39729711413383484,,,,,,,,,,,,,,,,,,,,,,,,,,,,,,,,,,,,,,,,,,,,,,,,,,,,,,,,,,,,,,,,,,,,,,,,,,,,,,,,,
14.559106826782227,19349,1.1511051654815674,133,36.194576263427734,1.4752581119537354,0.6622676253318787,2994.704270299,1.4145876169204712,1.6599793434143066,0.6001845002174377,2.7020254135131836,128,2.317253589630127,33.88582992553711,50.2967643737793,2.5381598472595215,1776931193.0563421,0.3998153805732727,,,,,,,,,,,,,,,,,,,,,,,,,,,,,,,,,,,,,,,,,,,,,,,,,,,,,,,,,,,,,,,,,,,,,,,,,,,,,,,,,
14.5667724609375,19499,1.1537989377975464,134,36.5262336730957,1.4841440916061401,0.6646826863288879,3010.755184672,1.4064091444015503,1.6636133193969727,0.6042896509170532,2.703307867050171,129,2.3041136264801025,34.16423034667969,50.30513000488281,2.5348503589630127,1776931209.1075897,0.395710289478302,,,,,,,,,,,,,,,,,,,,,,,,,,,,,,,,,,,,,,,,,,,,,,,,,,,,,,,,,,,,,,,,,,,,,,,,,,,,,,,,,
14.550782203674316,19649,1.1387341022491455,135,36.16606140136719,1.4707673788070679,0.6652824282646179,3026.895798976,1.4067203998565674,1.648522138595581,0.6035301685333252,2.673938274383545,130,2.343454360961914,33.66788101196289,50.315277099609375,2.533015251159668,1776931225.248486,0.3964698016643524,,,,,,,,,,,,,,,,,,,,,,,,,,,,,,,,,,,,,,,,,,,,,,,,,,,,,,,,,,,,,,,,,,,,,,,,,,,,,,,,,
14.706628799438477,19799,1.1528961658477783,136,36.22505569458008,1.4915236234664917,0.660269558429718,3042.741445529,1.4224324226379395,1.682979702949524,0.6015912890434265,2.7042007446289062,131,2.334650993347168,33.84161376953125,50.32487106323242,2.544215202331543,1776931241.0941446,0.3984087407588959,,,,,,,,,,,,,,,,,,,,,,,,,,,,,,,,,,,,,,,,,,,,,,,,,,,,,,,,,,,,,,,,,,,,,,,,,,,,,,,,,
14.71407413482666,19949,1.1485258340835571,137,36.3797607421875,1.492446780204773,0.6621498465538025,3058.827704958,1.417633295059204,1.6777758598327637,0.6027501821517944,2.6943013668060303,132,2.3071110248565674,34.117401123046875,50.339599609375,2.5435218811035156,1776931257.1802082,0.39724984765052795,,,,,,,,,,,,,,,,,,,,,,,,,,,,,,,,,,,,,,,,,,,,,,,,,,,,,,,,,,,,,,,,,,,,,,,,,,,,,,,,,
14.649080276489258,20099,1.1515138149261475,138,36.37934112548828,1.4888932704925537,0.6602703928947449,3074.705964801,1.4169522523880005,1.6785683631896973,0.6058847904205322,2.6971428394317627,133,2.3578648567199707,34.20173263549805,50.350379943847656,2.555454969406128,1776931273.0583262,0.3941153287887573,,,,,,,,,,,,,,,,,,,,,,,,,,,,,,,,,,,,,,,,,,,,,,,,,,,,,,,,,,,,,,,,,,,,,,,,,,,,,,,,,
14.83398151397705,20249,1.1555298566818237,139,36.70537185668945,1.4971684217453003,0.6598106026649475,3090.859486152,1.4150948524475098,1.690706491470337,0.6047670245170593,2.7062923908233643,134,2.3183555603027344,34.383445739746094,50.36027526855469,2.5531649589538574,1776931289.211693,0.39523303508758545,,,,,,,,,,,,,,,,,,,,,,,,,,,,,,,,,,,,,,,,,,,,,,,,,,,,,,,,,,,,,,,,,,,,,,,,,,,,,,,,,
14.704975128173828,20399,1.1470657587051392,140,36.437313079833984,1.4921073913574219,0.662242591381073,3106.797519547,1.413400411605835,1.6717548370361328,0.6032782793045044,2.6908533573150635,135,2.323002338409424,34.30771255493164,50.37116241455078,2.5428760051727295,1776931305.1503146,0.3967217206954956,,,,,,,,,,,,,,,,,,,,,,,,,,,,,,,,,,,,,,,,,,,,,,,,,,,,,,,,,,,,,,,,,,,,,,,,,,,,,,,,,
14.568296432495117,20549,1.1436336040496826,141,36.22394943237305,1.4839471578598022,0.6600087285041809,3122.81691526,1.413588047027588,1.661137342453003,0.603782057762146,2.6834850311279297,136,2.3773529529571533,34.219482421875,50.38204574584961,2.5509989261627197,1776931321.169465,0.3962179720401764,,,,,,,,,,,,,,,,,,,,,,,,,,,,,,,,,,,,,,,,,,,,,,,,,,,,,,,,,,,,,,,,,,,,,,,,,,,,,,,,,
14.69698715209961,20699,1.137130856513977,142,36.5136833190918,1.48249089717865,0.6636707186698914,3138.66105337,1.414737582206726,1.6754543781280518,0.6063725352287292,2.667889356613159,137,2.3321568965911865,34.11362838745117,50.390159606933594,2.5432066917419434,1776931337.0135324,0.39362749457359314,,,,,,,,,,,,,,,,,,,,,,,,,,,,,,,,,,,,,,,,,,,,,,,,,,,,,,,,,,,,,,,,,,,,,,,,,,,,,,,,,
14.688547134399414,20849,1.142224907875061,143,36.41413879394531,1.4839335680007935,0.660615861415863,3154.719833417,1.4195481538772583,1.6719872951507568,0.6049492955207825,2.6795005798339844,138,2.330875873565674,34.58941650390625,50.40350341796875,2.5395665168762207,1776931353.0727475,0.39505070447921753,,,,,,,,,,,,,,,,,,,,,,,,,,,,,,,,,,,,,,,,,,,,,,,,,,,,,,,,,,,,,,,,,,,,,,,,,,,,,,,,,
14.843087196350098,20999,1.1499375104904175,144,36.60224914550781,1.4985796213150024,0.6602135300636292,3170.541321908,1.4154671430587769,1.6830315589904785,0.6038559079170227,2.696018934249878,139,2.3306307792663574,34.40629959106445,50.414024353027344,2.551938772201538,1776931368.8939877,0.3961440324783325,,,,,,,,,,,,,,,,,,,,,,,,,,,,,,,,,,,,,,,,,,,,,,,,,,,,,,,,,,,,,,,,,,,,,,,,,,,,,,,,,
14.962194442749023,21149,1.1526665687561035,145,36.40145492553711,1.5095514059066772,0.6608734726905823,3186.534019599,1.418669581413269,1.6924633979797363,0.6041171550750732,2.7012157440185547,140,2.3243954181671143,33.678443908691406,50.421791076660156,2.554097890853882,1776931384.8862984,0.39588290452957153,,,,,,,,,,,,,,,,,,,,,,,,,,,,,,,,,,,,,,,,,,,,,,,,,,,,,,,,,,,,,,,,,,,,,,,,,,,,,,,,,
14.851153373718262,21299,1.1580287218093872,146,36.58358383178711,1.5102357864379883,0.6584513187408447,3202.379409987,1.4178866147994995,1.696333646774292,0.6028512120246887,2.7132062911987305,141,2.305279016494751,33.95488357543945,50.427734375,2.5494766235351562,1776931400.7319758,0.39714884757995605,,,,,,,,,,,,,,,,,,,,,,,,,,,,,,,,,,,,,,,,,,,,,,,,,,,,,,,,,,,,,,,,,,,,,,,,,,,,,,,,,
14.822141647338867,21449,1.1508777141571045,147,36.80967330932617,1.513919711112976,0.66260826587677,3218.390219223,1.417952299118042,1.6973885297775269,0.6037085056304932,2.698046922683716,142,2.325652837753296,34.40641784667969,50.43770217895508,2.5547618865966797,1776931416.7428677,0.3962915539741516,,,,,,,,,,,,,,,,,,,,,,,,,,,,,,,,,,,,,,,,,,,,,,,,,,,,,,,,,,,,,,,,,,,,,,,,,,,,,,,,,
14.974909782409668,21599,1.1571797132492065,148,36.926795959472656,1.538590669631958,0.6555491089820862,3234.20263811,1.4337379932403564,1.739305019378662,0.6047845482826233,2.7095749378204346,143,2.345062732696533,34.56486129760742,50.44841003417969,2.5736031532287598,1776931432.5553405,0.3952154517173767,,,,,,,,,,,,,,,,,,,,,,,,,,,,,,,,,,,,,,,,,,,,,,,,,,,,,,,,,,,,,,,,,,,,,,,,,,,,,,,,,
15.057393074035645,21749,1.177400827407837,149,36.541053771972656,1.5481928586959839,0.6516040563583374,3250.015398445,1.4401054382324219,1.7572427988052368,0.6023045182228088,2.7524969577789307,144,2.3115298748016357,33.27098846435547,50.460662841796875,2.5744435787200928,1776931448.3679647,0.3976955711841583,,,,,,,,,,,,,,,,,,,,,,,,,,,,,,,,,,,,,,,,,,,,,,,,,,,,,,,,,,,,,,,,,,,,,,,,,,,,,,,,,
14.729178428649902,21899,1.135188341140747,150,36.86589431762695,1.5035496950149536,0.6577596068382263,3266.127564169,1.4219454526901245,1.7014905214309692,0.6086885929107666,2.6616878509521484,145,2.3395607471466064,34.82082748413086,50.469581604003906,2.545088291168213,1776931464.4800718,0.3913114070892334,,,,,,,,,,,,,,,,,,,,,,,,,,,,,,,,,,,,,,,,,,,,,,,,,,,,,,,,,,,,,,,,,,,,,,,,,,,,,,,,,
14.854063987731934,22049,1.1521391868591309,151,36.885616302490234,1.5094244480133057,0.6609909534454346,3281.936073085,1.4188387393951416,1.6940765380859375,0.6053195595741272,2.698958396911621,146,2.3342912197113037,34.94308853149414,50.4771614074707,2.557426691055298,1776931480.288209,0.394680380821228,,,,,,,,,,,,,,,,,,,,,,,,,,,,,,,,,,,,,,,,,,,,,,,,,,,,,,,,,,,,,,,,,,,,,,,,,,,,,,,,,
14.946979522705078,22199,1.1536128520965576,152,36.898651123046875,1.519866704940796,0.6588248610496521,3297.975363318,1.42335045337677,1.7122308015823364,0.6061910390853882,2.7010345458984375,147,2.3298444747924805,34.82314682006836,50.48808288574219,2.5591068267822266,1776931496.3279016,0.39380893111228943,,,,,,,,,,,,,,,,,,,,,,,,,,,,,,,,,,,,,,,,,,,,,,,,,,,,,,,,,,,,,,,,,,,,,,,,,,,,,,,,,
14.88927173614502,22349,1.1371512413024902,153,36.95502471923828,1.50642728805542,0.6608282923698425,3313.804382375,1.4152319431304932,1.6902453899383545,0.6080120801925659,2.666290044784546,148,2.344358205795288,34.93483352661133,50.49773406982422,2.5561656951904297,1776931512.1568725,0.3919879198074341,,,,,,,,,,,,,,,,,,,,,,,,,,,,,,,,,,,,,,,,,,,,,,,,,,,,,,,,,,,,,,,,,,,,,,,,,,,,,,,,,
,22499,,154,,,,3489.048612213,,,,,149,,,,,1776931687.3974442,,0.16716600954532623,0.7457947731018066,0.9971597790718079,12.584404945373535,4651508736.0,87.01917266845703,93.83887481689453,0.8261102437973022,5.608413219451904,0.4947187602519989,0.5865575671195984,0.5727601051330566,0.8778494000434875,0.8182279467582703,0.03930370509624481,640.3980102539062,0.7336998581886292,0.01516464538872242,0.6014738082885742,0.19593693315982819,0.3497261703014374,0.003268750151619315,0.9952436685562134,0.5555027723312378,0.13416250050067902,686.8472900390625,1228.5286865234375,5.0,0.6406636238098145,0.30754268169403076,0.01438125129789114,0.8289238214492798,12.584404945373535,0.15102578699588776,676.0494995117188,0.8788363337516785,5.608413219451904,0.7200557589530945,0.1756875216960907,3.065751552581787,1.8205706039942093e-14,0.9929366111755371,0.6931345462799072,0.9753312468528748,0.4945562183856964,0.004662500228732824,0.3295750319957733,0.7140072584152222,0.7775188088417053,0.8667722940444946,5.752614096882214e-15,0.8968936204910278,246.73587036132812,0.6545374989509583,1314.5987548828125,0.7522201538085938,0.3759250342845917,1314.5987548828125,0.1559658795595169,630.6345825195312,0.9224600791931152,0.00916875060647726,0.6363202929496765,1228.5286865234375,3.0291895866394043,0.8968936204910278,0.024368541315197945,0.008750000037252903,0.9303040504455566,0.5872746706008911,30.18252944946289,0.012025265954434872,0.10962478071451187,12.305380821228027,3.8765525817871094,0.6696438789367676,0.3167312443256378,13.50168514251709,28.777692794799805,226.84642028808594,0.025943752378225327
15.059391975402832,22499,1.1564900875091553,155,36.58942794799805,1.5278089046478271,0.6605011224746704,3490.738583115,1.4284074306488037,1.7089430093765259,0.60560542345047,2.7073748111724854,149,2.3656091690063477,34.27999496459961,50.50975036621094,2.5769922733306885,1776931689.090519,0.39439457654953003,,,,,,,,,,,,,,,,,,,,,,,,,,,,,,,,,,,,,,,,,,,,,,,,,,,,,,,,,,,,,,,,,,,,,,,,,,,,,,,,,
15.160651206970215,22649,1.1667522192001343,156,36.55316925048828,1.5438153743743896,0.6555618047714233,3505.50822606,1.4352169036865234,1.7313668727874756,0.6062411069869995,2.7272629737854004,150,2.347532272338867,34.03987121582031,50.52157974243164,2.578033208847046,1776931703.8607678,0.3937588632106781,,,,,,,,,,,,,,,,,,,,,,,,,,,,,,,,,,,,,,,,,,,,,,,,,,,,,,,,,,,,,,,,,,,,,,,,,,,,,,,,,
15.065428733825684,22799,1.1665340662002563,157,36.743385314941406,1.5462368726730347,0.6573033332824707,3521.68813224,1.43547785282135,1.7330888509750366,0.604516863822937,2.7285513877868652,151,2.344510078430176,34.75785446166992,50.53291320800781,2.5792644023895264,1776931720.0406628,0.39548319578170776,,,,,,,,,,,,,,,,,,,,,,,,,,,,,,,,,,,,,,,,,,,,,,,,,,,,,,,,,,,,,,,,,,,,,,,,,,,,,,,,,
15.02393913269043,22949,1.1667311191558838,158,36.528629302978516,1.535485029220581,0.6549990177154541,3537.596949265,1.4345439672470093,1.7267042398452759,0.6055008172988892,2.727961540222168,152,2.318422317504883,34.037628173828125,50.543548583984375,2.5728721618652344,1776931735.9495127,0.39449918270111084,,,,,,,,,,,,,,,,,,,,,,,,,,,,,,,,,,,,,,,,,,,,,,,,,,,,,,,,,,,,,,,,,,,,,,,,,,,,,,,,,
14.959498405456543,23099,1.1496278047561646,159,36.66923522949219,1.5274876356124878,0.6593114733695984,3553.669814504,1.4290610551834106,1.7144330739974976,0.6062262654304504,2.6930289268493652,153,2.3378400802612305,34.34085464477539,50.553077697753906,2.570981502532959,1776931752.0225453,0.39377379417419434,,,,,,,,,,,,,,,,,,,,,,,,,,,,,,,,,,,,,,,,,,,,,,,,,,,,,,,,,,,,,,,,,,,,,,,,,,,,,,,,,
15.077786445617676,23249,1.1589871644973755,160,36.76380920410156,1.5351881980895996,0.6597408056259155,3569.722959411,1.4302133321762085,1.720606803894043,0.6076686382293701,2.710306167602539,154,2.318312406539917,34.34861373901367,50.56478500366211,2.569324493408203,1776931768.075731,0.39233142137527466,,,,,,,,,,,,,,,,,,,,,,,,,,,,,,,,,,,,,,,,,,,,,,,,,,,,,,,,,,,,,,,,,,,,,,,,,,,,,,,,,
15.016641616821289,23399,1.1533533334732056,161,36.88787078857422,1.5350725650787354,0.6546345949172974,3585.605076815,1.432220220565796,1.7313116788864136,0.6067948341369629,2.6999118328094482,155,2.3389108180999756,34.82422637939453,50.57533264160156,2.566744327545166,1776931783.9576356,0.3932051956653595,,,,,,,,,,,,,,,,,,,,,,,,,,,,,,,,,,,,,,,,,,,,,,,,,,,,,,,,,,,,,,,,,,,,,,,,,,,,,,,,,
15.046260833740234,23549,1.1628942489624023,162,36.835994720458984,1.5424884557724,0.6564954519271851,3601.587658752,1.4287807941436768,1.7326855659484863,0.6067819595336914,2.7190065383911133,156,2.340327262878418,34.15636444091797,50.57959747314453,2.577238082885742,1776931799.9403176,0.3932180106639862,,,,,,,,,,,,,,,,,,,,,,,,,,,,,,,,,,,,,,,,,,,,,,,,,,,,,,,,,,,,,,,,,,,,,,,,,,,,,,,,,
14.927606582641602,23699,1.1535743474960327,163,36.598358154296875,1.525439739227295,0.6555964946746826,3617.695111668,1.4242806434631348,1.7083861827850342,0.6074990034103394,2.6996495723724365,157,2.3213236331939697,34.343894958496094,50.589420318603516,2.556887149810791,1776931816.0475125,0.39250096678733826,,,,,,,,,,,,,,,,,,,,,,,,,,,,,,,,,,,,,,,,,,,,,,,,,,,,,,,,,,,,,,,,,,,,,,,,,,,,,,,,,
15.003592491149902,23849,1.1635074615478516,164,36.90388488769531,1.531119465827942,0.6587269306182861,3633.669756213,1.4236829280853271,1.7163902521133423,0.6074640154838562,2.7195510864257812,158,2.339637279510498,34.72556686401367,50.5995979309082,2.57300066947937,1776931832.0224502,0.392535924911499,,,,,,,,,,,,,,,,,,,,,,,,,,,,,,,,,,,,,,,,,,,,,,,,,,,,,,,,,,,,,,,,,,,,,,,,,,,,,,,,,
15.29144287109375,23999,1.1667317152023315,165,36.9920539855957,1.5574148893356323,0.6583890318870544,3649.701187231,1.4325370788574219,1.7450203895568848,0.6080941557884216,2.725369453430176,159,2.343609094619751,34.2346305847168,50.61024856567383,2.5777666568756104,1776931848.0536652,0.39190584421157837,,,,,,,,,,,,,,,,,,,,,,,,,,,,,,,,,,,,,,,,,,,,,,,,,,,,,,,,,,,,,,,,,,,,,,,,,,,,,,,,,
15.320829391479492,24149,1.1621935367584229,166,36.9582633972168,1.5569334030151367,0.6532137989997864,3665.708869012,1.4383068084716797,1.7520833015441895,0.6073348522186279,2.717052459716797,160,2.360051155090332,34.460845947265625,50.6165771484375,2.5830512046813965,1776931864.061497,0.39266520738601685,,,,,,,,,,,,,,,,,,,,,,,,,,,,,,,,,,,,,,,,,,,,,,,,,,,,,,,,,,,,,,,,,,,,,,,,,,,,,,,,,
15.305482864379883,24299,1.1650235652923584,167,36.897090911865234,1.5546475648880005,0.6556294560432434,3681.504149376,1.4371726512908936,1.7429810762405396,0.6066082715988159,2.7234385013580322,161,2.3471271991729736,34.58070755004883,50.62697219848633,2.584257125854492,1776931879.8570359,0.39339175820350647,,,,,,,,,,,,,,,,,,,,,,,,,,,,,,,,,,,,,,,,,,,,,,,,,,,,,,,,,,,,,,,,,,,,,,,,,,,,,,,,,
15.162094116210938,24449,1.1565639972686768,168,36.96036911010742,1.5447756052017212,0.6605343222618103,3697.612267518,1.433547019958496,1.7376941442489624,0.6073939800262451,2.7057340145111084,162,2.3595399856567383,34.27055740356445,50.635250091552734,2.5836877822875977,1776931895.9647486,0.39260604977607727,,,,,,,,,,,,,,,,,,,,,,,,,,,,,,,,,,,,,,,,,,,,,,,,,,,,,,,,,,,,,,,,,,,,,,,,,,,,,,,,,
15.161160469055176,24599,1.165920376777649,169,36.923858642578125,1.56080961227417,0.6606013178825378,3713.433841952,1.432867407798767,1.7459510564804077,0.6087247729301453,2.723116874694824,163,2.3056559562683105,34.09599304199219,50.64533233642578,2.5832090377807617,1776931911.7865438,0.39127522706985474,,,,,,,,,,,,,,,,,,,,,,,,,,,,,,,,,,,,,,,,,,,,,,,,,,,,,,,,,,,,,,,,,,,,,,,,,,,,,,,,,
15.159688949584961,24749,1.1654856204986572,170,36.638004302978516,1.5562173128128052,0.6541021466255188,3729.601521092,1.4356663227081299,1.7432347536087036,0.6063191294670105,2.724652051925659,164,2.3169243335723877,33.82978057861328,50.656097412109375,2.5760371685028076,1776931927.95421,0.39368095993995667,,,,,,,,,,,,,,,,,,,,,,,,,,,,,,,,,,,,,,,,,,,,,,,,,,,,,,,,,,,,,,,,,,,,,,,,,,,,,,,,,
15.062935829162598,24899,1.157291293144226,171,37.030765533447266,1.541953444480896,0.6610983610153198,3745.511650687,1.4269051551818848,1.7263846397399902,0.608468234539032,2.7061142921447754,165,2.3719642162323,34.778541564941406,50.664974212646484,2.593817710876465,1776931943.8642364,0.3915318250656128,,,,,,,,,,,,,,,,,,,,,,,,,,,,,,,,,,,,,,,,,,,,,,,,,,,,,,,,,,,,,,,,,,,,,,,,,,,,,,,,,
15.204145431518555,25049,1.1727255582809448,172,37.2418212890625,1.5641206502914429,0.6522325277328491,3761.44327978,1.4379615783691406,1.7704330682754517,0.6080516576766968,2.7374000549316406,166,2.3205580711364746,34.853336334228516,50.6733283996582,2.5857176780700684,1776931959.7958868,0.39194831252098083,,,,,,,,,,,,,,,,,,,,,,,,,,,,,,,,,,,,,,,,,,,,,,,,,,,,,,,,,,,,,,,,,,,,,,,,,,,,,,,,,
15.326058387756348,25199,1.1784095764160156,173,36.995479583740234,1.5698527097702026,0.6541604399681091,3777.283697723,1.4418050050735474,1.7688851356506348,0.6073984503746033,2.7494208812713623,167,2.370152235031128,34.55828857421875,50.68362045288086,2.6070518493652344,1776931975.6366687,0.39260154962539673,,,,,,,,,,,,,,,,,,,,,,,,,,,,,,,,,,,,,,,,,,,,,,,,,,,,,,,,,,,,,,,,,,,,,,,,,,,,,,,,,
15.304605484008789,25349,1.1650532484054565,174,36.901798248291016,1.5507131814956665,0.6578730344772339,3793.179728051,1.4314723014831543,1.7292470932006836,0.6078872680664062,2.722219228744507,168,2.355797052383423,34.87996292114258,50.696292877197266,2.591853618621826,1776931991.5319967,0.3921127915382385,,,,,,,,,,,,,,,,,,,,,,,,,,,,,,,,,,,,,,,,,,,,,,,,,,,,,,,,,,,,,,,,,,,,,,,,,,,,,,,,,
15.158282279968262,25499,1.1625601053237915,175,36.99934005737305,1.5602070093154907,0.655349612236023,3809.206619952,1.432337760925293,1.7489370107650757,0.607564389705658,2.7175557613372803,169,2.345442771911621,34.354095458984375,50.706172943115234,2.5906975269317627,1776932007.5592525,0.39243564009666443,,,,,,,,,,,,,,,,,,,,,,,,,,,,,,,,,,,,,,,,,,,,,,,,,,,,,,,,,,,,,,,,,,,,,,,,,,,,,,,,,
15.146991729736328,25649,1.1670054197311401,176,36.747535705566406,1.5421990156173706,0.6605095863342285,3825.084791223,1.428669810295105,1.7211458683013916,0.6071048974990845,2.7269058227539062,170,2.3524398803710938,34.38228988647461,50.717620849609375,2.5824356079101562,1776932023.437229,0.39289507269859314,,,,,,,,,,,,,,,,,,,,,,,,,,,,,,,,,,,,,,,,,,,,,,,,,,,,,,,,,,,,,,,,,,,,,,,,,,,,,,,,,
15.193509101867676,25799,1.1625057458877563,177,36.74574661254883,1.5489580631256104,0.6566336154937744,3841.158395949,1.4365224838256836,1.7323118448257446,0.608601987361908,2.716409921646118,171,2.324944496154785,34.3592643737793,50.727840423583984,2.5802760124206543,1776932039.510547,0.3913981020450592,,,,,,,,,,,,,,,,,,,,,,,,,,,,,,,,,,,,,,,,,,,,,,,,,,,,,,,,,,,,,,,,,,,,,,,,,,,,,,,,,
15.2957763671875,25949,1.1707265377044678,178,36.958499908447266,1.553288459777832,0.654513418674469,3857.055612999,1.435537576675415,1.7407926321029663,0.6074028015136719,2.7340500354766846,172,2.379756450653076,34.94793701171875,50.74016189575195,2.6015872955322266,1776932055.407985,0.3925971984863281,,,,,,,,,,,,,,,,,,,,,,,,,,,,,,,,,,,,,,,,,,,,,,,,,,,,,,,,,,,,,,,,,,,,,,,,,,,,,,,,,
15.192404747009277,26099,1.1738641262054443,179,37.05852127075195,1.5498906373977661,0.6572780609130859,3873.021018704,1.4328358173370361,1.7405775785446167,0.6080806255340576,2.7396481037139893,173,2.3559813499450684,34.95543670654297,50.75183868408203,2.5905354022979736,1776932071.3738286,0.39191934466362,,,,,,,,,,,,,,,,,,,,,,,,,,,,,,,,,,,,,,,,,,,,,,,,,,,,,,,,,,,,,,,,,,,,,,,,,,,,,,,,,
,26249,,180,,,,4047.007493704,,,,,174,,,,,1776932245.3563366,,0.1572602242231369,0.750582218170166,0.9970065355300903,14.309412002563477,12449416192.0,88.32886505126953,94.99948120117188,0.8471505045890808,5.592392444610596,0.49573129415512085,0.5619407892227173,0.5666276216506958,0.8818427920341492,0.8234903216362,0.03792399913072586,649.2756958007812,0.7332481145858765,0.015122451819479465,0.5908715724945068,0.1950220912694931,0.3441300690174103,0.003331249812617898,0.995237410068512,0.5522580146789551,0.13466249406337738,694.0162353515625,1246.5198974609375,5.0,0.6569527983665466,0.3009342849254608,0.014425001107156277,0.8360111117362976,14.309412002563477,0.14914391934871674,683.5151977539062,0.8827851414680481,5.592392444610596,0.7197328209877014,0.17592500150203705,3.138772964477539,3.1632140483350835e-15,0.9900385141372681,0.7039472460746765,0.9756812453269958,0.4946187138557434,0.004550000187009573,0.33067500591278076,0.6927775740623474,0.7649350166320801,0.870949387550354,1.095304402731756e-14,0.8993874192237854,248.88002014160156,0.6539562344551086,1327.08349609375,0.7493456602096558,0.377043753862381,1327.08349609375,0.14906464517116547,639.1200561523438,0.9261838793754578,0.008999999612569809,0.6421515345573425,1246.5198974609375,3.0870354175567627,0.8993874192237854,0.02426750771701336,0.009343749843537807,0.9307337999343872,0.5854150056838989,30.14461898803711,0.011999903246760368,0.10715460777282715,12.340042114257812,4.139768123626709,0.6669405698776245,0.3160562515258789,13.455780982971191,28.80476188659668,228.16482543945312,0.02633124776184559
15.133838653564453,26249,1.165743112564087,181,36.9019775390625,1.5537376403808594,0.6574891805648804,4048.564131838,1.4337197542190552,1.7441704273223877,0.6094935536384583,2.721992015838623,174,2.3535475730895996,34.43001174926758,50.762359619140625,2.592390298843384,1776932246.915819,0.390506386756897,,,,,,,,,,,,,,,,,,,,,,,,,,,,,,,,,,,,,,,,,,,,,,,,,,,,,,,,,,,,,,,,,,,,,,,,,,,,,,,,,
15.097066879272461,26399,1.1836613416671753,182,36.7264289855957,1.567257285118103,0.6482534408569336,4063.411850775,1.453067660331726,1.7795790433883667,0.6025429964065552,2.764779567718506,175,2.3327829837799072,34.07484436035156,50.770545959472656,2.6026337146759033,1776932261.7645895,0.39745694398880005,,,,,,,,,,,,,,,,,,,,,,,,,,,,,,,,,,,,,,,,,,,,,,,,,,,,,,,,,,,,,,,,,,,,,,,,,,,,,,,,,
15.263201713562012,26549,1.1689810752868652,183,37.21486282348633,1.573779821395874,0.6548927426338196,4079.565861416,1.4469902515411377,1.776975393295288,0.6104807257652283,2.7274818420410156,176,2.354099750518799,35.08910369873047,50.78281784057617,2.595249891281128,1776932277.9187896,0.38951924443244934,,,,,,,,,,,,,,,,,,,,,,,,,,,,,,,,,,,,,,,,,,,,,,,,,,,,,,,,,,,,,,,,,,,,,,,,,,,,,,,,,
15.353578567504883,26699,1.1729028224945068,184,37.02645492553711,1.5728188753128052,0.653642475605011,4095.490163208,1.4412734508514404,1.7666891813278198,0.6089176535606384,2.7368879318237305,177,2.3331830501556396,34.46987533569336,50.79033279418945,2.594694137573242,1776932293.8426566,0.3910823464393616,,,,,,,,,,,,,,,,,,,,,,,,,,,,,,,,,,,,,,,,,,,,,,,,,,,,,,,,,,,,,,,,,,,,,,,,,,,,,,,,,
15.324053764343262,26849,1.1745985746383667,185,37.1222038269043,1.570246934890747,0.655569314956665,4111.634690958,1.4419667720794678,1.7588897943496704,0.6096994280815125,2.7394981384277344,178,2.3502089977264404,34.93332290649414,50.79618835449219,2.5887250900268555,1776932309.9871619,0.3903006911277771,,,,,,,,,,,,,,,,,,,,,,,,,,,,,,,,,,,,,,,,,,,,,,,,,,,,,,,,,,,,,,,,,,,,,,,,,,,,,,,,,
15.435519218444824,26999,1.1727272272109985,186,37.00973129272461,1.5776299238204956,0.655022144317627,4127.450032931,1.4407050609588623,1.7705821990966797,0.6091539263725281,2.736300230026245,179,2.3312273025512695,34.224754333496094,50.80370330810547,2.5963945388793945,1776932325.8022256,0.39084601402282715,,,,,,,,,,,,,,,,,,,,,,,,,,,,,,,,,,,,,,,,,,,,,,,,,,,,,,,,,,,,,,,,,,,,,,,,,,,,,,,,,
15.526139259338379,27149,1.1843621730804443,187,37.33866500854492,1.5912195444107056,0.6537065505981445,4143.432535493,1.4434800148010254,1.7838513851165771,0.6112290024757385,2.757495403289795,180,2.338405132293701,35.121707916259766,50.814964294433594,2.613265037536621,1776932341.7851489,0.3887711465358734,,,,,,,,,,,,,,,,,,,,,,,,,,,,,,,,,,,,,,,,,,,,,,,,,,,,,,,,,,,,,,,,,,,,,,,,,,,,,,,,,
15.442899703979492,27299,1.1688731908798218,188,37.13905715942383,1.5790139436721802,0.6534400582313538,4159.297433569,1.4453798532485962,1.7704471349716187,0.6092785000801086,2.728468179702759,181,2.358372449874878,35.123783111572266,50.82533264160156,2.606144666671753,1776932357.6498804,0.3907215893268585,,,,,,,,,,,,,,,,,,,,,,,,,,,,,,,,,,,,,,,,,,,,,,,,,,,,,,,,,,,,,,,,,,,,,,,,,,,,,,,,,
15.489043235778809,27449,1.1752337217330933,189,37.151763916015625,1.5881940126419067,0.6531225442886353,4175.264518442,1.442729115486145,1.7771271467208862,0.6088915467262268,2.7415754795074463,182,2.356206178665161,34.5828971862793,50.834228515625,2.609468698501587,1776932373.617366,0.3911084532737732,,,,,,,,,,,,,,,,,,,,,,,,,,,,,,,,,,,,,,,,,,,,,,,,,,,,,,,,,,,,,,,,,,,,,,,,,,,,,,,,,
15.587730407714844,27599,1.1899123191833496,190,36.939186096191406,1.5996595621109009,0.6500840783119202,4191.180922426,1.4568934440612793,1.7951812744140625,0.6062095761299133,2.7736151218414307,183,2.3553895950317383,34.21732711791992,50.845359802246094,2.6154675483703613,1776932389.533459,0.39379048347473145,,,,,,,,,,,,,,,,,,,,,,,,,,,,,,,,,,,,,,,,,,,,,,,,,,,,,,,,,,,,,,,,,,,,,,,,,,,,,,,,,
15.682806015014648,27749,1.182209849357605,191,37.3663215637207,1.6000984907150269,0.6501288414001465,4207.227659567,1.4513392448425293,1.8050172328948975,0.6103752255439758,2.754045009613037,184,2.3549318313598633,34.80727767944336,50.85264205932617,2.6205873489379883,1776932405.5800433,0.38962483406066895,,,,,,,,,,,,,,,,,,,,,,,,,,,,,,,,,,,,,,,,,,,,,,,,,,,,,,,,,,,,,,,,,,,,,,,,,,,,,,,,,
15.529326438903809,27899,1.1826262474060059,192,37.1929817199707,1.6049703359603882,0.6489810943603516,4222.968372258,1.4500117301940918,1.8038418292999268,0.6085484027862549,2.756704330444336,185,2.349961996078491,34.3061408996582,50.85722732543945,2.6205241680145264,1776932421.3210452,0.3914516270160675,,,,,,,,,,,,,,,,,,,,,,,,,,,,,,,,,,,,,,,,,,,,,,,,,,,,,,,,,,,,,,,,,,,,,,,,,,,,,,,,,
15.528510093688965,28049,1.1815623044967651,193,36.9890251159668,1.5928144454956055,0.6551811695098877,4238.805402342,1.4461528062820435,1.781274437904358,0.6088510751724243,2.7542734146118164,186,2.3578288555145264,33.97312927246094,50.86457824707031,2.62001371383667,1776932437.1583405,0.3911489248275757,,,,,,,,,,,,,,,,,,,,,,,,,,,,,,,,,,,,,,,,,,,,,,,,,,,,,,,,,,,,,,,,,,,,,,,,,,,,,,,,,
15.604864120483398,28199,1.1870187520980835,194,37.26956558227539,1.5926330089569092,0.6540088653564453,4255.029388904,1.4493118524551392,1.7919347286224365,0.6093146204948425,2.764723062515259,187,2.355160713195801,34.46967315673828,50.87529754638672,2.6188724040985107,1776932453.382221,0.39068543910980225,,,,,,,,,,,,,,,,,,,,,,,,,,,,,,,,,,,,,,,,,,,,,,,,,,,,,,,,,,,,,,,,,,,,,,,,,,,,,,,,,
15.517485618591309,28349,1.1852589845657349,195,37.0926399230957,1.5978268384933472,0.6543983817100525,4270.881320027,1.4499591588974,1.7872885465621948,0.6108193397521973,2.7596986293792725,188,2.3503072261810303,34.60762405395508,50.88627624511719,2.6159238815307617,1776932469.23391,0.3891806900501251,,,,,,,,,,,,,,,,,,,,,,,,,,,,,,,,,,,,,,,,,,,,,,,,,,,,,,,,,,,,,,,,,,,,,,,,,,,,,,,,,
15.744953155517578,28499,1.1824082136154175,196,37.43239974975586,1.606863260269165,0.6538965702056885,4286.892339056,1.4474674463272095,1.7997347116470337,0.6112842559814453,2.7535319328308105,189,2.362175703048706,34.88228988647461,50.89596176147461,2.617945432662964,1776932485.245334,0.3887156844139099,,,,,,,,,,,,,,,,,,,,,,,,,,,,,,,,,,,,,,,,,,,,,,,,,,,,,,,,,,,,,,,,,,,,,,,,,,,,,,,,,
15.726900100708008,28649,1.1804322004318237,197,37.013729095458984,1.6096192598342896,0.6546506285667419,4302.750426905,1.4459129571914673,1.789338231086731,0.6098878383636475,2.750976324081421,190,2.351322889328003,33.861328125,50.902103424072266,2.6257712841033936,1776932501.1027648,0.39011210203170776,,,,,,,,,,,,,,,,,,,,,,,,,,,,,,,,,,,,,,,,,,,,,,,,,,,,,,,,,,,,,,,,,,,,,,,,,,,,,,,,,
15.616557121276855,28799,1.1801502704620361,198,37.24591827392578,1.5958420038223267,0.653368353843689,4318.981762406,1.4480491876602173,1.7917355298995972,0.6092982292175293,2.751002311706543,191,2.365807056427002,34.551918029785156,50.912410736083984,2.623342514038086,1776932517.3345318,0.3907017111778259,,,,,,,,,,,,,,,,,,,,,,,,,,,,,,,,,,,,,,,,,,,,,,,,,,,,,,,,,,,,,,,,,,,,,,,,,,,,,,,,,
15.67070484161377,28949,1.1837449073791504,199,37.232295989990234,1.5986367464065552,0.6551353931427002,4334.757620365,1.4478012323379517,1.7848329544067383,0.6113694310188293,2.7561206817626953,192,2.3607282638549805,34.9351806640625,50.9207649230957,2.6192128658294678,1776932533.1103334,0.38863062858581543,,,,,,,,,,,,,,,,,,,,,,,,,,,,,,,,,,,,,,,,,,,,,,,,,,,,,,,,,,,,,,,,,,,,,,,,,,,,,,,,,
15.679497718811035,29099,1.1847094297409058,200,37.079071044921875,1.6060199737548828,0.6532662510871887,4350.777194416,1.4460862874984741,1.7897106409072876,0.6092574596405029,2.7601611614227295,193,2.3458452224731445,34.54176712036133,50.931602478027344,2.621563673019409,1776932549.129744,0.3907425105571747,,,,,,,,,,,,,,,,,,,,,,,,,,,,,,,,,,,,,,,,,,,,,,,,,,,,,,,,,,,,,,,,,,,,,,,,,,,,,,,,,
15.473113059997559,29249,1.180249571800232,201,37.04376983642578,1.595000147819519,0.6553694009780884,4366.574112689,1.4474998712539673,1.7805202007293701,0.6132287383079529,2.7472710609436035,194,2.3527660369873047,34.498374938964844,50.94007873535156,2.6133370399475098,1776932564.926841,0.3867712914943695,,,,,,,,,,,,,,,,,,,,,,,,,,,,,,,,,,,,,,,,,,,,,,,,,,,,,,,,,,,,,,,,,,,,,,,,,,,,,,,,,
15.545967102050781,29399,1.1723179817199707,202,36.981998443603516,1.5868852138519287,0.6535883545875549,4382.533304799,1.4505863189697266,1.7817062139511108,0.6107843518257141,2.733851194381714,195,2.3563525676727295,34.49427795410156,50.94987106323242,2.6098239421844482,1776932580.886146,0.3892156481742859,,,,,,,,,,,,,,,,,,,,,,,,,,,,,,,,,,,,,,,,,,,,,,,,,,,,,,,,,,,,,,,,,,,,,,,,,,,,,,,,,
15.425302505493164,29549,1.1693893671035767,203,37.007999420166016,1.5858434438705444,0.6522133946418762,4398.292298482,1.4484730958938599,1.784900188446045,0.6128249764442444,2.7259535789489746,196,2.3579139709472656,34.350746154785156,50.958984375,2.598585367202759,1776932596.6450365,0.387175053358078,,,,,,,,,,,,,,,,,,,,,,,,,,,,,,,,,,,,,,,,,,,,,,,,,,,,,,,,,,,,,,,,,,,,,,,,,,,,,,,,,
15.552135467529297,29699,1.1711992025375366,204,37.164466857910156,1.5974622964859009,0.6532467603683472,4414.302753,1.446672797203064,1.7822774648666382,0.6117959022521973,2.730602502822876,197,2.375288963317871,34.716888427734375,50.96745300292969,2.620126247406006,1776932612.6556168,0.3882041275501251,,,,,,,,,,,,,,,,,,,,,,,,,,,,,,,,,,,,,,,,,,,,,,,,,,,,,,,,,,,,,,,,,,,,,,,,,,,,,,,,,
15.516244888305664,29849,1.1881498098373413,205,37.21448516845703,1.597393274307251,0.6550159454345703,4430.280580882,1.4451295137405396,1.787265419960022,0.6126662492752075,2.7636334896087646,198,2.3615591526031494,34.57109832763672,50.97733688354492,2.617483615875244,1776932628.633353,0.3873337507247925,,,,,,,,,,,,,,,,,,,,,,,,,,,,,,,,,,,,,,,,,,,,,,,,,,,,,,,,,,,,,,,,,,,,,,,,,,,,,,,,,
,29999,,206,,,,4603.776880544,,,,,199,,,,,1776932802.125868,,0.15641643106937408,0.7443945407867432,0.9969440698623657,15.466951370239258,812313920.0,97.84435272216797,105.86437225341797,0.8316056132316589,5.591803550720215,0.4880687892436981,0.5664038062095642,0.5729897022247314,0.8889108896255493,0.8174573183059692,0.03672464191913605,720.69970703125,0.7325878143310547,0.015140729025006294,0.5958218574523926,0.1937839388847351,0.34742361307144165,0.0029750000685453415,0.9952250123023987,0.5570043325424194,0.12816250324249268,773.1655883789062,1387.177734375,5.0,0.6577507257461548,0.28729957342147827,0.013493748381733894,0.8342348337173462,15.466951370239258,0.15006767213344574,761.1830444335938,0.8904569745063782,5.591803550720215,0.7186864614486694,0.17441874742507935,3.523801326751709,3.530867005024918e-15,0.9967125058174133,0.6827276945114136,0.9753875136375427,0.49219995737075806,0.00455624982714653,0.32976874709129333,0.6993000507354736,0.7590429186820984,0.8780668377876282,1.2027759430793816e-14,0.8983187675476074,277.8569030761719,0.6514437198638916,1484.036865234375,0.7505315542221069,0.3745437264442444,1484.036865234375,0.15147100389003754,709.6688842773438,0.9330175518989563,0.008606250397861004,0.630115807056427,1387.177734375,3.5236992835998535,0.8983187675476074,0.024354441091418266,0.008574999868869781,0.9374479055404663,0.5931445360183716,33.52729797363281,0.011973768472671509,0.10095202922821045,12.391677856445312,5.489596366882324,0.6580920815467834,0.3037562370300293,13.503273963928223,32.03248596191406,255.03199768066406,0.024793747812509537
15.849934577941895,29999,1.1901438236236572,207,37.104251861572266,1.6139909029006958,0.6519694328308105,4605.638284739,1.4591765403747559,1.8080193996429443,0.6111354827880859,2.7691524028778076,199,2.3365628719329834,34.57249450683594,50.98350524902344,2.6214981079101562,1776932803.9903083,0.3888644874095917,,,,,,,,,,,,,,,,,,,,,,,,,,,,,,,,,,,,,,,,,,,,,,,,,,,,,,,,,,,,,,,,,,,,,,,,,,,,,,,,,
15.797316551208496,30149,1.1878643035888672,208,37.160667419433594,1.6140105724334717,0.6505346894264221,4620.308720791,1.454207181930542,1.801775336265564,0.610994279384613,2.7647342681884766,200,2.3533411026000977,34.42540740966797,50.99440002441406,2.627617359161377,1776932818.6606448,0.38900575041770935,,,,,,,,,,,,,,,,,,,,,,,,,,,,,,,,,,,,,,,,,,,,,,,,,,,,,,,,,,,,,,,,,,,,,,,,,,,,,,,,,
15.712462425231934,30299,1.1888444423675537,209,37.264652252197266,1.6282459497451782,0.6489852666854858,4636.248624694,1.460689902305603,1.822622537612915,0.612139105796814,2.765549898147583,201,2.368136405944824,34.618507385253906,51.00274658203125,2.641850471496582,1776932834.601268,0.3878609240055084,,,,,,,,,,,,,,,,,,,,,,,,,,,,,,,,,,,,,,,,,,,,,,,,,,,,,,,,,,,,,,,,,,,,,,,,,,,,,,,,,
15.743860244750977,30449,1.1748801469802856,210,37.14738464355469,1.6220998764038086,0.6500979065895081,4652.223683151,1.4578092098236084,1.8116666078567505,0.6130456328392029,2.7367148399353027,202,2.333926200866699,34.39812088012695,51.01066207885742,2.6076765060424805,1776932850.5764635,0.3869543969631195,,,,,,,,,,,,,,,,,,,,,,,,,,,,,,,,,,,,,,,,,,,,,,,,,,,,,,,,,,,,,,,,,,,,,,,,,,,,,,,,,
15.584463119506836,30599,1.1810106039047241,211,37.25444412231445,1.6133203506469727,0.6508739590644836,4667.932960775,1.4595820903778076,1.8172162771224976,0.6120712757110596,2.7499494552612305,203,2.370239734649658,34.97842788696289,51.02084732055664,2.635204792022705,1776932866.2857058,0.38792872428894043,,,,,,,,,,,,,,,,,,,,,,,,,,,,,,,,,,,,,,,,,,,,,,,,,,,,,,,,,,,,,,,,,,,,,,,,,,,,,,,,,
16.00837516784668,30749,1.19983971118927,212,37.11280059814453,1.6298164129257202,0.6505686640739441,4683.933830668,1.4571380615234375,1.8173956871032715,0.6109760999679565,2.788703203201294,204,2.3650074005126953,33.98724365234375,51.02971267700195,2.639587163925171,1776932882.2860906,0.389024019241333,,,,,,,,,,,,,,,,,,,,,,,,,,,,,,,,,,,,,,,,,,,,,,,,,,,,,,,,,,,,,,,,,,,,,,,,,,,,,,,,,
15.956661224365234,30899,1.1900711059570312,213,37.0440559387207,1.6275519132614136,0.6509063243865967,4699.780456173,1.4616361856460571,1.816992163658142,0.6114450097084045,2.768697500228882,205,2.3608882427215576,34.036041259765625,51.040611267089844,2.632981061935425,1776932898.1329706,0.38855502009391785,,,,,,,,,,,,,,,,,,,,,,,,,,,,,,,,,,,,,,,,,,,,,,,,,,,,,,,,,,,,,,,,,,,,,,,,,,,,,,,,,
15.926854133605957,31049,1.1883200407028198,214,37.262699127197266,1.6240853071212769,0.6513127684593201,4715.994786202,1.4557404518127441,1.811917781829834,0.6125186681747437,2.7641215324401855,206,2.348475694656372,34.53370666503906,51.046546936035156,2.6297738552093506,1776932914.347623,0.3874812722206116,,,,,,,,,,,,,,,,,,,,,,,,,,,,,,,,,,,,,,,,,,,,,,,,,,,,,,,,,,,,,,,,,,,,,,,,,,,,,,,,,
15.737549781799316,31199,1.19455087184906,215,37.2896614074707,1.6118431091308594,0.6526126861572266,4731.829103203,1.4531673192977905,1.8034414052963257,0.6079490780830383,2.7811529636383057,207,2.3578667640686035,34.87532424926758,51.05445861816406,2.634446382522583,1776932930.1812842,0.39205095171928406,,,,,,,,,,,,,,,,,,,,,,,,,,,,,,,,,,,,,,,,,,,,,,,,,,,,,,,,,,,,,,,,,,,,,,,,,,,,,,,,,
15.986088752746582,31349,1.1951590776443481,216,37.44783020019531,1.6445330381393433,0.6468302607536316,4747.61562806,1.4624924659729004,1.847898006439209,0.6114736795425415,2.7788443565368652,208,2.36185359954834,34.58932113647461,51.0632438659668,2.6433069705963135,1776932945.9683733,0.3885262906551361,,,,,,,,,,,,,,,,,,,,,,,,,,,,,,,,,,,,,,,,,,,,,,,,,,,,,,,,,,,,,,,,,,,,,,,,,,,,,,,,,
15.93001937866211,31499,1.1972315311431885,217,37.32696533203125,1.6333667039871216,0.649972677230835,4763.534241918,1.4675623178482056,1.8363803625106812,0.6109650135040283,2.7834980487823486,209,2.3766260147094727,34.736541748046875,51.075035095214844,2.639660358428955,1776932961.8866663,0.38903507590293884,,,,,,,,,,,,,,,,,,,,,,,,,,,,,,,,,,,,,,,,,,,,,,,,,,,,,,,,,,,,,,,,,,,,,,,,,,,,,,,,,
15.940237998962402,31649,1.1903382539749146,218,37.73888397216797,1.6456900835037231,0.6475560069084167,4779.266108046,1.4615600109100342,1.850682258605957,0.611431896686554,2.769244909286499,210,2.350085973739624,34.98927688598633,51.083953857421875,2.6434261798858643,1776932977.6191018,0.38856807351112366,,,,,,,,,,,,,,,,,,,,,,,,,,,,,,,,,,,,,,,,,,,,,,,,,,,,,,,,,,,,,,,,,,,,,,,,,,,,,,,,,
16.062009811401367,31799,1.1973124742507935,219,37.920936584472656,1.64899480342865,0.6490821838378906,4795.233093181,1.4603408575057983,1.8479092121124268,0.6131755113601685,2.781449556350708,211,2.4006614685058594,35.43983459472656,51.08918380737305,2.6552822589874268,1776932993.5856202,0.38682445883750916,,,,,,,,,,,,,,,,,,,,,,,,,,,,,,,,,,,,,,,,,,,,,,,,,,,,,,,,,,,,,,,,,,,,,,,,,,,,,,,,,
16.042015075683594,31949,1.1996349096298218,220,37.70387649536133,1.6440486907958984,0.6527644991874695,4811.068696165,1.461987018585205,1.840302586555481,0.6125599145889282,2.7867095470428467,212,2.396042585372925,35.38177490234375,51.09620666503906,2.653665781021118,1776933009.4213154,0.38744017481803894,,,,,,,,,,,,,,,,,,,,,,,,,,,,,,,,,,,,,,,,,,,,,,,,,,,,,,,,,,,,,,,,,,,,,,,,,,,,,,,,,
15.942208290100098,32099,1.2060327529907227,221,37.22037887573242,1.6520252227783203,0.6451510190963745,4827.127315009,1.4696930646896362,1.8525551557540894,0.6125129461288452,2.7995524406433105,213,2.365732431411743,33.95994186401367,51.108089447021484,2.6513073444366455,1776933025.479715,0.38748711347579956,,,,,,,,,,,,,,,,,,,,,,,,,,,,,,,,,,,,,,,,,,,,,,,,,,,,,,,,,,,,,,,,,,,,,,,,,,,,,,,,,
15.959234237670898,32249,1.19933021068573,222,37.17100143432617,1.6467747688293457,0.6499778628349304,4842.957965901,1.4703158140182495,1.844846248626709,0.6123959422111511,2.786264657974243,214,2.3542559146881104,34.16048049926758,51.114837646484375,2.642129898071289,1776933041.3105345,0.38760408759117126,,,,,,,,,,,,,,,,,,,,,,,,,,,,,,,,,,,,,,,,,,,,,,,,,,,,,,,,,,,,,,,,,,,,,,,,,,,,,,,,,
15.956552505493164,32399,1.2027071714401245,223,37.551788330078125,1.6471209526062012,0.6496537327766418,4858.924512426,1.4618271589279175,1.849238395690918,0.6137116551399231,2.7917025089263916,215,2.3794734477996826,34.37063980102539,51.12374496459961,2.663123607635498,1776933057.2772481,0.3862883746623993,,,,,,,,,,,,,,,,,,,,,,,,,,,,,,,,,,,,,,,,,,,,,,,,,,,,,,,,,,,,,,,,,,,,,,,,,,,,,,,,,
15.980426788330078,32549,1.2029707431793213,224,37.70507049560547,1.6465107202529907,0.651881754398346,4874.634822497,1.4604674577713013,1.8455369472503662,0.6145171523094177,2.791424512863159,216,2.3762941360473633,35.020668029785156,51.13287353515625,2.6567611694335938,1776933072.987475,0.38548287749290466,,,,,,,,,,,,,,,,,,,,,,,,,,,,,,,,,,,,,,,,,,,,,,,,,,,,,,,,,,,,,,,,,,,,,,,,,,,,,,,,,
15.997377395629883,32699,1.2052159309387207,225,37.6359977722168,1.658841848373413,0.6498258709907532,4891.148696405,1.4655252695083618,1.861538290977478,0.6127135157585144,2.797718048095703,217,2.387772560119629,34.537940979003906,51.141693115234375,2.66206431388855,1776933089.501344,0.3872864842414856,,,,,,,,,,,,,,,,,,,,,,,,,,,,,,,,,,,,,,,,,,,,,,,,,,,,,,,,,,,,,,,,,,,,,,,,,,,,,,,,,
16.06178092956543,32849,1.2005560398101807,226,38.07154846191406,1.6494455337524414,0.6557156443595886,4907.107517998,1.4572384357452393,1.839114785194397,0.6120253205299377,2.7890865802764893,218,2.3594119548797607,35.99067687988281,51.15153503417969,2.6625821590423584,1776933105.4601643,0.38797467947006226,,,,,,,,,,,,,,,,,,,,,,,,,,,,,,,,,,,,,,,,,,,,,,,,,,,,,,,,,,,,,,,,,,,,,,,,,,,,,,,,,
15.982635498046875,32999,1.2026493549346924,227,37.555381774902344,1.6436576843261719,0.6518819332122803,4923.241172585,1.4594316482543945,1.8429588079452515,0.6126265525817871,2.7926721572875977,219,2.3768997192382812,34.62618637084961,51.160579681396484,2.661874771118164,1776933121.5939717,0.3873734176158905,,,,,,,,,,,,,,,,,,,,,,,,,,,,,,,,,,,,,,,,,,,,,,,,,,,,,,,,,,,,,,,,,,,,,,,,,,,,,,,,,
15.943399429321289,33149,1.2061313390731812,228,37.26857376098633,1.6412993669509888,0.6486271619796753,4939.32906482,1.468499779701233,1.84526526927948,0.6138297915458679,2.7984328269958496,220,2.3572640419006348,34.3663444519043,51.165889739990234,2.6536507606506348,1776933137.6818686,0.3861701786518097,,,,,,,,,,,,,,,,,,,,,,,,,,,,,,,,,,,,,,,,,,,,,,,,,,,,,,,,,,,,,,,,,,,,,,,,,,,,,,,,,
16.184223175048828,33299,1.2148023843765259,229,37.240234375,1.660184383392334,0.6472185850143433,4955.389910357,1.4713678359985352,1.8575373888015747,0.6125756502151489,2.8170292377471924,221,2.3466999530792236,34.154991149902344,51.1728401184082,2.6534547805786133,1776933153.7425573,0.3874243199825287,,,,,,,,,,,,,,,,,,,,,,,,,,,,,,,,,,,,,,,,,,,,,,,,,,,,,,,,,,,,,,,,,,,,,,,,,,,,,,,,,
16.19510269165039,33449,1.2112343311309814,230,37.738006591796875,1.6666464805603027,0.6485832333564758,4971.22835943,1.4702039957046509,1.868929147720337,0.6145205497741699,2.8079476356506348,222,2.3970072269439697,34.902000427246094,51.184452056884766,2.673177719116211,1776933169.581085,0.3854794502258301,,,,,,,,,,,,,,,,,,,,,,,,,,,,,,,,,,,,,,,,,,,,,,,,,,,,,,,,,,,,,,,,,,,,,,,,,,,,,,,,,
15.967328071594238,33599,1.1994842290878296,231,37.63129806518555,1.649097204208374,0.6491464972496033,4987.351928665,1.4662820100784302,1.8499835729599,0.6127718687057495,2.786196708679199,223,2.375225067138672,35.029640197753906,51.19506072998047,2.6517763137817383,1776933185.7044368,0.3872281610965729,,,,,,,,,,,,,,,,,,,,,,,,,,,,,,,,,,,,,,,,,,,,,,,,,,,,,,,,,,,,,,,,,,,,,,,,,,,,,,,,,
,33749,,232,,,,5161.027722862,,,,,224,,,,,1776933359.376434,,0.1623433232307434,0.7439824342727661,0.9970299005508423,12.348893165588379,22191945728.0,98.94552612304688,106.37281799316406,0.8429365158081055,5.58613920211792,0.5033374428749084,0.562776505947113,0.5514430999755859,0.8646917343139648,0.7971590161323547,0.037147000432014465,728.8383178710938,0.7241171598434448,0.015103788115084171,0.5854460000991821,0.18875513970851898,0.33696746826171875,0.0036375001072883606,0.9954186677932739,0.5469477772712708,0.13946248590946198,780.1939086914062,1401.7120361328125,5.0,0.6307226419448853,0.289972722530365,0.014918751083314419,0.8381916880607605,12.348893165588379,0.14638714492321014,766.4741821289062,0.8885922431945801,5.58613920211792,0.7099355459213257,0.17544375360012054,3.4329371452331543,1.3026689102413336e-16,0.993567943572998,0.6798756122589111,0.9756125807762146,0.49324995279312134,0.0048374999314546585,0.3295937478542328,0.7030321359634399,0.7467395067214966,0.8678843379020691,2.431160741472871e-15,0.8986436128616333,279.4638366699219,0.6526312232017517,1494.387451171875,0.7444266080856323,0.3753874599933624,1494.387451171875,0.15271233022212982,717.483642578125,0.9314644932746887,0.009593750350177288,0.6297324895858765,1401.7120361328125,3.382672071456909,0.8986436128616333,0.02426864393055439,0.009768749587237835,0.9155300855636597,0.582859992980957,33.71468734741211,0.011981210671365261,0.10146787017583847,12.175484657287598,5.564400672912598,0.6543969511985779,0.32054999470710754,13.456697463989258,32.2784309387207,257.8226318359375,0.027112500742077827
16.162456512451172,33749,1.206581473350525,233,37.300514221191406,1.659647822380066,0.6445947885513306,5162.790911988,1.4698468446731567,1.8532317876815796,0.6121346950531006,2.801027297973633,224,2.369591236114502,34.487091064453125,51.20339584350586,2.65583872795105,1776933361.1416092,0.3878653049468994,,,,,,,,,,,,,,,,,,,,,,,,,,,,,,,,,,,,,,,,,,,,,,,,,,,,,,,,,,,,,,,,,,,,,,,,,,,,,,,,,
15.851042747497559,33899,1.2037639617919922,234,37.594398498535156,1.6474899053573608,0.6485730409622192,5177.582714475,1.4623219966888428,1.8483976125717163,0.6143792271614075,2.7931485176086426,225,2.3660430908203125,34.726802825927734,51.21154022216797,2.652486801147461,1776933375.935271,0.38562092185020447,,,,,,,,,,,,,,,,,,,,,,,,,,,,,,,,,,,,,,,,,,,,,,,,,,,,,,,,,,,,,,,,,,,,,,,,,,,,,,,,,
15.868494987487793,34049,1.1983578205108643,235,37.580665588378906,1.6428120136260986,0.6494526267051697,5193.8545678,1.461100697517395,1.837612271308899,0.6145379543304443,2.7821781635284424,226,2.413409948348999,35.03361892700195,51.22258758544922,2.657726526260376,1776933392.2073162,0.38546204566955566,,,,,,,,,,,,,,,,,,,,,,,,,,,,,,,,,,,,,,,,,,,,,,,,,,,,,,,,,,,,,,,,,,,,,,,,,,,,,,,,,
15.906164169311523,34199,1.2045670747756958,236,37.75288772583008,1.653502106666565,0.6504836678504944,5209.920973096,1.4652490615844727,1.8474832773208618,0.6129984855651855,2.796135425567627,227,2.392988443374634,35.53361511230469,51.23039245605469,2.6618618965148926,1776933408.2735112,0.3870014548301697,,,,,,,,,,,,,,,,,,,,,,,,,,,,,,,,,,,,,,,,,,,,,,,,,,,,,,,,,,,,,,,,,,,,,,,,,,,,,,,,,
16.07317352294922,34349,1.2092996835708618,237,37.81745147705078,1.656873345375061,0.6503422260284424,5226.032914998,1.4631437063217163,1.8530470132827759,0.614777147769928,2.8038220405578613,228,2.378976583480835,35.204341888427734,51.236629486083984,2.671367645263672,1776933424.3856285,0.385222852230072,,,,,,,,,,,,,,,,,,,,,,,,,,,,,,,,,,,,,,,,,,,,,,,,,,,,,,,,,,,,,,,,,,,,,,,,,,,,,,,,,
16.171524047851562,34499,1.2077871561050415,238,37.717681884765625,1.6689995527267456,0.6471282243728638,5241.853475847,1.474906086921692,1.8771746158599854,0.6120707988739014,2.8035035133361816,229,2.3898394107818604,34.978633880615234,51.24645233154297,2.671455144882202,1776933440.206104,0.3879292905330658,,,,,,,,,,,,,,,,,,,,,,,,,,,,,,,,,,,,,,,,,,,,,,,,,,,,,,,,,,,,,,,,,,,,,,,,,,,,,,,,,
16.081905364990234,34649,1.2036534547805786,239,37.81020736694336,1.6652721166610718,0.6474855542182922,5257.951157264,1.4718810319900513,1.872340440750122,0.6148173213005066,2.7924892902374268,230,2.4097659587860107,35.006587982177734,51.25511932373047,2.666175603866577,1776933456.3035405,0.38518261909484863,,,,,,,,,,,,,,,,,,,,,,,,,,,,,,,,,,,,,,,,,,,,,,,,,,,,,,,,,,,,,,,,,,,,,,,,,,,,,,,,,
16.150554656982422,34799,1.2176710367202759,240,37.389923095703125,1.6668237447738647,0.6419379711151123,5273.684450302,1.4733721017837524,1.8792990446090698,0.6114850640296936,2.823857307434082,231,2.368506908416748,34.1362419128418,51.264617919921875,2.660949945449829,1776933472.0368376,0.388514906167984,,,,,,,,,,,,,,,,,,,,,,,,,,,,,,,,,,,,,,,,,,,,,,,,,,,,,,,,,,,,,,,,,,,,,,,,,,,,,,,,,
15.94653034210205,34949,1.1901201009750366,241,37.590660095214844,1.63629949092865,0.6488493084907532,5289.657385753,1.4613585472106934,1.8398081064224243,0.6144835352897644,2.7657570838928223,232,2.364450216293335,34.8685188293457,51.27628707885742,2.649129629135132,1776933488.0102496,0.3855164349079132,,,,,,,,,,,,,,,,,,,,,,,,,,,,,,,,,,,,,,,,,,,,,,,,,,,,,,,,,,,,,,,,,,,,,,,,,,,,,,,,,
16.10630226135254,35099,1.2076829671859741,242,37.56417465209961,1.6670141220092773,0.6491672992706299,5305.478074918,1.4721148014068604,1.8616623878479004,0.6124227643013,2.802943468093872,233,2.382354259490967,34.81466293334961,51.285057067871094,2.664076089859009,1776933503.8309195,0.3875773251056671,,,,,,,,,,,,,,,,,,,,,,,,,,,,,,,,,,,,,,,,,,,,,,,,,,,,,,,,,,,,,,,,,,,,,,,,,,,,,,,,,
16.02752685546875,35249,1.2127279043197632,243,37.92446517944336,1.655140995979309,0.6490845680236816,5321.414313818,1.4674615859985352,1.8620063066482544,0.6113778352737427,2.8140785694122314,234,2.3578128814697266,35.59060287475586,51.29443359375,2.671093225479126,1776933519.767166,0.3886222243309021,,,,,,,,,,,,,,,,,,,,,,,,,,,,,,,,,,,,,,,,,,,,,,,,,,,,,,,,,,,,,,,,,,,,,,,,,,,,,,,,,
16.028736114501953,35399,1.202791690826416,244,37.65488815307617,1.6590588092803955,0.6491047739982605,5337.352344285,1.4658738374710083,1.8565679788589478,0.6149166822433472,2.7906665802001953,235,2.376098871231079,34.790348052978516,51.30107879638672,2.6579172611236572,1776933535.7050347,0.38508328795433044,,,,,,,,,,,,,,,,,,,,,,,,,,,,,,,,,,,,,,,,,,,,,,,,,,,,,,,,,,,,,,,,,,,,,,,,,,,,,,,,,
16.058303833007812,35549,1.1998765468597412,245,37.5890007019043,1.6556463241577148,0.6507685780525208,5353.156655572,1.4590169191360474,1.8432048559188843,0.614915668964386,2.784837245941162,236,2.3648953437805176,34.45162582397461,51.30906295776367,2.6591954231262207,1776933551.5093338,0.3850843608379364,,,,,,,,,,,,,,,,,,,,,,,,,,,,,,,,,,,,,,,,,,,,,,,,,,,,,,,,,,,,,,,,,,,,,,,,,,,,,,,,,
16.261157989501953,35699,1.2035670280456543,246,37.77818298339844,1.6682765483856201,0.6483526825904846,5369.187539896,1.4644110202789307,1.859361171722412,0.61459881067276,2.7925350666046143,237,2.397918462753296,35.195838928222656,51.32058334350586,2.6717371940612793,1776933567.5397897,0.3854011595249176,,,,,,,,,,,,,,,,,,,,,,,,,,,,,,,,,,,,,,,,,,,,,,,,,,,,,,,,,,,,,,,,,,,,,,,,,,,,,,,,,
16.096118927001953,35849,1.2044148445129395,247,37.15169143676758,1.6504597663879395,0.6510488390922546,5385.011623636,1.4625564813613892,1.8412257432937622,0.6139922142028809,2.794837474822998,238,2.370973587036133,33.66167068481445,51.327213287353516,2.6563522815704346,1776933583.364175,0.38600781559944153,,,,,,,,,,,,,,,,,,,,,,,,,,,,,,,,,,,,,,,,,,,,,,,,,,,,,,,,,,,,,,,,,,,,,,,,,,,,,,,,,
16.131580352783203,35999,1.2053310871124268,248,37.537010192871094,1.6675970554351807,0.6484892964363098,5400.96988622,1.4687637090682983,1.8590312004089355,0.6146565675735474,2.7960054874420166,239,2.3443117141723633,34.65244674682617,51.33436965942383,2.6584842205047607,1776933599.3224683,0.38534337282180786,,,,,,,,,,,,,,,,,,,,,,,,,,,,,,,,,,,,,,,,,,,,,,,,,,,,,,,,,,,,,,,,,,,,,,,,,,,,,,,,,
16.398427963256836,36149,1.2109884023666382,249,38.096126556396484,1.6782101392745972,0.6448283195495605,5416.815884011,1.4662282466888428,1.8803232908248901,0.6138772964477539,2.8080992698669434,240,2.3843863010406494,35.424781799316406,51.346126556396484,2.6877248287200928,1776933615.1684208,0.38612276315689087,,,,,,,,,,,,,,,,,,,,,,,,,,,,,,,,,,,,,,,,,,,,,,,,,,,,,,,,,,,,,,,,,,,,,,,,,,,,,,,,,
16.23957061767578,36299,1.2076120376586914,250,37.29884338378906,1.6647919416427612,0.6457145810127258,5432.824103459,1.4711129665374756,1.8607925176620483,0.6137418746948242,2.8014817237854004,241,2.3589954376220703,34.2781867980957,51.35395431518555,2.6529974937438965,1776933631.1761088,0.386258065700531,,,,,,,,,,,,,,,,,,,,,,,,,,,,,,,,,,,,,,,,,,,,,,,,,,,,,,,,,,,,,,,,,,,,,,,,,,,,,,,,,
16.267440795898438,36449,1.2028429508209229,251,37.5186882019043,1.6636183261871338,0.6503035426139832,5448.62323983,1.4674557447433472,1.8555244207382202,0.6155252456665039,2.790160894393921,242,2.3967902660369873,34.72650909423828,51.36276626586914,2.6639344692230225,1776933646.9761188,0.3844747841358185,,,,,,,,,,,,,,,,,,,,,,,,,,,,,,,,,,,,,,,,,,,,,,,,,,,,,,,,,,,,,,,,,,,,,,,,,,,,,,,,,
16.12982940673828,36599,1.199224829673767,252,37.81021499633789,1.6575185060501099,0.6488966941833496,5464.570783209,1.4674997329711914,1.8600627183914185,0.614668607711792,2.7837812900543213,243,2.403038501739502,35.466514587402344,51.372493743896484,2.67030930519104,1776933662.923295,0.3853314518928528,,,,,,,,,,,,,,,,,,,,,,,,,,,,,,,,,,,,,,,,,,,,,,,,,,,,,,,,,,,,,,,,,,,,,,,,,,,,,,,,,
16.23270606994629,36749,1.2095966339111328,253,37.6552619934082,1.6669386625289917,0.6469643115997314,5480.414412583,1.4674063920974731,1.865207314491272,0.6141701936721802,2.805022716522217,244,2.3644421100616455,34.60479736328125,51.37856674194336,2.665302038192749,1776933678.7669566,0.3858298361301422,,,,,,,,,,,,,,,,,,,,,,,,,,,,,,,,,,,,,,,,,,,,,,,,,,,,,,,,,,,,,,,,,,,,,,,,,,,,,,,,,
16.36826515197754,36899,1.2090444564819336,254,37.83998489379883,1.6815528869628906,0.6470597982406616,5496.342282234,1.4712752103805542,1.872161626815796,0.6148073077201843,2.803281545639038,245,2.3763062953948975,35.12507629394531,51.38724899291992,2.6729414463043213,1776933694.6949453,0.3851926624774933,,,,,,,,,,,,,,,,,,,,,,,,,,,,,,,,,,,,,,,,,,,,,,,,,,,,,,,,,,,,,,,,,,,,,,,,,,,,,,,,,
16.49508285522461,37049,1.2150360345840454,255,38.06034469604492,1.6904118061065674,0.6480908989906311,5512.363738133,1.4726976156234741,1.8866972923278809,0.6143743991851807,2.8156979084014893,246,2.3937854766845703,35.49846267700195,51.39897918701172,2.687554121017456,1776933710.7164402,0.3856256604194641,,,,,,,,,,,,,,,,,,,,,,,,,,,,,,,,,,,,,,,,,,,,,,,,,,,,,,,,,,,,,,,,,,,,,,,,,,,,,,,,,
16.481931686401367,37199,1.224597454071045,256,37.47715377807617,1.692777156829834,0.6470824480056763,5528.223498763,1.4758505821228027,1.8850773572921753,0.6143931746482849,2.83480167388916,247,2.363353729248047,33.8951416015625,51.406978607177734,2.684715747833252,1776933726.575736,0.3856068551540375,,,,,,,,,,,,,,,,,,,,,,,,,,,,,,,,,,,,,,,,,,,,,,,,,,,,,,,,,,,,,,,,,,,,,,,,,,,,,,,,,
16.436141967773438,37349,1.2135984897613525,257,37.59009552001953,1.6861251592636108,0.6467975378036499,5544.290242052,1.4734141826629639,1.8846423625946045,0.6155667901039124,2.8116302490234375,248,2.371833324432373,33.91957473754883,51.415855407714844,2.6726267337799072,1776933742.642958,0.38443323969841003,,,,,,,,,,,,,,,,,,,,,,,,,,,,,,,,,,,,,,,,,,,,,,,,,,,,,,,,,,,,,,,,,,,,,,,,,,,,,,,,,
,37499,,258,,,,5716.984878132,,,,,249,,,,,1776933915.3333993,,0.15879076719284058,0.7387655973434448,0.9971011877059937,13.555251121520996,1266958848.0,99.97439575195312,107.61565399169922,0.8379503488540649,5.570957183837891,0.48681876063346863,0.5844517350196838,0.5749727487564087,0.8758112192153931,0.8234556317329407,0.03847020864486694,736.1544189453125,0.7375404238700867,0.015038267709314823,0.6267714500427246,0.1954139620065689,0.34496772289276123,0.0035312497057020664,0.9952750205993652,0.5639148950576782,0.13167500495910645,789.550048828125,1416.94189453125,5.0,0.657230794429779,0.2907487154006958,0.014362500049173832,0.8242070078849792,13.555251121520996,0.15589648485183716,775.5277709960938,0.8881251215934753,5.570957183837891,0.7239082455635071,0.17698751389980316,3.4868712425231934,-4.7505944490711105e-15,0.9965505599975586,0.690459132194519,0.9755563139915466,0.4973812401294708,0.005093750078231096,0.3336062431335449,0.7188377976417542,0.7589339017868042,0.8645057678222656,1.0527819935268745e-14,0.8994312286376953,283.3989562988281,0.6563562750816345,1509.6346435546875,0.746964693069458,0.37952497601509094,1509.6346435546875,0.15224911272525787,724.7339477539062,0.9303702116012573,0.009281248785555363,0.6416382789611816,1416.94189453125,3.4691123962402344,0.8994312286376953,0.02419048734009266,0.009093750268220901,0.9341965913772583,0.6088662147521973,34.239070892333984,0.011885800398886204,0.10181780159473419,12.428760528564453,5.53067684173584,0.6823238134384155,0.3097812831401825,13.586954116821289,32.97347640991211,261.5867004394531,0.026362504810094833
16.404218673706055,37499,1.2158137559890747,259,37.981510162353516,1.6895091533660889,0.6491248607635498,5723.909564228,1.4739911556243896,1.8854451179504395,0.6157111525535583,2.8159162998199463,249,2.414213180541992,35.141666412353516,51.423187255859375,2.6898133754730225,1776933922.2623005,0.3842889070510864,,,,,,,,,,,,,,,,,,,,,,,,,,,,,,,,,,,,,,,,,,,,,,,,,,,,,,,,,,,,,,,,,,,,,,,,,,,,,,,,,
16.57141876220703,37649,1.22124445438385,260,37.75786590576172,1.6985670328140259,0.6487440466880798,5738.35054767,1.4779621362686157,1.8996357917785645,0.6165246367454529,2.8259639739990234,250,2.366962194442749,34.120426177978516,51.43318176269531,2.6843581199645996,1776933936.7032897,0.3834754228591919,,,,,,,,,,,,,,,,,,,,,,,,,,,,,,,,,,,,,,,,,,,,,,,,,,,,,,,,,,,,,,,,,,,,,,,,,,,,,,,,,
16.280649185180664,37799,1.2154114246368408,261,37.830772399902344,1.6819931268692017,0.6456125974655151,5754.166426289,1.4705147743225098,1.8843659162521362,0.6147850751876831,2.816037654876709,251,2.384270429611206,34.88873291015625,51.444828033447266,2.6823232173919678,1776933952.518888,0.3852149248123169,,,,,,,,,,,,,,,,,,,,,,,,,,,,,,,,,,,,,,,,,,,,,,,,,,,,,,,,,,,,,,,,,,,,,,,,,,,,,,,,,
16.49555015563965,37949,1.2148481607437134,262,37.53216552734375,1.6953362226486206,0.6425150632858276,5770.202247567,1.482765793800354,1.893581509590149,0.6143423914909363,2.8153538703918457,252,2.4074718952178955,34.50032424926758,51.45444107055664,2.689629554748535,1776933968.5551069,0.38565772771835327,,,,,,,,,,,,,,,,,,,,,,,,,,,,,,,,,,,,,,,,,,,,,,,,,,,,,,,,,,,,,,,,,,,,,,,,,,,,,,,,,
16.603151321411133,38099,1.225308895111084,263,37.826385498046875,1.7155429124832153,0.6427715420722961,5785.986110397,1.4845448732376099,1.9161301851272583,0.615442156791687,2.8351759910583496,253,2.380009412765503,34.54291915893555,51.46122360229492,2.699302911758423,1776933984.3387196,0.3845578134059906,,,,,,,,,,,,,,,,,,,,,,,,,,,,,,,,,,,,,,,,,,,,,,,,,,,,,,,,,,,,,,,,,,,,,,,,,,,,,,,,,
16.57709312438965,38249,1.2237707376480103,264,38.154598236083984,1.7073569297790527,0.642247200012207,5802.072896385,1.4779489040374756,1.9083292484283447,0.6158633828163147,2.8316776752471924,254,2.389451265335083,35.37748336791992,51.471961975097656,2.685147285461426,1776934000.4253817,0.3841366469860077,,,,,,,,,,,,,,,,,,,,,,,,,,,,,,,,,,,,,,,,,,,,,,,,,,,,,,,,,,,,,,,,,,,,,,,,,,,,,,,,,
16.430866241455078,38399,1.2102378606796265,265,37.994842529296875,1.6768027544021606,0.6435809135437012,5817.990413748,1.4687165021896362,1.8783836364746094,0.6160145401954651,2.8044614791870117,255,2.3659207820892334,35.50236892700195,51.4785041809082,2.672619581222534,1776934016.342759,0.3839854598045349,,,,,,,,,,,,,,,,,,,,,,,,,,,,,,,,,,,,,,,,,,,,,,,,,,,,,,,,,,,,,,,,,,,,,,,,,,,,,,,,,
16.29665184020996,38549,1.2066380977630615,266,37.85628890991211,1.6698168516159058,0.6478326916694641,5834.09184427,1.4719434976577759,1.8703383207321167,0.6149399280548096,2.7983360290527344,256,2.382115125656128,35.315208435058594,51.48686981201172,2.6782939434051514,1776934032.4444852,0.38506007194519043,,,,,,,,,,,,,,,,,,,,,,,,,,,,,,,,,,,,,,,,,,,,,,,,,,,,,,,,,,,,,,,,,,,,,,,,,,,,,,,,,
16.551040649414062,38699,1.219278335571289,267,37.72681427001953,1.6991462707519531,0.6459071040153503,5849.830155932,1.4788827896118164,1.897382140159607,0.6152349710464478,2.8233213424682617,257,2.397219657897949,34.64719772338867,51.495548248291016,2.6891322135925293,1776934048.1826217,0.38476496934890747,,,,,,,,,,,,,,,,,,,,,,,,,,,,,,,,,,,,,,,,,,,,,,,,,,,,,,,,,,,,,,,,,,,,,,,,,,,,,,,,,
16.589340209960938,38849,1.2284315824508667,268,38.22818374633789,1.6997538805007935,0.6480666995048523,5865.634135267,1.4736055135726929,1.9011552333831787,0.6171369552612305,2.839725971221924,258,2.3964498043060303,35.5524787902832,51.511024475097656,2.7035906314849854,1776934063.986943,0.38286304473876953,,,,,,,,,,,,,,,,,,,,,,,,,,,,,,,,,,,,,,,,,,,,,,,,,,,,,,,,,,,,,,,,,,,,,,,,,,,,,,,,,
16.459117889404297,38999,1.212337613105774,269,37.9752197265625,1.6888178586959839,0.6473422646522522,5881.629805249,1.4715595245361328,1.8791728019714355,0.6158283948898315,2.808846950531006,259,2.37739896774292,35.68800354003906,51.52136993408203,2.676896095275879,1776934079.98228,0.38417163491249084,,,,,,,,,,,,,,,,,,,,,,,,,,,,,,,,,,,,,,,,,,,,,,,,,,,,,,,,,,,,,,,,,,,,,,,,,,,,,,,,,
16.395065307617188,39149,1.2110819816589355,270,38.04814910888672,1.6927236318588257,0.6446878910064697,5897.396442773,1.4736360311508179,1.8931002616882324,0.6175089478492737,2.804654836654663,260,2.399174213409424,35.43521499633789,51.52925109863281,2.689805030822754,1776934095.7492878,0.38249102234840393,,,,,,,,,,,,,,,,,,,,,,,,,,,,,,,,,,,,,,,,,,,,,,,,,,,,,,,,,,,,,,,,,,,,,,,,,,,,,,,,,
16.449316024780273,39299,1.2157381772994995,271,37.937217712402344,1.7013092041015625,0.6445890069007874,5913.383589119,1.4819904565811157,1.905564308166504,0.6172409057617188,2.814234972000122,261,2.4252164363861084,35.13941192626953,51.53754806518555,2.6999852657318115,1776934111.7358434,0.3827590346336365,,,,,,,,,,,,,,,,,,,,,,,,,,,,,,,,,,,,,,,,,,,,,,,,,,,,,,,,,,,,,,,,,,,,,,,,,,,,,,,,,
16.425060272216797,39449,1.2154682874679565,272,37.891944885253906,1.6914293766021729,0.6420868039131165,5929.182002304,1.4749990701675415,1.8981103897094727,0.6165581941604614,2.814378499984741,262,2.366286277770996,34.773109436035156,51.546913146972656,2.679983377456665,1776934127.5348253,0.38344186544418335,,,,,,,,,,,,,,,,,,,,,,,,,,,,,,,,,,,,,,,,,,,,,,,,,,,,,,,,,,,,,,,,,,,,,,,,,,,,,,,,,
16.424335479736328,39599,1.2183899879455566,273,37.62372970581055,1.6888880729675293,0.6427407264709473,5945.436053351,1.4822218418121338,1.8956992626190186,0.6168378591537476,2.8199424743652344,263,2.3832151889801025,34.666542053222656,51.55675506591797,2.683523178100586,1776934143.7876363,0.3831622004508972,,,,,,,,,,,,,,,,,,,,,,,,,,,,,,,,,,,,,,,,,,,,,,,,,,,,,,,,,,,,,,,,,,,,,,,,,,,,,,,,,
16.567352294921875,39749,1.209848165512085,274,37.92694091796875,1.693575143814087,0.645982027053833,5961.250755433,1.477354645729065,1.896294116973877,0.6164414286613464,2.8032548427581787,264,2.4126830101013184,35.27484893798828,51.56352615356445,2.6902668476104736,1776934159.6033456,0.38355860114097595,,,,,,,,,,,,,,,,,,,,,,,,,,,,,,,,,,,,,,,,,,,,,,,,,,,,,,,,,,,,,,,,,,,,,,,,,,,,,,,,,
16.486656188964844,39899,1.2126102447509766,275,37.71459197998047,1.6911029815673828,0.6465536952018738,5977.305484298,1.478068470954895,1.8914028406143188,0.6162832975387573,2.8089370727539062,265,2.402679443359375,34.71708679199219,51.57232666015625,2.687472343444824,1776934175.6578007,0.38371679186820984,,,,,,,,,,,,,,,,,,,,,,,,,,,,,,,,,,,,,,,,,,,,,,,,,,,,,,,,,,,,,,,,,,,,,,,,,,,,,,,,,
16.49381446838379,40049,1.2099915742874146,276,37.90964889526367,1.6960185766220093,0.644944429397583,5993.221980111,1.4789161682128906,1.8999055624008179,0.6162940859794617,2.8036892414093018,266,2.3720455169677734,34.745357513427734,51.584312438964844,2.680760145187378,1776934191.5746262,0.3837059438228607,,,,,,,,,,,,,,,,,,,,,,,,,,,,,,,,,,,,,,,,,,,,,,,,,,,,,,,,,,,,,,,,,,,,,,,,,,,,,,,,,
16.510541915893555,40199,1.2166515588760376,277,38.07067108154297,1.7008086442947388,0.645887017250061,6009.278925565,1.4789423942565918,1.9067038297653198,0.6164172887802124,2.8168861865997314,267,2.3899028301239014,35.15324401855469,51.59162139892578,2.6921677589416504,1776934207.6317072,0.38358280062675476,,,,,,,,,,,,,,,,,,,,,,,,,,,,,,,,,,,,,,,,,,,,,,,,,,,,,,,,,,,,,,,,,,,,,,,,,,,,,,,,,
16.645973205566406,40349,1.2291122674942017,278,37.996376037597656,1.7280231714248657,0.6386942267417908,6025.203879864,1.4874778985977173,1.9411051273345947,0.6174799203872681,2.840744733810425,268,2.3784306049346924,34.668643951416016,51.599056243896484,2.7065677642822266,1776934223.556643,0.38252002000808716,,,,,,,,,,,,,,,,,,,,,,,,,,,,,,,,,,,,,,,,,,,,,,,,,,,,,,,,,,,,,,,,,,,,,,,,,,,,,,,,,
16.474843978881836,40499,1.206007480621338,279,37.91769790649414,1.6909809112548828,0.6459276676177979,6041.316007713,1.470659852027893,1.8857421875,0.6173163056373596,2.79469895362854,269,2.389117479324341,35.359745025634766,51.610931396484375,2.680164337158203,1776934239.668614,0.3826836347579956,,,,,,,,,,,,,,,,,,,,,,,,,,,,,,,,,,,,,,,,,,,,,,,,,,,,,,,,,,,,,,,,,,,,,,,,,,,,,,,,,
16.54989242553711,40649,1.2299433946609497,280,37.95671463012695,1.7070415019989014,0.6499408483505249,6057.092330522,1.4760773181915283,1.896898627281189,0.617374837398529,2.8425121307373047,270,2.3944592475891113,35.12397766113281,51.621337890625,2.7022480964660645,1776934255.4448946,0.38262519240379333,,,,,,,,,,,,,,,,,,,,,,,,,,,,,,,,,,,,,,,,,,,,,,,,,,,,,,,,,,,,,,,,,,,,,,,,,,,,,,,,,
16.56324577331543,40799,1.2239609956741333,281,38.018394470214844,1.7077847719192505,0.6477516889572144,6073.185369601,1.4753849506378174,1.905866265296936,0.6190617084503174,2.82886004447937,271,2.3655331134796143,34.81145095825195,51.62728500366211,2.695075511932373,1776934271.537921,0.38093823194503784,,,,,,,,,,,,,,,,,,,,,,,,,,,,,,,,,,,,,,,,,,,,,,,,,,,,,,,,,,,,,,,,,,,,,,,,,,,,,,,,,
16.690156936645508,40949,1.2336654663085938,282,38.01416778564453,1.7305693626403809,0.6413922905921936,6088.9878186,1.4899345636367798,1.934415578842163,0.6156523823738098,2.8516786098480225,272,2.419157028198242,35.12179946899414,51.63621520996094,2.7102608680725098,1776934287.340753,0.3843476474285126,,,,,,,,,,,,,,,,,,,,,,,,,,,,,,,,,,,,,,,,,,,,,,,,,,,,,,,,,,,,,,,,,,,,,,,,,,,,,,,,,
16.70503807067871,41099,1.2258648872375488,283,38.169830322265625,1.7276512384414673,0.6435360908508301,6105.053763175,1.4830530881881714,1.9322298765182495,0.6182180643081665,2.8335113525390625,273,2.383286237716675,35.0120735168457,51.64396286010742,2.7085254192352295,1776934303.4064457,0.38178184628486633,,,,,,,,,,,,,,,,,,,,,,,,,,,,,,,,,,,,,,,,,,,,,,,,,,,,,,,,,,,,,,,,,,,,,,,,,,,,,,,,,
,41249,,284,,,,6278.559190313,,,,,274,,,,,1776934476.9083743,,0.14780841767787933,0.7431944012641907,0.99712073802948,13.865706443786621,3632233984.0,103.01372528076172,110.65898895263672,0.8582008481025696,5.573070049285889,0.5138437747955322,0.5812222361564636,0.5777125954627991,0.8888932466506958,0.8156091570854187,0.03973056375980377,757.52685546875,0.7417978644371033,0.01504750456660986,0.626805305480957,0.18734656274318695,0.3310885727405548,0.0035687501076608896,0.99524986743927,0.5708314180374146,0.14176875352859497,811.5604858398438,1455.19873046875,5.0,0.6631141304969788,0.2934512197971344,0.01510000042617321,0.8416601419448853,13.865706443786621,0.14692319929599762,797.2465209960938,0.8852643966674805,5.573070049285889,0.7285370826721191,0.17649374902248383,3.5620296001434326,7.286272279971584e-15,0.9937515258789062,0.6944330930709839,0.975043773651123,0.4967937469482422,0.004793750122189522,0.3326375186443329,0.7287090420722961,0.7456676959991455,0.8723505139350891,3.3987081812097975e-14,0.8988062143325806,290.5347900390625,0.6552249789237976,1552.1317138671875,0.752895712852478,0.3777499794960022,1552.1317138671875,0.15062278509140015,745.6673583984375,0.9273276329040527,0.009543750435113907,0.6405659914016724,1455.19873046875,3.5164742469787598,0.8988062143325806,0.024244457483291626,0.010099999606609344,0.9377799034118652,0.6148896217346191,35.165771484375,0.011887021362781525,0.10118353366851807,12.30977725982666,6.045726299285889,0.6876701712608337,0.3327312469482422,13.476737022399902,33.8927001953125,268.7365417480469,0.02771875075995922
16.79383659362793,41249,1.2386406660079956,285,37.76869583129883,1.7276053428649902,0.6439385414123535,6280.163646237,1.4852691888809204,1.9232912063598633,0.6175573468208313,2.8597240447998047,274,2.349656105041504,34.04191589355469,51.654396057128906,2.7061429023742676,1776934478.5153584,0.3824425935745239,,,,,,,,,,,,,,,,,,,,,,,,,,,,,,,,,,,,,,,,,,,,,,,,,,,,,,,,,,,,,,,,,,,,,,,,,,,,,,,,,
16.95657730102539,41399,1.234891653060913,286,38.26714324951172,1.7376192808151245,0.6441556811332703,6294.815933933,1.488505482673645,1.9420242309570312,0.6168238520622253,2.852959632873535,275,2.4081156253814697,35.017269134521484,51.66284942626953,2.7241833209991455,1776934493.1682582,0.38317617774009705,,,,,,,,,,,,,,,,,,,,,,,,,,,,,,,,,,,,,,,,,,,,,,,,,,,,,,,,,,,,,,,,,,,,,,,,,,,,,,,,,
16.7943172454834,41549,1.2262681722640991,287,37.735225677490234,1.7178314924240112,0.6415226459503174,6310.839862406,1.4846142530441284,1.9192475080490112,0.6178097128868103,2.834726572036743,276,2.3862459659576416,34.16603469848633,51.67121505737305,2.70208740234375,1776934509.1921961,0.38219037652015686,,,,,,,,,,,,,,,,,,,,,,,,,,,,,,,,,,,,,,,,,,,,,,,,,,,,,,,,,,,,,,,,,,,,,,,,,,,,,,,,,
16.66480255126953,41699,1.2293599843978882,288,38.236209869384766,1.724448561668396,0.6455243229866028,6326.600759564,1.482277512550354,1.9239726066589355,0.6174742579460144,2.841245651245117,277,2.3836307525634766,35.355186462402344,51.68400573730469,2.7079074382781982,1776934524.953199,0.3825256824493408,,,,,,,,,,,,,,,,,,,,,,,,,,,,,,,,,,,,,,,,,,,,,,,,,,,,,,,,,,,,,,,,,,,,,,,,,,,,,,,,,
16.74567222595215,41849,1.2311017513275146,289,38.22490692138672,1.7299751043319702,0.6421144008636475,6342.774462458,1.4836621284484863,1.934092402458191,0.6180378198623657,2.844165325164795,278,2.3896865844726562,35.242984771728516,51.69046401977539,2.711618423461914,1776934541.1270046,0.38196223974227905,,,,,,,,,,,,,,,,,,,,,,,,,,,,,,,,,,,,,,,,,,,,,,,,,,,,,,,,,,,,,,,,,,,,,,,,,,,,,,,,,
16.637685775756836,41999,1.2087736129760742,290,37.94387435913086,1.69556725025177,0.644757866859436,6358.539511114,1.4761545658111572,1.8935891389846802,0.6193477511405945,2.7981996536254883,279,2.404787063598633,35.21535110473633,51.6998291015625,2.687527894973755,1776934556.8918717,0.38065218925476074,,,,,,,,,,,,,,,,,,,,,,,,,,,,,,,,,,,,,,,,,,,,,,,,,,,,,,,,,,,,,,,,,,,,,,,,,,,,,,,,,
16.579265594482422,42149,1.2132853269577026,291,38.01987838745117,1.7015786170959473,0.6449398398399353,6374.697918718,1.4799495935440063,1.904355525970459,0.618513286113739,2.8080573081970215,280,2.386300563812256,35.38200378417969,51.70633316040039,2.6896231174468994,1776934573.0508213,0.3814866542816162,,,,,,,,,,,,,,,,,,,,,,,,,,,,,,,,,,,,,,,,,,,,,,,,,,,,,,,,,,,,,,,,,,,,,,,,,,,,,,,,,
16.901330947875977,42299,1.2230485677719116,292,38.253082275390625,1.7357871532440186,0.6446486115455627,6390.523900281,1.4824199676513672,1.9300066232681274,0.6173964738845825,2.828700542449951,281,2.394940137863159,35.072044372558594,51.713375091552734,2.7143025398254395,1776934588.876041,0.3826035261154175,,,,,,,,,,,,,,,,,,,,,,,,,,,,,,,,,,,,,,,,,,,,,,,,,,,,,,,,,,,,,,,,,,,,,,,,,,,,,,,,,
16.624004364013672,42449,1.2350550889968872,293,38.00584030151367,1.7207117080688477,0.6422616243362427,6406.566020276,1.4839726686477661,1.9194313287734985,0.6136966347694397,2.8564138412475586,282,2.3666446208953857,35.1038818359375,51.722686767578125,2.7110190391540527,1776934604.9188902,0.3863033950328827,,,,,,,,,,,,,,,,,,,,,,,,,,,,,,,,,,,,,,,,,,,,,,,,,,,,,,,,,,,,,,,,,,,,,,,,,,,,,,,,,
16.7371883392334,42599,1.2316941022872925,294,37.84786605834961,1.730916142463684,0.6405245661735535,6422.587074174,1.491878867149353,1.9407175779342651,0.6176433563232422,2.8457441329956055,283,2.372303009033203,34.2142448425293,51.73045349121094,2.704110860824585,1776934620.9398677,0.38235655426979065,,,,,,,,,,,,,,,,,,,,,,,,,,,,,,,,,,,,,,,,,,,,,,,,,,,,,,,,,,,,,,,,,,,,,,,,,,,,,,,,,
16.948333740234375,42749,1.2442803382873535,295,38.13554763793945,1.7508533000946045,0.6399677395820618,6438.496956857,1.491405963897705,1.952962040901184,0.6172841191291809,2.871276378631592,284,2.404625415802002,34.9206657409668,51.74200439453125,2.726147413253784,1776934636.8498087,0.3827158510684967,,,,,,,,,,,,,,,,,,,,,,,,,,,,,,,,,,,,,,,,,,,,,,,,,,,,,,,,,,,,,,,,,,,,,,,,,,,,,,,,,
16.967662811279297,42899,1.2337132692337036,296,38.290584564208984,1.7461490631103516,0.6397837996482849,6454.609414212,1.4927279949188232,1.955080270767212,0.6168897151947021,2.850536346435547,285,2.402487277984619,35.08024597167969,51.75480651855469,2.7239584922790527,1776934652.9619656,0.3831102252006531,,,,,,,,,,,,,,,,,,,,,,,,,,,,,,,,,,,,,,,,,,,,,,,,,,,,,,,,,,,,,,,,,,,,,,,,,,,,,,,,,
16.841711044311523,43049,1.2451611757278442,297,38.23719024658203,1.7536098957061768,0.6361314654350281,6470.39130098,1.4961059093475342,1.9688708782196045,0.6173298954963684,2.8729922771453857,286,2.420269012451172,35.06770706176758,51.76405715942383,2.7319746017456055,1776934668.743912,0.38267016410827637,,,,,,,,,,,,,,,,,,,,,,,,,,,,,,,,,,,,,,,,,,,,,,,,,,,,,,,,,,,,,,,,,,,,,,,,,,,,,,,,,
16.934621810913086,43199,1.2513208389282227,298,38.154361724853516,1.7517755031585693,0.6395647525787354,6486.591667705,1.4882616996765137,1.95835542678833,0.6174855828285217,2.8851566314697266,287,2.3920249938964844,34.45161056518555,51.771522521972656,2.7290940284729004,1776934684.9445415,0.38251441717147827,,,,,,,,,,,,,,,,,,,,,,,,,,,,,,,,,,,,,,,,,,,,,,,,,,,,,,,,,,,,,,,,,,,,,,,,,,,,,,,,,
16.729358673095703,43349,1.2286386489868164,299,37.969051361083984,1.726030945777893,0.641263484954834,6502.40774965,1.4847060441970825,1.9337104558944702,0.6183502078056335,2.8389267921447754,288,2.3656294345855713,34.53887939453125,51.77804183959961,2.7041046619415283,1776934700.7604694,0.38164979219436646,,,,,,,,,,,,,,,,,,,,,,,,,,,,,,,,,,,,,,,,,,,,,,,,,,,,,,,,,,,,,,,,,,,,,,,,,,,,,,,,,
16.664146423339844,43499,1.226466178894043,300,38.14670944213867,1.7154237031936646,0.6427591443061829,6518.37828326,1.4850945472717285,1.9252060651779175,0.6204851269721985,2.8324475288391113,289,2.42972731590271,35.46202087402344,51.787784576416016,2.7118079662323,1776934716.731047,0.3795149028301239,,,,,,,,,,,,,,,,,,,,,,,,,,,,,,,,,,,,,,,,,,,,,,,,,,,,,,,,,,,,,,,,,,,,,,,,,,,,,,,,,
16.743179321289062,43649,1.2346335649490356,301,38.01458740234375,1.7249863147735596,0.6454017162322998,6534.171929812,1.4814907312393188,1.9150390625,0.6183735132217407,2.850893974304199,290,2.360736846923828,35.25830078125,51.79727554321289,2.7051875591278076,1776934732.524531,0.38162651658058167,,,,,,,,,,,,,,,,,,,,,,,,,,,,,,,,,,,,,,,,,,,,,,,,,,,,,,,,,,,,,,,,,,,,,,,,,,,,,,,,,
16.590431213378906,43799,1.2195740938186646,302,38.066131591796875,1.7145435810089111,0.6471748948097229,6550.196918921,1.4810035228729248,1.916349172592163,0.6189428567886353,2.820204973220825,291,2.390523672103882,35.02330780029297,51.80629348754883,2.7028555870056152,1776934748.5496275,0.38105717301368713,,,,,,,,,,,,,,,,,,,,,,,,,,,,,,,,,,,,,,,,,,,,,,,,,,,,,,,,,,,,,,,,,,,,,,,,,,,,,,,,,
16.830345153808594,43949,1.2297852039337158,303,38.22990798950195,1.7192504405975342,0.6465858221054077,6566.071734956,1.4761985540390015,1.912615418434143,0.6195440292358398,2.840026617050171,292,2.384798288345337,35.29914474487305,51.8147087097168,2.706209421157837,1776934764.4242272,0.38045597076416016,,,,,,,,,,,,,,,,,,,,,,,,,,,,,,,,,,,,,,,,,,,,,,,,,,,,,,,,,,,,,,,,,,,,,,,,,,,,,,,,,
16.896631240844727,44099,1.2386656999588013,304,38.13493347167969,1.7384082078933716,0.6407397985458374,6582.246231893,1.4902729988098145,1.9468553066253662,0.6180453896522522,2.859285831451416,293,2.3822786808013916,35.014156341552734,51.823421478271484,2.7154035568237305,1776934780.5988567,0.38195469975471497,,,,,,,,,,,,,,,,,,,,,,,,,,,,,,,,,,,,,,,,,,,,,,,,,,,,,,,,,,,,,,,,,,,,,,,,,,,,,,,,,
16.928232192993164,44249,1.2391079664230347,305,38.26401138305664,1.7433652877807617,0.6407549381256104,6598.059490802,1.4885852336883545,1.9475502967834473,0.6180863976478577,2.8601291179656982,294,2.4349546432495117,34.99681091308594,51.83449935913086,2.7289350032806396,1776934796.412327,0.3819136619567871,,,,,,,,,,,,,,,,,,,,,,,,,,,,,,,,,,,,,,,,,,,,,,,,,,,,,,,,,,,,,,,,,,,,,,,,,,,,,,,,,
16.959617614746094,44399,1.2360918521881104,306,38.22160339355469,1.7404589653015137,0.6441563367843628,6614.072399206,1.4826103448867798,1.9320696592330933,0.6187172532081604,2.853466033935547,295,2.3750832080841064,35.23956298828125,51.84260559082031,2.715693473815918,1776934812.4249868,0.3812828063964844,,,,,,,,,,,,,,,,,,,,,,,,,,,,,,,,,,,,,,,,,,,,,,,,,,,,,,,,,,,,,,,,,,,,,,,,,,,,,,,,,
16.842382431030273,44549,1.2278025150299072,307,38.40346908569336,1.7319527864456177,0.6431146264076233,6630.062379549,1.4822485446929932,1.9354552030563354,0.6182283163070679,2.837376356124878,296,2.414247512817383,35.46699523925781,51.85057830810547,2.7192585468292236,1776934828.4150481,0.38177168369293213,,,,,,,,,,,,,,,,,,,,,,,,,,,,,,,,,,,,,,,,,,,,,,,,,,,,,,,,,,,,,,,,,,,,,,,,,,,,,,,,,
16.767982482910156,44699,1.2245997190475464,308,38.09208679199219,1.7255080938339233,0.6442640423774719,6646.034362316,1.485461711883545,1.9246107339859009,0.6176118850708008,2.831587791442871,297,2.399587631225586,35.041603088378906,51.85816192626953,2.70581316947937,1776934844.3868341,0.38238805532455444,,,,,,,,,,,,,,,,,,,,,,,,,,,,,,,,,,,,,,,,,,,,,,,,,,,,,,,,,,,,,,,,,,,,,,,,,,,,,,,,,
17.04779624938965,44849,1.233394980430603,309,38.09708786010742,1.7440826892852783,0.6436442732810974,6661.844247443,1.4847639799118042,1.9308254718780518,0.6189201474189758,2.847869873046875,298,2.3932626247406006,35.00733184814453,51.86908721923828,2.7125983238220215,1776934860.1971145,0.38107994198799133,,,,,,,,,,,,,,,,,,,,,,,,,,,,,,,,,,,,,,,,,,,,,,,,,,,,,,,,,,,,,,,,,,,,,,,,,,,,,,,,,
,44999,,310,,,,6834.864054941,,,,,299,,,,,1776935033.213075,,0.15182824432849884,0.7481458783149719,0.9971039891242981,15.60051155090332,396552896.0,99.12657928466797,106.55152130126953,0.8369004130363464,5.560272693634033,0.501981258392334,0.5819976925849915,0.5698874592781067,0.887446403503418,0.8051704168319702,0.03824733942747116,732.2749633789062,0.7366511225700378,0.015040977858006954,0.6116871237754822,0.18863806128501892,0.3341417610645294,0.00367500027641654,0.9952124953269958,0.5767567753791809,0.1433500051498413,780.876220703125,1408.009765625,5.0,0.6565748453140259,0.29266780614852905,0.01575000025331974,0.8331365585327148,15.60051155090332,0.15004903078079224,768.0487060546875,0.8868670463562012,5.560272693634033,0.7231751680374146,0.17663751542568207,3.4777913093566895,6.911192538400224e-15,0.9926954507827759,0.6931802034378052,0.9750562310218811,0.4989061951637268,0.004812499973922968,0.3324749767780304,0.7104526162147522,0.7524369955062866,0.8719863891601562,8.374973891472903e-15,0.9000750184059143,279.9902648925781,0.6582499146461487,1495.0196533203125,0.748348593711853,0.3796437084674835,1495.0196533203125,0.15378393232822418,720.7364501953125,0.9295671582221985,0.010143750347197056,0.6425527930259705,1408.009765625,3.449451446533203,0.9000750184059143,0.024215172976255417,0.009737499989569187,0.934741199016571,0.6057137250900269,33.87232971191406,0.011923909187316895,0.10175569355487823,12.364968299865723,5.5804762840271,0.6732113361358643,0.32691875100135803,13.45720100402832,32.61125183105469,259.7073974609375,0.02823750302195549
16.84630012512207,44999,1.225611686706543,311,38.64849090576172,1.7332059144973755,0.6449722647666931,6836.607111589,1.478479027748108,1.9317418336868286,0.6205670237541199,2.8306562900543213,299,2.404364585876465,36.103981018066406,51.878944396972656,2.7164008617401123,1776935034.9587529,0.3794329762458801,,,,,,,,,,,,,,,,,,,,,,,,,,,,,,,,,,,,,,,,,,,,,,,,,,,,,,,,,,,,,,,,,,,,,,,,,,,,,,,,,
17.127878189086914,45149,1.2338205575942993,312,38.111629486083984,1.7459477186203003,0.6415671706199646,6851.537272903,1.4886536598205566,1.9426652193069458,0.6200591921806335,2.8475821018218994,300,2.3886239528656006,34.879180908203125,51.888954162597656,2.708218812942505,1776935049.8900306,0.379940927028656,,,,,,,,,,,,,,,,,,,,,,,,,,,,,,,,,,,,,,,,,,,,,,,,,,,,,,,,,,,,,,,,,,,,,,,,,,,,,,,,,
16.944141387939453,45299,1.230200171470642,313,37.9730224609375,1.7373751401901245,0.6396422982215881,6867.37261293,1.4879965782165527,1.936527132987976,0.6200163960456848,2.840384006500244,301,2.3657162189483643,34.67508316040039,51.90066146850586,2.700140953063965,1776935065.724982,0.3799836337566376,,,,,,,,,,,,,,,,,,,,,,,,,,,,,,,,,,,,,,,,,,,,,,,,,,,,,,,,,,,,,,,,,,,,,,,,,,,,,,,,,
17.130037307739258,45449,1.2314448356628418,314,38.27436065673828,1.7578593492507935,0.6397949457168579,6883.308881493,1.4910163879394531,1.9525916576385498,0.620853841304779,2.8420357704162598,302,2.3977813720703125,34.99211883544922,51.91114044189453,2.721467971801758,1776935081.6613977,0.37914618849754333,,,,,,,,,,,,,,,,,,,,,,,,,,,,,,,,,,,,,,,,,,,,,,,,,,,,,,,,,,,,,,,,,,,,,,,,,,,,,,,,,
16.979778289794922,45599,1.230043888092041,315,38.485015869140625,1.7438385486602783,0.6452092528343201,6899.400252531,1.4833418130874634,1.9384269714355469,0.6206626296043396,2.8394250869750977,303,2.4090585708618164,35.64794921875,51.92427062988281,2.7157437801361084,1776935097.753097,0.3793373703956604,,,,,,,,,,,,,,,,,,,,,,,,,,,,,,,,,,,,,,,,,,,,,,,,,,,,,,,,,,,,,,,,,,,,,,,,,,,,,,,,,
17.181425094604492,45749,1.2332236766815186,316,38.27489471435547,1.7568333148956299,0.644136905670166,6915.609951366,1.4858078956604004,1.945488452911377,0.6215798258781433,2.8448679447174072,304,2.3904037475585938,34.9007568359375,51.93104553222656,2.724519968032837,1776935113.9623775,0.3784202039241791,,,,,,,,,,,,,,,,,,,,,,,,,,,,,,,,,,,,,,,,,,,,,,,,,,,,,,,,,,,,,,,,,,,,,,,,,,,,,,,,,
16.869731903076172,45899,1.2292900085449219,317,38.370792388916016,1.7381961345672607,0.6459594368934631,6931.498363974,1.4834794998168945,1.9373778104782104,0.6203012466430664,2.8382790088653564,305,2.4505786895751953,35.52667999267578,51.93891143798828,2.7287211418151855,1776935129.8508468,0.3796987235546112,,,,,,,,,,,,,,,,,,,,,,,,,,,,,,,,,,,,,,,,,,,,,,,,,,,,,,,,,,,,,,,,,,,,,,,,,,,,,,,,,
16.84853172302246,46049,1.2259186506271362,318,38.212982177734375,1.7310279607772827,0.6424481868743896,6947.741018775,1.4871326684951782,1.933197259902954,0.6196791529655457,2.8321585655212402,306,2.3820295333862305,35.35625076293945,51.94596481323242,2.705660581588745,1776935146.0938034,0.38032087683677673,,,,,,,,,,,,,,,,,,,,,,,,,,,,,,,,,,,,,,,,,,,,,,,,,,,,,,,,,,,,,,,,,,,,,,,,,,,,,,,,,
17.087909698486328,46199,1.233662724494934,319,38.581600189208984,1.7557730674743652,0.6419456601142883,6963.748942734,1.4869015216827393,1.9511771202087402,0.6196719408035278,2.84765362739563,307,2.3801939487457275,35.63550567626953,51.954647064208984,2.717358112335205,1776935162.1013768,0.3803280293941498,,,,,,,,,,,,,,,,,,,,,,,,,,,,,,,,,,,,,,,,,,,,,,,,,,,,,,,,,,,,,,,,,,,,,,,,,,,,,,,,,
16.86073875427246,46349,1.2315995693206787,320,37.956451416015625,1.7332063913345337,0.6421030163764954,6979.750497873,1.4834154844284058,1.9304231405258179,0.6195237040519714,2.8436758518218994,308,2.383371353149414,34.549354553222656,51.96295166015625,2.7134857177734375,1776935178.103093,0.38047635555267334,,,,,,,,,,,,,,,,,,,,,,,,,,,,,,,,,,,,,,,,,,,,,,,,,,,,,,,,,,,,,,,,,,,,,,,,,,,,,,,,,
17.19553565979004,46499,1.2411357164382935,321,38.549652099609375,1.7662540674209595,0.6423370838165283,6995.554449146,1.492789387702942,1.9645425081253052,0.6214433312416077,2.860827684402466,309,2.4117629528045654,35.59417724609375,51.973873138427734,2.7371039390563965,1776935193.9064438,0.3785567283630371,,,,,,,,,,,,,,,,,,,,,,,,,,,,,,,,,,,,,,,,,,,,,,,,,,,,,,,,,,,,,,,,,,,,,,,,,,,,,,,,,
17.030431747436523,46649,1.2324877977371216,322,38.59231948852539,1.7517517805099487,0.6427852511405945,7011.468179044,1.4863744974136353,1.9474174976348877,0.6194740533828735,2.845501184463501,310,2.3981215953826904,35.85197830200195,51.985931396484375,2.7253763675689697,1776935209.8209543,0.38052600622177124,,,,,,,,,,,,,,,,,,,,,,,,,,,,,,,,,,,,,,,,,,,,,,,,,,,,,,,,,,,,,,,,,,,,,,,,,,,,,,,,,
17.180017471313477,46799,1.24506676197052,323,38.32239532470703,1.7615329027175903,0.6431726813316345,7027.451053459,1.4897493124008179,1.954548954963684,0.6187559366226196,2.8713772296905518,311,2.4256856441497803,35.221954345703125,51.995235443115234,2.747586965560913,1776935225.8036356,0.38124409317970276,,,,,,,,,,,,,,,,,,,,,,,,,,,,,,,,,,,,,,,,,,,,,,,,,,,,,,,,,,,,,,,,,,,,,,,,,,,,,,,,,
17.183887481689453,46949,1.2433600425720215,324,38.3421630859375,1.7614638805389404,0.6433322429656982,7043.491512176,1.484354019165039,1.9488191604614258,0.6230958104133606,2.863624334335327,312,2.4229137897491455,35.10762023925781,51.99982833862305,2.743760347366333,1776935241.8440022,0.3769042491912842,,,,,,,,,,,,,,,,,,,,,,,,,,,,,,,,,,,,,,,,,,,,,,,,,,,,,,,,,,,,,,,,,,,,,,,,,,,,,,,,,
17.30181121826172,47099,1.2418185472488403,325,38.39352035522461,1.7672717571258545,0.641665518283844,7059.315019516,1.489079475402832,1.9588412046432495,0.6194828152656555,2.86415433883667,313,2.398977756500244,35.08578109741211,52.00604248046875,2.7343313694000244,1776935257.6677086,0.3805171847343445,,,,,,,,,,,,,,,,,,,,,,,,,,,,,,,,,,,,,,,,,,,,,,,,,,,,,,,,,,,,,,,,,,,,,,,,,,,,,,,,,
16.970752716064453,47249,1.2262084484100342,326,38.03438186645508,1.7349772453308105,0.6451712846755981,7075.330026822,1.4891507625579834,1.9281853437423706,0.6204322576522827,2.8319849967956543,314,2.417633056640625,35.1647834777832,52.017704010009766,2.710287094116211,1776935273.6827824,0.37956780195236206,,,,,,,,,,,,,,,,,,,,,,,,,,,,,,,,,,,,,,,,,,,,,,,,,,,,,,,,,,,,,,,,,,,,,,,,,,,,,,,,,
17.050235748291016,47399,1.236418604850769,327,38.385520935058594,1.7552516460418701,0.6417421698570251,7091.203785529,1.489353060722351,1.9570674896240234,0.6195363998413086,2.8533008098602295,315,2.4054367542266846,35.27443313598633,52.028038024902344,2.7414212226867676,1776935289.5563421,0.3804636597633362,,,,,,,,,,,,,,,,,,,,,,,,,,,,,,,,,,,,,,,,,,,,,,,,,,,,,,,,,,,,,,,,,,,,,,,,,,,,,,,,,
17.019474029541016,47549,1.2381316423416138,328,38.294864654541016,1.750981330871582,0.6416488289833069,7107.120640905,1.4881644248962402,1.9447797536849976,0.6215227842330933,2.8547401428222656,316,2.416452407836914,35.59563446044922,52.03579330444336,2.724717378616333,1776935305.4727523,0.37847721576690674,,,,,,,,,,,,,,,,,,,,,,,,,,,,,,,,,,,,,,,,,,,,,,,,,,,,,,,,,,,,,,,,,,,,,,,,,,,,,,,,,
17.116456985473633,47699,1.2374330759048462,329,38.13107681274414,1.7517073154449463,0.6444008946418762,7123.205035949,1.484209418296814,1.9397681951522827,0.622643768787384,2.852222442626953,317,2.4138052463531494,34.385250091552734,52.044517517089844,2.729020118713379,1776935321.5570774,0.3773562014102936,,,,,,,,,,,,,,,,,,,,,,,,,,,,,,,,,,,,,,,,,,,,,,,,,,,,,,,,,,,,,,,,,,,,,,,,,,,,,,,,,
17.09364128112793,47849,1.242128849029541,330,38.193687438964844,1.7583070993423462,0.6440494060516357,7139.048365132,1.4872769117355347,1.956700086593628,0.6219832301139832,2.862274408340454,318,2.3886685371398926,34.39744567871094,52.051795959472656,2.735135793685913,1776935337.4008844,0.37801676988601685,,,,,,,,,,,,,,,,,,,,,,,,,,,,,,,,,,,,,,,,,,,,,,,,,,,,,,,,,,,,,,,,,,,,,,,,,,,,,,,,,
17.20722770690918,47999,1.2397550344467163,331,38.44865036010742,1.763430118560791,0.6426281929016113,7155.402563448,1.488261103630066,1.9593651294708252,0.6215560436248779,2.8579537868499756,319,2.412879228591919,35.19032287597656,52.0622673034668,2.733330488204956,1776935353.7549677,0.3784438967704773,,,,,,,,,,,,,,,,,,,,,,,,,,,,,,,,,,,,,,,,,,,,,,,,,,,,,,,,,,,,,,,,,,,,,,,,,,,,,,,,,
17.007051467895508,48149,1.2456445693969727,332,38.14223861694336,1.7551287412643433,0.6402100920677185,7171.412291506,1.4912171363830566,1.955899715423584,0.6215754151344299,2.86971378326416,320,2.4124491214752197,34.703208923339844,52.07172775268555,2.7281687259674072,1776935369.7651134,0.3784245550632477,,,,,,,,,,,,,,,,,,,,,,,,,,,,,,,,,,,,,,,,,,,,,,,,,,,,,,,,,,,,,,,,,,,,,,,,,,,,,,,,,
16.918703079223633,48299,1.2350120544433594,333,38.37331771850586,1.7591099739074707,0.6388024091720581,7187.42332744,1.4940491914749146,1.969236969947815,0.6195653676986694,2.8504586219787598,321,2.3914706707000732,35.007713317871094,52.07944107055664,2.7277159690856934,1776935385.7760658,0.38043466210365295,,,,,,,,,,,,,,,,,,,,,,,,,,,,,,,,,,,,,,,,,,,,,,,,,,,,,,,,,,,,,,,,,,,,,,,,,,,,,,,,,
17.02388572692871,48449,1.2252869606018066,334,38.24568176269531,1.7416194677352905,0.6424244046211243,7203.466147052,1.4837676286697388,1.9368619918823242,0.6202951669692993,2.8302788734436035,322,2.4038655757904053,35.14433670043945,52.0870361328125,2.7114691734313965,1776935401.8189437,0.37970486283302307,,,,,,,,,,,,,,,,,,,,,,,,,,,,,,,,,,,,,,,,,,,,,,,,,,,,,,,,,,,,,,,,,,,,,,,,,,,,,,,,,
17.299097061157227,48599,1.2269068956375122,335,38.546871185302734,1.759672999382019,0.642522394657135,7219.452372421,1.4889018535614014,1.9561313390731812,0.6217939257621765,2.832019805908203,323,2.4042062759399414,35.6192626953125,52.095394134521484,2.719892740249634,1776935417.8049285,0.3782060146331787,,,,,,,,,,,,,,,,,,,,,,,,,,,,,,,,,,,,,,,,,,,,,,,,,,,,,,,,,,,,,,,,,,,,,,,,,,,,,,,,,
,48749,,336,,,,7394.120358457,,,,,324,,,,,1776935592.4694686,,0.14575369656085968,0.7566216588020325,0.9970723390579224,16.697019577026367,6165223936.0,101.94550323486328,109.45558166503906,0.8452275991439819,5.5648417472839355,0.4861312210559845,0.5700637698173523,0.5631722807884216,0.8870910406112671,0.790331244468689,0.037479374557733536,749.4634399414062,0.7398251891136169,0.015006341971457005,0.6324437856674194,0.19227883219718933,0.3453051447868347,0.003606250276789069,0.9953437447547913,0.5757203698158264,0.1400749832391739,798.4932861328125,1436.7850341796875,5.0,0.6650030016899109,0.28703242540359497,0.015081250108778477,0.84107905626297,16.697019577026367,0.14887338876724243,785.3516235351562,0.8899482488632202,5.5648417472839355,0.7265223264694214,0.17684374749660492,3.503633975982666,7.999406258923925e-15,0.9925786852836609,0.7073637247085571,0.9754248857498169,0.4995937645435333,0.004487500060349703,0.3338312804698944,0.7133461236953735,0.732237696647644,0.8777454495429993,1.997783449086965e-14,0.900600016117096,286.6442565917969,0.658287525177002,1530.04150390625,0.7581689953804016,0.3797624707221985,1530.04150390625,0.15156219899654388,736.096435546875,0.9324591755867004,0.009762500412762165,0.66958087682724,1436.7850341796875,3.455273389816284,0.900600016117096,0.024099353700876236,0.009656250476837158,0.9320420026779175,0.6090111136436462,34.67412185668945,0.011882386170327663,0.09985344856977463,12.459473609924316,5.834713935852051,0.6776758432388306,0.3189312517642975,13.536140441894531,33.436344146728516,264.0777282714844,0.0274562519043684
17.11988639831543,48749,1.233799934387207,337,38.398738861083984,1.7507779598236084,0.6420764327049255,7395.626957282,1.4920969009399414,1.9512672424316406,0.6224440336227417,2.845155715942383,324,2.417788505554199,35.65231704711914,52.10652160644531,2.721548557281494,1776935593.9785903,0.3775559961795807,,,,,,,,,,,,,,,,,,,,,,,,,,,,,,,,,,,,,,,,,,,,,,,,,,,,,,,,,,,,,,,,,,,,,,,,,,,,,,,,,
16.865724563598633,48899,1.210960865020752,338,38.1974983215332,1.7262109518051147,0.6438604593276978,7410.618683014,1.484837293624878,1.9241067171096802,0.6203272342681885,2.8015947341918945,325,2.383535146713257,35.39308166503906,52.114837646484375,2.700108051300049,1776935608.9710405,0.3796728551387787,,,,,,,,,,,,,,,,,,,,,,,,,,,,,,,,,,,,,,,,,,,,,,,,,,,,,,,,,,,,,,,,,,,,,,,,,,,,,,,,,
17.1936092376709,49049,1.23058021068573,339,38.1245231628418,1.7570408582687378,0.6401665210723877,7426.573274457,1.4900950193405151,1.9512302875518799,0.6213997602462769,2.8397607803344727,326,2.390507459640503,34.66374969482422,52.12565231323242,2.7177340984344482,1776935624.9255695,0.37860026955604553,,,,,,,,,,,,,,,,,,,,,,,,,,,,,,,,,,,,,,,,,,,,,,,,,,,,,,,,,,,,,,,,,,,,,,,,,,,,,,,,,
17.14910125732422,49199,1.2318644523620605,340,38.42987060546875,1.7523514032363892,0.6461362242698669,7442.519665204,1.4811642169952393,1.9358394145965576,0.6220798492431641,2.8416495323181152,327,2.395491361618042,35.559024810791016,52.13550567626953,2.729339599609375,1776935640.8715346,0.3779202103614807,,,,,,,,,,,,,,,,,,,,,,,,,,,,,,,,,,,,,,,,,,,,,,,,,,,,,,,,,,,,,,,,,,,,,,,,,,,,,,,,,
17.39933204650879,49349,1.2420719861984253,341,38.61854553222656,1.7735859155654907,0.6454066038131714,7458.381096312,1.4885841608047485,1.954335331916809,0.6210278272628784,2.8631162643432617,328,2.41184663772583,35.68852615356445,52.14638137817383,2.737736701965332,1776935656.733893,0.3789721727371216,,,,,,,,,,,,,,,,,,,,,,,,,,,,,,,,,,,,,,,,,,,,,,,,,,,,,,,,,,,,,,,,,,,,,,,,,,,,,,,,,
17.205957412719727,49499,1.2393566370010376,342,38.25395965576172,1.7666391134262085,0.6424530148506165,7474.168594589,1.4938995838165283,1.9596549272537231,0.62263423204422,2.856078863143921,329,2.4024393558502197,34.836341857910156,52.153839111328125,2.732299566268921,1776935672.5213447,0.3773657977581024,,,,,,,,,,,,,,,,,,,,,,,,,,,,,,,,,,,,,,,,,,,,,,,,,,,,,,,,,,,,,,,,,,,,,,,,,,,,,,,,,
17.064739227294922,49649,1.2353646755218506,343,38.41326904296875,1.7535053491592407,0.6423039436340332,7490.231740021,1.4841686487197876,1.9498274326324463,0.6221556067466736,2.8485732078552246,330,2.386007070541382,34.9901237487793,52.16220474243164,2.7246999740600586,1776935688.584599,0.3778444528579712,,,,,,,,,,,,,,,,,,,,,,,,,,,,,,,,,,,,,,,,,,,,,,,,,,,,,,,,,,,,,,,,,,,,,,,,,,,,,,,,,
17.014869689941406,49799,1.230803370475769,344,38.03004837036133,1.747585654258728,0.6418757438659668,7506.235055889,1.4881699085235596,1.9391217231750488,0.6193887591362,2.8422183990478516,331,2.4112069606781006,34.723899841308594,52.17192077636719,2.7141568660736084,1776935704.5876117,0.3806113004684448,,,,,,,,,,,,,,,,,,,,,,,,,,,,,,,,,,,,,,,,,,,,,,,,,,,,,,,,,,,,,,,,,,,,,,,,,,,,,,,,,
17.223352432250977,49949,1.2466957569122314,345,38.343441009521484,1.769771933555603,0.6425842046737671,7522.220947502,1.4901973009109497,1.958528995513916,0.6211878061294556,2.872203826904297,332,2.4049911499023438,34.978111267089844,52.181602478027344,2.7448620796203613,1776935720.5734184,0.37881216406822205,,,,,,,,,,,,,,,,,,,,,,,,,,,,,,,,,,,,,,,,,,,,,,,,,,,,,,,,,,,,,,,,,,,,,,,,,,,,,,,,,
17.32361602783203,50099,1.2449475526809692,346,38.50547790527344,1.7838515043258667,0.6421849131584167,7538.033223908,1.4938395023345947,1.9796923398971558,0.6236810684204102,2.866213798522949,333,2.385219097137451,34.88420486450195,52.18610763549805,2.7425081729888916,1776935736.385619,0.376319020986557,,,,,,,,,,,,,,,,,,,,,,,,,,,,,,,,,,,,,,,,,,,,,,,,,,,,,,,,,,,,,,,,,,,,,,,,,,,,,,,,,
17.371997833251953,50249,1.2462036609649658,347,38.86236572265625,1.7933928966522217,0.6391924023628235,7554.168574391,1.4968953132629395,1.9968898296356201,0.620652437210083,2.8717548847198486,334,2.4576351642608643,35.856178283691406,52.192359924316406,2.757499933242798,1776935752.5211966,0.37934765219688416,,,,,,,,,,,,,,,,,,,,,,,,,,,,,,,,,,,,,,,,,,,,,,,,,,,,,,,,,,,,,,,,,,,,,,,,,,,,,,,,,
17.103500366210938,50399,1.23483407497406,348,38.58849334716797,1.7680906057357788,0.6425154805183411,7570.018774901,1.4917957782745361,1.9701546430587769,0.6219149231910706,2.8477535247802734,335,2.412928819656372,35.41392517089844,52.19906234741211,2.736706018447876,1776935768.3708665,0.37808507680892944,,,,,,,,,,,,,,,,,,,,,,,,,,,,,,,,,,,,,,,,,,,,,,,,,,,,,,,,,,,,,,,,,,,,,,,,,,,,,,,,,
17.26015281677246,50549,1.2450610399246216,349,38.325164794921875,1.7774543762207031,0.6387975811958313,7586.093608106,1.4972909688949585,1.9756611585617065,0.620972216129303,2.869149684906006,336,2.421196699142456,34.87471389770508,52.20711898803711,2.7379937171936035,1776935784.4461281,0.3790278732776642,,,,,,,,,,,,,,,,,,,,,,,,,,,,,,,,,,,,,,,,,,,,,,,,,,,,,,,,,,,,,,,,,,,,,,,,,,,,,,,,,
17.139041900634766,50699,1.2476279735565186,350,38.513648986816406,1.7703009843826294,0.6434178352355957,7601.917421339,1.4927171468734741,1.964617371559143,0.6208457946777344,2.8744101524353027,337,2.406872034072876,35.67925262451172,52.215660095214844,2.7440598011016846,1776935800.2699416,0.3791542947292328,,,,,,,,,,,,,,,,,,,,,,,,,,,,,,,,,,,,,,,,,,,,,,,,,,,,,,,,,,,,,,,,,,,,,,,,,,,,,,,,,
17.109031677246094,50849,1.236666202545166,351,38.58621597290039,1.757288932800293,0.6435323357582092,7617.916915166,1.488669753074646,1.956620454788208,0.6203630566596985,2.8529696464538574,338,2.4105141162872314,35.820438385009766,52.223087310791016,2.730274200439453,1776935816.2697592,0.3796369731426239,,,,,,,,,,,,,,,,,,,,,,,,,,,,,,,,,,,,,,,,,,,,,,,,,,,,,,,,,,,,,,,,,,,,,,,,,,,,,,,,,
17.12877655029297,50999,1.2401485443115234,352,38.517024993896484,1.7655322551727295,0.6388047933578491,7633.669573041,1.4905537366867065,1.967711091041565,0.6213904023170471,2.8589065074920654,339,2.3973071575164795,35.58338165283203,52.234378814697266,2.7258784770965576,1776935832.021931,0.37860962748527527,,,,,,,,,,,,,,,,,,,,,,,,,,,,,,,,,,,,,,,,,,,,,,,,,,,,,,,,,,,,,,,,,,,,,,,,,,,,,,,,,
17.309940338134766,51149,1.242930293083191,353,38.568904876708984,1.780549168586731,0.6391704678535461,7649.655956619,1.49616539478302,1.9761093854904175,0.6216414570808411,2.8642191886901855,340,2.424967050552368,35.82404327392578,52.24254608154297,2.7460992336273193,1776935848.0086656,0.37835851311683655,,,,,,,,,,,,,,,,,,,,,,,,,,,,,,,,,,,,,,,,,,,,,,,,,,,,,,,,,,,,,,,,,,,,,,,,,,,,,,,,,
17.426546096801758,51299,1.2580331563949585,354,38.58041000366211,1.7930872440338135,0.640974223613739,7665.381154245,1.4926936626434326,1.9800739288330078,0.6196960210800171,2.896369695663452,341,2.4250786304473877,35.3000373840332,52.247962951660156,2.752977132797241,1776935863.7337096,0.3803039491176605,,,,,,,,,,,,,,,,,,,,,,,,,,,,,,,,,,,,,,,,,,,,,,,,,,,,,,,,,,,,,,,,,,,,,,,,,,,,,,,,,
17.406911849975586,51449,1.2503654956817627,355,38.527767181396484,1.789020299911499,0.6397141814231873,7681.227691277,1.497544288635254,1.982021450996399,0.6224186420440674,2.878312110900879,342,2.3868250846862793,35.41576385498047,52.25678634643555,2.739556074142456,1776935879.5802057,0.37758150696754456,,,,,,,,,,,,,,,,,,,,,,,,,,,,,,,,,,,,,,,,,,,,,,,,,,,,,,,,,,,,,,,,,,,,,,,,,,,,,,,,,
17.216615676879883,51599,1.23260498046875,356,38.71561813354492,1.7742928266525269,0.6393461227416992,7697.217858139,1.495937466621399,1.981486201286316,0.6216415762901306,2.843568801879883,343,2.415597915649414,35.866004943847656,52.26357650756836,2.734064817428589,1776935895.570702,0.3783585727214813,,,,,,,,,,,,,,,,,,,,,,,,,,,,,,,,,,,,,,,,,,,,,,,,,,,,,,,,,,,,,,,,,,,,,,,,,,,,,,,,,
17.117624282836914,51749,1.231294870376587,357,38.67293930053711,1.7653847932815552,0.6428965926170349,7712.931953809,1.4880461692810059,1.9584957361221313,0.6218425035476685,2.840747117996216,344,2.4202754497528076,35.86420822143555,52.27177429199219,2.735503911972046,1776935911.284714,0.37815746665000916,,,,,,,,,,,,,,,,,,,,,,,,,,,,,,,,,,,,,,,,,,,,,,,,,,,,,,,,,,,,,,,,,,,,,,,,,,,,,,,,,
17.421573638916016,51899,1.253063678741455,358,38.32634735107422,1.7884517908096313,0.6379914283752441,7728.928414515,1.4939714670181274,1.9794952869415283,0.6210599541664124,2.8850669860839844,345,2.392575263977051,34.88044357299805,52.28095245361328,2.7416718006134033,1776935927.281155,0.3789401948451996,,,,,,,,,,,,,,,,,,,,,,,,,,,,,,,,,,,,,,,,,,,,,,,,,,,,,,,,,,,,,,,,,,,,,,,,,,,,,,,,,
17.370031356811523,52049,1.2556426525115967,359,38.32481002807617,1.7947607040405273,0.6382777690887451,7744.785463667,1.5014238357543945,1.9925694465637207,0.6208520531654358,2.890432834625244,346,2.3842403888702393,34.545318603515625,52.29391098022461,2.744839906692505,1776935943.138214,0.3791479766368866,,,,,,,,,,,,,,,,,,,,,,,,,,,,,,,,,,,,,,,,,,,,,,,,,,,,,,,,,,,,,,,,,,,,,,,,,,,,,,,,,
17.31062889099121,52199,1.2557746171951294,360,38.41762161254883,1.7864735126495361,0.639863908290863,7760.78892514,1.497843861579895,1.9837322235107422,0.6182360649108887,2.893313407897949,347,2.412182569503784,35.02067565917969,52.30235290527344,2.756185531616211,1776935959.1415157,0.38176390528678894,,,,,,,,,,,,,,,,,,,,,,,,,,,,,,,,,,,,,,,,,,,,,,,,,,,,,,,,,,,,,,,,,,,,,,,,,,,,,,,,,
17.3674373626709,52349,1.2544474601745605,361,38.42333221435547,1.7934168577194214,0.6379269361495972,7776.527808381,1.500252604484558,1.992262840270996,0.620437741279602,2.8884570598602295,348,2.4028282165527344,34.97832107543945,52.31070327758789,2.7582974433898926,1776935974.880518,0.37956222891807556,,,,,,,,,,,,,,,,,,,,,,,,,,,,,,,,,,,,,,,,,,,,,,,,,,,,,,,,,,,,,,,,,,,,,,,,,,,,,,,,,
,52499,,362,,,,7949.941444696,,,,,349,,,,,1776936148.2904475,,0.15723085403442383,0.7723370790481567,0.9971545934677124,12.46103286743164,3672081664.0,105.91112518310547,113.86315155029297,0.8392844200134277,5.5548481941223145,0.5049499869346619,0.5887559056282043,0.577326774597168,0.885066032409668,0.8148991465568542,0.03760189563035965,779.2368774414062,0.7483140230178833,0.014951401390135288,0.6567376852035522,0.18867141008377075,0.33723771572113037,0.0038562496192753315,0.9953688383102417,0.591342031955719,0.1378999948501587,834.5225219726562,1498.086669921875,5.0,0.6759923100471497,0.28410154581069946,0.015256249345839024,0.8204326629638672,12.46103286743164,0.14756286144256592,819.8672485351562,0.8907303810119629,5.5548481941223145,0.7354034185409546,0.1780250072479248,3.62385892868042,1.3182163693947757e-14,0.993613600730896,0.6956345438957214,0.9752312302589417,0.5022187829017639,0.005306250415742397,0.33682501316070557,0.746976375579834,0.7639360427856445,0.8513550758361816,2.769160768745227e-15,0.8996124863624573,297.88671875,0.6618624329566956,1596.5252685546875,0.7663732171058655,0.382099986076355,1596.5252685546875,0.15246926248073578,766.8457641601562,0.9336509704589844,0.010043748654425144,0.6531175971031189,1498.086669921875,3.57871675491333,0.8996124863624573,0.02405722253024578,0.009368750266730785,0.9423519372940063,0.6257548332214355,36.2716178894043,0.011806556954979897,0.09795993566513062,12.130931854248047,6.3403778076171875,0.7049930691719055,0.317368745803833,13.339021682739258,35.06424331665039,275.1997375488281,0.02682499773800373
17.519344329833984,52499,1.2447577714920044,363,38.4880485534668,1.8007221221923828,0.6378509998321533,7951.638830067,1.5030068159103394,1.992789387702942,0.622177243232727,2.8673386573791504,349,2.389359474182129,35.35078048706055,52.317256927490234,2.7461657524108887,1776936149.9897304,0.37782278656959534,,,,,,,,,,,,,,,,,,,,,,,,,,,,,,,,,,,,,,,,,,,,,,,,,,,,,,,,,,,,,,,,,,,,,,,,,,,,,,,,,
17.346513748168945,52649,1.2422536611557007,364,38.51778030395508,1.7864415645599365,0.6388334035873413,7966.341333655,1.4980428218841553,1.9721217155456543,0.6237418055534363,2.8607656955718994,350,2.4233055114746094,35.87411117553711,52.32612991333008,2.7380387783050537,1776936164.6936758,0.37625816464424133,,,,,,,,,,,,,,,,,,,,,,,,,,,,,,,,,,,,,,,,,,,,,,,,,,,,,,,,,,,,,,,,,,,,,,,,,,,,,,,,,
17.405689239501953,52799,1.248359203338623,365,38.47822952270508,1.7853338718414307,0.6426140069961548,7982.161246255,1.4910470247268677,1.9748661518096924,0.6215316653251648,2.8751869201660156,351,2.3988306522369385,34.86150360107422,52.33760070800781,2.7545266151428223,1776936180.514051,0.37846839427948,,,,,,,,,,,,,,,,,,,,,,,,,,,,,,,,,,,,,,,,,,,,,,,,,,,,,,,,,,,,,,,,,,,,,,,,,,,,,,,,,
17.467926025390625,52949,1.2583893537521362,366,38.404232025146484,1.793819546699524,0.6407280564308167,7998.197723485,1.4988795518875122,1.9888689517974854,0.6212987899780273,2.8954803943634033,352,2.396214485168457,34.79305648803711,52.347171783447266,2.745577096939087,1776936196.5503387,0.37870123982429504,,,,,,,,,,,,,,,,,,,,,,,,,,,,,,,,,,,,,,,,,,,,,,,,,,,,,,,,,,,,,,,,,,,,,,,,,,,,,,,,,
17.495359420776367,53099,1.2472189664840698,367,38.8167724609375,1.791856288909912,0.6432735323905945,8014.13824649,1.4958264827728271,1.9897677898406982,0.622319221496582,2.8721182346343994,353,2.4160704612731934,35.63279342651367,52.35566711425781,2.752000093460083,1776936212.4910831,0.37768086791038513,,,,,,,,,,,,,,,,,,,,,,,,,,,,,,,,,,,,,,,,,,,,,,,,,,,,,,,,,,,,,,,,,,,,,,,,,,,,,,,,,
17.795663833618164,53249,1.2556266784667969,368,38.44075393676758,1.8050123453140259,0.63714200258255,8030.027779721,1.501646637916565,1.9941073656082153,0.6201274394989014,2.8911256790161133,354,2.4183390140533447,34.993167877197266,52.36420822143555,2.758241891860962,1776936228.380537,0.379872590303421,,,,,,,,,,,,,,,,,,,,,,,,,,,,,,,,,,,,,,,,,,,,,,,,,,,,,,,,,,,,,,,,,,,,,,,,,,,,,,,,,
17.57280731201172,53399,1.260362982749939,369,38.526302337646484,1.8036471605300903,0.6367673873901367,8045.779305107,1.5013821125030518,2.004857301712036,0.6227970123291016,2.8979294300079346,355,2.3745391368865967,34.698909759521484,52.3699951171875,2.7509474754333496,1776936244.1319385,0.37720295786857605,,,,,,,,,,,,,,,,,,,,,,,,,,,,,,,,,,,,,,,,,,,,,,,,,,,,,,,,,,,,,,,,,,,,,,,,,,,,,,,,,
17.467348098754883,53549,1.247439980506897,370,38.68159866333008,1.7926764488220215,0.6398569941520691,8061.742717914,1.4988925457000732,1.9927161931991577,0.6230498552322388,2.871830701828003,356,2.42724609375,35.733306884765625,52.37583923339844,2.7599198818206787,1776936260.0955389,0.37695008516311646,,,,,,,,,,,,,,,,,,,,,,,,,,,,,,,,,,,,,,,,,,,,,,,,,,,,,,,,,,,,,,,,,,,,,,,,,,,,,,,,,
17.529104232788086,53699,1.2531877756118774,371,39.17485809326172,1.8170630931854248,0.6388675570487976,8077.58401114,1.5009863376617432,2.0199618339538574,0.6216645240783691,2.8847110271453857,357,2.427290201187134,35.984222412109375,52.387245178222656,2.7740604877471924,1776936275.9366832,0.3783354163169861,,,,,,,,,,,,,,,,,,,,,,,,,,,,,,,,,,,,,,,,,,,,,,,,,,,,,,,,,,,,,,,,,,,,,,,,,,,,,,,,,
17.439912796020508,53849,1.2582913637161255,372,38.648109436035156,1.8109010457992554,0.637049674987793,8093.621950262,1.5049571990966797,2.0166196823120117,0.6210683584213257,2.895514726638794,358,2.389119863510132,35.102664947509766,52.397369384765625,2.7598931789398193,1776936291.9743302,0.37893161177635193,,,,,,,,,,,,,,,,,,,,,,,,,,,,,,,,,,,,,,,,,,,,,,,,,,,,,,,,,,,,,,,,,,,,,,,,,,,,,,,,,
17.619150161743164,53999,1.2550383806228638,373,38.47687530517578,1.8173004388809204,0.6348305940628052,8109.491986419,1.5044931173324585,2.011991262435913,0.6209930181503296,2.8890836238861084,359,2.400641918182373,34.73658752441406,52.406005859375,2.7584238052368164,1776936307.8448498,0.3790070414543152,,,,,,,,,,,,,,,,,,,,,,,,,,,,,,,,,,,,,,,,,,,,,,,,,,,,,,,,,,,,,,,,,,,,,,,,,,,,,,,,,
17.420475006103516,54149,1.2656484842300415,374,38.48959732055664,1.809169888496399,0.6389658451080322,8125.435678552,1.5030535459518433,2.005600690841675,0.621012806892395,2.9102838039398193,360,2.422785758972168,34.79262924194336,52.414058685302734,2.76084566116333,1776936323.7885733,0.3789871335029602,,,,,,,,,,,,,,,,,,,,,,,,,,,,,,,,,,,,,,,,,,,,,,,,,,,,,,,,,,,,,,,,,,,,,,,,,,,,,,,,,
17.5670223236084,54299,1.2677170038223267,375,38.43395233154297,1.8166106939315796,0.6363762021064758,8141.273111614,1.509647011756897,2.0203030109405518,0.6218041777610779,2.913630247116089,361,2.3744375705718994,34.292823791503906,52.426631927490234,2.759829521179199,1776936339.6260219,0.3781958818435669,,,,,,,,,,,,,,,,,,,,,,,,,,,,,,,,,,,,,,,,,,,,,,,,,,,,,,,,,,,,,,,,,,,,,,,,,,,,,,,,,
17.761995315551758,54449,1.2606676816940308,376,38.694034576416016,1.8254876136779785,0.6338257193565369,8157.177970862,1.5100760459899902,2.029788017272949,0.6234431266784668,2.8978919982910156,362,2.4197864532470703,34.98780059814453,52.433319091796875,2.778871774673462,1776936355.530792,0.3765568435192108,,,,,,,,,,,,,,,,,,,,,,,,,,,,,,,,,,,,,,,,,,,,,,,,,,,,,,,,,,,,,,,,,,,,,,,,,,,,,,,,,
17.920454025268555,54599,1.2748026847839355,377,39.065704345703125,1.8331502676010132,0.6373694539070129,8172.966400452,1.5076930522918701,2.038217544555664,0.6223307251930237,2.927274465560913,363,2.39456844329834,35.676856994628906,52.439212799072266,2.7862424850463867,1776936371.318559,0.3776693642139435,,,,,,,,,,,,,,,,,,,,,,,,,,,,,,,,,,,,,,,,,,,,,,,,,,,,,,,,,,,,,,,,,,,,,,,,,,,,,,,,,
17.955821990966797,54749,1.2851483821868896,378,38.81813430786133,1.8519468307495117,0.629991352558136,8188.970524115,1.5149468183517456,2.0536773204803467,0.6195916533470154,2.950705051422119,364,2.447805881500244,35.09424591064453,52.448421478271484,2.799433946609497,1776936387.3232756,0.38040831685066223,,,,,,,,,,,,,,,,,,,,,,,,,,,,,,,,,,,,,,,,,,,,,,,,,,,,,,,,,,,,,,,,,,,,,,,,,,,,,,,,,
17.683637619018555,54899,1.2451305389404297,379,38.696468353271484,1.8054649829864502,0.6392035484313965,8204.899767926,1.4998974800109863,2.00158953666687,0.6234309077262878,2.8668301105499268,365,2.3742828369140625,35.2431640625,52.45748519897461,2.7485532760620117,1776936403.2526083,0.37656909227371216,,,,,,,,,,,,,,,,,,,,,,,,,,,,,,,,,,,,,,,,,,,,,,,,,,,,,,,,,,,,,,,,,,,,,,,,,,,,,,,,,
17.731311798095703,55049,1.2616854906082153,380,38.559810638427734,1.8269716501235962,0.6356011629104614,8221.062862241,1.506527304649353,2.024461507797241,0.6214682459831238,2.901901960372925,366,2.4132394790649414,34.63843536376953,52.46502685546875,2.773080825805664,1776936419.4150052,0.378531813621521,,,,,,,,,,,,,,,,,,,,,,,,,,,,,,,,,,,,,,,,,,,,,,,,,,,,,,,,,,,,,,,,,,,,,,,,,,,,,,,,,
17.886911392211914,55199,1.271490216255188,381,39.08477020263672,1.8452216386795044,0.6335968971252441,8236.933242533,1.5095218420028687,2.045917272567749,0.6230418086051941,2.919938564300537,367,2.403430700302124,35.710391998291016,52.472660064697266,2.7784852981567383,1776936435.286023,0.3769582211971283,,,,,,,,,,,,,,,,,,,,,,,,,,,,,,,,,,,,,,,,,,,,,,,,,,,,,,,,,,,,,,,,,,,,,,,,,,,,,,,,,
17.80194854736328,55349,1.2709879875183105,382,39.040626525878906,1.8372156620025635,0.6358902454376221,8252.786656626,1.5097432136535645,2.0397191047668457,0.6236293315887451,2.918347120285034,368,2.4407742023468018,35.82802200317383,52.482608795166016,2.7889633178710938,1776936451.1392713,0.37637069821357727,,,,,,,,,,,,,,,,,,,,,,,,,,,,,,,,,,,,,,,,,,,,,,,,,,,,,,,,,,,,,,,,,,,,,,,,,,,,,,,,,
17.803377151489258,55499,1.2556291818618774,383,38.959083557128906,1.834539771080017,0.6371990442276001,8268.83107248,1.5036742687225342,2.0240724086761475,0.6230672001838684,2.888190746307373,369,2.389540433883667,35.481529235839844,52.49054718017578,2.769176483154297,1776936467.1837215,0.376932829618454,,,,,,,,,,,,,,,,,,,,,,,,,,,,,,,,,,,,,,,,,,,,,,,,,,,,,,,,,,,,,,,,,,,,,,,,,,,,,,,,,
17.899658203125,55649,1.2742770910263062,384,38.96495819091797,1.8474812507629395,0.6330474615097046,8284.823687708,1.5129585266113281,2.0522122383117676,0.6220844984054565,2.926469326019287,370,2.4031565189361572,35.13379669189453,52.49952697753906,2.7872421741485596,1776936483.1762087,0.3779154419898987,,,,,,,,,,,,,,,,,,,,,,,,,,,,,,,,,,,,,,,,,,,,,,,,,,,,,,,,,,,,,,,,,,,,,,,,,,,,,,,,,
17.682640075683594,55799,1.253892183303833,385,38.530757904052734,1.8224447965621948,0.6355164647102356,8300.960297157,1.5088180303573608,2.015321731567383,0.6219726800918579,2.8858118057250977,371,2.4331088066101074,35.13673782348633,52.51108169555664,2.7656259536743164,1776936499.3129528,0.3780272901058197,,,,,,,,,,,,,,,,,,,,,,,,,,,,,,,,,,,,,,,,,,,,,,,,,,,,,,,,,,,,,,,,,,,,,,,,,,,,,,,,,
17.85201644897461,55949,1.2656116485595703,386,38.94974136352539,1.8343862295150757,0.6337210536003113,8316.818942816,1.509711742401123,2.031682014465332,0.6238157153129578,2.907407522201538,372,2.44217848777771,35.77039337158203,52.51975631713867,2.779069662094116,1776936515.1717894,0.3761844038963318,,,,,,,,,,,,,,,,,,,,,,,,,,,,,,,,,,,,,,,,,,,,,,,,,,,,,,,,,,,,,,,,,,,,,,,,,,,,,,,,,
17.748573303222656,56099,1.2591222524642944,387,38.75811004638672,1.8279856443405151,0.63698810338974,8332.750185067,1.505286455154419,2.018021583557129,0.6221333146095276,2.896111011505127,373,2.409022569656372,35.40104675292969,52.52582931518555,2.7638001441955566,1776936531.102353,0.3778666853904724,,,,,,,,,,,,,,,,,,,,,,,,,,,,,,,,,,,,,,,,,,,,,,,,,,,,,,,,,,,,,,,,,,,,,,,,,,,,,,,,,
,56249,,388,,,,8505.897479267,,,,,374,,,,,1776936704.246181,,0.146178737282753,0.7602044939994812,0.9971286058425903,15.212836265563965,4030612736.0,108.37108612060547,116.30474853515625,0.8428319096565247,5.5734663009643555,0.4962000250816345,0.5766894221305847,0.5729004740715027,0.8762208819389343,0.8053305745124817,0.03747805580496788,796.0097045898438,0.7433508634567261,0.014998598955571651,0.6348603963851929,0.19144393503665924,0.3393065631389618,0.003837500000372529,0.9952187538146973,0.5837498903274536,0.1440500020980835,849.82470703125,1529.9669189453125,5.0,0.6599547266960144,0.2804476320743561,0.01639374904334545,0.8420766592025757,15.212836265563965,0.151680588722229,835.1690673828125,0.8929535746574402,5.5734663009643555,0.7303365468978882,0.1776750087738037,3.7352423667907715,3.421958896798749e-15,0.9906222224235535,0.7236093282699585,0.9751938581466675,0.5005812644958496,0.0054812501184642315,0.33419373631477356,0.7273187637329102,0.7422038316726685,0.867426872253418,1.2250942447999957e-15,0.9002875685691833,304.8556213378906,0.6597187519073486,1625.7540283203125,0.7649545073509216,0.3812062442302704,1625.7540283203125,0.15133433043956757,782.7568969726562,0.934615969657898,0.010768749751150608,0.6617293357849121,1529.9669189453125,3.664407253265381,0.9002875685691833,0.024118585512042046,0.010237500071525574,0.9268282055854797,0.6124981641769409,36.90748596191406,0.011860287748277187,0.0963832288980484,12.408195495605469,6.866032600402832,0.6950059533119202,0.32337501645088196,13.441923141479492,35.7097282409668,281.832275390625,0.029368754476308823
17.628154754638672,56249,1.2578115463256836,389,38.459075927734375,1.8157929182052612,0.6367188096046448,8507.385454571,1.5003386735916138,2.0052783489227295,0.6235609650611877,2.892062187194824,374,2.4137680530548096,34.751285552978516,52.53358840942383,2.764331340789795,1776936705.7372093,0.3764389753341675,,,,,,,,,,,,,,,,,,,,,,,,,,,,,,,,,,,,,,,,,,,,,,,,,,,,,,,,,,,,,,,,,,,,,,,,,,,,,,,,,
17.674779891967773,56399,1.2698668241500854,390,38.83317184448242,1.8357882499694824,0.638327419757843,8522.347324472,1.5075348615646362,2.031780481338501,0.6236106157302856,2.916123628616333,375,2.4138906002044678,35.05852508544922,52.544837951660156,2.7791810035705566,1776936720.6999319,0.37638941407203674,,,,,,,,,,,,,,,,,,,,,,,,,,,,,,,,,,,,,,,,,,,,,,,,,,,,,,,,,,,,,,,,,,,,,,,,,,,,,,,,,
17.80348777770996,56549,1.2622848749160767,391,38.887237548828125,1.8220036029815674,0.6410961747169495,8538.231122292,1.4988420009613037,2.0119974613189697,0.6229949593544006,2.9015748500823975,376,2.430983781814575,35.131282806396484,52.55269241333008,2.7768023014068604,1776936736.5836415,0.37700510025024414,,,,,,,,,,,,,,,,,,,,,,,,,,,,,,,,,,,,,,,,,,,,,,,,,,,,,,,,,,,,,,,,,,,,,,,,,,,,,,,,,
17.60270118713379,56699,1.2640788555145264,392,38.63320541381836,1.8092209100723267,0.6376234292984009,8554.14880274,1.507807731628418,2.013731002807617,0.6204096674919128,2.907747983932495,377,2.414177894592285,35.28983688354492,52.55951690673828,2.7656328678131104,1776936752.5012395,0.37959033250808716,,,,,,,,,,,,,,,,,,,,,,,,,,,,,,,,,,,,,,,,,,,,,,,,,,,,,,,,,,,,,,,,,,,,,,,,,,,,,,,,,
18.056644439697266,56849,1.28261137008667,393,38.8380241394043,1.857942819595337,0.6339574456214905,8570.189202484,1.5129461288452148,2.0603084564208984,0.621615469455719,2.9436070919036865,378,2.391564130783081,34.408878326416016,52.571041107177734,2.7904069423675537,1776936768.541984,0.37838444113731384,,,,,,,,,,,,,,,,,,,,,,,,,,,,,,,,,,,,,,,,,,,,,,,,,,,,,,,,,,,,,,,,,,,,,,,,,,,,,,,,,
17.784730911254883,56999,1.265121579170227,394,38.89468002319336,1.8358001708984375,0.6375170946121216,8586.136891649,1.5068002939224243,2.0313808917999268,0.6245790123939514,2.9056637287139893,379,2.4176130294799805,35.458919525146484,52.58350372314453,2.773806095123291,1776936784.4893305,0.3754209280014038,,,,,,,,,,,,,,,,,,,,,,,,,,,,,,,,,,,,,,,,,,,,,,,,,,,,,,,,,,,,,,,,,,,,,,,,,,,,,,,,,
17.710424423217773,57149,1.2576212882995605,395,38.4998893737793,1.820654273033142,0.6363674402236938,8602.217893954,1.5067580938339233,2.0123043060302734,0.6235696077346802,2.8916730880737305,380,2.3924505710601807,34.42887878417969,52.59067153930664,2.760787010192871,1776936800.5703418,0.3764303922653198,,,,,,,,,,,,,,,,,,,,,,,,,,,,,,,,,,,,,,,,,,,,,,,,,,,,,,,,,,,,,,,,,,,,,,,,,,,,,,,,,
17.652976989746094,57299,1.2557684183120728,396,38.62982940673828,1.8131345510482788,0.6367035508155823,8618.073272257,1.5078798532485962,2.013277053833008,0.6238953471183777,2.887641191482544,381,2.4182193279266357,35.30467987060547,52.598472595214844,2.7654073238372803,1776936816.425871,0.3761046826839447,,,,,,,,,,,,,,,,,,,,,,,,,,,,,,,,,,,,,,,,,,,,,,,,,,,,,,,,,,,,,,,,,,,,,,,,,,,,,,,,,
18.035913467407227,57449,1.2716206312179565,397,38.616111755371094,1.8381927013397217,0.6331076622009277,8634.037466383,1.5098886489868164,2.0313937664031982,0.6226844787597656,2.9205572605133057,382,2.426978588104248,34.78732681274414,52.6048698425293,2.784266710281372,1776936832.3899949,0.3773155212402344,,,,,,,,,,,,,,,,,,,,,,,,,,,,,,,,,,,,,,,,,,,,,,,,,,,,,,,,,,,,,,,,,,,,,,,,,,,,,,,,,
17.7506046295166,57599,1.2689471244812012,398,38.601619720458984,1.8290048837661743,0.6364750266075134,8649.789614065,1.5079413652420044,2.027128219604492,0.6244989633560181,2.9133951663970947,383,2.377479076385498,34.81216812133789,52.61271286010742,2.7693557739257812,1776936848.1422014,0.37550097703933716,,,,,,,,,,,,,,,,,,,,,,,,,,,,,,,,,,,,,,,,,,,,,,,,,,,,,,,,,,,,,,,,,,,,,,,,,,,,,,,,,
17.7249813079834,57749,1.2648311853408813,399,38.55651092529297,1.8327515125274658,0.634120762348175,8665.779619088,1.5065981149673462,2.0292928218841553,0.6244888305664062,2.9051735401153564,384,2.4108006954193115,34.3785400390625,52.619686126708984,2.779062271118164,1776936864.1322758,0.37551119923591614,,,,,,,,,,,,,,,,,,,,,,,,,,,,,,,,,,,,,,,,,,,,,,,,,,,,,,,,,,,,,,,,,,,,,,,,,,,,,,,,,
17.802932739257812,57899,1.2724521160125732,400,39.049095153808594,1.8366507291793823,0.6370001435279846,8681.549221643,1.508176565170288,2.0362155437469482,0.6228834986686707,2.92202091217041,385,2.4302337169647217,35.585792541503906,52.62955856323242,2.787672758102417,1776936879.9021237,0.37711653113365173,,,,,,,,,,,,,,,,,,,,,,,,,,,,,,,,,,,,,,,,,,,,,,,,,,,,,,,,,,,,,,,,,,,,,,,,,,,,,,,,,
17.810022354125977,58049,1.2637845277786255,401,38.637413024902344,1.833346962928772,0.6359645128250122,8697.567073034,1.5061149597167969,2.026340961456299,0.6240425705909729,2.9035263061523438,386,2.4036691188812256,34.66017150878906,52.642005920410156,2.7746570110321045,1776936895.919973,0.3759574294090271,,,,,,,,,,,,,,,,,,,,,,,,,,,,,,,,,,,,,,,,,,,,,,,,,,,,,,,,,,,,,,,,,,,,,,,,,,,,,,,,,
17.87635612487793,58199,1.2612767219543457,402,38.78899383544922,1.8416965007781982,0.6365593075752258,8713.417120663,1.5105764865875244,2.029247760772705,0.6230466961860657,2.8995068073272705,387,2.404008626937866,35.5184211730957,52.650272369384766,2.7635140419006348,1776936911.7696767,0.37695327401161194,,,,,,,,,,,,,,,,,,,,,,,,,,,,,,,,,,,,,,,,,,,,,,,,,,,,,,,,,,,,,,,,,,,,,,,,,,,,,,,,,
18.13895606994629,58349,1.279017448425293,403,38.87640380859375,1.8533916473388672,0.6342675089836121,8729.509790638,1.5096501111984253,2.041808843612671,0.6233310103416443,2.934703826904297,388,2.4319660663604736,35.44456481933594,52.657257080078125,2.7895495891571045,1776936927.862293,0.3766690790653229,,,,,,,,,,,,,,,,,,,,,,,,,,,,,,,,,,,,,,,,,,,,,,,,,,,,,,,,,,,,,,,,,,,,,,,,,,,,,,,,,
17.68803596496582,58499,1.2656540870666504,404,39.19328308105469,1.833478569984436,0.6348766088485718,8745.448208348,1.5030544996261597,2.0365052223205566,0.6238272786140442,2.9074807167053223,389,2.4410793781280518,36.06724166870117,52.669105529785156,2.792288303375244,1776936943.8010445,0.3761727809906006,,,,,,,,,,,,,,,,,,,,,,,,,,,,,,,,,,,,,,,,,,,,,,,,,,,,,,,,,,,,,,,,,,,,,,,,,,,,,,,,,
18.07038688659668,58649,1.2703286409378052,405,38.730560302734375,1.8431133031845093,0.631746232509613,8761.472968917,1.5151888132095337,2.0497889518737793,0.6220535635948181,2.9186041355133057,390,2.4362645149230957,34.936058044433594,52.674339294433594,2.781759023666382,1776936959.825521,0.3779464066028595,,,,,,,,,,,,,,,,,,,,,,,,,,,,,,,,,,,,,,,,,,,,,,,,,,,,,,,,,,,,,,,,,,,,,,,,,,,,,,,,,
17.904027938842773,58799,1.2652584314346313,406,38.720558166503906,1.8435149192810059,0.6363565921783447,8777.453678872,1.5116239786148071,2.0404915809631348,0.6228256225585938,2.9076907634735107,391,2.4014315605163574,34.75621795654297,52.68060302734375,2.776151657104492,1776936975.8062663,0.37717440724372864,,,,,,,,,,,,,,,,,,,,,,,,,,,,,,,,,,,,,,,,,,,,,,,,,,,,,,,,,,,,,,,,,,,,,,,,,,,,,,,,,
17.835054397583008,58949,1.2636430263519287,407,39.14985275268555,1.8441046476364136,0.6313432455062866,8793.297508207,1.5127359628677368,2.057968854904175,0.6233782768249512,2.903907537460327,392,2.4422452449798584,35.937652587890625,52.6850471496582,2.791795253753662,1776936991.6504498,0.3766217529773712,,,,,,,,,,,,,,,,,,,,,,,,,,,,,,,,,,,,,,,,,,,,,,,,,,,,,,,,,,,,,,,,,,,,,,,,,,,,,,,,,
18.024166107177734,59099,1.260157585144043,408,38.87858963012695,1.8481245040893555,0.6324700713157654,8809.352623713,1.513117790222168,2.0399839878082275,0.6246759295463562,2.8956387042999268,393,2.4016029834747314,35.6015510559082,52.69285583496094,2.7724645137786865,1776937007.7051237,0.3753240704536438,,,,,,,,,,,,,,,,,,,,,,,,,,,,,,,,,,,,,,,,,,,,,,,,,,,,,,,,,,,,,,,,,,,,,,,,,,,,,,,,,
17.8795223236084,59249,1.267034649848938,409,39.24860382080078,1.845537781715393,0.6354475021362305,8825.202784202,1.5084104537963867,2.051999092102051,0.6247673630714417,2.909301996231079,394,2.4267265796661377,35.603759765625,52.701171875,2.785463571548462,1776937023.555358,0.37523266673088074,,,,,,,,,,,,,,,,,,,,,,,,,,,,,,,,,,,,,,,,,,,,,,,,,,,,,,,,,,,,,,,,,,,,,,,,,,,,,,,,,
18.04244041442871,59399,1.2733519077301025,410,39.17082977294922,1.8594743013381958,0.6325907111167908,8841.2073047,1.5187962055206299,2.070070266723633,0.6221301555633545,2.9245738983154297,395,2.424501419067383,35.8761100769043,52.71042251586914,2.801027774810791,1776937039.5596213,0.3778698444366455,,,,,,,,,,,,,,,,,,,,,,,,,,,,,,,,,,,,,,,,,,,,,,,,,,,,,,,,,,,,,,,,,,,,,,,,,,,,,,,,,
17.998624801635742,59549,1.286892294883728,411,39.086605072021484,1.8616193532943726,0.6324306726455688,8857.220268005,1.5173392295837402,2.0716888904571533,0.6238893866539001,2.949895143508911,396,2.413623094558716,35.3523063659668,52.718505859375,2.8096368312835693,1776937055.5728729,0.37611058354377747,,,,,,,,,,,,,,,,,,,,,,,,,,,,,,,,,,,,,,,,,,,,,,,,,,,,,,,,,,,,,,,,,,,,,,,,,,,,,,,,,
18.153974533081055,59699,1.2841137647628784,412,38.86334228515625,1.8651678562164307,0.6328004598617554,8873.206534416,1.5181235074996948,2.0705361366271973,0.6231128573417664,2.945115327835083,397,2.401763916015625,34.62154769897461,52.72441101074219,2.801990270614624,1776937071.5591536,0.37688717246055603,,,,,,,,,,,,,,,,,,,,,,,,,,,,,,,,,,,,,,,,,,,,,,,,,,,,,,,,,,,,,,,,,,,,,,,,,,,,,,,,,
18.065460205078125,59849,1.2771492004394531,413,38.91373825073242,1.8666507005691528,0.6358439922332764,8889.038706091,1.5161526203155518,2.0565879344940186,0.6258662939071655,2.9284322261810303,398,2.3989064693450928,35.03899383544922,52.72979736328125,2.7936816215515137,1776937087.3913705,0.3741337060928345,,,,,,,,,,,,,,,,,,,,,,,,,,,,,,,,,,,,,,,,,,,,,,,,,,,,,,,,,,,,,,,,,,,,,,,,,,,,,,,,,
,59999,,414,,,,9063.452502999,,,,,399,,,,,1776937261.80147,,0.15052001178264618,0.7563608884811401,0.9971567392349243,12.888129234313965,521959616.0,113.43150329589844,121.82896423339844,0.8299757242202759,5.573558330535889,0.512862503528595,0.5932034850120544,0.5674496293067932,0.87151038646698,0.8022607564926147,0.03686777874827385,833.3797607421875,0.7352999448776245,0.01505300309509039,0.6154606342315674,0.18722893297672272,0.33118370175361633,0.0036187502555549145,0.9952625632286072,0.576033353805542,0.1426749974489212,893.6617431640625,1601.1134033203125,5.0,0.6390368938446045,0.2756813168525696,0.014718749560415745,0.8308122754096985,12.888129234313965,0.14152218401432037,877.9307861328125,0.8950287103652954,5.573558330535889,0.7217177152633667,0.1769000142812729,3.8773834705352783,-7.422014391966769e-15,0.9933620691299438,0.6922978758811951,0.9750250577926636,0.4982375502586365,0.004737500101327896,0.3328312635421753,0.7115757465362549,0.7407702207565308,0.8661263585090637,-6.580565085900769e-16,0.8991750478744507,319.2252502441406,0.6575937271118164,1709.201171875,0.7610698342323303,0.37924379110336304,1709.201171875,0.15164341032505035,820.8316040039062,0.9371148347854614,0.009512499906122684,0.6422104835510254,1601.1134033203125,3.8400509357452393,0.8991750478744507,0.024235855787992477,0.009731248952448368,0.9242373704910278,0.6141034960746765,38.94058609008789,0.01189875602722168,0.09387283772230148,12.249319076538086,7.610955238342285,0.6781405210494995,0.3288687467575073,13.473176956176758,37.553226470947266,294.7044677734375,0.026487499475479126
18.027359008789062,59999,1.2708244323730469,415,38.480735778808594,1.8424428701400757,0.633970320224762,9065.323779634,1.5072685480117798,2.029709815979004,0.6242618560791016,2.917386770248413,399,2.401477098464966,34.2144775390625,52.73572540283203,2.770888328552246,1776937263.674562,0.37573811411857605,,,,,,,,,,,,,,,,,,,,,,,,,,,,,,,,,,,,,,,,,,,,,,,,,,,,,,,,,,,,,,,,,,,,,,,,,,,,,,,,,
18.3338680267334,60149,1.2794036865234375,416,39.09055709838867,1.8717095851898193,0.6358469724655151,9080.105183887,1.5131608247756958,2.0593771934509277,0.6259521245956421,2.9328558444976807,400,2.4239354133605957,35.440040588378906,52.746604919433594,2.8056256771087646,1776937278.4579093,0.3740479350090027,,,,,,,,,,,,,,,,,,,,,,,,,,,,,,,,,,,,,,,,,,,,,,,,,,,,,,,,,,,,,,,,,,,,,,,,,,,,,,,,,
18.038896560668945,60299,1.26750648021698,417,38.73762130737305,1.8532482385635376,0.6328409910202026,9096.005480945,1.5163459777832031,2.0492167472839355,0.6245009899139404,2.9105119705200195,401,2.4366910457611084,35.34673309326172,52.754005432128906,2.7855889797210693,1776937294.358154,0.3754989802837372,,,,,,,,,,,,,,,,,,,,,,,,,,,,,,,,,,,,,,,,,,,,,,,,,,,,,,,,,,,,,,,,,,,,,,,,,,,,,,,,,
18.176321029663086,60449,1.29200279712677,418,38.85299301147461,1.8710353374481201,0.632660984992981,9112.093497153,1.5137838125228882,2.0663280487060547,0.6247043609619141,2.959301710128784,402,2.4243221282958984,34.6524658203125,52.763275146484375,2.8099632263183594,1776937310.4457512,0.37529557943344116,,,,,,,,,,,,,,,,,,,,,,,,,,,,,,,,,,,,,,,,,,,,,,,,,,,,,,,,,,,,,,,,,,,,,,,,,,,,,,,,,
18.12750816345215,60599,1.2669360637664795,419,39.11449432373047,1.8624440431594849,0.636165201663971,9127.956814581,1.5146962404251099,2.057342052459717,0.6248672008514404,2.9090049266815186,403,2.4421701431274414,35.72093200683594,52.772369384765625,2.787297487258911,1776937326.309321,0.37513285875320435,,,,,,,,,,,,,,,,,,,,,,,,,,,,,,,,,,,,,,,,,,,,,,,,,,,,,,,,,,,,,,,,,,,,,,,,,,,,,,,,,
17.980758666992188,60749,1.266357183456421,420,38.88832473754883,1.8427462577819824,0.6363966464996338,9143.981674925,1.5081725120544434,2.038463592529297,0.6241289973258972,2.9085853099823,404,2.421229600906372,35.15972900390625,52.7805061340332,2.778935432434082,1776937342.3343015,0.375870943069458,,,,,,,,,,,,,,,,,,,,,,,,,,,,,,,,,,,,,,,,,,,,,,,,,,,,,,,,,,,,,,,,,,,,,,,,,,,,,,,,,
18.024551391601562,60899,1.2760778665542603,421,39.12802505493164,1.8561660051345825,0.6342833638191223,9159.804474719,1.5113718509674072,2.055711030960083,0.6244097352027893,2.927746534347534,405,2.437748908996582,35.87818145751953,52.78511047363281,2.796797513961792,1776937358.1570954,0.3755902945995331,,,,,,,,,,,,,,,,,,,,,,,,,,,,,,,,,,,,,,,,,,,,,,,,,,,,,,,,,,,,,,,,,,,,,,,,,,,,,,,,,
18.07012176513672,61049,1.2695039510726929,422,38.87675094604492,1.8575875759124756,0.6353278160095215,9175.777030014,1.5063754320144653,2.0432357788085938,0.625522792339325,2.913485288619995,406,2.4060893058776855,35.01145553588867,52.793212890625,2.7864654064178467,1776937374.1293945,0.3744772970676422,,,,,,,,,,,,,,,,,,,,,,,,,,,,,,,,,,,,,,,,,,,,,,,,,,,,,,,,,,,,,,,,,,,,,,,,,,,,,,,,,
17.899044036865234,61199,1.2761801481246948,423,38.810935974121094,1.8409407138824463,0.6398387551307678,9191.622697003,1.5097116231918335,2.0290822982788086,0.624643087387085,2.9277172088623047,407,2.413327693939209,35.46648406982422,52.799381256103516,2.780956983566284,1776937389.9755225,0.37535688281059265,,,,,,,,,,,,,,,,,,,,,,,,,,,,,,,,,,,,,,,,,,,,,,,,,,,,,,,,,,,,,,,,,,,,,,,,,,,,,,,,,
18.0402774810791,61349,1.2739671468734741,424,39.1257438659668,1.8601845502853394,0.6373436450958252,9207.605991423,1.5122143030166626,2.055248260498047,0.6263447403907776,2.9215898513793945,408,2.4260294437408447,35.58074951171875,52.81007766723633,2.8010902404785156,1776937405.9584897,0.3736552298069,,,,,,,,,,,,,,,,,,,,,,,,,,,,,,,,,,,,,,,,,,,,,,,,,,,,,,,,,,,,,,,,,,,,,,,,,,,,,,,,,
17.9882755279541,61499,1.2773422002792358,425,39.08116149902344,1.8590190410614014,0.636246383190155,9223.529930611,1.5091564655303955,2.0520236492156982,0.625162661075592,2.9295215606689453,409,2.437833547592163,35.43840026855469,52.820255279541016,2.79469633102417,1776937421.882177,0.37483739852905273,,,,,,,,,,,,,,,,,,,,,,,,,,,,,,,,,,,,,,,,,,,,,,,,,,,,,,,,,,,,,,,,,,,,,,,,,,,,,,,,,
18.01985740661621,61649,1.2787468433380127,426,38.83456039428711,1.8559232950210571,0.6357820630073547,9239.666734677,1.511965036392212,2.0416970252990723,0.6240531206130981,2.9334402084350586,410,2.3917219638824463,35.24982833862305,52.82895278930664,2.784538507461548,1776937438.0195324,0.37594693899154663,,,,,,,,,,,,,,,,,,,,,,,,,,,,,,,,,,,,,,,,,,,,,,,,,,,,,,,,,,,,,,,,,,,,,,,,,,,,,,,,,
18.337526321411133,61799,1.2748113870620728,427,38.771705627441406,1.8749871253967285,0.6303744912147522,9255.461327096,1.5162172317504883,2.066850185394287,0.6248462200164795,2.9247772693634033,411,2.422654867172241,34.662723541259766,52.83881378173828,2.794377565383911,1776937453.8142936,0.3751538395881653,,,,,,,,,,,,,,,,,,,,,,,,,,,,,,,,,,,,,,,,,,,,,,,,,,,,,,,,,,,,,,,,,,,,,,,,,,,,,,,,,
17.99314308166504,61949,1.2762318849563599,428,38.972164154052734,1.8634629249572754,0.6347962617874146,9271.458486302,1.5112968683242798,2.0499706268310547,0.6250936388969421,2.927370548248291,412,2.422913074493408,35.401065826416016,52.849185943603516,2.792419672012329,1776937469.8111312,0.37490636110305786,,,,,,,,,,,,,,,,,,,,,,,,,,,,,,,,,,,,,,,,,,,,,,,,,,,,,,,,,,,,,,,,,,,,,,,,,,,,,,,,,
18.106464385986328,62099,1.2762162685394287,429,38.7293586730957,1.8590937852859497,0.6350687742233276,9287.296779078,1.5153573751449585,2.045576572418213,0.6232865452766418,2.929145574569702,413,2.424126386642456,34.98649597167969,52.858917236328125,2.792795181274414,1776937485.6496553,0.37671345472335815,,,,,,,,,,,,,,,,,,,,,,,,,,,,,,,,,,,,,,,,,,,,,,,,,,,,,,,,,,,,,,,,,,,,,,,,,,,,,,,,,
18.08611488342285,62249,1.2815855741500854,430,38.64706802368164,1.8563802242279053,0.6350147128105164,9303.32205021,1.5155709981918335,2.0512630939483643,0.6230543851852417,2.9401168823242188,414,2.4200246334075928,34.66250228881836,52.8739013671875,2.800442695617676,1776937501.6737142,0.3769455552101135,,,,,,,,,,,,,,,,,,,,,,,,,,,,,,,,,,,,,,,,,,,,,,,,,,,,,,,,,,,,,,,,,,,,,,,,,,,,,,,,,
18.11562156677246,62399,1.271618366241455,431,38.711143493652344,1.8468676805496216,0.6334220170974731,9319.035349787,1.5098352432250977,2.045382261276245,0.6254328489303589,2.917804002761841,415,2.421757221221924,34.69411849975586,52.88353729248047,2.784458637237549,1776937517.3881638,0.3745671808719635,,,,,,,,,,,,,,,,,,,,,,,,,,,,,,,,,,,,,,,,,,,,,,,,,,,,,,,,,,,,,,,,,,,,,,,,,,,,,,,,,
18.117895126342773,62549,1.2727848291397095,432,39.22368240356445,1.8616973161697388,0.6349520087242126,9334.838757459,1.5118608474731445,2.0573244094848633,0.6253029704093933,2.920266628265381,416,2.4332115650177,35.89056396484375,52.88772964477539,2.8003199100494385,1776937533.1914167,0.3746969699859619,,,,,,,,,,,,,,,,,,,,,,,,,,,,,,,,,,,,,,,,,,,,,,,,,,,,,,,,,,,,,,,,,,,,,,,,,,,,,,,,,
18.103588104248047,62699,1.269033670425415,433,38.75529479980469,1.8619027137756348,0.6323370337486267,9350.864818511,1.5150275230407715,2.0561187267303467,0.6256546974182129,2.912412643432617,417,2.3958423137664795,34.60541534423828,52.895042419433594,2.7804882526397705,1776937549.2175303,0.3743453323841095,,,,,,,,,,,,,,,,,,,,,,,,,,,,,,,,,,,,,,,,,,,,,,,,,,,,,,,,,,,,,,,,,,,,,,,,,,,,,,,,,
18.290029525756836,62849,1.271220088005066,434,39.24860763549805,1.8735789060592651,0.6324998140335083,9366.586732454,1.5133872032165527,2.0658628940582275,0.6262107491493225,2.916229248046875,418,2.4395129680633545,35.83373260498047,52.90571212768555,2.7956693172454834,1776937564.9394069,0.3737891912460327,,,,,,,,,,,,,,,,,,,,,,,,,,,,,,,,,,,,,,,,,,,,,,,,,,,,,,,,,,,,,,,,,,,,,,,,,,,,,,,,,
18.11690902709961,62999,1.2646363973617554,435,39.12371063232422,1.8543131351470947,0.634168803691864,9382.489985881,1.5134632587432861,2.0551185607910156,0.6236171722412109,2.9056556224823,419,2.4174716472625732,35.78031921386719,52.91381072998047,2.786618709564209,1776937580.8424418,0.37638288736343384,,,,,,,,,,,,,,,,,,,,,,,,,,,,,,,,,,,,,,,,,,,,,,,,,,,,,,,,,,,,,,,,,,,,,,,,,,,,,,,,,
18.291799545288086,63149,1.2698668241500854,436,39.2315788269043,1.8763819932937622,0.6367161273956299,9398.343744921,1.5102081298828125,2.056894302368164,0.6250334978103638,2.9146997928619385,420,2.444847583770752,35.64665985107422,52.92127227783203,2.8011934757232666,1776937596.69647,0.374966561794281,,,,,,,,,,,,,,,,,,,,,,,,,,,,,,,,,,,,,,,,,,,,,,,,,,,,,,,,,,,,,,,,,,,,,,,,,,,,,,,,,
18.325658798217773,63299,1.2806720733642578,437,38.96472930908203,1.8699336051940918,0.6347618699073792,9414.321251747,1.5127252340316772,2.056898593902588,0.6250725984573364,2.936272144317627,421,2.427891969680786,35.121524810791016,52.93143081665039,2.804218053817749,1776937612.67397,0.3749274015426636,,,,,,,,,,,,,,,,,,,,,,,,,,,,,,,,,,,,,,,,,,,,,,,,,,,,,,,,,,,,,,,,,,,,,,,,,,,,,,,,,
18.22205924987793,63449,1.2819019556045532,438,38.9989128112793,1.8718898296356201,0.6306071281433105,9430.194827339,1.5181928873062134,2.069762945175171,0.6245123744010925,2.93929123878479,422,2.42801570892334,35.0915641784668,52.936832427978516,2.802186965942383,1776937628.5474043,0.37548762559890747,,,,,,,,,,,,,,,,,,,,,,,,,,,,,,,,,,,,,,,,,,,,,,,,,,,,,,,,,,,,,,,,,,,,,,,,,,,,,,,,,
18.5020751953125,63599,1.2863231897354126,439,39.15781021118164,1.8824474811553955,0.6316637992858887,9446.190426207,1.5166243314743042,2.073824405670166,0.6252005696296692,2.9474456310272217,423,2.4625654220581055,35.57158660888672,52.9453125,2.81284761428833,1776937644.543049,0.3747994303703308,,,,,,,,,,,,,,,,,,,,,,,,,,,,,,,,,,,,,,,,,,,,,,,,,,,,,,,,,,,,,,,,,,,,,,,,,,,,,,,,,
,63749,,440,,,,9619.749418249,,,,,424,,,,,1776937818.0983613,,0.1489914506673813,0.761576771736145,0.9971531629562378,14.070940017700195,8331747328.0,112.76866149902344,121.47527313232422,0.8478025197982788,5.582099437713623,0.48949378728866577,0.5875442624092102,0.5790167450904846,0.874579906463623,0.8116618990898132,0.03882927447557449,832.9175415039062,0.7381740212440491,0.015114516019821167,0.6137892603874207,0.19498804211616516,0.34858444333076477,0.003406249452382326,0.9950250387191772,0.5755585432052612,0.13574999570846558,892.73876953125,1601.8868408203125,5.0,0.6414780616760254,0.28332018852233887,0.014449999667704105,0.8378467559814453,14.070940017700195,0.1513293832540512,877.0101928710938,0.8899908065795898,5.582099437713623,0.724709689617157,0.1754312515258789,3.8533694744110107,-1.7837077301297022e-14,0.9939941167831421,0.693457841873169,0.9751186966896057,0.49988749623298645,0.004693749826401472,0.33214375376701355,0.7251657843589783,0.7448785901069641,0.8600918650627136,4.627808553037127e-15,0.8983374238014221,319.7573547363281,0.6595311760902405,1707.0848388671875,0.7824915051460266,0.3791625201702118,1707.0848388671875,0.15194715559482574,819.5543212890625,0.9320852160453796,0.009262501262128353,0.6235400438308716,1601.8868408203125,3.826493501663208,0.8983374238014221,0.024361150339245796,0.009737499989569187,0.9357002973556519,0.6083218455314636,38.67551040649414,0.011942539364099503,0.09615221619606018,12.230228424072266,7.72027587890625,0.6649823784828186,0.3117625415325165,13.43099308013916,37.32992172241211,294.3030090332031,0.025606248527765274
18.38926124572754,63749,1.2972486019134521,441,38.932411193847656,1.8856035470962524,0.6298128366470337,9621.194847772,1.5280544757843018,2.0844452381134033,0.6237852573394775,2.970712184906006,424,2.4062867164611816,35.17695236206055,52.95541000366211,2.808391571044922,1776937819.546015,0.3762146830558777,,,,,,,,,,,,,,,,,,,,,,,,,,,,,,,,,,,,,,,,,,,,,,,,,,,,,,,,,,,,,,,,,,,,,,,,,,,,,,,,,
18.430818557739258,63899,1.2969458103179932,442,38.96086502075195,1.8928894996643066,0.6307098865509033,9636.08115668,1.518118143081665,2.0820484161376953,0.6268362998962402,2.967055320739746,425,2.4280993938446045,34.80670166015625,52.96868133544922,2.815840721130371,1776937834.4339018,0.37316372990608215,,,,,,,,,,,,,,,,,,,,,,,,,,,,,,,,,,,,,,,,,,,,,,,,,,,,,,,,,,,,,,,,,,,,,,,,,,,,,,,,,
18.400413513183594,64049,1.282969355583191,443,39.36891555786133,1.8819730281829834,0.6334968209266663,9652.118355717,1.5107790231704712,2.071110248565674,0.627130925655365,2.938807964324951,426,2.4403295516967773,35.809383392333984,52.978370666503906,2.813331365585327,1776937850.471155,0.3728691339492798,,,,,,,,,,,,,,,,,,,,,,,,,,,,,,,,,,,,,,,,,,,,,,,,,,,,,,,,,,,,,,,,,,,,,,,,,,,,,,,,,
18.184158325195312,64199,1.2721925973892212,444,38.786983489990234,1.869222640991211,0.6312753558158875,9668.0166422,1.5201784372329712,2.064232587814331,0.6256197094917297,2.9187655448913574,427,2.410830020904541,34.81566619873047,52.98577117919922,2.7890708446502686,1776937866.3692002,0.37438032031059265,,,,,,,,,,,,,,,,,,,,,,,,,,,,,,,,,,,,,,,,,,,,,,,,,,,,,,,,,,,,,,,,,,,,,,,,,,,,,,,,,
18.326946258544922,64349,1.2766165733337402,445,39.27918243408203,1.8719958066940308,0.6340610980987549,9684.061035947,1.5146284103393555,2.070763111114502,0.626383364200592,2.926849842071533,428,2.4189445972442627,35.6837272644043,52.99348449707031,2.8035383224487305,1776937882.4138134,0.37361666560173035,,,,,,,,,,,,,,,,,,,,,,,,,,,,,,,,,,,,,,,,,,,,,,,,,,,,,,,,,,,,,,,,,,,,,,,,,,,,,,,,,
18.165403366088867,64499,1.28471839427948,446,39.1462516784668,1.8619879484176636,0.6322463154792786,9700.261822003,1.5136033296585083,2.0681421756744385,0.6259254813194275,2.943511962890625,429,2.42291522026062,35.36195755004883,53.00091552734375,2.797163963317871,1776937898.614662,0.37407442927360535,,,,,,,,,,,,,,,,,,,,,,,,,,,,,,,,,,,,,,,,,,,,,,,,,,,,,,,,,,,,,,,,,,,,,,,,,,,,,,,,,
18.16442108154297,64649,1.2837125062942505,447,39.21396255493164,1.8696061372756958,0.6328553557395935,9716.439054162,1.5230227708816528,2.0839128494262695,0.624122679233551,2.9433023929595947,430,2.4241557121276855,35.566810607910156,53.00578689575195,2.806574583053589,1776937914.7917488,0.3758772313594818,,,,,,,,,,,,,,,,,,,,,,,,,,,,,,,,,,,,,,,,,,,,,,,,,,,,,,,,,,,,,,,,,,,,,,,,,,,,,,,,,
18.157560348510742,64799,1.2715117931365967,448,38.930294036865234,1.8688230514526367,0.630241870880127,9732.223887745,1.519291639328003,2.0753400325775146,0.6246464848518372,2.918377161026001,431,2.3932113647460938,34.84717559814453,53.01473617553711,2.7845494747161865,1776937930.5768826,0.3753534257411957,,,,,,,,,,,,,,,,,,,,,,,,,,,,,,,,,,,,,,,,,,,,,,,,,,,,,,,,,,,,,,,,,,,,,,,,,,,,,,,,,
18.330978393554688,64949,1.2608121633529663,449,39.03424072265625,1.8739949464797974,0.633356511592865,9748.243763633,1.5153812170028687,2.062542676925659,0.6262760758399963,2.895348310470581,432,2.3852479457855225,35.15312194824219,53.02117156982422,2.7817471027374268,1776937946.5965133,0.37372392416000366,,,,,,,,,,,,,,,,,,,,,,,,,,,,,,,,,,,,,,,,,,,,,,,,,,,,,,,,,,,,,,,,,,,,,,,,,,,,,,,,,
18.268014907836914,65099,1.2868572473526,450,39.17914581298828,1.8798613548278809,0.6351025104522705,9764.09438134,1.513002634048462,2.0702462196350098,0.6259750127792358,2.947739601135254,433,2.408841371536255,35.310386657714844,53.02737045288086,2.8027262687683105,1776937962.4469752,0.37402501702308655,,,,,,,,,,,,,,,,,,,,,,,,,,,,,,,,,,,,,,,,,,,,,,,,,,,,,,,,,,,,,,,,,,,,,,,,,,,,,,,,,
18.252500534057617,65249,1.2765297889709473,451,39.22896957397461,1.8836865425109863,0.631057620048523,9780.089778531,1.5200283527374268,2.0802395343780518,0.6267994046211243,2.926259756088257,434,2.433511972427368,35.662235260009766,53.039306640625,2.8058977127075195,1776937978.4423487,0.3732006847858429,,,,,,,,,,,,,,,,,,,,,,,,,,,,,,,,,,,,,,,,,,,,,,,,,,,,,,,,,,,,,,,,,,,,,,,,,,,,,,,,,
18.298519134521484,65399,1.2800066471099854,452,39.08557891845703,1.8792741298675537,0.6319120526313782,9796.102828997,1.5165239572525024,2.0778589248657227,0.6239284873008728,2.936084747314453,435,2.4080357551574707,35.18305206298828,53.045745849609375,2.805185556411743,1776937994.4553967,0.3760714530944824,,,,,,,,,,,,,,,,,,,,,,,,,,,,,,,,,,,,,,,,,,,,,,,,,,,,,,,,,,,,,,,,,,,,,,,,,,,,,,,,,
18.402301788330078,65549,1.277201533317566,453,39.21155548095703,1.8886744976043701,0.6316201090812683,9811.993572745,1.51988685131073,2.0860068798065186,0.6267526745796204,2.927649974822998,436,2.436823844909668,35.283180236816406,53.053245544433594,2.812887668609619,1776938010.346138,0.3732474446296692,,,,,,,,,,,,,,,,,,,,,,,,,,,,,,,,,,,,,,,,,,,,,,,,,,,,,,,,,,,,,,,,,,,,,,,,,,,,,,,,,
18.5391845703125,65699,1.2823352813720703,454,39.42079544067383,1.8952317237854004,0.6310886740684509,9828.022020307,1.5192912817001343,2.0863306522369385,0.6264369487762451,2.9382333755493164,437,2.4348795413970947,36.2231559753418,53.059505462646484,2.8195865154266357,1776938026.374916,0.3735629618167877,,,,,,,,,,,,,,,,,,,,,,,,,,,,,,,,,,,,,,,,,,,,,,,,,,,,,,,,,,,,,,,,,,,,,,,,,,,,,,,,,
18.407724380493164,65849,1.2806315422058105,455,39.27824020385742,1.8995227813720703,0.6321725249290466,9843.697486237,1.5221002101898193,2.0873305797576904,0.62457275390625,2.936690092086792,438,2.4201855659484863,35.743438720703125,53.06997299194336,2.8100764751434326,1776938042.0500045,0.37542724609375,,,,,,,,,,,,,,,,,,,,,,,,,,,,,,,,,,,,,,,,,,,,,,,,,,,,,,,,,,,,,,,,,,,,,,,,,,,,,,,,,
18.340045928955078,65999,1.2828664779663086,456,39.2448844909668,1.88164222240448,0.6302291750907898,9859.65755455,1.5173567533493042,2.0711207389831543,0.6268693208694458,2.9388632774353027,439,2.4296345710754395,35.90231704711914,53.0819206237793,2.807297468185425,1776938058.0097482,0.3731307089328766,,,,,,,,,,,,,,,,,,,,,,,,,,,,,,,,,,,,,,,,,,,,,,,,,,,,,,,,,,,,,,,,,,,,,,,,,,,,,,,,,
18.2832088470459,66149,1.274408221244812,457,38.883602142333984,1.872527003288269,0.6292181015014648,9875.512918671,1.5205849409103394,2.068510055541992,0.6234539747238159,2.9253618717193604,440,2.437828540802002,35.38899612426758,53.08854293823242,2.7960541248321533,1776938073.8658075,0.3765460252761841,,,,,,,,,,,,,,,,,,,,,,,,,,,,,,,,,,,,,,,,,,,,,,,,,,,,,,,,,,,,,,,,,,,,,,,,,,,,,,,,,
18.378877639770508,66299,1.2780405282974243,458,39.18731689453125,1.8761682510375977,0.6319630146026611,9891.443262041,1.5172454118728638,2.0746889114379883,0.6280423402786255,2.9280388355255127,441,2.419459819793701,35.505123138427734,53.09409713745117,2.795557975769043,1776938089.7952778,0.37195780873298645,,,,,,,,,,,,,,,,,,,,,,,,,,,,,,,,,,,,,,,,,,,,,,,,,,,,,,,,,,,,,,,,,,,,,,,,,,,,,,,,,
18.33340072631836,66449,1.2688192129135132,459,39.395050048828125,1.8683053255081177,0.6339782476425171,9907.459115979,1.5135347843170166,2.065774917602539,0.6261537671089172,2.911484956741333,442,2.4266223907470703,36.03744125366211,53.10232925415039,2.7973928451538086,1776938105.8118443,0.3738463521003723,,,,,,,,,,,,,,,,,,,,,,,,,,,,,,,,,,,,,,,,,,,,,,,,,,,,,,,,,,,,,,,,,,,,,,,,,,,,,,,,,
18.375097274780273,66599,1.286555290222168,460,39.08695602416992,1.8894555568695068,0.6310065984725952,9923.530501015,1.5210590362548828,2.085270404815674,0.6246483325958252,2.9484620094299316,443,2.435291051864624,35.090877532958984,53.110713958740234,2.8084464073181152,1776938121.8832316,0.37535154819488525,,,,,,,,,,,,,,,,,,,,,,,,,,,,,,,,,,,,,,,,,,,,,,,,,,,,,,,,,,,,,,,,,,,,,,,,,,,,,,,,,
18.232789993286133,66749,1.289788842201233,461,39.07252883911133,1.87517249584198,0.6321702599525452,9939.441601217,1.5129190683364868,2.07418155670166,0.6252709627151489,2.9543066024780273,444,2.4041953086853027,34.97186279296875,53.12407684326172,2.8058664798736572,1776938137.7942755,0.3747291564941406,,,,,,,,,,,,,,,,,,,,,,,,,,,,,,,,,,,,,,,,,,,,,,,,,,,,,,,,,,,,,,,,,,,,,,,,,,,,,,,,,
18.416471481323242,66899,1.2846275568008423,462,39.443599700927734,1.8850339651107788,0.6345592737197876,9955.445617294,1.5147494077682495,2.0848305225372314,0.6291995644569397,2.9400553703308105,445,2.4185609817504883,35.504024505615234,53.12760543823242,2.8125202655792236,1776938153.7982907,0.3708004057407379,,,,,,,,,,,,,,,,,,,,,,,,,,,,,,,,,,,,,,,,,,,,,,,,,,,,,,,,,,,,,,,,,,,,,,,,,,,,,,,,,
18.333438873291016,67049,1.2893048524856567,463,39.067535400390625,1.8871694803237915,0.6316728591918945,9971.24576076,1.5193729400634766,2.083219289779663,0.6240255236625671,2.9545838832855225,446,2.4265708923339844,35.224918365478516,53.137840270996094,2.808497667312622,1776938169.5984335,0.3759744167327881,,,,,,,,,,,,,,,,,,,,,,,,,,,,,,,,,,,,,,,,,,,,,,,,,,,,,,,,,,,,,,,,,,,,,,,,,,,,,,,,,
18.33403205871582,67199,1.2754076719284058,464,39.218177795410156,1.8854150772094727,0.6325507164001465,9987.342766884,1.5189791917800903,2.080620050430298,0.6274451613426208,2.923370361328125,447,2.4150490760803223,35.43583679199219,53.14577102661133,2.801041603088379,1776938185.6951425,0.3725548982620239,,,,,,,,,,,,,,,,,,,,,,,,,,,,,,,,,,,,,,,,,,,,,,,,,,,,,,,,,,,,,,,,,,,,,,,,,,,,,,,,,
18.252952575683594,67349,1.273845911026001,465,39.25712585449219,1.8831273317337036,0.6346085071563721,10003.096527296,1.5175485610961914,2.072822093963623,0.6265831589698792,2.9211084842681885,448,2.430190324783325,35.77132034301758,53.15386962890625,2.79837703704834,1776938201.4490004,0.3734167814254761,,,,,,,,,,,,,,,,,,,,,,,,,,,,,,,,,,,,,,,,,,,,,,,,,,,,,,,,,,,,,,,,,,,,,,,,,,,,,,,,,
,67499,,466,,,,10176.769888228,,,,,449,,,,,1776938375.1185334,,0.16343675553798676,0.7689148187637329,0.9971002340316772,12.58926010131836,776246464.0,114.06133270263672,122.20520782470703,0.8499096632003784,5.555847644805908,0.5003874897956848,0.591305136680603,0.5717631578445435,0.8874055743217468,0.8286646008491516,0.0381101593375206,838.06005859375,0.7515354752540588,0.01511671207845211,0.6441532969474792,0.18844762444496155,0.33517026901245117,0.0037625001277774572,0.9951938390731812,0.5774876475334167,0.14041875302791595,896.0684814453125,1611.21923828125,5.0,0.6778949499130249,0.2764129340648651,0.015531250275671482,0.8332030177116394,12.58926010131836,0.14731325209140778,879.1719970703125,0.893370509147644,5.555847644805908,0.7387526631355286,0.17578125,3.9749703407287598,-1.0551780803280675e-14,0.9944078326225281,0.7244547009468079,0.9752187728881836,0.4972374737262726,0.005649999715387821,0.33031871914863586,0.7445855736732483,0.7695356607437134,0.8704409599304199,2.940573132215185e-15,0.8991374969482422,319.8385925292969,0.655912458896637,1707.1639404296875,0.7645524144172668,0.37806248664855957,1707.1639404296875,0.15228979289531708,824.78759765625,0.9351504445075989,0.009999998845160007,0.6617518663406372,1611.21923828125,3.941087245941162,0.8991374969482422,0.024270884692668915,0.01008750032633543,0.9380168914794922,0.6222001314163208,38.85629653930664,0.011974198743700981,0.09309198707342148,12.16892147064209,8.001500129699707,0.7100613713264465,0.32051876187324524,13.467016220092773,37.625484466552734,296.4299621582031,0.028093751519918442
18.408771514892578,67499,1.2851697206497192,467,39.11393737792969,1.8932856321334839,0.6292079091072083,10178.234871888,1.520108699798584,2.0825300216674805,0.6253336071968079,2.9450066089630127,449,2.4288928508758545,35.39829635620117,53.16185760498047,2.813382387161255,1776938376.5862937,0.37466633319854736,,,,,,,,,,,,,,,,,,,,,,,,,,,,,,,,,,,,,,,,,,,,,,,,,,,,,,,,,,,,,,,,,,,,,,,,,,,,,,,,,
18.697172164916992,67649,1.2953815460205078,468,39.29112243652344,1.9112521409988403,0.6338195204734802,10193.449291337,1.5190731287002563,2.095735788345337,0.6261436939239502,2.9646191596984863,450,2.4191784858703613,35.04194641113281,53.17214584350586,2.818296432495117,1776938391.8017998,0.37385624647140503,,,,,,,,,,,,,,,,,,,,,,,,,,,,,,,,,,,,,,,,,,,,,,,,,,,,,,,,,,,,,,,,,,,,,,,,,,,,,,,,,
18.55670738220215,67799,1.2837258577346802,469,39.271427154541016,1.901099443435669,0.6287203431129456,10209.396221303,1.5241518020629883,2.0974619388580322,0.6249337792396545,2.9425179958343506,451,2.4202804565429688,35.73540115356445,53.179874420166016,2.808833599090576,1776938407.748759,0.37506625056266785,,,,,,,,,,,,,,,,,,,,,,,,,,,,,,,,,,,,,,,,,,,,,,,,,,,,,,,,,,,,,,,,,,,,,,,,,,,,,,,,,
18.27386474609375,67949,1.2697941064834595,470,39.263484954833984,1.878736138343811,0.6334818601608276,10225.379530192,1.5140495300292969,2.0748493671417236,0.626130223274231,2.9134581089019775,452,2.4352591037750244,35.4896240234375,53.187034606933594,2.8039634227752686,1776938423.7320712,0.37386971712112427,,,,,,,,,,,,,,,,,,,,,,,,,,,,,,,,,,,,,,,,,,,,,,,,,,,,,,,,,,,,,,,,,,,,,,,,,,,,,,,,,
18.679868698120117,68099,1.2912571430206299,471,39.3860969543457,1.9255006313323975,0.6243972778320312,10241.216497112,1.5314512252807617,2.128026247024536,0.6254986524581909,2.9570155143737793,453,2.445429563522339,35.55076599121094,53.19425582885742,2.8267650604248047,1776938439.5693977,0.37450137734413147,,,,,,,,,,,,,,,,,,,,,,,,,,,,,,,,,,,,,,,,,,,,,,,,,,,,,,,,,,,,,,,,,,,,,,,,,,,,,,,,,
18.498626708984375,68249,1.2941285371780396,472,39.298248291015625,1.9155009984970093,0.6310470104217529,10257.350751892,1.5261640548706055,2.108086109161377,0.6259949803352356,2.96226167678833,454,2.3968982696533203,35.39310073852539,53.20330810546875,2.8097620010375977,1776938455.703418,0.3740050792694092,,,,,,,,,,,,,,,,,,,,,,,,,,,,,,,,,,,,,,,,,,,,,,,,,,,,,,,,,,,,,,,,,,,,,,,,,,,,,,,,,
18.371150970458984,68399,1.2842283248901367,473,39.54364013671875,1.8978557586669922,0.6312322020530701,10273.135182266,1.520306944847107,2.0976176261901855,0.6260470151901245,2.9424095153808594,455,2.4447333812713623,35.92229461669922,53.21003723144531,2.8165977001190186,1776938471.4873736,0.37395307421684265,,,,,,,,,,,,,,,,,,,,,,,,,,,,,,,,,,,,,,,,,,,,,,,,,,,,,,,,,,,,,,,,,,,,,,,,,,,,,,,,,
18.381103515625,68549,1.2960718870162964,474,39.1236457824707,1.8860951662063599,0.6308608651161194,10289.259321505,1.5213321447372437,2.080904722213745,0.6254473924636841,2.966695547103882,456,2.431020736694336,35.869300842285156,53.2166862487793,2.8175759315490723,1776938487.612063,0.37455257773399353,,,,,,,,,,,,,,,,,,,,,,,,,,,,,,,,,,,,,,,,,,,,,,,,,,,,,,,,,,,,,,,,,,,,,,,,,,,,,,,,,
18.489147186279297,68699,1.289608120918274,475,39.271907806396484,1.90289306640625,0.6264854073524475,10305.307324223,1.5290923118591309,2.109424591064453,0.6271812915802002,2.9520351886749268,457,2.4548895359039307,35.50916290283203,53.22604751586914,2.823340892791748,1776938503.6600223,0.3728186786174774,,,,,,,,,,,,,,,,,,,,,,,,,,,,,,,,,,,,,,,,,,,,,,,,,,,,,,,,,,,,,,,,,,,,,,,,,,,,,,,,,
18.515310287475586,68849,1.2988402843475342,476,39.591060638427734,1.9087191820144653,0.6329168081283569,10321.19386268,1.5189605951309204,2.105952501296997,0.6272409558296204,2.9704396724700928,458,2.4662041664123535,35.57456970214844,53.23661804199219,2.847771167755127,1776938519.5466793,0.372759073972702,,,,,,,,,,,,,,,,,,,,,,,,,,,,,,,,,,,,,,,,,,,,,,,,,,,,,,,,,,,,,,,,,,,,,,,,,,,,,,,,,
18.537090301513672,68999,1.2838797569274902,477,39.47132110595703,1.9026973247528076,0.6298878788948059,10337.39087635,1.5209897756576538,2.105635404586792,0.626593291759491,2.941166400909424,459,2.413566827774048,35.568363189697266,53.24747848510742,2.807490825653076,1776938535.7435884,0.3734067380428314,,,,,,,,,,,,,,,,,,,,,,,,,,,,,,,,,,,,,,,,,,,,,,,,,,,,,,,,,,,,,,,,,,,,,,,,,,,,,,,,,
18.386310577392578,69149,1.2941579818725586,478,39.61614990234375,1.8982267379760742,0.6316682696342468,10353.218066117,1.5201023817062378,2.1086342334747314,0.6272053718566895,2.961111068725586,460,2.4073448181152344,35.728485107421875,53.25495147705078,2.819042205810547,1776938551.5705774,0.37279459834098816,,,,,,,,,,,,,,,,,,,,,,,,,,,,,,,,,,,,,,,,,,,,,,,,,,,,,,,,,,,,,,,,,,,,,,,,,,,,,,,,,
18.65960121154785,69299,1.2836222648620605,479,39.615779876708984,1.901897668838501,0.6317989230155945,10369.22158183,1.5222690105438232,2.100215196609497,0.6259386539459229,2.9413058757781982,461,2.4475460052490234,36.29030990600586,53.262664794921875,2.8256640434265137,1776938567.5742123,0.3740614354610443,,,,,,,,,,,,,,,,,,,,,,,,,,,,,,,,,,,,,,,,,,,,,,,,,,,,,,,,,,,,,,,,,,,,,,,,,,,,,,,,,
18.37098503112793,69449,1.2859200239181519,480,38.90161895751953,1.8879060745239258,0.6258756518363953,10385.1695517,1.5226961374282837,2.0860202312469482,0.6258536577224731,2.945986270904541,462,2.4131038188934326,35.17316818237305,53.27110290527344,2.798053026199341,1776938583.5222223,0.37414637207984924,,,,,,,,,,,,,,,,,,,,,,,,,,,,,,,,,,,,,,,,,,,,,,,,,,,,,,,,,,,,,,,,,,,,,,,,,,,,,,,,,
18.527191162109375,69599,1.2934542894363403,481,39.46992111206055,1.903714656829834,0.6290043592453003,10401.290585127,1.5274996757507324,2.1090619564056396,0.6263750195503235,2.960533618927002,463,2.4312641620635986,36.09934997558594,53.28166580200195,2.818209409713745,1776938599.6432726,0.3736250102519989,,,,,,,,,,,,,,,,,,,,,,,,,,,,,,,,,,,,,,,,,,,,,,,,,,,,,,,,,,,,,,,,,,,,,,,,,,,,,,,,,
18.355222702026367,69749,1.284085750579834,482,39.380897521972656,1.9010428190231323,0.6288610100746155,10417.315753582,1.5242116451263428,2.108881950378418,0.6276788711547852,2.940492630004883,464,2.440866708755493,35.43912124633789,53.29214096069336,2.821695327758789,1776938615.667643,0.372321218252182,,,,,,,,,,,,,,,,,,,,,,,,,,,,,,,,,,,,,,,,,,,,,,,,,,,,,,,,,,,,,,,,,,,,,,,,,,,,,,,,,
18.61423683166504,69899,1.3000935316085815,483,39.601776123046875,1.9132930040359497,0.6297267079353333,10433.2785483,1.5244896411895752,2.111515522003174,0.6261810064315796,2.974006175994873,465,2.424362897872925,36.026241302490234,53.30112075805664,2.8339719772338867,1776938631.631263,0.37381887435913086,,,,,,,,,,,,,,,,,,,,,,,,,,,,,,,,,,,,,,,,,,,,,,,,,,,,,,,,,,,,,,,,,,,,,,,,,,,,,,,,,
18.36994743347168,70049,1.2902040481567383,484,39.1649055480957,1.8930346965789795,0.6285414099693298,10449.209451103,1.5208709239959717,2.099717617034912,0.624992847442627,2.9554152488708496,466,2.4284775257110596,34.90110778808594,53.312625885009766,2.8159778118133545,1776938647.562263,0.3750072717666626,,,,,,,,,,,,,,,,,,,,,,,,,,,,,,,,,,,,,,,,,,,,,,,,,,,,,,,,,,,,,,,,,,,,,,,,,,,,,,,,,
18.456647872924805,70199,1.2705879211425781,485,39.074344635009766,1.8775559663772583,0.6323943138122559,10465.224539514,1.5181201696395874,2.0699713230133057,0.6272785663604736,2.9138975143432617,467,2.434763193130493,35.40363311767578,53.315670013427734,2.7993719577789307,1776938663.5770037,0.37272143363952637,,,,,,,,,,,,,,,,,,,,,,,,,,,,,,,,,,,,,,,,,,,,,,,,,,,,,,,,,,,,,,,,,,,,,,,,,,,,,,,,,
18.47884750366211,70349,1.2773618698120117,486,39.37958908081055,1.8953328132629395,0.6328972578048706,10481.049815977,1.5196980237960815,2.087447166442871,0.6271098852157593,2.9276132583618164,468,2.4130852222442627,35.609134674072266,53.32156753540039,2.807075262069702,1776938679.4024422,0.37289005517959595,,,,,,,,,,,,,,,,,,,,,,,,,,,,,,,,,,,,,,,,,,,,,,,,,,,,,,,,,,,,,,,,,,,,,,,,,,,,,,,,,
18.61239242553711,70499,1.2878955602645874,487,38.92801284790039,1.903555989265442,0.6293294429779053,10497.213570625,1.524113655090332,2.0885908603668213,0.6272039413452148,2.948587656021118,469,2.4374330043792725,35.06010437011719,53.32666015625,2.809889316558838,1776938695.5661147,0.37279605865478516,,,,,,,,,,,,,,,,,,,,,,,,,,,,,,,,,,,,,,,,,,,,,,,,,,,,,,,,,,,,,,,,,,,,,,,,,,,,,,,,,
18.39038848876953,70649,1.279705286026001,488,39.158905029296875,1.896026372909546,0.627104640007019,10513.221145465,1.5260385274887085,2.091027021408081,0.6275714635848999,2.9318387508392334,470,2.4507253170013428,35.68934631347656,53.33512878417969,2.8134825229644775,1776938711.5738568,0.3724285066127777,,,,,,,,,,,,,,,,,,,,,,,,,,,,,,,,,,,,,,,,,,,,,,,,,,,,,,,,,,,,,,,,,,,,,,,,,,,,,,,,,
18.661394119262695,70799,1.2833327054977417,489,39.04319381713867,1.9025254249572754,0.6298995018005371,10529.045025485,1.5243669748306274,2.0863890647888184,0.6258274912834167,2.940838098526001,471,2.4252500534057617,35.21538543701172,53.340354919433594,2.811412811279297,1776938727.3975024,0.3741726577281952,,,,,,,,,,,,,,,,,,,,,,,,,,,,,,,,,,,,,,,,,,,,,,,,,,,,,,,,,,,,,,,,,,,,,,,,,,,,,,,,,
18.43608856201172,70949,1.2697336673736572,490,39.25452423095703,1.8887161016464233,0.6303918361663818,10545.064123717,1.5215985774993896,2.0887632369995117,0.6274545788764954,2.9120125770568848,472,2.446180820465088,35.55154800415039,53.350608825683594,2.8065669536590576,1776938743.41576,0.37254536151885986,,,,,,,,,,,,,,,,,,,,,,,,,,,,,,,,,,,,,,,,,,,,,,,,,,,,,,,,,,,,,,,,,,,,,,,,,,,,,,,,,
18.55270767211914,71099,1.293714165687561,491,39.25884246826172,1.895750641822815,0.6311421990394592,10560.912447738,1.5193318128585815,2.08673357963562,0.6271360516548157,2.960292100906372,473,2.4012813568115234,35.57532501220703,53.358036041259766,2.812248468399048,1776938759.264771,0.3728640079498291,,,,,,,,,,,,,,,,,,,,,,,,,,,,,,,,,,,,,,,,,,,,,,,,,,,,,,,,,,,,,,,,,,,,,,,,,,,,,,,,,
,71249,,492,,,,10734.794782519,,,,,474,,,,,1776938933.1437566,,0.15845339000225067,0.7739354968070984,0.9971669316291809,15.031684875488281,3183471360.0,111.86235046386719,119.74829864501953,0.8472782373428345,5.5584797859191895,0.5038999915122986,0.5917816162109375,0.5731105208396912,0.8794494867324829,0.8293458223342896,0.03727046400308609,823.0528564453125,0.7530623078346252,0.01508831325918436,0.6513152718544006,0.18762150406837463,0.3344791531562805,0.003912500571459532,0.9952563047409058,0.5795843601226807,0.14358748495578766,876.9291381835938,1584.474853515625,5.0,0.6789035797119141,0.2792135179042816,0.015837499871850014,0.837663471698761,15.031684875488281,0.15101313591003418,863.3934326171875,0.8932750821113586,5.5584797859191895,0.7404236793518066,0.17558123171329498,3.879756450653076,2.706878774946797e-14,0.9931942224502563,0.72696852684021,0.9751062393188477,0.4989125430583954,0.005325000267475843,0.33099374175071716,0.7364773750305176,0.7693294286727905,0.8764564394950867,8.531695315505683e-15,0.8991250395774841,313.3074951171875,0.6581437587738037,1679.7821044921875,0.7757760286331177,0.3790937662124634,1679.7821044921875,0.15379351377487183,810.00634765625,0.9346057772636414,0.010437499731779099,0.6736699938774109,1584.474853515625,3.8462913036346436,0.8991250395774841,0.02426340989768505,0.01060625072568655,0.9301058650016785,0.6309923529624939,38.10695266723633,0.011946880258619785,0.09498468786478043,12.371041297912598,7.572066307067871,0.705906867980957,0.32333123683929443,13.424714088439941,36.86856460571289,290.5273132324219,0.028675001114606857
18.55542755126953,71249,1.295474886894226,493,39.345787048339844,1.9116911888122559,0.6292538642883301,10736.311798607,1.5272622108459473,2.116553783416748,0.625749409198761,2.9651999473571777,474,2.3916330337524414,35.06342315673828,53.367271423339844,2.8208467960357666,1776938934.6629841,0.3742505609989166,,,,,,,,,,,,,,,,,,,,,,,,,,,,,,,,,,,,,,,,,,,,,,,,,,,,,,,,,,,,,,,,,,,,,,,,,,,,,,,,,
18.63015365600586,71399,1.3000297546386719,494,39.58715057373047,1.9324127435684204,0.6260805726051331,10751.306543806,1.529826283454895,2.1256844997406006,0.6261193156242371,2.973940134048462,475,2.4737491607666016,35.88044357299805,53.37881088256836,2.8410391807556152,1776938949.6589274,0.37388065457344055,,,,,,,,,,,,,,,,,,,,,,,,,,,,,,,,,,,,,,,,,,,,,,,,,,,,,,,,,,,,,,,,,,,,,,,,,,,,,,,,,
18.96339225769043,71549,1.2950880527496338,495,39.90407943725586,1.9388998746871948,0.6272997260093689,10767.224843317,1.5233478546142578,2.134309768676758,0.6272984743118286,2.9628775119781494,476,2.4345455169677734,36.01177978515625,53.38703536987305,2.8357746601104736,1776938965.5776412,0.37270158529281616,,,,,,,,,,,,,,,,,,,,,,,,,,,,,,,,,,,,,,,,,,,,,,,,,,,,,,,,,,,,,,,,,,,,,,,,,,,,,,,,,
18.8099422454834,71699,1.3026982545852661,496,39.63986587524414,1.9320387840270996,0.6305164098739624,10783.251808086,1.5269736051559448,2.1281278133392334,0.6271015405654907,2.978294849395752,477,2.4686732292175293,35.815521240234375,53.39494323730469,2.851548194885254,1776938981.604552,0.37289848923683167,,,,,,,,,,,,,,,,,,,,,,,,,,,,,,,,,,,,,,,,,,,,,,,,,,,,,,,,,,,,,,,,,,,,,,,,,,,,,,,,,
18.834009170532227,71849,1.3041139841079712,497,39.26008224487305,1.9332752227783203,0.6255395412445068,10799.54561457,1.5334012508392334,2.136837959289551,0.6273555755615234,2.98087215423584,478,2.410552978515625,34.792625427246094,53.40473556518555,2.8320565223693848,1776938997.8983235,0.3726443648338318,,,,,,,,,,,,,,,,,,,,,,,,,,,,,,,,,,,,,,,,,,,,,,,,,,,,,,,,,,,,,,,,,,,,,,,,,,,,,,,,,
18.961807250976562,71999,1.3077948093414307,498,39.65795135498047,1.9526548385620117,0.6250187754631042,10815.637326085,1.5357967615127563,2.1547250747680664,0.6274569034576416,2.9881322383880615,479,2.455880880355835,35.65874481201172,53.414913177490234,2.8544368743896484,1776939013.9900818,0.37254300713539124,,,,,,,,,,,,,,,,,,,,,,,,,,,,,,,,,,,,,,,,,,,,,,,,,,,,,,,,,,,,,,,,,,,,,,,,,,,,,,,,,
18.91966438293457,72149,1.3069772720336914,499,39.51763916015625,1.9419925212860107,0.6238877177238464,10831.683875917,1.5277557373046875,2.1385722160339355,0.6269174218177795,2.98703670501709,480,2.4505228996276855,35.11872482299805,53.4266471862793,2.8477141857147217,1776939030.036537,0.3730825185775757,,,,,,,,,,,,,,,,,,,,,,,,,,,,,,,,,,,,,,,,,,,,,,,,,,,,,,,,,,,,,,,,,,,,,,,,,,,,,,,,,
18.950477600097656,72299,1.3087918758392334,500,39.86387252807617,1.9543850421905518,0.6276435256004333,10847.696145111,1.5331122875213623,2.1504015922546387,0.6272541284561157,2.9903290271759033,481,2.4454195499420166,35.929725646972656,53.43688201904297,2.8433215618133545,1776939046.0489113,0.3727458417415619,,,,,,,,,,,,,,,,,,,,,,,,,,,,,,,,,,,,,,,,,,,,,,,,,,,,,,,,,,,,,,,,,,,,,,,,,,,,,,,,,
18.640295028686523,72449,1.2887282371520996,501,39.39604187011719,1.911833643913269,0.6273131370544434,10863.572762919,1.5272345542907715,2.1132819652557373,0.6264534592628479,2.951002836227417,482,2.362874984741211,35.3516731262207,53.44352722167969,2.8028769493103027,1776939061.9255855,0.3735466003417969,,,,,,,,,,,,,,,,,,,,,,,,,,,,,,,,,,,,,,,,,,,,,,,,,,,,,,,,,,,,,,,,,,,,,,,,,,,,,,,,,
18.84856605529785,72599,1.3000212907791138,502,39.75754928588867,1.9393925666809082,0.627916157245636,10879.637239978,1.5292867422103882,2.1378562450408936,0.6264755129814148,2.973567008972168,483,2.4604616165161133,35.965415954589844,53.45096206665039,2.845385789871216,1776939077.989565,0.3735244870185852,,,,,,,,,,,,,,,,,,,,,,,,,,,,,,,,,,,,,,,,,,,,,,,,,,,,,,,,,,,,,,,,,,,,,,,,,,,,,,,,,
19.192609786987305,72749,1.3255151510238647,503,39.89631271362305,1.9774848222732544,0.6241856813430786,10895.79725864,1.5375940799713135,2.1771347522735596,0.625993549823761,3.0250368118286133,484,2.435683488845825,35.306480407714844,53.45595169067383,2.8711392879486084,1776939094.149608,0.3740064203739166,,,,,,,,,,,,,,,,,,,,,,,,,,,,,,,,,,,,,,,,,,,,,,,,,,,,,,,,,,,,,,,,,,,,,,,,,,,,,,,,,
19.15152931213379,72899,1.3171684741973877,504,39.464332580566406,1.9606660604476929,0.6242511868476868,10911.972755373,1.5374420881271362,2.158034563064575,0.6279630064964294,3.006373643875122,485,2.456604480743408,34.954833984375,53.46383285522461,2.8542330265045166,1776939110.3252678,0.3720371127128601,,,,,,,,,,,,,,,,,,,,,,,,,,,,,,,,,,,,,,,,,,,,,,,,,,,,,,,,,,,,,,,,,,,,,,,,,,,,,,,,,
19.027809143066406,73049,1.3152215480804443,505,39.53123092651367,1.9658536911010742,0.6232525110244751,10927.85014228,1.533053994178772,2.162461519241333,0.6282827854156494,3.0021605491638184,486,2.397001028060913,34.583984375,53.4742431640625,2.8501744270324707,1776939126.2022758,0.371717244386673,,,,,,,,,,,,,,,,,,,,,,,,,,,,,,,,,,,,,,,,,,,,,,,,,,,,,,,,,,,,,,,,,,,,,,,,,,,,,,,,,
19.212268829345703,73199,1.3057262897491455,506,39.62666702270508,1.960008978843689,0.6260244846343994,10943.994373888,1.5365115404129028,2.1551434993743896,0.6276966333389282,2.9837558269500732,487,2.438955307006836,35.47151565551758,53.48249435424805,2.8485634326934814,1776939142.3472662,0.3723033368587494,,,,,,,,,,,,,,,,,,,,,,,,,,,,,,,,,,,,,,,,,,,,,,,,,,,,,,,,,,,,,,,,,,,,,,,,,,,,,,,,,
19.300729751586914,73349,1.3175339698791504,507,39.596275329589844,1.9741517305374146,0.6266847252845764,10959.883238595,1.5376523733139038,2.1659085750579834,0.6276383996009827,3.007429361343384,488,2.423858880996704,34.768959045410156,53.49018096923828,2.8581838607788086,1776939158.2355397,0.37236160039901733,,,,,,,,,,,,,,,,,,,,,,,,,,,,,,,,,,,,,,,,,,,,,,,,,,,,,,,,,,,,,,,,,,,,,,,,,,,,,,,,,
19.076818466186523,73499,1.3131656646728516,508,39.541690826416016,1.9643261432647705,0.6245151162147522,10976.000313801,1.5334389209747314,2.1561217308044434,0.629305899143219,2.997025728225708,489,2.425078868865967,34.9914436340332,53.499473571777344,2.8559978008270264,1776939174.3527985,0.37069404125213623,,,,,,,,,,,,,,,,,,,,,,,,,,,,,,,,,,,,,,,,,,,,,,,,,,,,,,,,,,,,,,,,,,,,,,,,,,,,,,,,,
18.94824981689453,73649,1.3164676427841187,509,39.43277359008789,1.9601181745529175,0.6230753660202026,10991.927477234,1.537510871887207,2.156794786453247,0.6258453130722046,3.0070905685424805,490,2.4655520915985107,34.893856048583984,53.50983810424805,2.857887029647827,1776939190.2801793,0.37415456771850586,,,,,,,,,,,,,,,,,,,,,,,,,,,,,,,,,,,,,,,,,,,,,,,,,,,,,,,,,,,,,,,,,,,,,,,,,,,,,,,,,
18.989473342895508,73799,1.2975138425827026,510,39.6988525390625,1.9414156675338745,0.6285281181335449,11007.938830175,1.5318517684936523,2.1349542140960693,0.6266099214553833,2.9684176445007324,491,2.430839776992798,35.99143600463867,53.517005920410156,2.837315082550049,1776939206.2911015,0.37339016795158386,,,,,,,,,,,,,,,,,,,,,,,,,,,,,,,,,,,,,,,,,,,,,,,,,,,,,,,,,,,,,,,,,,,,,,,,,,,,,,,,,
18.92519187927246,73949,1.291043758392334,511,39.310150146484375,1.928457498550415,0.6268046498298645,11023.775698011,1.5344796180725098,2.124528646469116,0.6268240213394165,2.955263376235962,492,2.4235737323760986,35.2477912902832,53.5240478515625,2.823845386505127,1776939222.1279407,0.37317603826522827,,,,,,,,,,,,,,,,,,,,,,,,,,,,,,,,,,,,,,,,,,,,,,,,,,,,,,,,,,,,,,,,,,,,,,,,,,,,,,,,,
18.7921199798584,74099,1.285145878791809,512,39.72227096557617,1.9210000038146973,0.6309831738471985,11039.888833933,1.5265272855758667,2.119675397872925,0.6291115880012512,2.9411797523498535,493,2.4297590255737305,35.90548324584961,53.5315055847168,2.8238041400909424,1776939238.2412224,0.37088844180107117,,,,,,,,,,,,,,,,,,,,,,,,,,,,,,,,,,,,,,,,,,,,,,,,,,,,,,,,,,,,,,,,,,,,,,,,,,,,,,,,,
18.911672592163086,74249,1.2844340801239014,513,39.41569900512695,1.9351812601089478,0.6285198926925659,11055.963095221,1.5323138236999512,2.1354029178619385,0.6290795207023621,2.939789056777954,494,2.435184955596924,34.99369812011719,53.53814697265625,2.8277478218078613,1776939254.3153243,0.37092044949531555,,,,,,,,,,,,,,,,,,,,,,,,,,,,,,,,,,,,,,,,,,,,,,,,,,,,,,,,,,,,,,,,,,,,,,,,,,,,,,,,,
18.897916793823242,74399,1.3017287254333496,514,39.594390869140625,1.938220500946045,0.6252142190933228,11071.985697688,1.5323021411895752,2.144937753677368,0.6263856291770935,2.977071523666382,495,2.446174144744873,35.3954963684082,53.54581832885742,2.8442749977111816,1776939270.3384256,0.3736143410205841,,,,,,,,,,,,,,,,,,,,,,,,,,,,,,,,,,,,,,,,,,,,,,,,,,,,,,,,,,,,,,,,,,,,,,,,,,,,,,,,,
18.864145278930664,74549,1.3039804697036743,515,39.751426696777344,1.9435441493988037,0.6286951303482056,11088.391409463,1.5299053192138672,2.143967390060425,0.6277540922164917,2.9802067279815674,496,2.446690797805786,35.69245910644531,53.55341720581055,2.8510513305664062,1776939286.7440617,0.3722458779811859,,,,,,,,,,,,,,,,,,,,,,,,,,,,,,,,,,,,,,,,,,,,,,,,,,,,,,,,,,,,,,,,,,,,,,,,,,,,,,,,,
18.8823299407959,74699,1.3010175228118896,516,39.290706634521484,1.9263479709625244,0.629564642906189,11104.322606688,1.5298177003860474,2.120396375656128,0.6282206773757935,2.9738144874572754,497,2.4067509174346924,35.01953125,53.558223724365234,2.8256328105926514,1776939302.6751688,0.37177935242652893,,,,,,,,,,,,,,,,,,,,,,,,,,,,,,,,,,,,,,,,,,,,,,,,,,,,,,,,,,,,,,,,,,,,,,,,,,,,,,,,,
18.65437889099121,74849,1.2881983518600464,517,39.239410400390625,1.9130604267120361,0.6285544633865356,11120.456899997,1.5269017219543457,2.111846446990967,0.627863883972168,2.9485323429107666,498,2.4267961978912354,35.0640869140625,53.56524658203125,2.830320358276367,1776939318.8096552,0.37213611602783203,,,,,,,,,,,,,,,,,,,,,,,,,,,,,,,,,,,,,,,,,,,,,,,,,,,,,,,,,,,,,,,,,,,,,,,,,,,,,,,,,
,74999,,518,,,,11293.721606258,,,,,499,,,,,1776939492.0706658,,0.15882563591003418,0.7782720327377319,0.9971896409988403,13.239998817443848,20746309632.0,115.08545684814453,123.34052276611328,0.8470622301101685,5.559974193572998,0.5126875042915344,0.5966435670852661,0.5856281518936157,0.889684796333313,0.8117597699165344,0.03754144161939621,845.3836669921875,0.7483248710632324,0.015016848221421242,0.6451023817062378,0.18667817115783691,0.33301278948783875,0.0039437501691281796,0.9953437447547913,0.585085928440094,0.14829374849796295,903.3466186523438,1625.527587890625,5.0,0.6711580157279968,0.27903085947036743,0.016187502071261406,0.8279239535331726,13.239998817443848,0.14312882721424103,888.4131469726562,0.8917228579521179,5.559974193572998,0.7355566620826721,0.176618754863739,3.9368793964385986,3.974793584549108e-15,0.9909214973449707,0.7117463946342468,0.9754624962806702,0.5008249878883362,0.005550000350922346,0.3330624997615814,0.7191857099533081,0.7558097839355469,0.871476948261261,1.8718533667527737e-14,0.8998188376426697,323.2638854980469,0.6598811745643616,1730.7589111328125,0.7709637880325317,0.3804187476634979,1730.7589111328125,0.15372751653194427,832.7816772460938,0.9342093467712402,0.010843750089406967,0.6541973948478699,1625.527587890625,3.8721671104431152,0.8998188376426697,0.024125486612319946,0.010724999941885471,0.9304181337356567,0.6270550489425659,39.283077239990234,0.011874659918248653,0.09416268765926361,12.309983253479004,7.9951019287109375,0.6964024305343628,0.3325999975204468,13.497267723083496,37.97943115234375,299.1032409667969,0.029112501069903374
18.825510025024414,74999,1.3031220436096191,519,39.425315856933594,1.9481865167617798,0.6265655159950256,11295.183944314,1.5347602367401123,2.1434404850006104,0.6296275854110718,2.976616621017456,499,2.430384874343872,35.154136657714844,53.57426452636719,2.842503309249878,1776939493.5348432,0.3703724443912506,,,,,,,,,,,,,,,,,,,,,,,,,,,,,,,,,,,,,,,,,,,,,,,,,,,,,,,,,,,,,,,,,,,,,,,,,,,,,,,,,
18.844314575195312,75149,1.3010975122451782,520,39.53444290161133,1.9459481239318848,0.6244320869445801,11310.099548213,1.536845326423645,2.156290292739868,0.626245379447937,2.97594952583313,500,2.4694631099700928,35.03178787231445,53.58392333984375,2.8445041179656982,1776939508.4518502,0.37375470995903015,,,,,,,,,,,,,,,,,,,,,,,,,,,,,,,,,,,,,,,,,,,,,,,,,,,,,,,,,,,,,,,,,,,,,,,,,,,,,,,,,
18.86430549621582,75299,1.2977567911148071,521,39.52406311035156,1.9388232231140137,0.6249445080757141,11325.935161613,1.533246397972107,2.14300537109375,0.6284492611885071,2.967064380645752,501,2.435253858566284,35.4101676940918,53.593223571777344,2.840794324874878,1776939524.2875564,0.3715507388114929,,,,,,,,,,,,,,,,,,,,,,,,,,,,,,,,,,,,,,,,,,,,,,,,,,,,,,,,,,,,,,,,,,,,,,,,,,,,,,,,,
18.723934173583984,75449,1.3146107196807861,522,39.682411193847656,1.9461755752563477,0.6224059462547302,11342.02337053,1.53679621219635,2.165783405303955,0.6271106004714966,3.002110719680786,502,2.4383606910705566,35.353981018066406,53.60322952270508,2.851222276687622,1776939540.37602,0.37288936972618103,,,,,,,,,,,,,,,,,,,,,,,,,,,,,,,,,,,,,,,,,,,,,,,,,,,,,,,,,,,,,,,,,,,,,,,,,,,,,,,,,
18.768848419189453,75599,1.3029687404632568,523,39.5169792175293,1.934755563735962,0.6279169321060181,11358.235474322,1.5301117897033691,2.140145778656006,0.6288319826126099,2.977105140686035,503,2.4361040592193604,34.9958610534668,53.61283874511719,2.838672637939453,1776939556.587685,0.3711680769920349,,,,,,,,,,,,,,,,,,,,,,,,,,,,,,,,,,,,,,,,,,,,,,,,,,,,,,,,,,,,,,,,,,,,,,,,,,,,,,,,,
19.011747360229492,75749,1.3017250299453735,524,39.56230545043945,1.943422555923462,0.628868043422699,11374.350746572,1.5268568992614746,2.1386847496032715,0.629324197769165,2.974125623703003,504,2.4097554683685303,35.030784606933594,53.617244720458984,2.8351995944976807,1776939572.7033603,0.3706757426261902,,,,,,,,,,,,,,,,,,,,,,,,,,,,,,,,,,,,,,,,,,,,,,,,,,,,,,,,,,,,,,,,,,,,,,,,,,,,,,,,,
19.064743041992188,75899,1.3077638149261475,525,39.4747314453125,1.9406061172485352,0.6282811760902405,11390.563017099,1.5315275192260742,2.142409324645996,0.6286500096321106,2.9868781566619873,505,2.4283978939056396,34.84270477294922,53.627296447753906,2.837171792984009,1776939588.9154124,0.37135010957717896,,,,,,,,,,,,,,,,,,,,,,,,,,,,,,,,,,,,,,,,,,,,,,,,,,,,,,,,,,,,,,,,,,,,,,,,,,,,,,,,,
18.810945510864258,76049,1.3115442991256714,526,39.67143630981445,1.950122356414795,0.6273415684700012,11406.417058115,1.532275915145874,2.1552207469940186,0.6269910335540771,2.9960973262786865,506,2.43684458732605,35.33695602416992,53.63579559326172,2.861602306365967,1776939604.7696962,0.3730089068412781,,,,,,,,,,,,,,,,,,,,,,,,,,,,,,,,,,,,,,,,,,,,,,,,,,,,,,,,,,,,,,,,,,,,,,,,,,,,,,,,,
18.96087646484375,76199,1.30451500415802,527,39.197879791259766,1.9394665956497192,0.6268426775932312,11422.470656555,1.5326980352401733,2.1355676651000977,0.6281819939613342,2.9808475971221924,507,2.4201886653900146,34.703765869140625,53.64737319946289,2.8315634727478027,1776939620.82317,0.371817946434021,,,,,,,,,,,,,,,,,,,,,,,,,,,,,,,,,,,,,,,,,,,,,,,,,,,,,,,,,,,,,,,,,,,,,,,,,,,,,,,,,
18.84804344177246,76349,1.3030089139938354,528,39.57119369506836,1.939978003501892,0.6223875880241394,11438.267706621,1.5360816717147827,2.150158643722534,0.6294013857841492,2.976616859436035,508,2.4470410346984863,35.487247467041016,53.659454345703125,2.854336977005005,1776939636.620083,0.37059858441352844,,,,,,,,,,,,,,,,,,,,,,,,,,,,,,,,,,,,,,,,,,,,,,,,,,,,,,,,,,,,,,,,,,,,,,,,,,,,,,,,,
18.971952438354492,76499,1.3052890300750732,529,39.90011978149414,1.9476007223129272,0.6253241896629333,11454.25456327,1.531992793083191,2.14469051361084,0.6280476450920105,2.9825305938720703,509,2.475663423538208,36.55107879638672,53.66619110107422,2.850935459136963,1776939652.6072576,0.37195244431495667,,,,,,,,,,,,,,,,,,,,,,,,,,,,,,,,,,,,,,,,,,,,,,,,,,,,,,,,,,,,,,,,,,,,,,,,,,,,,,,,,
19.1201114654541,76649,1.3125108480453491,530,39.84166717529297,1.9651222229003906,0.6254404187202454,11470.146623982,1.5326118469238281,2.1659836769104004,0.6280734539031982,2.9969482421875,510,2.438403367996216,35.41603088378906,53.67051696777344,2.8534133434295654,1776939668.4992821,0.37192654609680176,,,,,,,,,,,,,,,,,,,,,,,,,,,,,,,,,,,,,,,,,,,,,,,,,,,,,,,,,,,,,,,,,,,,,,,,,,,,,,,,,
19.272932052612305,76799,1.30838143825531,531,39.7589225769043,1.9628180265426636,0.6258379220962524,11486.138708991,1.529603362083435,2.1514220237731934,0.6279090642929077,2.988853931427002,511,2.4447574615478516,35.52631378173828,53.67462158203125,2.8523240089416504,1776939684.4913647,0.37209102511405945,,,,,,,,,,,,,,,,,,,,,,,,,,,,,,,,,,,,,,,,,,,,,,,,,,,,,,,,,,,,,,,,,,,,,,,,,,,,,,,,,
19.038042068481445,76949,1.2997606992721558,532,39.39744186401367,1.9442555904388428,0.6247958540916443,11502.037500525,1.5332187414169312,2.13450026512146,0.6276042461395264,2.9719173908233643,512,2.445093870162964,35.36558151245117,53.68313980102539,2.831916570663452,1776939700.3898416,0.37239572405815125,,,,,,,,,,,,,,,,,,,,,,,,,,,,,,,,,,,,,,,,,,,,,,,,,,,,,,,,,,,,,,,,,,,,,,,,,,,,,,,,,
18.939619064331055,77099,1.293503761291504,533,39.63570785522461,1.940985083580017,0.6248050928115845,11518.105140257,1.5341721773147583,2.141751527786255,0.628544807434082,2.958462953567505,513,2.44521164894104,35.885711669921875,53.692020416259766,2.841580629348755,1776939716.4578705,0.3714551627635956,,,,,,,,,,,,,,,,,,,,,,,,,,,,,,,,,,,,,,,,,,,,,,,,,,,,,,,,,,,,,,,,,,,,,,,,,,,,,,,,,
18.800201416015625,77249,1.2999001741409302,534,39.4294548034668,1.9451026916503906,0.6255992650985718,11533.977214242,1.529578447341919,2.1406800746917725,0.6286981701850891,2.971102237701416,514,2.4194512367248535,34.706180572509766,53.70078659057617,2.834094285964966,1776939732.329581,0.37130191922187805,,,,,,,,,,,,,,,,,,,,,,,,,,,,,,,,,,,,,,,,,,,,,,,,,,,,,,,,,,,,,,,,,,,,,,,,,,,,,,,,,
19.034515380859375,77399,1.307474970817566,535,39.610042572021484,1.9539986848831177,0.6236971020698547,11550.111140064,1.5363473892211914,2.157301664352417,0.6296455264091492,2.985305070877075,515,2.433905839920044,35.2878303527832,53.71128463745117,2.845763683319092,1776939748.4636002,0.3703545033931732,,,,,,,,,,,,,,,,,,,,,,,,,,,,,,,,,,,,,,,,,,,,,,,,,,,,,,,,,,,,,,,,,,,,,,,,,,,,,,,,,
19.201786041259766,77549,1.3093281984329224,536,39.955772399902344,1.9631311893463135,0.6289778351783752,11565.880031724,1.534535527229309,2.1690661907196045,0.6288104057312012,2.9898464679718018,516,2.4296610355377197,35.41626739501953,53.718711853027344,2.8528482913970947,1776939764.2327433,0.37118956446647644,,,,,,,,,,,,,,,,,,,,,,,,,,,,,,,,,,,,,,,,,,,,,,,,,,,,,,,,,,,,,,,,,,,,,,,,,,,,,,,,,
19.142160415649414,77699,1.3191676139831543,537,39.804569244384766,1.9663249254226685,0.6264660954475403,11582.009575662,1.5379812717437744,2.168431282043457,0.6258631348609924,3.0124716758728027,517,2.441532611846924,35.729408264160156,53.72829818725586,2.8584227561950684,1776939780.3623524,0.3741368055343628,,,,,,,,,,,,,,,,,,,,,,,,,,,,,,,,,,,,,,,,,,,,,,,,,,,,,,,,,,,,,,,,,,,,,,,,,,,,,,,,,
19.15241050720215,77849,1.3127007484436035,538,39.837303161621094,1.9732646942138672,0.6234794855117798,11597.860240925,1.5379414558410645,2.179035186767578,0.6276391744613647,2.997762680053711,518,2.441053628921509,35.32304000854492,53.73686981201172,2.8602356910705566,1776939796.213005,0.3723607659339905,,,,,,,,,,,,,,,,,,,,,,,,,,,,,,,,,,,,,,,,,,,,,,,,,,,,,,,,,,,,,,,,,,,,,,,,,,,,,,,,,
19.08502197265625,77999,1.307222604751587,539,39.912620544433594,1.9552531242370605,0.6248103976249695,11613.861378646,1.5322812795639038,2.1595640182495117,0.6285110712051392,2.985934257507324,519,2.4404218196868896,35.941009521484375,53.74209976196289,2.853226900100708,1776939812.213992,0.3714889585971832,,,,,,,,,,,,,,,,,,,,,,,,,,,,,,,,,,,,,,,,,,,,,,,,,,,,,,,,,,,,,,,,,,,,,,,,,,,,,,,,,
19.128583908081055,78149,1.3069394826889038,540,39.35282897949219,1.9571442604064941,0.6242101788520813,11629.668848996,1.5358577966690063,2.150266408920288,0.6288369297981262,2.9850423336029053,520,2.416619062423706,34.8328742980957,53.752376556396484,2.842414140701294,1776939828.021525,0.37116310000419617,,,,,,,,,,,,,,,,,,,,,,,,,,,,,,,,,,,,,,,,,,,,,,,,,,,,,,,,,,,,,,,,,,,,,,,,,,,,,,,,,
18.70522117614746,78299,1.3041998147964478,541,39.60419464111328,1.9318313598632812,0.6259969472885132,11645.850284488,1.5318161249160767,2.1387670040130615,0.6293156147003174,2.9790842533111572,521,2.444760322570801,35.734771728515625,53.7567253112793,2.839559316635132,1776939844.203005,0.37068435549736023,,,,,,,,,,,,,,,,,,,,,,,,,,,,,,,,,,,,,,,,,,,,,,,,,,,,,,,,,,,,,,,,,,,,,,,,,,,,,,,,,
18.9658260345459,78449,1.2945457696914673,542,39.68338394165039,1.9423483610153198,0.6284382939338684,11661.576696731,1.5294159650802612,2.136270761489868,0.6302995681762695,2.958791971206665,522,2.458936929702759,35.85612487792969,53.76518249511719,2.842647075653076,1776939859.9292328,0.36970049142837524,,,,,,,,,,,,,,,,,,,,,,,,,,,,,,,,,,,,,,,,,,,,,,,,,,,,,,,,,,,,,,,,,,,,,,,,,,,,,,,,,
19.089719772338867,78599,1.3089487552642822,543,39.51777648925781,1.9589009284973145,0.6240305304527283,11677.578749959,1.5354982614517212,2.153014898300171,0.6286721229553223,2.9892256259918213,523,2.4643073081970215,35.21497344970703,53.770999908447266,2.8512353897094727,1776939875.9310884,0.3713279068470001,,,,,,,,,,,,,,,,,,,,,,,,,,,,,,,,,,,,,,,,,,,,,,,,,,,,,,,,,,,,,,,,,,,,,,,,,,,,,,,,,
,78749,,544,,,,11851.835180788,,,,,524,,,,,1776940050.184411,,0.15294493734836578,0.7639542818069458,0.9970721006393433,13.585954666137695,6738853376.0,121.61891174316406,130.4628448486328,0.8488526344299316,5.5721049308776855,0.5077750086784363,0.5729247331619263,0.5658186674118042,0.8875066637992859,0.8267971277236938,0.037379298359155655,893.3446044921875,0.745743453502655,0.015042589046061039,0.627813994884491,0.18938735127449036,0.3356238007545471,0.003949999809265137,0.995193600654602,0.572848379611969,0.147475004196167,952.6436767578125,1715.4747314453125,5.0,0.6694977879524231,0.27118465304374695,0.01626875065267086,0.8374740481376648,13.585954666137695,0.14669467508792877,937.1093139648438,0.895182728767395,5.5721049308776855,0.7327666878700256,0.1757437288761139,4.227561950683594,-1.7964200006020947e-14,0.9923008680343628,0.7078918814659119,0.9754624962806702,0.5002687573432922,0.005387499928474426,0.3324874937534332,0.738287091255188,0.7674338221549988,0.869024395942688,-3.0984329685290746e-15,0.899956226348877,341.4477233886719,0.6602500081062317,1824.1737060546875,0.7621976137161255,0.38033124804496765,1824.1737060546875,0.1494893878698349,878.4881591796875,0.9373195767402649,0.010718748904764652,0.6469171643257141,1715.4747314453125,4.165406703948975,0.899956226348877,0.02418278157711029,0.010893749073147774,0.9421730041503906,0.6124656796455383,41.34060287475586,0.01187942549586296,0.0899011641740799,12.359772682189941,9.526567459106445,0.7026882171630859,0.33082500100135803,13.488046646118164,39.96657943725586,315.4442443847656,0.029481248930096626
19.25865364074707,78749,1.318343162536621,545,39.675899505615234,1.9679244756698608,0.6222944259643555,11853.258422243,1.5384143590927124,2.1703872680664062,0.6281136274337769,3.008572578430176,524,2.4239182472229004,35.15837097167969,53.778682708740234,2.858222723007202,1776940051.6095932,0.37188640236854553,,,,,,,,,,,,,,,,,,,,,,,,,,,,,,,,,,,,,,,,,,,,,,,,,,,,,,,,,,,,,,,,,,,,,,,,,,,,,,,,,
19.344926834106445,78899,1.3260639905929565,546,39.811370849609375,1.9834874868392944,0.6210589408874512,11868.073467588,1.5436375141143799,2.189424753189087,0.625463604927063,3.0266644954681396,525,2.463183641433716,35.41183853149414,53.7832145690918,2.8781042098999023,1776940066.4260247,0.3745363652706146,,,,,,,,,,,,,,,,,,,,,,,,,,,,,,,,,,,,,,,,,,,,,,,,,,,,,,,,,,,,,,,,,,,,,,,,,,,,,,,,,
19.216270446777344,79049,1.3173935413360596,547,39.93158721923828,1.9817882776260376,0.6230171322822571,11884.118019976,1.5380644798278809,2.183401107788086,0.6275442838668823,3.007242202758789,526,2.426290273666382,35.513671875,53.79018783569336,2.8583157062530518,1776940082.4706612,0.37245577573776245,,,,,,,,,,,,,,,,,,,,,,,,,,,,,,,,,,,,,,,,,,,,,,,,,,,,,,,,,,,,,,,,,,,,,,,,,,,,,,,,,
19.380414962768555,79199,1.3090285062789917,548,40.1572151184082,1.976091742515564,0.625159740447998,11899.993721556,1.5373897552490234,2.1789116859436035,0.6284898519515991,2.989567279815674,527,2.435368061065674,36.13726043701172,53.80329132080078,2.8553626537323,1776940098.3465698,0.3715102970600128,,,,,,,,,,,,,,,,,,,,,,,,,,,,,,,,,,,,,,,,,,,,,,,,,,,,,,,,,,,,,,,,,,,,,,,,,,,,,,,,,
19.1796817779541,79349,1.3020882606506348,549,40.13581085205078,1.9729640483856201,0.624201774597168,11915.820282182,1.536797046661377,2.180485963821411,0.6300768852233887,2.97409987449646,528,2.4506776332855225,36.04376220703125,53.8104133605957,2.863861083984375,1776940114.1723554,0.3699231743812561,,,,,,,,,,,,,,,,,,,,,,,,,,,,,,,,,,,,,,,,,,,,,,,,,,,,,,,,,,,,,,,,,,,,,,,,,,,,,,,,,
19.34389305114746,79499,1.331447958946228,550,39.87091064453125,1.987226128578186,0.6203168034553528,11931.769838689,1.5485286712646484,2.197922468185425,0.6264084577560425,3.036487340927124,529,2.4177093505859375,35.467926025390625,53.8232307434082,2.859456777572632,1776940130.1225147,0.3735916316509247,,,,,,,,,,,,,,,,,,,,,,,,,,,,,,,,,,,,,,,,,,,,,,,,,,,,,,,,,,,,,,,,,,,,,,,,,,,,,,,,,
19.222362518310547,79649,1.312517523765564,551,40.100833892822266,1.9802799224853516,0.6243919134140015,11947.592505311,1.5370105504989624,2.186535596847534,0.6311893463134766,2.9938459396362305,530,2.425128698348999,35.76226806640625,53.83149337768555,2.863581657409668,1776940145.9450412,0.3688106834888458,,,,,,,,,,,,,,,,,,,,,,,,,,,,,,,,,,,,,,,,,,,,,,,,,,,,,,,,,,,,,,,,,,,,,,,,,,,,,,,,,
19.013883590698242,79799,1.3069441318511963,552,39.77760696411133,1.9601926803588867,0.6224745512008667,11963.603742736,1.5361088514328003,2.165587902069092,0.6292687058448792,2.984619379043579,531,2.4333090782165527,35.65156936645508,53.84001541137695,2.855968475341797,1776940161.9565632,0.37073129415512085,,,,,,,,,,,,,,,,,,,,,,,,,,,,,,,,,,,,,,,,,,,,,,,,,,,,,,,,,,,,,,,,,,,,,,,,,,,,,,,,,
18.97826385498047,79949,1.300035834312439,553,39.78755569458008,1.955169916152954,0.6285147070884705,11979.474742807,1.5317773818969727,2.1553947925567627,0.6291898488998413,2.970881462097168,532,2.4340829849243164,35.686038970947266,53.84970474243164,2.8459300994873047,1776940177.827204,0.3708100914955139,,,,,,,,,,,,,,,,,,,,,,,,,,,,,,,,,,,,,,,,,,,,,,,,,,,,,,,,,,,,,,,,,,,,,,,,,,,,,,,,,
19.06719207763672,80099,1.3152251243591309,554,39.7693977355957,1.9649226665496826,0.6238316893577576,11995.497937766,1.5387102365493774,2.1768112182617188,0.6289874911308289,3.001462459564209,533,2.434300184249878,35.56748962402344,53.85641098022461,2.8526813983917236,1776940193.850723,0.3710125684738159,,,,,,,,,,,,,,,,,,,,,,,,,,,,,,,,,,,,,,,,,,,,,,,,,,,,,,,,,,,,,,,,,,,,,,,,,,,,,,,,,
19.22195053100586,80249,1.3255339860916138,555,39.865867614746094,1.977030634880066,0.6247602105140686,12011.333310365,1.541019082069397,2.182297945022583,0.6268366575241089,3.0242316722869873,534,2.441648006439209,35.615379333496094,53.862483978271484,2.869006395339966,1776940209.686068,0.3731633424758911,,,,,,,,,,,,,,,,,,,,,,,,,,,,,,,,,,,,,,,,,,,,,,,,,,,,,,,,,,,,,,,,,,,,,,,,,,,,,,,,,
19.253326416015625,80399,1.3338350057601929,556,40.16858673095703,1.9896467924118042,0.6195067763328552,12027.284545518,1.5415270328521729,2.204392433166504,0.6292251348495483,3.038444995880127,535,2.4661452770233154,35.83944320678711,53.868629455566406,2.886350154876709,1776940225.6365192,0.37077489495277405,,,,,,,,,,,,,,,,,,,,,,,,,,,,,,,,,,,,,,,,,,,,,,,,,,,,,,,,,,,,,,,,,,,,,,,,,,,,,,,,,
19.171184539794922,80549,1.312095046043396,557,39.55994415283203,1.9687541723251343,0.6170352101325989,12043.170873459,1.5440393686294556,2.1877617835998535,0.6290343999862671,2.9951558113098145,536,2.416917324066162,34.841957092285156,53.87356185913086,2.859060287475586,1776940241.5236595,0.3709656298160553,,,,,,,,,,,,,,,,,,,,,,,,,,,,,,,,,,,,,,,,,,,,,,,,,,,,,,,,,,,,,,,,,,,,,,,,,,,,,,,,,
19.318870544433594,80699,1.3372536897659302,558,39.96349334716797,1.9924908876419067,0.6212390661239624,12059.190362385,1.5448564291000366,2.2037298679351807,0.6304470896720886,3.044060230255127,537,2.4449870586395264,35.59149932861328,53.88138198852539,2.880744457244873,1776940257.5430937,0.36955294013023376,,,,,,,,,,,,,,,,,,,,,,,,,,,,,,,,,,,,,,,,,,,,,,,,,,,,,,,,,,,,,,,,,,,,,,,,,,,,,,,,,
19.384611129760742,80849,1.3233610391616821,559,39.86151123046875,1.9891166687011719,0.6203505396842957,12075.03728079,1.543887734413147,2.201401472091675,0.6299980282783508,3.016723871231079,538,2.4269089698791504,35.056827545166016,53.88520431518555,2.8695414066314697,1776940273.3898716,0.3700019121170044,,,,,,,,,,,,,,,,,,,,,,,,,,,,,,,,,,,,,,,,,,,,,,,,,,,,,,,,,,,,,,,,,,,,,,,,,,,,,,,,,
19.218843460083008,80999,1.3223252296447754,560,39.80801773071289,1.9768704175949097,0.6222902536392212,12090.964224572,1.5402861833572388,2.184913158416748,0.6296373009681702,3.015012741088867,539,2.4265482425689697,35.15653991699219,53.8956184387207,2.8658695220947266,1776940289.3171039,0.37036269903182983,,,,,,,,,,,,,,,,,,,,,,,,,,,,,,,,,,,,,,,,,,,,,,,,,,,,,,,,,,,,,,,,,,,,,,,,,,,,,,,,,
19.20269203186035,81149,1.3145456314086914,561,39.91134262084961,1.9792964458465576,0.6222100257873535,12106.937714529,1.544590950012207,2.189173460006714,0.6295375823974609,2.999553680419922,540,2.4291493892669678,35.68317413330078,53.90556716918945,2.8615105152130127,1776940305.2903697,0.3704623281955719,,,,,,,,,,,,,,,,,,,,,,,,,,,,,,,,,,,,,,,,,,,,,,,,,,,,,,,,,,,,,,,,,,,,,,,,,,,,,,,,,
19.378116607666016,81299,1.30943763256073,562,39.81657791137695,1.97698974609375,0.6243085265159607,12122.891004512,1.5390957593917847,2.1714439392089844,0.6302711963653564,2.9886040687561035,541,2.413478136062622,35.62099838256836,53.910709381103516,2.8465664386749268,1776940321.2439394,0.36972877383232117,,,,,,,,,,,,,,,,,,,,,,,,,,,,,,,,,,,,,,,,,,,,,,,,,,,,,,,,,,,,,,,,,,,,,,,,,,,,,,,,,
19.034259796142578,81449,1.3085252046585083,563,39.5800666809082,1.9609544277191162,0.6246278882026672,12138.989192046,1.5373235940933228,2.158134698867798,0.6286129355430603,2.9884378910064697,542,2.4301226139068604,35.30385971069336,53.91595458984375,2.8452298641204834,1776940337.3420618,0.3713870048522949,,,,,,,,,,,,,,,,,,,,,,,,,,,,,,,,,,,,,,,,,,,,,,,,,,,,,,,,,,,,,,,,,,,,,,,,,,,,,,,,,
19.281494140625,81599,1.3059988021850586,564,39.929840087890625,1.975917935371399,0.6230476498603821,12155.010912884,1.5389564037322998,2.1715316772460938,0.6286271810531616,2.9833710193634033,543,2.4418344497680664,35.77838897705078,53.92380905151367,2.858792304992676,1776940353.363403,0.37137293815612793,,,,,,,,,,,,,,,,,,,,,,,,,,,,,,,,,,,,,,,,,,,,,,,,,,,,,,,,,,,,,,,,,,,,,,,,,,,,,,,,,
19.395160675048828,81749,1.3311153650283813,565,39.93947219848633,1.9912563562393188,0.6207510828971863,12170.774522769,1.5401523113250732,2.190416097640991,0.6283573508262634,3.0338733196258545,544,2.4219369888305664,35.47649002075195,53.93109893798828,2.863194704055786,1776940369.1274889,0.37164270877838135,,,,,,,,,,,,,,,,,,,,,,,,,,,,,,,,,,,,,,,,,,,,,,,,,,,,,,,,,,,,,,,,,,,,,,,,,,,,,,,,,
19.24624252319336,81899,1.3108562231063843,566,39.72119140625,1.9751163721084595,0.6217786073684692,12186.672038587,1.5423495769500732,2.1822168827056885,0.628332257270813,2.993380308151245,545,2.4121603965759277,35.065826416015625,53.93912124633789,2.848968982696533,1776940385.0244622,0.3716677129268646,,,,,,,,,,,,,,,,,,,,,,,,,,,,,,,,,,,,,,,,,,,,,,,,,,,,,,,,,,,,,,,,,,,,,,,,,,,,,,,,,
19.219730377197266,82049,1.3252615928649902,567,40.10436248779297,1.987070918083191,0.6222418546676636,12202.737850692,1.538347840309143,2.195248603820801,0.6285610198974609,3.0219616889953613,546,2.442218780517578,35.75958251953125,53.947349548339844,2.8740463256835938,1776940401.0906692,0.3714389204978943,,,,,,,,,,,,,,,,,,,,,,,,,,,,,,,,,,,,,,,,,,,,,,,,,,,,,,,,,,,,,,,,,,,,,,,,,,,,,,,,,
19.113792419433594,82199,1.320905089378357,568,39.52275466918945,1.978733777999878,0.6201898455619812,12218.611531365,1.5442980527877808,2.178668260574341,0.6289997696876526,3.012810468673706,547,2.437903881072998,34.96965026855469,53.954959869384766,2.859771728515625,1776940416.9643354,0.3710002303123474,,,,,,,,,,,,,,,,,,,,,,,,,,,,,,,,,,,,,,,,,,,,,,,,,,,,,,,,,,,,,,,,,,,,,,,,,,,,,,,,,
19.38895606994629,82349,1.3191511631011963,569,40.13555908203125,1.9864723682403564,0.6207215785980225,12234.69511269,1.5423221588134766,2.1929736137390137,0.629268229007721,3.0090339183807373,548,2.4721648693084717,36.262855529785156,53.96562957763672,2.876319408416748,1776940433.0470686,0.37073180079460144,,,,,,,,,,,,,,,,,,,,,,,,,,,,,,,,,,,,,,,,,,,,,,,,,,,,,,,,,,,,,,,,,,,,,,,,,,,,,,,,,
,82499,,570,,,,12408.714431769,,,,,549,,,,,1776940607.0629122,,0.1602863222360611,0.7826013565063477,0.9972033500671387,14.74345588684082,1860340352.0,120.02085876464844,128.76612854003906,0.83460533618927,5.554485321044922,0.5056750178337097,0.5911916494369507,0.575883150100708,0.8792263269424438,0.804323673248291,0.036996785551309586,882.9910888671875,0.750441312789917,0.014988638460636139,0.6559367775917053,0.187459334731102,0.3312738239765167,0.003562500234693289,0.995306134223938,0.5914731025695801,0.14355625212192535,943.87060546875,1697.359619140625,5.0,0.6763181090354919,0.27241066098213196,0.014731249772012234,0.8246051073074341,14.74345588684082,0.14742650091648102,927.91259765625,0.8961883783340454,5.554485321044922,0.7373946905136108,0.17720626294612885,4.099701881408691,2.6141198580797997e-15,0.9983275532722473,0.7035130262374878,0.9753562211990356,0.5026687979698181,0.004768750164657831,0.3334187865257263,0.7469145059585571,0.7608973383903503,0.854810357093811,1.4675760606763788e-15,0.9007249474525452,337.439208984375,0.6621437668800354,1809.9659423828125,0.7792452573776245,0.3814062774181366,1809.9659423828125,0.1520797461271286,868.2582397460938,0.9370673894882202,0.009581250138580799,0.6573398113250732,1697.359619140625,4.085030555725098,0.9007249474525452,0.024092860519886017,0.009781249798834324,0.9444215893745422,0.6337732076644897,40.88742446899414,0.011870697140693665,0.09108658879995346,12.402589797973633,9.02610969543457,0.7134186625480652,0.3234187364578247,13.547455787658691,39.544952392578125,311.5578308105469,0.026625003665685654
19.417888641357422,82499,1.3266054391860962,571,39.7381477355957,1.9956048727035522,0.6196541786193848,12410.495538652,1.547433614730835,2.205099582672119,0.6277679800987244,3.0254430770874023,549,2.41902232170105,34.96174621582031,53.97543716430664,2.8708131313323975,1776940608.845899,0.37223193049430847,,,,,,,,,,,,,,,,,,,,,,,,,,,,,,,,,,,,,,,,,,,,,,,,,,,,,,,,,,,,,,,,,,,,,,,,,,,,,,,,,
19.31468391418457,82649,1.3230382204055786,572,40.0037841796875,1.990964412689209,0.6219185590744019,12425.284751941,1.5391180515289307,2.1970341205596924,0.629847526550293,3.0162291526794434,550,2.43902587890625,35.19775390625,53.98139572143555,2.8691930770874023,1776940623.6373947,0.37015241384506226,,,,,,,,,,,,,,,,,,,,,,,,,,,,,,,,,,,,,,,,,,,,,,,,,,,,,,,,,,,,,,,,,,,,,,,,,,,,,,,,,
19.129302978515625,82799,1.3195626735687256,573,40.0508918762207,1.9793434143066406,0.6232419013977051,12441.195886108,1.5375059843063354,2.1846959590911865,0.6293953657150269,3.009730100631714,551,2.4251065254211426,35.69401550292969,53.98649597167969,2.857006788253784,1776940639.5483658,0.37060460448265076,,,,,,,,,,,,,,,,,,,,,,,,,,,,,,,,,,,,,,,,,,,,,,,,,,,,,,,,,,,,,,,,,,,,,,,,,,,,,,,,,
19.431697845458984,82949,1.3306653499603271,574,40.113529205322266,2.002049446105957,0.6218207478523254,12457.181568345,1.5416183471679688,2.206251382827759,0.630033552646637,3.031297445297241,552,2.422142505645752,35.59641647338867,53.993743896484375,2.874831438064575,1776940655.5343833,0.3699664771556854,,,,,,,,,,,,,,,,,,,,,,,,,,,,,,,,,,,,,,,,,,,,,,,,,,,,,,,,,,,,,,,,,,,,,,,,,,,,,,,,,
19.5242977142334,83099,1.3172695636749268,575,40.19784927368164,1.9889280796051025,0.6216296553611755,12473.177958101,1.5444358587265015,2.19718599319458,0.630630612373352,3.00390887260437,553,2.4440813064575195,36.10443878173828,54.00306701660156,2.8613386154174805,1776940671.5306733,0.3693694770336151,,,,,,,,,,,,,,,,,,,,,,,,,,,,,,,,,,,,,,,,,,,,,,,,,,,,,,,,,,,,,,,,,,,,,,,,,,,,,,,,,
19.478981018066406,83249,1.3209812641143799,576,40.03770446777344,1.9957119226455688,0.622121274471283,12489.16259563,1.5441762208938599,2.2037036418914795,0.6306300163269043,3.0113322734832764,554,2.4333181381225586,35.46799087524414,54.01233673095703,2.870797872543335,1776940687.5153382,0.3693699538707733,,,,,,,,,,,,,,,,,,,,,,,,,,,,,,,,,,,,,,,,,,,,,,,,,,,,,,,,,,,,,,,,,,,,,,,,,,,,,,,,,
19.310178756713867,83399,1.320942997932434,577,39.85551452636719,1.9946280717849731,0.6182780265808105,12505.149017328,1.5443121194839478,2.2100226879119873,0.6318652033805847,3.0100207328796387,555,2.408859968185425,34.72624588012695,54.02195358276367,2.8614718914031982,1776940703.501653,0.3681347668170929,,,,,,,,,,,,,,,,,,,,,,,,,,,,,,,,,,,,,,,,,,,,,,,,,,,,,,,,,,,,,,,,,,,,,,,,,,,,,,,,,
19.48662757873535,83549,1.3429944515228271,578,40.345699310302734,2.019347906112671,0.6214113831520081,12521.193011835,1.5454729795455933,2.2270610332489014,0.6296371221542358,3.0563511848449707,556,2.4449825286865234,35.650115966796875,54.02939224243164,2.9000260829925537,1776940719.5454848,0.37036287784576416,,,,,,,,,,,,,,,,,,,,,,,,,,,,,,,,,,,,,,,,,,,,,,,,,,,,,,,,,,,,,,,,,,,,,,,,,,,,,,,,,
19.451732635498047,83699,1.3193449974060059,579,40.10923385620117,1.993127465248108,0.621346652507782,12537.042115458,1.5437428951263428,2.2029685974121094,0.6303384900093079,3.0083508491516113,557,2.4431955814361572,35.725120544433594,54.03758239746094,2.878319263458252,1776940735.3946667,0.369661420583725,,,,,,,,,,,,,,,,,,,,,,,,,,,,,,,,,,,,,,,,,,,,,,,,,,,,,,,,,,,,,,,,,,,,,,,,,,,,,,,,,
19.485761642456055,83849,1.327845573425293,580,40.16352844238281,1.996778964996338,0.6199001669883728,12553.220603682,1.5452169179916382,2.213514804840088,0.6285070180892944,3.027184247970581,558,2.4249353408813477,35.82650375366211,54.043514251708984,2.8681979179382324,1776940751.5729382,0.37149301171302795,,,,,,,,,,,,,,,,,,,,,,,,,,,,,,,,,,,,,,,,,,,,,,,,,,,,,,,,,,,,,,,,,,,,,,,,,,,,,,,,,
19.443696975708008,83999,1.3338863849639893,581,40.306095123291016,2.0100228786468506,0.6210127472877502,12569.129265449,1.5459750890731812,2.2147035598754883,0.6311848163604736,3.036587953567505,559,2.4754104614257812,36.20646667480469,54.052024841308594,2.896454334259033,1776940767.4815764,0.36881521344184875,,,,,,,,,,,,,,,,,,,,,,,,,,,,,,,,,,,,,,,,,,,,,,,,,,,,,,,,,,,,,,,,,,,,,,,,,,,,,,,,,
19.322490692138672,84149,1.324116826057434,582,40.10071563720703,1.9992643594741821,0.6226778030395508,12584.955527618,1.5466763973236084,2.2117230892181396,0.6315887570381165,3.0166449546813965,560,2.4047083854675293,35.432098388671875,54.058868408203125,2.870306968688965,1776940783.3081303,0.3684113025665283,,,,,,,,,,,,,,,,,,,,,,,,,,,,,,,,,,,,,,,,,,,,,,,,,,,,,,,,,,,,,,,,,,,,,,,,,,,,,,,,,
19.430072784423828,84299,1.3227542638778687,583,39.79010772705078,1.99006187915802,0.623733639717102,12600.931396099,1.543382167816162,2.1941041946411133,0.6302065253257751,3.0153021812438965,561,2.417405366897583,34.960750579833984,54.06581115722656,2.867234945297241,1776940799.2840772,0.36979350447654724,,,,,,,,,,,,,,,,,,,,,,,,,,,,,,,,,,,,,,,,,,,,,,,,,,,,,,,,,,,,,,,,,,,,,,,,,,,,,,,,,
19.662580490112305,84449,1.3331246376037598,584,40.11720275878906,2.0191164016723633,0.6215224862098694,12616.785143579,1.5493013858795166,2.221616268157959,0.6297975182533264,3.036451816558838,562,2.4557266235351562,35.40670394897461,54.07670211791992,2.881648540496826,1776940815.1375465,0.37020251154899597,,,,,,,,,,,,,,,,,,,,,,,,,,,,,,,,,,,,,,,,,,,,,,,,,,,,,,,,,,,,,,,,,,,,,,,,,,,,,,,,,
19.612098693847656,84599,1.3386420011520386,585,40.06882095336914,2.008972644805908,0.6210623979568481,12632.98196151,1.5466160774230957,2.214949131011963,0.6295942068099976,3.04768967628479,563,2.4437294006347656,35.607852935791016,54.08354568481445,2.886003255844116,1776940831.334524,0.3704058825969696,,,,,,,,,,,,,,,,,,,,,,,,,,,,,,,,,,,,,,,,,,,,,,,,,,,,,,,,,,,,,,,,,,,,,,,,,,,,,,,,,
19.379261016845703,84749,1.3466777801513672,586,39.870513916015625,2.003157138824463,0.6189588308334351,12648.839900382,1.548998236656189,2.2191717624664307,0.6286298632621765,3.064725160598755,564,2.427168846130371,35.1044807434082,54.09138107299805,2.8814804553985596,1776940847.1924334,0.3713700771331787,,,,,,,,,,,,,,,,,,,,,,,,,,,,,,,,,,,,,,,,,,,,,,,,,,,,,,,,,,,,,,,,,,,,,,,,,,,,,,,,,
19.558565139770508,84899,1.3221089839935303,587,40.428260803222656,2.0166540145874023,0.6219204664230347,12664.80273841,1.5439977645874023,2.218601942062378,0.6310515403747559,3.0131659507751465,565,2.443650960922241,36.164100646972656,54.098995208740234,2.876328468322754,1776940863.1556342,0.36894848942756653,,,,,,,,,,,,,,,,,,,,,,,,,,,,,,,,,,,,,,,,,,,,,,,,,,,,,,,,,,,,,,,,,,,,,,,,,,,,,,,,,
19.640056610107422,85049,1.3282556533813477,588,40.174930572509766,2.015589952468872,0.6213114261627197,12680.656298925,1.5425549745559692,2.2112879753112793,0.631461501121521,3.0250496864318848,566,2.426862955093384,35.74494171142578,54.10454559326172,2.8809001445770264,1776940879.008355,0.368538498878479,,,,,,,,,,,,,,,,,,,,,,,,,,,,,,,,,,,,,,,,,,,,,,,,,,,,,,,,,,,,,,,,,,,,,,,,,,,,,,,,,
19.435516357421875,85199,1.3176299333572388,589,40.0605583190918,1.9944748878479004,0.6234138011932373,12696.720774322,1.5410592555999756,2.187359094619751,0.6307859420776367,3.004473924636841,567,2.4166929721832275,35.775299072265625,54.11154556274414,2.8631207942962646,1776940895.0734797,0.3692140281200409,,,,,,,,,,,,,,,,,,,,,,,,,,,,,,,,,,,,,,,,,,,,,,,,,,,,,,,,,,,,,,,,,,,,,,,,,,,,,,,,,
19.400354385375977,85349,1.3316497802734375,590,40.159027099609375,2.005232334136963,0.6234784126281738,12712.562858147,1.543548822402954,2.2059226036071777,0.6285973191261292,3.0347020626068115,568,2.4823334217071533,35.77908706665039,54.124271392822266,2.890934944152832,1776940910.9151573,0.37140271067619324,,,,,,,,,,,,,,,,,,,,,,,,,,,,,,,,,,,,,,,,,,,,,,,,,,,,,,,,,,,,,,,,,,,,,,,,,,,,,,,,,
19.607927322387695,85499,1.3370225429534912,591,40.47854995727539,2.015076160430908,0.6239100098609924,12728.671467796,1.5442500114440918,2.228111505508423,0.6309542059898376,3.0430908203125,569,2.4039931297302246,35.73480987548828,54.13459777832031,2.8852174282073975,1776940927.024002,0.36904582381248474,,,,,,,,,,,,,,,,,,,,,,,,,,,,,,,,,,,,,,,,,,,,,,,,,,,,,,,,,,,,,,,,,,,,,,,,,,,,,,,,,
19.566261291503906,85649,1.3239915370941162,592,40.280555725097656,2.0054678916931152,0.6200310587882996,12744.640668418,1.545145869255066,2.209801197052002,0.6293116807937622,3.018671989440918,570,2.4359614849090576,36.266876220703125,54.142250061035156,2.8622307777404785,1776940942.99344,0.3706883192062378,,,,,,,,,,,,,,,,,,,,,,,,,,,,,,,,,,,,,,,,,,,,,,,,,,,,,,,,,,,,,,,,,,,,,,,,,,,,,,,,,
19.518678665161133,85799,1.3208904266357422,593,40.228271484375,1.9966095685958862,0.6230499744415283,12760.69250783,1.5401523113250732,2.1966240406036377,0.6294631958007812,3.012317657470703,571,2.4669172763824463,36.231937408447266,54.149959564208984,2.885723352432251,1776940959.0451903,0.3705368638038635,,,,,,,,,,,,,,,,,,,,,,,,,,,,,,,,,,,,,,,,,,,,,,,,,,,,,,,,,,,,,,,,,,,,,,,,,,,,,,,,,
19.56262969970703,85949,1.3278027772903442,594,40.51842498779297,2.0100457668304443,0.6193637251853943,12776.622145142,1.5465104579925537,2.2301931381225586,0.629684567451477,3.025921106338501,572,2.4425549507141113,36.30458450317383,54.155235290527344,2.883730888366699,1776940974.9749765,0.37031540274620056,,,,,,,,,,,,,,,,,,,,,,,,,,,,,,,,,,,,,,,,,,,,,,,,,,,,,,,,,,,,,,,,,,,,,,,,,,,,,,,,,
19.48897933959961,86099,1.3264120817184448,595,40.22386169433594,2.0032806396484375,0.6234136819839478,12792.670304251,1.5436958074569702,2.206617593765259,0.63057541847229,3.0222487449645996,573,2.436429262161255,35.831695556640625,54.16666793823242,2.874814033508301,1776940991.023084,0.3694245517253876,,,,,,,,,,,,,,,,,,,,,,,,,,,,,,,,,,,,,,,,,,,,,,,,,,,,,,,,,,,,,,,,,,,,,,,,,,,,,,,,,
,86249,,596,,,,12966.002524743,,,,,574,,,,,1776941164.3504343,,0.16315217316150665,0.7911078929901123,0.9971622228622437,12.972517967224121,4570145792.0,120.63743591308594,129.4439697265625,0.862382709980011,5.557247638702393,0.5057500004768372,0.6003775000572205,0.5835049152374268,0.8886121511459351,0.8143959045410156,0.036244817078113556,884.3588256835938,0.7596943378448486,0.015043450519442558,0.6662237048149109,0.19029153883457184,0.3357543349266052,0.003631249535828829,0.995306134223938,0.5986905097961426,0.14396874606609344,942.9180908203125,1699.5986328125,5.0,0.6785221099853516,0.2696640193462372,0.015812499448657036,0.8516768217086792,12.972517967224121,0.15115465223789215,927.1469116210938,0.8974239230155945,5.557247638702393,0.747444748878479,0.1770249903202057,4.114975929260254,1.7389247593951884e-14,0.9924357533454895,0.7374352216720581,0.9753187894821167,0.5008625388145447,0.0057187494821846485,0.33355000615119934,0.7427988648414612,0.7575318217277527,0.8758749961853027,3.7649462540645384e-15,0.9000750184059143,337.5657653808594,0.6586750149726868,1803.367919921875,0.7748557329177856,0.38058751821517944,1803.367919921875,0.1498088240623474,868.9530639648438,0.938808798789978,0.009881249628961086,0.6605483889579773,1699.5986328125,4.063920021057129,0.9000750184059143,0.0241717379540205,0.010068750940263271,0.9365062713623047,0.6484594941139221,41.05293273925781,0.011887230910360813,0.0902501717209816,12.178444862365723,8.93700885772705,0.7319463491439819,0.3313625156879425,13.447021484375,39.91328430175781,311.764892578125,0.02878749743103981
19.671661376953125,86249,1.3318902254104614,597,40.142059326171875,2.0158016681671143,0.6226786971092224,12967.502573609,1.542509913444519,2.210934638977051,0.6301935911178589,3.0335865020751953,574,2.4697906970977783,35.37360382080078,54.173316955566406,2.8929150104522705,1776941165.8541307,0.36980634927749634,,,,,,,,,,,,,,,,,,,,,,,,,,,,,,,,,,,,,,,,,,,,,,,,,,,,,,,,,,,,,,,,,,,,,,,,,,,,,,,,,
19.32216453552246,86399,1.329200267791748,598,39.980655670166016,2.003464937210083,0.6167487502098083,12982.422418804,1.5484663248062134,2.214203357696533,0.6305960416793823,3.027804374694824,575,2.4352786540985107,35.269649505615234,54.18056106567383,2.8794944286346436,1776941180.7749488,0.3694039285182953,,,,,,,,,,,,,,,,,,,,,,,,,,,,,,,,,,,,,,,,,,,,,,,,,,,,,,,,,,,,,,,,,,,,,,,,,,,,,,,,,
19.594770431518555,86549,1.3319660425186157,599,40.23591995239258,2.015287399291992,0.619714617729187,12998.45729306,1.5502008199691772,2.221418857574463,0.6292658448219299,3.034666061401367,576,2.462858200073242,35.964378356933594,54.18800354003906,2.899296522140503,1776941196.8099504,0.37073418498039246,,,,,,,,,,,,,,,,,,,,,,,,,,,,,,,,,,,,,,,,,,,,,,,,,,,,,,,,,,,,,,,,,,,,,,,,,,,,,,,,,
19.775129318237305,86699,1.3373157978057861,600,40.01020431518555,2.0303714275360107,0.6164152026176453,13014.395429578,1.5499258041381836,2.2347779273986816,0.6289339065551758,3.0456981658935547,577,2.4188573360443115,34.82734680175781,54.193763732910156,2.8900537490844727,1776941212.747946,0.3710660934448242,,,,,,,,,,,,,,,,,,,,,,,,,,,,,,,,,,,,,,,,,,,,,,,,,,,,,,,,,,,,,,,,,,,,,,,,,,,,,,,,,
19.469207763671875,86849,1.3252989053726196,601,39.92918014526367,2.000786542892456,0.6194925904273987,13030.372767202,1.5456537008285522,2.2035880088806152,0.6315990686416626,3.018998384475708,578,2.4302756786346436,35.504173278808594,54.19997787475586,2.8720786571502686,1776941228.725299,0.3684009611606598,,,,,,,,,,,,,,,,,,,,,,,,,,,,,,,,,,,,,,,,,,,,,,,,,,,,,,,,,,,,,,,,,,,,,,,,,,,,,,,,,
19.734102249145508,86999,1.3382384777069092,602,40.07563400268555,2.024218797683716,0.6185862421989441,13046.343048931,1.5532517433166504,2.224423408508301,0.6294003129005432,3.047076940536499,579,2.441276788711548,35.663761138916016,54.20721435546875,2.8903887271881104,1776941244.695893,0.3705996870994568,,,,,,,,,,,,,,,,,,,,,,,,,,,,,,,,,,,,,,,,,,,,,,,,,,,,,,,,,,,,,,,,,,,,,,,,,,,,,,,,,
19.68427085876465,87149,1.3307156562805176,603,40.40256118774414,2.026198625564575,0.61808180809021,13062.361170523,1.552769422531128,2.236341714859009,0.6306203007698059,3.030811309814453,580,2.440732002258301,36.20756149291992,54.21936798095703,2.884103775024414,1776941260.714035,0.36937975883483887,,,,,,,,,,,,,,,,,,,,,,,,,,,,,,,,,,,,,,,,,,,,,,,,,,,,,,,,,,,,,,,,,,,,,,,,,,,,,,,,,
19.425094604492188,87299,1.3293617963790894,604,40.259666442871094,1.9995207786560059,0.6223832964897156,13078.241522182,1.544367790222168,2.212496757507324,0.6290720105171204,3.029651403427124,581,2.4684438705444336,36.015743255615234,54.228515625,2.885526657104492,1776941276.5939941,0.37092798948287964,,,,,,,,,,,,,,,,,,,,,,,,,,,,,,,,,,,,,,,,,,,,,,,,,,,,,,,,,,,,,,,,,,,,,,,,,,,,,,,,,
19.508716583251953,87449,1.324797511100769,605,40.1422004699707,1.996839165687561,0.6214157938957214,13094.37943319,1.543805480003357,2.2037789821624756,0.6304377913475037,3.0191571712493896,582,2.4187369346618652,35.531593322753906,54.23764419555664,2.880457639694214,1776941292.7320373,0.36956220865249634,,,,,,,,,,,,,,,,,,,,,,,,,,,,,,,,,,,,,,,,,,,,,,,,,,,,,,,,,,,,,,,,,,,,,,,,,,,,,,,,,
19.619359970092773,87599,1.3260486125946045,606,39.80756759643555,2.0142176151275635,0.6166590452194214,13110.226848542,1.5508867502212524,2.2163503170013428,0.6293596029281616,3.022737741470337,583,2.454329013824463,34.89152908325195,54.2490348815918,2.880086898803711,1776941308.5790792,0.37064045667648315,,,,,,,,,,,,,,,,,,,,,,,,,,,,,,,,,,,,,,,,,,,,,,,,,,,,,,,,,,,,,,,,,,,,,,,,,,,,,,,,,
19.58055305480957,87749,1.3284465074539185,607,40.23573303222656,2.003683090209961,0.6222301125526428,13126.183238768,1.5448741912841797,2.2055726051330566,0.6295821070671082,3.027311086654663,584,2.4559433460235596,36.170475006103516,54.25521469116211,2.8818235397338867,1776941324.5360835,0.3704178035259247,,,,,,,,,,,,,,,,,,,,,,,,,,,,,,,,,,,,,,,,,,,,,,,,,,,,,,,,,,,,,,,,,,,,,,,,,,,,,,,,,
19.552112579345703,87899,1.3308779001235962,608,40.1654052734375,2.0056371688842773,0.6187388896942139,13142.507736822,1.549124002456665,2.2136266231536865,0.6299601793289185,3.0317959785461426,585,2.469679594039917,36.403404235839844,54.2635612487793,2.8845205307006836,1776941340.8603947,0.37003979086875916,,,,,,,,,,,,,,,,,,,,,,,,,,,,,,,,,,,,,,,,,,,,,,,,,,,,,,,,,,,,,,,,,,,,,,,,,,,,,,,,,
19.81616973876953,88049,1.3348932266235352,609,40.30812072753906,2.0382261276245117,0.6156721711158752,13158.237837358,1.555221676826477,2.2498300075531006,0.631178617477417,3.0386080741882324,586,2.460444688796997,35.82126998901367,54.27047348022461,2.8986496925354004,1776941356.5906718,0.3688214123249054,,,,,,,,,,,,,,,,,,,,,,,,,,,,,,,,,,,,,,,,,,,,,,,,,,,,,,,,,,,,,,,,,,,,,,,,,,,,,,,,,
19.549837112426758,88199,1.330863356590271,610,40.21696472167969,2.0053391456604004,0.6220766305923462,13174.239193614,1.5434938669204712,2.2066080570220947,0.6297973394393921,3.0319297313690186,587,2.405989170074463,35.8387451171875,54.274620056152344,2.8666200637817383,1776941372.5918622,0.3702027201652527,,,,,,,,,,,,,,,,,,,,,,,,,,,,,,,,,,,,,,,,,,,,,,,,,,,,,,,,,,,,,,,,,,,,,,,,,,,,,,,,,
19.645431518554688,88349,1.3344197273254395,611,40.38433074951172,2.0219500064849854,0.6191183924674988,13190.301460457,1.5489163398742676,2.2360610961914062,0.6288479566574097,3.039991617202759,588,2.446693181991577,35.9764518737793,54.28391647338867,2.89406418800354,1776941388.6539235,0.3711520731449127,,,,,,,,,,,,,,,,,,,,,,,,,,,,,,,,,,,,,,,,,,,,,,,,,,,,,,,,,,,,,,,,,,,,,,,,,,,,,,,,,
19.446670532226562,88499,1.3192998170852661,612,40.54184341430664,2.0067715644836426,0.6216411590576172,13206.443116138,1.5450756549835205,2.2222506999969482,0.6310763955116272,3.007523536682129,589,2.424211025238037,36.29347229003906,54.28852462768555,2.8753905296325684,1776941404.7952754,0.3689235746860504,,,,,,,,,,,,,,,,,,,,,,,,,,,,,,,,,,,,,,,,,,,,,,,,,,,,,,,,,,,,,,,,,,,,,,,,,,,,,,,,,
19.541568756103516,88649,1.3199337720870972,613,40.457183837890625,1.9993740320205688,0.6233572363853455,13222.29226461,1.540984034538269,2.2123863697052,0.6302354335784912,3.009632110595703,590,2.4349050521850586,35.905941009521484,54.29768371582031,2.87911057472229,1776941420.6450362,0.3697644770145416,,,,,,,,,,,,,,,,,,,,,,,,,,,,,,,,,,,,,,,,,,,,,,,,,,,,,,,,,,,,,,,,,,,,,,,,,,,,,,,,,
19.336572647094727,88799,1.3236004114151,614,40.238277435302734,2.001070737838745,0.6203187108039856,13238.294828141,1.543886423110962,2.2080819606781006,0.6315881013870239,3.0156126022338867,591,2.440865993499756,36.064186096191406,54.30390167236328,2.8752357959747314,1776941436.6473854,0.36841195821762085,,,,,,,,,,,,,,,,,,,,,,,,,,,,,,,,,,,,,,,,,,,,,,,,,,,,,,,,,,,,,,,,,,,,,,,,,,,,,,,,,
19.731245040893555,88949,1.337238073348999,615,40.206520080566406,2.027357578277588,0.6175222992897034,13254.262750157,1.550365924835205,2.227513313293457,0.6308897137641907,3.043586492538452,592,2.455090284347534,35.60871887207031,54.31732940673828,2.8840057849884033,1776941452.6151936,0.36911025643348694,,,,,,,,,,,,,,,,,,,,,,,,,,,,,,,,,,,,,,,,,,,,,,,,,,,,,,,,,,,,,,,,,,,,,,,,,,,,,,,,,
19.600194931030273,89099,1.3296996355056763,616,40.42906951904297,2.019531488418579,0.6156491041183472,13270.287512652,1.5527055263519287,2.2420308589935303,0.6305763721466064,3.028822660446167,593,2.435755491256714,36.32402801513672,54.32402038574219,2.8770718574523926,1776941468.6401627,0.36942365765571594,,,,,,,,,,,,,,,,,,,,,,,,,,,,,,,,,,,,,,,,,,,,,,,,,,,,,,,,,,,,,,,,,,,,,,,,,,,,,,,,,
19.7340030670166,89249,1.3377320766448975,617,40.143333435058594,2.02070689201355,0.6181511878967285,13286.042039853,1.5480414628982544,2.228424549102783,0.6308988928794861,3.0445656776428223,594,2.452787160873413,35.37786865234375,54.33474349975586,2.8923685550689697,1776941484.3947186,0.36910107731819153,,,,,,,,,,,,,,,,,,,,,,,,,,,,,,,,,,,,,,,,,,,,,,,,,,,,,,,,,,,,,,,,,,,,,,,,,,,,,,,,,
19.724946975708008,89399,1.3255326747894287,618,40.290771484375,2.0306737422943115,0.6184612512588501,13302.071573608,1.5491206645965576,2.231844663619995,0.6318733096122742,3.019192695617676,595,2.4164230823516846,35.75471878051758,54.33987045288086,2.8826940059661865,1776941500.4241238,0.3681267201900482,,,,,,,,,,,,,,,,,,,,,,,,,,,,,,,,,,,,,,,,,,,,,,,,,,,,,,,,,,,,,,,,,,,,,,,,,,,,,,,,,
19.738487243652344,89549,1.3235875368118286,619,40.3087272644043,2.0209925174713135,0.6187951564788818,13317.994307514,1.551088809967041,2.235319137573242,0.631345808506012,3.01582932472229,596,2.436791181564331,35.67293930053711,54.34323501586914,2.883659601211548,1776941516.3468895,0.3686542510986328,,,,,,,,,,,,,,,,,,,,,,,,,,,,,,,,,,,,,,,,,,,,,,,,,,,,,,,,,,,,,,,,,,,,,,,,,,,,,,,,,
19.542593002319336,89699,1.3381054401397705,620,39.756439208984375,2.004802703857422,0.6206794381141663,13334.00688696,1.5485299825668335,2.2075750827789307,0.6290342807769775,3.0471770763397217,597,2.4331047534942627,34.832862854003906,54.3512077331543,2.8830504417419434,1776941532.3596342,0.3709656596183777,,,,,,,,,,,,,,,,,,,,,,,,,,,,,,,,,,,,,,,,,,,,,,,,,,,,,,,,,,,,,,,,,,,,,,,,,,,,,,,,,
19.693862915039062,89849,1.340966820716858,621,40.37207794189453,2.0417754650115967,0.6155037879943848,13349.850959915,1.5569944381713867,2.2590649127960205,0.630192756652832,3.051740884780884,598,2.470287322998047,35.419219970703125,54.36037063598633,2.915107011795044,1776941548.203146,0.36980730295181274,,,,,,,,,,,,,,,,,,,,,,,,,,,,,,,,,,,,,,,,,,,,,,,,,,,,,,,,,,,,,,,,,,,,,,,,,,,,,,,,,
,89999,,622,,,,13523.505702188,,,,,599,,,,,1776941721.8546762,,0.15345419943332672,0.7664069533348083,0.9972044229507446,15.064566612243652,698282496.0,123.38622283935547,132.29908752441406,0.8336501121520996,5.580494403839111,0.5071437358856201,0.5967628955841064,0.5714427828788757,0.8893154263496399,0.816639244556427,0.03673682361841202,910.0838623046875,0.7478231191635132,0.015103944577276707,0.6403734087944031,0.18943916261196136,0.3341286778450012,0.003662500297650695,0.9952625632286072,0.5746106505393982,0.14357499778270721,969.5112915039062,1742.910400390625,5.0,0.6557058095932007,0.2703189253807068,0.015818750485777855,0.8382701873779297,15.064566612243652,0.15225912630558014,952.9442138671875,0.896068274974823,5.580494403839111,0.734909176826477,0.17656874656677246,4.245031356811523,5.194412608378052e-15,0.9931899309158325,0.7037192583084106,0.9753312468528748,0.4997500777244568,0.0052999998442828655,0.3317374885082245,0.7381929755210876,0.7607291340827942,0.8771268725395203,1.1108193358200236e-15,0.8985875844955444,346.85296630859375,0.6584937572479248,1854.616943359375,0.7815880179405212,0.3791687488555908,1854.616943359375,0.15267018973827362,893.5277709960938,0.9379245638847351,0.0102062514051795,0.6477212905883789,1742.910400390625,4.200316429138184,0.8985875844955444,0.024270327761769295,0.010106249712407589,0.9371037483215332,0.6296340227127075,42.174686431884766,0.01192658394575119,0.08977454155683517,12.392017364501953,9.763391494750977,0.7042811512947083,0.3250562846660614,13.561957359313965,40.842403411865234,320.891845703125,0.02866874821484089
19.54475975036621,89999,1.3403388261795044,623,40.22916030883789,2.0314104557037354,0.6145710349082947,13525.039807487,1.555363655090332,2.248004198074341,0.631548285484314,3.0491292476654053,599,2.4471678733825684,35.551910400390625,54.373958587646484,2.8928561210632324,1776941723.3916597,0.36845171451568604,,,,,,,,,,,,,,,,,,,,,,,,,,,,,,,,,,,,,,,,,,,,,,,,,,,,,,,,,,,,,,,,,,,,,,,,,,,,,,,,,
19.73575782775879,90149,1.3353310823440552,624,40.59049987792969,2.034154176712036,0.6183567047119141,13539.964555159,1.552006721496582,2.2483701705932617,0.6314371228218079,3.0392253398895264,600,2.4623055458068848,36.14378356933594,54.378150939941406,2.900726795196533,1776941738.317272,0.36856281757354736,,,,,,,,,,,,,,,,,,,,,,,,,,,,,,,,,,,,,,,,,,,,,,,,,,,,,,,,,,,,,,,,,,,,,,,,,,,,,,,,,
19.88277816772461,90299,1.3409333229064941,625,40.165470123291016,2.041813373565674,0.6155338287353516,13555.722561641,1.5564311742782593,2.252110242843628,0.6297487616539001,3.0521175861358643,601,2.4380178451538086,35.344757080078125,54.38483810424805,2.8965811729431152,1776941754.075422,0.37025120854377747,,,,,,,,,,,,,,,,,,,,,,,,,,,,,,,,,,,,,,,,,,,,,,,,,,,,,,,,,,,,,,,,,,,,,,,,,,,,,,,,,
19.993942260742188,90449,1.3419342041015625,626,40.57139205932617,2.046898365020752,0.6145941615104675,13571.716497451,1.5556247234344482,2.2643332481384277,0.6315434575080872,3.0523247718811035,602,2.4592931270599365,35.82292175292969,54.39462661743164,2.9051454067230225,1776941770.069333,0.36845657229423523,,,,,,,,,,,,,,,,,,,,,,,,,,,,,,,,,,,,,,,,,,,,,,,,,,,,,,,,,,,,,,,,,,,,,,,,,,,,,,,,,
19.64512825012207,90599,1.3291692733764648,627,40.27633285522461,2.0249767303466797,0.6137176156044006,13587.713523042,1.555267572402954,2.2488129138946533,0.6315526366233826,3.0267860889434814,603,2.4463720321655273,35.68159484863281,54.40497970581055,2.890453338623047,1776941786.0662332,0.3684474229812622,,,,,,,,,,,,,,,,,,,,,,,,,,,,,,,,,,,,,,,,,,,,,,,,,,,,,,,,,,,,,,,,,,,,,,,,,,,,,,,,,
19.731115341186523,90749,1.3403849601745605,628,40.410213470458984,2.0360546112060547,0.6165900230407715,13603.675898358,1.5570358037948608,2.2543866634368896,0.6299067139625549,3.050863027572632,604,2.433443069458008,35.54707336425781,54.4083137512207,2.8965511322021484,1776941802.028517,0.3700931668281555,,,,,,,,,,,,,,,,,,,,,,,,,,,,,,,,,,,,,,,,,,,,,,,,,,,,,,,,,,,,,,,,,,,,,,,,,,,,,,,,,
19.598072052001953,90899,1.3353137969970703,629,40.48386764526367,2.018312454223633,0.6180295348167419,13619.482383175,1.5453946590423584,2.2332308292388916,0.6305224895477295,3.040104866027832,605,2.4410393238067627,35.81420135498047,54.41217041015625,2.889641284942627,1776941817.8350658,0.3694775402545929,,,,,,,,,,,,,,,,,,,,,,,,,,,,,,,,,,,,,,,,,,,,,,,,,,,,,,,,,,,,,,,,,,,,,,,,,,,,,,,,,
19.857128143310547,91049,1.3430390357971191,630,40.66716003417969,2.0425381660461426,0.6177075505256653,13635.567182271,1.5523364543914795,2.258899450302124,0.6322746872901917,3.0538034439086914,606,2.4427690505981445,36.054481506347656,54.41816711425781,2.899550676345825,1776941833.9195893,0.36772531270980835,,,,,,,,,,,,,,,,,,,,,,,,,,,,,,,,,,,,,,,,,,,,,,,,,,,,,,,,,,,,,,,,,,,,,,,,,,,,,,,,,
19.805177688598633,91199,1.3362939357757568,631,40.336238861083984,2.024212121963501,0.6179609894752502,13651.455020958,1.5502046346664429,2.228090763092041,0.632323145866394,3.040264368057251,607,2.4539802074432373,36.306068420410156,54.427791595458984,2.888667583465576,1776941849.8076193,0.36767691373825073,,,,,,,,,,,,,,,,,,,,,,,,,,,,,,,,,,,,,,,,,,,,,,,,,,,,,,,,,,,,,,,,,,,,,,,,,,,,,,,,,
19.63489532470703,91349,1.3325263261795044,632,40.21181106567383,2.0232231616973877,0.6181262135505676,13667.465593467,1.5492784976959229,2.2350265979766846,0.6307449340820312,3.0343072414398193,608,2.436819076538086,35.2192497253418,54.432254791259766,2.891554355621338,1776941865.8181257,0.36925503611564636,,,,,,,,,,,,,,,,,,,,,,,,,,,,,,,,,,,,,,,,,,,,,,,,,,,,,,,,,,,,,,,,,,,,,,,,,,,,,,,,,
19.72180938720703,91499,1.333902359008789,633,40.147300720214844,2.027909994125366,0.6206932663917542,13683.258475497,1.5513818264007568,2.231651544570923,0.6321560144424438,3.0356483459472656,609,2.429507255554199,35.2927360534668,54.44034957885742,2.880507469177246,1776941881.6110635,0.3678440451622009,,,,,,,,,,,,,,,,,,,,,,,,,,,,,,,,,,,,,,,,,,,,,,,,,,,,,,,,,,,,,,,,,,,,,,,,,,,,,,,,,
19.939939498901367,91649,1.3398171663284302,634,40.43783950805664,2.042391061782837,0.6174926161766052,13699.084194668,1.553002119064331,2.2487106323242188,0.6304481625556946,3.0491862297058105,610,2.4168508052825928,35.67716598510742,54.45091247558594,2.8887972831726074,1776941897.4370232,0.3695518374443054,,,,,,,,,,,,,,,,,,,,,,,,,,,,,,,,,,,,,,,,,,,,,,,,,,,,,,,,,,,,,,,,,,,,,,,,,,,,,,,,,
19.67783546447754,91799,1.34569251537323,635,40.49129867553711,2.0351622104644775,0.6192882657051086,13715.116069317,1.5523489713668823,2.2424540519714355,0.6318544745445251,3.05953049659729,611,2.464268922805786,36.316917419433594,54.45962142944336,2.9072165489196777,1776941913.4686737,0.3681454658508301,,,,,,,,,,,,,,,,,,,,,,,,,,,,,,,,,,,,,,,,,,,,,,,,,,,,,,,,,,,,,,,,,,,,,,,,,,,,,,,,,
19.771055221557617,91949,1.3422845602035522,636,40.477821350097656,2.0420985221862793,0.6154201626777649,13730.96889756,1.5533193349838257,2.2536802291870117,0.6324186325073242,3.052150011062622,612,2.452333450317383,36.03021240234375,54.46783447265625,2.8892574310302734,1776941929.321672,0.3675813376903534,,,,,,,,,,,,,,,,,,,,,,,,,,,,,,,,,,,,,,,,,,,,,,,,,,,,,,,,,,,,,,,,,,,,,,,,,,,,,,,,,
19.693037033081055,92099,1.339569330215454,637,40.51003646850586,2.0346460342407227,0.6202520132064819,13746.877331274,1.5502599477767944,2.245696544647217,0.6308014988899231,3.048337459564209,613,2.4502460956573486,35.882389068603516,54.47395706176758,2.8994548320770264,1776941945.2300584,0.3691985607147217,,,,,,,,,,,,,,,,,,,,,,,,,,,,,,,,,,,,,,,,,,,,,,,,,,,,,,,,,,,,,,,,,,,,,,,,,,,,,,,,,
19.692110061645508,92249,1.334674596786499,638,40.313087463378906,2.028947114944458,0.6166146397590637,13762.780373901,1.5516455173492432,2.243027925491333,0.632408857345581,3.036940336227417,614,2.4442930221557617,35.61551284790039,54.479087829589844,2.891021251678467,1776941961.1331944,0.36759111285209656,,,,,,,,,,,,,,,,,,,,,,,,,,,,,,,,,,,,,,,,,,,,,,,,,,,,,,,,,,,,,,,,,,,,,,,,,,,,,,,,,
19.7084903717041,92399,1.33436918258667,639,40.03688430786133,2.0261218547821045,0.6156973838806152,13778.76938282,1.5510717630386353,2.2326436042785645,0.6317754983901978,3.0369625091552734,615,2.44770884513855,35.21170425415039,54.48649978637695,2.882530927658081,1776941977.1220565,0.3682246208190918,,,,,,,,,,,,,,,,,,,,,,,,,,,,,,,,,,,,,,,,,,,,,,,,,,,,,,,,,,,,,,,,,,,,,,,,,,,,,,,,,
19.644315719604492,92549,1.3360861539840698,640,40.317440032958984,2.0132715702056885,0.6184985041618347,13794.635410906,1.5505001544952393,2.235858678817749,0.631316065788269,3.04085636138916,616,2.4798853397369385,35.98926544189453,54.49227523803711,2.8971614837646484,1776941992.98799,0.36868390440940857,,,,,,,,,,,,,,,,,,,,,,,,,,,,,,,,,,,,,,,,,,,,,,,,,,,,,,,,,,,,,,,,,,,,,,,,,,,,,,,,,
19.615211486816406,92699,1.3346741199493408,641,40.16482162475586,2.013479709625244,0.6166694164276123,13810.700085649,1.5554187297821045,2.237612247467041,0.6304396390914917,3.0389084815979004,617,2.4319961071014404,35.571556091308594,54.500328063964844,2.8877217769622803,1776942009.0528088,0.3695603311061859,,,,,,,,,,,,,,,,,,,,,,,,,,,,,,,,,,,,,,,,,,,,,,,,,,,,,,,,,,,,,,,,,,,,,,,,,,,,,,,,,
19.71939468383789,92849,1.3396060466766357,642,40.32695388793945,2.022629737854004,0.6191087365150452,13826.46744585,1.553202509880066,2.244302988052368,0.6316762566566467,3.0475354194641113,618,2.4354569911956787,35.496822357177734,54.510337829589844,2.8890793323516846,1776942024.8200407,0.36832374334335327,,,,,,,,,,,,,,,,,,,,,,,,,,,,,,,,,,,,,,,,,,,,,,,,,,,,,,,,,,,,,,,,,,,,,,,,,,,,,,,,,
19.781448364257812,92999,1.3460184335708618,643,40.206722259521484,2.0346646308898926,0.6177634000778198,13842.483081168,1.5573742389678955,2.2520759105682373,0.6292739510536194,3.06276273727417,619,2.442965507507324,35.18182373046875,54.515682220458984,2.9016497135162354,1776942040.835617,0.370726078748703,,,,,,,,,,,,,,,,,,,,,,,,,,,,,,,,,,,,,,,,,,,,,,,,,,,,,,,,,,,,,,,,,,,,,,,,,,,,,,,,,
19.936006546020508,93149,1.3453693389892578,644,40.37993621826172,2.051832914352417,0.6150590181350708,13858.417089926,1.5555579662322998,2.262179136276245,0.6308342814445496,3.0599045753479004,620,2.409074544906616,35.46889114379883,54.52259826660156,2.9041590690612793,1776942056.7699194,0.3691657781600952,,,,,,,,,,,,,,,,,,,,,,,,,,,,,,,,,,,,,,,,,,,,,,,,,,,,,,,,,,,,,,,,,,,,,,,,,,,,,,,,,
19.969511032104492,93299,1.3320269584655762,645,40.22960662841797,2.0336756706237793,0.6201378703117371,13874.430544579,1.5515148639678955,2.2346973419189453,0.6319926977157593,3.0320615768432617,621,2.4617698192596436,35.51607894897461,54.533912658691406,2.9009816646575928,1776942072.783189,0.3680073320865631,,,,,,,,,,,,,,,,,,,,,,,,,,,,,,,,,,,,,,,,,,,,,,,,,,,,,,,,,,,,,,,,,,,,,,,,,,,,,,,,,
19.79914093017578,93449,1.3338830471038818,646,40.049949645996094,2.02866792678833,0.6180909276008606,13890.313531371,1.5543912649154663,2.235299825668335,0.6316701769828796,3.0360960960388184,622,2.412865161895752,35.22404479980469,54.53816604614258,2.873795509338379,1776942088.6657765,0.3683299124240875,,,,,,,,,,,,,,,,,,,,,,,,,,,,,,,,,,,,,,,,,,,,,,,,,,,,,,,,,,,,,,,,,,,,,,,,,,,,,,,,,
20.001319885253906,93599,1.334690809249878,647,40.18939971923828,2.027390480041504,0.6182395219802856,13906.46746759,1.553795576095581,2.2395246028900146,0.6297350525856018,3.0396463871002197,623,2.4347522258758545,35.35977554321289,54.545589447021484,2.8880221843719482,1776942104.820168,0.3702649772167206,,,,,,,,,,,,,,,,,,,,,,,,,,,,,,,,,,,,,,,,,,,,,,,,,,,,,,,,,,,,,,,,,,,,,,,,,,,,,,,,,
,93749,,648,,,,14079.713852512,,,,,624,,,,,1776942278.0627506,,0.1553955227136612,0.7775712013244629,0.9971853494644165,16.193580627441406,398306592.0,117.73075866699219,126.38371276855469,0.8518115878105164,5.573108196258545,0.49466875195503235,0.5878109931945801,0.571806013584137,0.8930946588516235,0.8237346410751343,0.03681853413581848,868.4210205078125,0.7514136433601379,0.015080170705914497,0.6391948461532593,0.19170524179935455,0.3395918607711792,0.003831250127404928,0.99524986743927,0.5869954228401184,0.14048124849796295,925.6869506835938,1668.6658935546875,5.0,0.668769121170044,0.27289989590644836,0.015806250274181366,0.8422703742980957,16.193580627441406,0.14838336408138275,909.5888671875,0.8955087661743164,5.573108196258545,0.7385193109512329,0.17533749341964722,4.07322359085083,-2.2957981002380556e-15,0.9964070320129395,0.7099418640136719,0.9752563238143921,0.4994874596595764,0.004968749824911356,0.33095625042915344,0.7413877844810486,0.7674448490142822,0.8733044862747192,-3.880088524782499e-15,0.8995250463485718,330.9413757324219,0.6588874459266663,1771.762451171875,0.7723302245140076,0.3797687888145447,1771.762451171875,0.15264266729354858,854.1343994140625,0.9375535249710083,0.010381250642240047,0.6510080099105835,1668.6658935546875,4.065739631652832,0.8995250463485718,0.024269701912999153,0.010324999690055847,0.943089485168457,0.6230149269104004,40.067901611328125,0.01193879172205925,0.09136172384023666,12.40377140045166,8.728025436401367,0.7072857022285461,0.31546249985694885,13.45267391204834,38.7547492980957,305.1762390136719,0.02838749997317791
19.654327392578125,93749,1.334659457206726,649,40.107383728027344,2.013343095779419,0.6198645830154419,14081.208851994,1.5534671545028687,2.2259907722473145,0.6323857307434082,3.0369327068328857,624,2.4613468647003174,35.72872543334961,54.557525634765625,2.8922526836395264,1776942279.5607424,0.3676143288612366,,,,,,,,,,,,,,,,,,,,,,,,,,,,,,,,,,,,,,,,,,,,,,,,,,,,,,,,,,,,,,,,,,,,,,,,,,,,,,,,,
19.623939514160156,93899,1.3319780826568604,650,40.00117874145508,2.0211870670318604,0.6193092465400696,14095.989958187,1.5506080389022827,2.232064723968506,0.6312528252601624,3.032703399658203,625,2.4364688396453857,34.8278694152832,54.56837463378906,2.8874735832214355,1776942294.342807,0.36874720454216003,,,,,,,,,,,,,,,,,,,,,,,,,,,,,,,,,,,,,,,,,,,,,,,,,,,,,,,,,,,,,,,,,,,,,,,,,,,,,,,,,
19.878385543823242,94049,1.3418188095092773,651,40.32292175292969,2.029604196548462,0.6195317506790161,14112.119494058,1.5534517765045166,2.2428736686706543,0.6321988701820374,3.051438808441162,626,2.440241813659668,35.60884475708008,54.5773811340332,2.895948886871338,1776942310.4721363,0.36780110001564026,,,,,,,,,,,,,,,,,,,,,,,,,,,,,,,,,,,,,,,,,,,,,,,,,,,,,,,,,,,,,,,,,,,,,,,,,,,,,,,,,
19.377286911010742,94199,1.3291070461273193,652,40.32427215576172,2.008491277694702,0.6219155192375183,14127.950647502,1.5483250617980957,2.2200684547424316,0.6329221725463867,3.025291919708252,627,2.431861400604248,36.11014938354492,54.58409881591797,2.8828115463256836,1776942326.3028588,0.3670779764652252,,,,,,,,,,,,,,,,,,,,,,,,,,,,,,,,,,,,,,,,,,,,,,,,,,,,,,,,,,,,,,,,,,,,,,,,,,,,,,,,,
20.11260223388672,94349,1.4093810319900513,653,38.66983413696289,2.079082727432251,0.590505063533783,14144.009958163,1.5875048637390137,2.306800603866577,0.6182368397712708,3.2005252838134766,628,2.3886895179748535,31.339258193969727,54.62724304199219,2.925678014755249,1776942342.362387,0.381763219833374,,,,,,,,,,,,,,,,,,,,,,,,,,,,,,,,,,,,,,,,,,,,,,,,,,,,,,,,,,,,,,,,,,,,,,,,,,,,,,,,,
19.936155319213867,94499,1.3566102981567383,654,40.10226821899414,2.062589645385742,0.6104833483695984,14159.760193428,1.5675004720687866,2.2862956523895264,0.6296310424804688,3.0835890769958496,629,2.441226005554199,34.452396392822266,54.636871337890625,2.9265003204345703,1776942358.112443,0.3703690469264984,,,,,,,,,,,,,,,,,,,,,,,,,,,,,,,,,,,,,,,,,,,,,,,,,,,,,,,,,,,,,,,,,,,,,,,,,,,,,,,,,
19.787710189819336,94649,1.3483126163482666,655,40.14978790283203,2.0320940017700195,0.6149991750717163,14175.601634073,1.5565612316131592,2.253858804702759,0.631022572517395,3.0656025409698486,630,2.4312784671783447,35.241119384765625,54.64352035522461,2.9019641876220703,1776942373.9542751,0.368977427482605,,,,,,,,,,,,,,,,,,,,,,,,,,,,,,,,,,,,,,,,,,,,,,,,,,,,,,,,,,,,,,,,,,,,,,,,,,,,,,,,,
19.708566665649414,94799,1.3587645292282104,656,40.256988525390625,2.0498297214508057,0.6142587661743164,14191.574046789,1.557732105255127,2.2677180767059326,0.6334781646728516,3.084050416946411,631,2.4568891525268555,35.21821212768555,54.6513786315918,2.9196667671203613,1776942389.9267404,0.3665218651294708,,,,,,,,,,,,,,,,,,,,,,,,,,,,,,,,,,,,,,,,,,,,,,,,,,,,,,,,,,,,,,,,,,,,,,,,,,,,,,,,,
19.95826530456543,94949,1.3377494812011719,657,40.658939361572266,2.0506105422973633,0.6141086220741272,14207.36677058,1.5558786392211914,2.266608476638794,0.6312295794487,3.0442698001861572,632,2.4711573123931885,36.3602180480957,54.65371322631836,2.9149045944213867,1776942405.718734,0.36877042055130005,,,,,,,,,,,,,,,,,,,,,,,,,,,,,,,,,,,,,,,,,,,,,,,,,,,,,,,,,,,,,,,,,,,,,,,,,,,,,,,,,
19.98560333251953,95099,1.3480890989303589,658,40.45417785644531,2.0498058795928955,0.6143704056739807,14223.464854439,1.559026837348938,2.2645931243896484,0.6319420337677002,3.0642364025115967,633,2.4447290897369385,36.086212158203125,54.657772064208984,2.9065322875976562,1776942421.8176942,0.3680579364299774,,,,,,,,,,,,,,,,,,,,,,,,,,,,,,,,,,,,,,,,,,,,,,,,,,,,,,,,,,,,,,,,,,,,,,,,,,,,,,,,,
19.873241424560547,95249,1.348840594291687,659,40.575279235839844,2.0505471229553223,0.6154268383979797,14239.340949496,1.5581806898117065,2.2704989910125732,0.6309375762939453,3.0667433738708496,634,2.441101551055908,35.94751739501953,54.662227630615234,2.9060137271881104,1776942437.693814,0.3690624237060547,,,,,,,,,,,,,,,,,,,,,,,,,,,,,,,,,,,,,,,,,,,,,,,,,,,,,,,,,,,,,,,,,,,,,,,,,,,,,,,,,
19.920494079589844,95399,1.3421077728271484,660,40.58301544189453,2.046502113342285,0.6151059865951538,14255.425938271,1.557803988456726,2.2618606090545654,0.6305820941925049,3.053633451461792,635,2.4738428592681885,36.6570930480957,54.667701721191406,2.91245174407959,1776942453.7788043,0.3694179356098175,,,,,,,,,,,,,,,,,,,,,,,,,,,,,,,,,,,,,,,,,,,,,,,,,,,,,,,,,,,,,,,,,,,,,,,,,,,,,,,,,
19.874656677246094,95549,1.3470889329910278,661,40.37044906616211,2.040703535079956,0.6175209283828735,14271.358980968,1.5540810823440552,2.250643253326416,0.6305837035179138,3.063594102859497,636,2.416879177093506,35.55625534057617,54.673797607421875,2.900925874710083,1776942469.7116334,0.3694162964820862,,,,,,,,,,,,,,,,,,,,,,,,,,,,,,,,,,,,,,,,,,,,,,,,,,,,,,,,,,,,,,,,,,,,,,,,,,,,,,,,,
19.803512573242188,95699,1.3405293226242065,662,40.40416717529297,2.036857843399048,0.6149142980575562,14287.347076485,1.5553326606750488,2.2550058364868164,0.6316012144088745,3.049457311630249,637,2.433178186416626,35.88615798950195,54.68109893798828,2.904003143310547,1776942485.6999397,0.36839887499809265,,,,,,,,,,,,,,,,,,,,,,,,,,,,,,,,,,,,,,,,,,,,,,,,,,,,,,,,,,,,,,,,,,,,,,,,,,,,,,,,,
20.032968521118164,95849,1.3435758352279663,663,40.60039520263672,2.060649871826172,0.6150621175765991,14303.175546342,1.5590726137161255,2.275299549102783,0.6310440897941589,3.056107997894287,638,2.4522316455841064,35.73652648925781,54.685546875,2.9087977409362793,1776942501.5282657,0.36895596981048584,,,,,,,,,,,,,,,,,,,,,,,,,,,,,,,,,,,,,,,,,,,,,,,,,,,,,,,,,,,,,,,,,,,,,,,,,,,,,,,,,
19.85383415222168,95999,1.3534168004989624,664,40.22099685668945,2.049776315689087,0.612088680267334,14319.124742748,1.5608409643173218,2.274543523788452,0.6293538212776184,3.077479839324951,639,2.4171788692474365,34.908348083496094,54.69404220581055,2.898101806640625,1776942517.4770987,0.3706461489200592,,,,,,,,,,,,,,,,,,,,,,,,,,,,,,,,,,,,,,,,,,,,,,,,,,,,,,,,,,,,,,,,,,,,,,,,,,,,,,,,,
19.957075119018555,96149,1.3575048446655273,665,40.26881408691406,2.058520555496216,0.6138033866882324,14334.962683709,1.5605566501617432,2.2755351066589355,0.6322398781776428,3.0827701091766357,640,2.429128646850586,34.813594818115234,54.70360565185547,2.906287670135498,1776942533.3154721,0.3677601218223572,,,,,,,,,,,,,,,,,,,,,,,,,,,,,,,,,,,,,,,,,,,,,,,,,,,,,,,,,,,,,,,,,,,,,,,,,,,,,,,,,
19.952171325683594,96299,1.3485045433044434,666,40.356990814208984,2.0540523529052734,0.6153265237808228,14350.951251088,1.5582802295684814,2.2627663612365723,0.6308700442314148,3.066138982772827,641,2.4616289138793945,35.55434036254883,54.70737075805664,2.91780686378479,1776942549.3041327,0.36913004517555237,,,,,,,,,,,,,,,,,,,,,,,,,,,,,,,,,,,,,,,,,,,,,,,,,,,,,,,,,,,,,,,,,,,,,,,,,,,,,,,,,
19.895673751831055,96449,1.3314604759216309,667,40.11781311035156,2.0289812088012695,0.6159049272537231,14366.878687151,1.554611325263977,2.2394673824310303,0.6332432627677917,3.029677629470825,642,2.448577880859375,35.31958770751953,54.714019775390625,2.8939242362976074,1776942565.2314963,0.36675670742988586,,,,,,,,,,,,,,,,,,,,,,,,,,,,,,,,,,,,,,,,,,,,,,,,,,,,,,,,,,,,,,,,,,,,,,,,,,,,,,,,,
19.797964096069336,96599,1.3406113386154175,668,40.28180694580078,2.040447235107422,0.6196761131286621,14382.94899997,1.5536831617355347,2.2476727962493896,0.6339960694313049,3.047227144241333,643,2.4151437282562256,35.37232208251953,54.721797943115234,2.895658493041992,1776942581.3017075,0.3660038709640503,,,,,,,,,,,,,,,,,,,,,,,,,,,,,,,,,,,,,,,,,,,,,,,,,,,,,,,,,,,,,,,,,,,,,,,,,,,,,,,,,
20.120189666748047,96749,1.3491076231002808,669,40.366432189941406,2.0605831146240234,0.6155135631561279,14398.826022635,1.5607457160949707,2.269430637359619,0.6340499520301819,3.0641651153564453,644,2.463007688522339,35.616676330566406,54.725860595703125,2.9163870811462402,1776942597.1784854,0.3659500181674957,,,,,,,,,,,,,,,,,,,,,,,,,,,,,,,,,,,,,,,,,,,,,,,,,,,,,,,,,,,,,,,,,,,,,,,,,,,,,,,,,
19.821557998657227,96899,1.347995400428772,670,40.28950500488281,2.045219659805298,0.6143049001693726,14414.523454217,1.558303713798523,2.2567315101623535,0.6306520104408264,3.0653390884399414,645,2.4615814685821533,35.66914367675781,54.729984283447266,2.911071538925171,1776942612.8757882,0.36934804916381836,,,,,,,,,,,,,,,,,,,,,,,,,,,,,,,,,,,,,,,,,,,,,,,,,,,,,,,,,,,,,,,,,,,,,,,,,,,,,,,,,
19.84016990661621,97049,1.3512310981750488,671,40.68193817138672,2.0558269023895264,0.6162566542625427,14430.588522687,1.5565317869186401,2.27842116355896,0.6322090029716492,3.070253372192383,646,2.4320783615112305,35.723358154296875,54.735870361328125,2.9154486656188965,1776942628.9412508,0.36779096722602844,,,,,,,,,,,,,,,,,,,,,,,,,,,,,,,,,,,,,,,,,,,,,,,,,,,,,,,,,,,,,,,,,,,,,,,,,,,,,,,,,
19.691286087036133,97199,1.3306313753128052,672,39.967201232910156,2.0287134647369385,0.616533637046814,14446.434704844,1.5584290027618408,2.238856554031372,0.632838785648346,3.0284245014190674,647,2.4277923107147217,35.14069366455078,54.74589157104492,2.897520065307617,1776942644.7876227,0.3671613037586212,,,,,,,,,,,,,,,,,,,,,,,,,,,,,,,,,,,,,,,,,,,,,,,,,,,,,,,,,,,,,,,,,,,,,,,,,,,,,,,,,
20.007158279418945,97349,1.3549113273620605,673,40.547794342041016,2.054976224899292,0.6162412762641907,14462.405062262,1.554112195968628,2.2670087814331055,0.630511999130249,3.079310655593872,648,2.4433226585388184,35.88860321044922,54.75529098510742,2.9119668006896973,1776942660.7578511,0.36948803067207336,,,,,,,,,,,,,,,,,,,,,,,,,,,,,,,,,,,,,,,,,,,,,,,,,,,,,,,,,,,,,,,,,,,,,,,,,,,,,,,,,
,97499,,674,,,,14636.179427623,,,,,649,,,,,1776942834.5283165,,0.14297664165496826,0.7559884786605835,0.997169017791748,14.946623802185059,9520620544.0,123.86139678955078,132.92298889160156,0.8455952405929565,5.564579486846924,0.5040063261985779,0.5949805974960327,0.5800913572311401,0.8941563367843628,0.8300775289535522,0.03619157895445824,911.6494750976562,0.753445029258728,0.01500739250332117,0.6434794664382935,0.18909884989261627,0.3344254195690155,0.003512500086799264,0.9951938390731812,0.5820297002792358,0.13782499730587006,974.0584716796875,1751.552001953125,5.0,0.6890057921409607,0.2684380114078522,0.015312500298023224,0.8342577219009399,14.946623802185059,0.15259622037410736,956.6123046875,0.897602915763855,5.564579486846924,0.7408204078674316,0.17790625989437103,4.284821510314941,-1.0272165062996663e-14,0.9933112263679504,0.7174602746963501,0.9755749702453613,0.5028562545776367,0.005012500565499067,0.33431246876716614,0.7489429116249084,0.7834476232528687,0.8664787411689758,2.2555091475084943e-14,0.9001312255859375,348.29803466796875,0.6617812514305115,1861.1248779296875,0.7585660219192505,0.38266250491142273,1861.1248779296875,0.15235982835292816,896.0145263671875,0.9385129809379578,0.009712501429021358,0.6667882800102234,1751.552001953125,4.224797248840332,0.9001312255859375,0.024126552045345306,0.010112500749528408,0.9439038038253784,0.6236606240272522,42.22780990600586,0.011843039654195309,0.08893457800149918,12.363922119140625,9.954019546508789,0.7166777849197388,0.32100626826286316,13.457930564880371,40.83504867553711,321.1912841796875,0.027374999597668648
20.17780113220215,97499,1.3526859283447266,675,40.76276397705078,2.0618181228637695,0.6184249520301819,14637.633260204,1.5572136640548706,2.2695794105529785,0.6328256726264954,3.0725462436676025,649,2.4543538093566895,36.34672546386719,54.76124572753906,2.915757179260254,1776942835.9842196,0.3671743869781494,,,,,,,,,,,,,,,,,,,,,,,,,,,,,,,,,,,,,,,,,,,,,,,,,,,,,,,,,,,,,,,,,,,,,,,,,,,,,,,,,
20.104997634887695,97649,1.3471417427062988,676,40.90135192871094,2.067600965499878,0.6165436506271362,14652.837385894,1.5583350658416748,2.290213108062744,0.6329708099365234,3.0613129138946533,650,2.469245433807373,35.979244232177734,54.767208099365234,2.920154333114624,1776942851.1900198,0.3670291602611542,,,,,,,,,,,,,,,,,,,,,,,,,,,,,,,,,,,,,,,,,,,,,,,,,,,,,,,,,,,,,,,,,,,,,,,,,,,,,,,,,
20.01982307434082,97799,1.348596215248108,677,40.62623977661133,2.0570571422576904,0.6170947551727295,14668.637201537,1.5587798357009888,2.280418634414673,0.6299060583114624,3.067286491394043,651,2.4222891330718994,35.72301483154297,54.774932861328125,2.913660764694214,1776942866.9895158,0.3700938820838928,,,,,,,,,,,,,,,,,,,,,,,,,,,,,,,,,,,,,,,,,,,,,,,,,,,,,,,,,,,,,,,,,,,,,,,,,,,,,,,,,
19.983448028564453,97949,1.3499783277511597,678,40.78800964355469,2.059689521789551,0.615082859992981,14684.493637181,1.559353232383728,2.2837066650390625,0.6311749815940857,3.068781852722168,652,2.441584348678589,36.34197998046875,54.78242111206055,2.9174139499664307,1776942882.846315,0.36882510781288147,,,,,,,,,,,,,,,,,,,,,,,,,,,,,,,,,,,,,,,,,,,,,,,,,,,,,,,,,,,,,,,,,,,,,,,,,,,,,,,,,
20.00799560546875,98099,1.3480885028839111,679,40.93239212036133,2.069775104522705,0.6145489811897278,14700.488075771,1.5621191263198853,2.297644853591919,0.6334812641143799,3.0626959800720215,653,2.45761775970459,36.19560241699219,54.78798294067383,2.9213457107543945,1776942898.840984,0.36651888489723206,,,,,,,,,,,,,,,,,,,,,,,,,,,,,,,,,,,,,,,,,,,,,,,,,,,,,,,,,,,,,,,,,,,,,,,,,,,,,,,,,
20.044384002685547,98249,1.3483682870864868,680,40.545162200927734,2.054588556289673,0.6132726669311523,14716.282709152,1.5601282119750977,2.2750186920166016,0.6326777338981628,3.064059019088745,654,2.4541807174682617,35.97273254394531,54.79470443725586,2.9087271690368652,1776942914.6347506,0.36732226610183716,,,,,,,,,,,,,,,,,,,,,,,,,,,,,,,,,,,,,,,,,,,,,,,,,,,,,,,,,,,,,,,,,,,,,,,,,,,,,,,,,
19.812166213989258,98399,1.3484293222427368,681,40.363983154296875,2.0426793098449707,0.6183792352676392,14732.356617461,1.554559350013733,2.2498602867126465,0.6316529512405396,3.0652060508728027,655,2.437340259552002,35.715965270996094,54.80095291137695,2.903682231903076,1776942930.7093744,0.36834701895713806,,,,,,,,,,,,,,,,,,,,,,,,,,,,,,,,,,,,,,,,,,,,,,,,,,,,,,,,,,,,,,,,,,,,,,,,,,,,,,,,,
19.921146392822266,98549,1.3485291004180908,682,40.295833587646484,2.050978660583496,0.6140249967575073,14748.227311664,1.5588502883911133,2.2654364109039307,0.6315510272979736,3.0655078887939453,656,2.4520063400268555,35.322811126708984,54.805267333984375,2.904448986053467,1776942946.5798886,0.36844906210899353,,,,,,,,,,,,,,,,,,,,,,,,,,,,,,,,,,,,,,,,,,,,,,,,,,,,,,,,,,,,,,,,,,,,,,,,,,,,,,,,,
19.870834350585938,98699,1.3460358381271362,683,40.56840896606445,2.050252676010132,0.619499146938324,14764.191865309,1.5570340156555176,2.259108543395996,0.6339277625083923,3.0581438541412354,657,2.4764468669891357,36.001216888427734,54.81205749511719,2.9174108505249023,1776942962.5446498,0.36607226729393005,,,,,,,,,,,,,,,,,,,,,,,,,,,,,,,,,,,,,,,,,,,,,,,,,,,,,,,,,,,,,,,,,,,,,,,,,,,,,,,,,
20.103763580322266,98849,1.3657938241958618,684,40.568668365478516,2.0794875621795654,0.6113482713699341,14780.281487766,1.5639604330062866,2.3003334999084473,0.6312181353569031,3.1003687381744385,658,2.447427988052368,35.20033264160156,54.82051467895508,2.926934003829956,1776942978.6342754,0.3687818646430969,,,,,,,,,,,,,,,,,,,,,,,,,,,,,,,,,,,,,,,,,,,,,,,,,,,,,,,,,,,,,,,,,,,,,,,,,,,,,,,,,
20.287378311157227,98999,1.365388035774231,685,40.385276794433594,2.075540781021118,0.6111851334571838,14796.267116476,1.5663381814956665,2.287735939025879,0.6310445666313171,3.099731683731079,659,2.452558994293213,35.34807586669922,54.832149505615234,2.925239324569702,1776942994.6194499,0.3689554035663605,,,,,,,,,,,,,,,,,,,,,,,,,,,,,,,,,,,,,,,,,,,,,,,,,,,,,,,,,,,,,,,,,,,,,,,,,,,,,,,,,
20.043664932250977,99149,1.3707395792007446,686,40.490535736083984,2.074089527130127,0.6141924858093262,14812.088098453,1.562225580215454,2.2916717529296875,0.6290485858917236,3.1124303340911865,660,2.430013418197632,35.217342376708984,54.84121322631836,2.933854818344116,1776943010.4401844,0.37095150351524353,,,,,,,,,,,,,,,,,,,,,,,,,,,,,,,,,,,,,,,,,,,,,,,,,,,,,,,,,,,,,,,,,,,,,,,,,,,,,,,,,
20.193140029907227,99299,1.3485971689224243,687,40.85694122314453,2.064739942550659,0.6149402260780334,14828.243374511,1.5599355697631836,2.2841076850891113,0.6312446594238281,3.0659494400024414,661,2.4679887294769287,36.34701919555664,54.848453521728516,2.917381525039673,1776943026.5959194,0.36875537037849426,,,,,,,,,,,,,,,,,,,,,,,,,,,,,,,,,,,,,,,,,,,,,,,,,,,,,,,,,,,,,,,,,,,,,,,,,,,,,,,,,
20.292070388793945,99449,1.3706459999084473,688,40.404544830322266,2.078350782394409,0.6098222136497498,14844.16353367,1.5661474466323853,2.3021411895751953,0.6306549310684204,3.1106374263763428,662,2.4070827960968018,34.67970657348633,54.85736083984375,2.9199628829956055,1776943042.516063,0.3693450391292572,,,,,,,,,,,,,,,,,,,,,,,,,,,,,,,,,,,,,,,,,,,,,,,,,,,,,,,,,,,,,,,,,,,,,,,,,,,,,,,,,
20.080875396728516,99599,1.3434447050094604,689,40.64609146118164,2.0611414909362793,0.6166204214096069,14860.308684963,1.556410789489746,2.2676804065704346,0.6309153437614441,3.055974006652832,663,2.4592459201812744,36.13901901245117,54.86807632446289,2.916271209716797,1776943058.661256,0.3690846264362335,,,,,,,,,,,,,,,,,,,,,,,,,,,,,,,,,,,,,,,,,,,,,,,,,,,,,,,,,,,,,,,,,,,,,,,,,,,,,,,,,
20.068132400512695,99749,1.3557325601577759,690,40.6363639831543,2.060976266860962,0.6193373799324036,14876.119521731,1.5535264015197754,2.262065887451172,0.6344524025917053,3.0770130157470703,664,2.4521842002868652,36.079830169677734,54.87528610229492,2.909578800201416,1776943074.4720445,0.3655475974082947,,,,,,,,,,,,,,,,,,,,,,,,,,,,,,,,,,,,,,,,,,,,,,,,,,,,,,,,,,,,,,,,,,,,,,,,,,,,,,,,,
19.805471420288086,99899,1.340712070465088,691,40.37570571899414,2.036444902420044,0.6186204552650452,14892.069029334,1.5548887252807617,2.252479076385498,0.632542610168457,3.048881769180298,665,2.4488096237182617,35.3441047668457,54.883338928222656,2.9096546173095703,1776943090.4216642,0.36745738983154297,,,,,,,,,,,,,,,,,,,,,,,,,,,,,,,,,,,,,,,,,,,,,,,,,,,,,,,,,,,,,,,,,,,,,,,,,,,,,,,,,
20.31383514404297,100049,1.3473581075668335,692,40.55514144897461,2.0647170543670654,0.6176443696022034,14908.113136155,1.5571448802947998,2.2730751037597656,0.6338226199150085,3.0608937740325928,666,2.4054532051086426,35.56719970703125,54.88975524902344,2.9007980823516846,1776943106.465837,0.36617740988731384,,,,,,,,,,,,,,,,,,,,,,,,,,,,,,,,,,,,,,,,,,,,,,,,,,,,,,,,,,,,,,,,,,,,,,,,,,,,,,,,,
20.15614891052246,100199,1.3502850532531738,693,40.70945358276367,2.0585715770721436,0.6179183125495911,14924.03069067,1.5549931526184082,2.2695319652557373,0.6330940127372742,3.067476272583008,667,2.4621706008911133,36.08684539794922,54.89525604248047,2.9083402156829834,1776943122.3830814,0.36690595746040344,,,,,,,,,,,,,,,,,,,,,,,,,,,,,,,,,,,,,,,,,,,,,,,,,,,,,,,,,,,,,,,,,,,,,,,,,,,,,,,,,
20.168615341186523,100349,1.3451597690582275,694,40.97724914550781,2.067354917526245,0.6184021234512329,14940.167144458,1.5547713041305542,2.283092737197876,0.6319673657417297,3.05835223197937,668,2.4395787715911865,36.14336013793945,54.89879608154297,2.9252054691314697,1776943138.5198581,0.3680327236652374,,,,,,,,,,,,,,,,,,,,,,,,,,,,,,,,,,,,,,,,,,,,,,,,,,,,,,,,,,,,,,,,,,,,,,,,,,,,,,,,,
20.009525299072266,100499,1.3507200479507446,695,40.67760467529297,2.060641288757324,0.6161501407623291,14956.241030409,1.554890513420105,2.281130313873291,0.6342798471450806,3.0671603679656982,669,2.4370715618133545,35.5931282043457,54.90451431274414,2.915576934814453,1776943154.5939715,0.3657201826572418,,,,,,,,,,,,,,,,,,,,,,,,,,,,,,,,,,,,,,,,,,,,,,,,,,,,,,,,,,,,,,,,,,,,,,,,,,,,,,,,,
20.250411987304688,100649,1.3575730323791504,696,40.24154281616211,2.068714141845703,0.6132761836051941,14972.053759376,1.5648713111877441,2.275508403778076,0.6305779218673706,3.084568738937378,670,2.445482015609741,35.09938430786133,54.91200637817383,2.918282985687256,1776943170.40635,0.3694221079349518,,,,,,,,,,,,,,,,,,,,,,,,,,,,,,,,,,,,,,,,,,,,,,,,,,,,,,,,,,,,,,,,,,,,,,,,,,,,,,,,,
20.073396682739258,100799,1.3563730716705322,697,40.4846305847168,2.0773534774780273,0.6118575930595398,14987.957466754,1.5644044876098633,2.289187431335449,0.6316862106323242,3.0810606479644775,671,2.443213701248169,35.32025909423828,54.92135238647461,2.9096462726593018,1776943186.310168,0.3683137595653534,,,,,,,,,,,,,,,,,,,,,,,,,,,,,,,,,,,,,,,,,,,,,,,,,,,,,,,,,,,,,,,,,,,,,,,,,,,,,,,,,
20.139389038085938,100949,1.356806755065918,698,40.818782806396484,2.0687756538391113,0.6143278479576111,15004.030767542,1.5564581155776978,2.2861685752868652,0.6327028274536133,3.0809109210968018,672,2.4803802967071533,36.114810943603516,54.928871154785156,2.9309468269348145,1776943202.3826926,0.3672972023487091,,,,,,,,,,,,,,,,,,,,,,,,,,,,,,,,,,,,,,,,,,,,,,,,,,,,,,,,,,,,,,,,,,,,,,,,,,,,,,,,,
20.166297912597656,101099,1.3653205633163452,699,40.79825973510742,2.0719430446624756,0.6150557398796082,15019.795784545,1.5586565732955933,2.2863104343414307,0.632176399230957,3.0984652042388916,673,2.4722750186920166,35.887123107910156,54.9344596862793,2.93491530418396,1776943218.1481826,0.3678235709667206,,,,,,,,,,,,,,,,,,,,,,,,,,,,,,,,,,,,,,,,,,,,,,,,,,,,,,,,,,,,,,,,,,,,,,,,,,,,,,,,,
,101249,,700,,,,15194.03775041,,,,,674,,,,,1776943392.383005,,0.1554245948791504,0.7875624895095825,0.9972265958786011,18.13414764404297,1592648576.0,126.45549774169922,135.56048583984375,0.8381770253181458,5.562205791473389,0.49715620279312134,0.5984649658203125,0.5828956365585327,0.8901066780090332,0.8117150068283081,0.035089414566755295,928.7645263671875,0.7533397674560547,0.01499201450496912,0.6572853326797485,0.1936955749988556,0.34105783700942993,0.0035312497057020664,0.9953812956809998,0.5990148186683655,0.14338749647140503,991.5440063476562,1787.252197265625,5.0,0.6642628312110901,0.2632564306259155,0.014756249263882637,0.8376079797744751,18.13414764404297,0.15241731703281403,974.1268920898438,0.9012202024459839,5.562205791473389,0.7407693862915039,0.17714375257492065,4.3655548095703125,6.660633416338824e-15,0.9921789169311523,0.7170290350914001,0.9755000472068787,0.5010061860084534,0.005037500057369471,0.3334374725818634,0.7405540347099304,0.7548927068710327,0.8714154958724976,1.5354525376848338e-14,0.9001187682151794,353.9457702636719,0.6605437397956848,1897.443603515625,0.7800329923629761,0.3809187412261963,1897.443603515625,0.15199267864227295,913.095703125,0.9418042302131653,0.009562499821186066,0.6548029184341431,1787.252197265625,4.3174238204956055,0.9001187682151794,0.024100441485643387,0.009981251321732998,0.9415292739868164,0.6364856958389282,43.068599700927734,0.011854687705636024,0.08701629936695099,12.627196311950684,10.409673690795898,0.7107815742492676,0.3266437351703644,13.467138290405273,41.7116813659668,326.50244140625,0.027143748477101326
19.994340896606445,101249,1.3475857973098755,701,40.70368576049805,2.061875581741333,0.6151847839355469,15195.406707598,1.560613989830017,2.2828235626220703,0.6329733729362488,3.0621981620788574,674,2.447326898574829,35.910484313964844,54.94389724731445,2.9144034385681152,1776943393.7579815,0.36702674627304077,,,,,,,,,,,,,,,,,,,,,,,,,,,,,,,,,,,,,,,,,,,,,,,,,,,,,,,,,,,,,,,,,,,,,,,,,,,,,,,,,
20.166837692260742,101399,1.3566168546676636,702,40.56995391845703,2.07269549369812,0.616270124912262,15210.278189245,1.5568033456802368,2.2825064659118652,0.6327874660491943,3.0804460048675537,675,2.4900965690612793,35.30844497680664,54.951087951660156,2.935379981994629,1776943408.6309044,0.3672124743461609,,,,,,,,,,,,,,,,,,,,,,,,,,,,,,,,,,,,,,,,,,,,,,,,,,,,,,,,,,,,,,,,,,,,,,,,,,,,,,,,,
20.097829818725586,101549,1.3480616807937622,703,40.759342193603516,2.077845335006714,0.6164214015007019,15226.278805358,1.560084581375122,2.288999319076538,0.6314882636070251,3.0646355152130127,676,2.4513027667999268,35.77420425415039,54.954139709472656,2.9194176197052,1776943424.6315143,0.36851170659065247,,,,,,,,,,,,,,,,,,,,,,,,,,,,,,,,,,,,,,,,,,,,,,,,,,,,,,,,,,,,,,,,,,,,,,,,,,,,,,,,,
20.091384887695312,101699,1.3528454303741455,704,40.681602478027344,2.068460702896118,0.6180135011672974,15242.054931655,1.5548826456069946,2.275672435760498,0.630815863609314,3.0748753547668457,677,2.447409152984619,35.41037368774414,54.95956802368164,2.924680233001709,1776943440.4070976,0.369184285402298,,,,,,,,,,,,,,,,,,,,,,,,,,,,,,,,,,,,,,,,,,,,,,,,,,,,,,,,,,,,,,,,,,,,,,,,,,,,,,,,,
20.231698989868164,101849,1.364150047302246,705,40.6217155456543,2.089352607727051,0.616801917552948,15258.039472254,1.560348629951477,2.2970645427703857,0.6321632862091064,3.096137046813965,678,2.4438202381134033,34.943145751953125,54.967891693115234,2.9380860328674316,1776943456.3923037,0.36783671379089355,,,,,,,,,,,,,,,,,,,,,,,,,,,,,,,,,,,,,,,,,,,,,,,,,,,,,,,,,,,,,,,,,,,,,,,,,,,,,,,,,
19.970136642456055,101999,1.3499505519866943,706,40.640960693359375,2.0555357933044434,0.6178473830223083,15273.879390675,1.5559827089309692,2.27167010307312,0.6329419612884521,3.0669593811035156,679,2.439568281173706,35.76348876953125,54.97830581665039,2.9155092239379883,1776943472.2321007,0.3670580983161926,,,,,,,,,,,,,,,,,,,,,,,,,,,,,,,,,,,,,,,,,,,,,,,,,,,,,,,,,,,,,,,,,,,,,,,,,,,,,,,,,
19.964208602905273,102149,1.3539179563522339,707,40.34556198120117,2.061149835586548,0.6155345439910889,15289.860679666,1.5605554580688477,2.27242374420166,0.6333044171333313,3.0745322704315186,680,2.465832233428955,35.408870697021484,54.982791900634766,2.913038730621338,1776943488.2132478,0.3666956424713135,,,,,,,,,,,,,,,,,,,,,,,,,,,,,,,,,,,,,,,,,,,,,,,,,,,,,,,,,,,,,,,,,,,,,,,,,,,,,,,,,
20.072921752929688,102299,1.356168508529663,708,40.68677520751953,2.064079999923706,0.6183282136917114,15305.637392658,1.5570069551467896,2.282317638397217,0.6337727308273315,3.078564167022705,681,2.4295003414154053,35.70158004760742,54.99341583251953,2.9244651794433594,1776943503.9896603,0.3662272095680237,,,,,,,,,,,,,,,,,,,,,,,,,,,,,,,,,,,,,,,,,,,,,,,,,,,,,,,,,,,,,,,,,,,,,,,,,,,,,,,,,
20.091650009155273,102449,1.354227066040039,709,40.67191696166992,2.0665674209594727,0.6152583956718445,15321.727225077,1.5565992593765259,2.288668632507324,0.6322048902511597,3.076249361038208,682,2.437868118286133,35.372188568115234,54.99959945678711,2.9230189323425293,1776943520.0797842,0.3677951693534851,,,,,,,,,,,,,,,,,,,,,,,,,,,,,,,,,,,,,,,,,,,,,,,,,,,,,,,,,,,,,,,,,,,,,,,,,,,,,,,,,
20.345659255981445,102599,1.339503288269043,710,40.760555267333984,2.0742404460906982,0.6131476759910583,15337.820715414,1.5629931688308716,2.293156862258911,0.6327138543128967,3.046293020248413,683,2.4489481449127197,36.09560012817383,55.00743865966797,2.916222333908081,1776943536.1731544,0.3672862648963928,,,,,,,,,,,,,,,,,,,,,,,,,,,,,,,,,,,,,,,,,,,,,,,,,,,,,,,,,,,,,,,,,,,,,,,,,,,,,,,,,
20.257415771484375,102749,1.350787878036499,711,40.954654693603516,2.0836780071258545,0.6127589344978333,15353.769733863,1.562708854675293,2.302813768386841,0.6323894262313843,3.069186210632324,684,2.457733631134033,36.14252471923828,55.01399612426758,2.925321340560913,1776943552.1223,0.3676106035709381,,,,,,,,,,,,,,,,,,,,,,,,,,,,,,,,,,,,,,,,,,,,,,,,,,,,,,,,,,,,,,,,,,,,,,,,,,,,,,,,,
19.926721572875977,102899,1.3494255542755127,712,40.691314697265625,2.056074619293213,0.6175925731658936,15369.745867001,1.5594712495803833,2.2780001163482666,0.6327748894691467,3.0660762786865234,685,2.451042413711548,35.75711441040039,55.019142150878906,2.91514253616333,1776943568.0986137,0.36722511053085327,,,,,,,,,,,,,,,,,,,,,,,,,,,,,,,,,,,,,,,,,,,,,,,,,,,,,,,,,,,,,,,,,,,,,,,,,,,,,,,,,
20.331287384033203,103049,1.3507112264633179,713,40.611839294433594,2.078214168548584,0.6113543510437012,15385.552397172,1.5621682405471802,2.298896551132202,0.6332750916481018,3.068147897720337,686,2.4661810398101807,35.2769660949707,55.02427673339844,2.9216320514678955,1776943583.9046752,0.3667249083518982,,,,,,,,,,,,,,,,,,,,,,,,,,,,,,,,,,,,,,,,,,,,,,,,,,,,,,,,,,,,,,,,,,,,,,,,,,,,,,,,,
20.15685272216797,103199,1.3661497831344604,714,40.46855545043945,2.083057165145874,0.612928032875061,15401.590726388,1.561999797821045,2.2947962284088135,0.6320950388908386,3.1002044677734375,687,2.44327712059021,34.82622146606445,55.035099029541016,2.9249000549316406,1776943599.943581,0.3679049611091614,,,,,,,,,,,,,,,,,,,,,,,,,,,,,,,,,,,,,,,,,,,,,,,,,,,,,,,,,,,,,,,,,,,,,,,,,,,,,,,,,
20.18937110900879,103349,1.3652018308639526,715,40.8507194519043,2.0881216526031494,0.6124131083488464,15417.372155961,1.564863920211792,2.3107922077178955,0.6341313719749451,3.0962717533111572,688,2.463421106338501,35.71318054199219,55.0418701171875,2.9299521446228027,1776943615.7244358,0.3658686876296997,,,,,,,,,,,,,,,,,,,,,,,,,,,,,,,,,,,,,,,,,,,,,,,,,,,,,,,,,,,,,,,,,,,,,,,,,,,,,,,,,
20.358314514160156,103499,1.3595683574676514,716,40.66459655761719,2.078702211380005,0.614650547504425,15433.475212322,1.5582988262176514,2.2901666164398193,0.6322520971298218,3.0868847370147705,689,2.4537453651428223,35.38355255126953,55.049537658691406,2.9264075756073,1776943631.827513,0.3677479922771454,,,,,,,,,,,,,,,,,,,,,,,,,,,,,,,,,,,,,,,,,,,,,,,,,,,,,,,,,,,,,,,,,,,,,,,,,,,,,,,,,
20.038410186767578,103649,1.3445935249328613,717,40.72743225097656,2.068329334259033,0.6165428161621094,15449.382700039,1.5626493692398071,2.2844812870025635,0.6355591416358948,3.0536279678344727,690,2.4389853477478027,36.013057708740234,55.05820846557617,2.9084863662719727,1776943647.7352057,0.3644408881664276,,,,,,,,,,,,,,,,,,,,,,,,,,,,,,,,,,,,,,,,,,,,,,,,,,,,,,,,,,,,,,,,,,,,,,,,,,,,,,,,,
20.211034774780273,103799,1.3540951013565063,718,40.67952346801758,2.0715765953063965,0.614558219909668,15465.368626095,1.5604852437973022,2.2859690189361572,0.6325172781944275,3.0756731033325195,691,2.456958532333374,35.857933044433594,55.060546875,2.922427177429199,1776943663.7213123,0.3674827814102173,,,,,,,,,,,,,,,,,,,,,,,,,,,,,,,,,,,,,,,,,,,,,,,,,,,,,,,,,,,,,,,,,,,,,,,,,,,,,,,,,
20.10382843017578,103949,1.355770230293274,719,40.687660217285156,2.0778346061706543,0.6153512597084045,15481.223564201,1.560276746749878,2.2919349670410156,0.6330623626708984,3.0784778594970703,692,2.492377996444702,35.716896057128906,55.067291259765625,2.9394702911376953,1776943679.5759006,0.36693769693374634,,,,,,,,,,,,,,,,,,,,,,,,,,,,,,,,,,,,,,,,,,,,,,,,,,,,,,,,,,,,,,,,,,,,,,,,,,,,,,,,,
20.089374542236328,104099,1.3508089780807495,720,40.63364791870117,2.0665717124938965,0.6182640790939331,15497.210048383,1.5562870502471924,2.2766952514648438,0.6326636672019958,3.0689547061920166,693,2.4395487308502197,35.41019058227539,55.075496673583984,2.9178662300109863,1776943695.5628695,0.36733633279800415,,,,,,,,,,,,,,,,,,,,,,,,,,,,,,,,,,,,,,,,,,,,,,,,,,,,,,,,,,,,,,,,,,,,,,,,,,,,,,,,,
20.23242950439453,104249,1.3535215854644775,721,40.52668380737305,2.070603609085083,0.6149741411209106,15513.002420589,1.5611363649368286,2.2783215045928955,0.63437420129776,3.07266902923584,694,2.4469785690307617,35.70430374145508,55.08574295043945,2.918691396713257,1776943711.3550215,0.36562594771385193,,,,,,,,,,,,,,,,,,,,,,,,,,,,,,,,,,,,,,,,,,,,,,,,,,,,,,,,,,,,,,,,,,,,,,,,,,,,,,,,,
20.168907165527344,104399,1.345962405204773,722,40.716983795166016,2.067957639694214,0.6172510981559753,15528.900011397,1.5584766864776611,2.276905059814453,0.6328575611114502,3.059067487716675,695,2.442343235015869,36.031925201416016,55.093284606933594,2.9189116954803467,1776943727.2524695,0.3671424686908722,,,,,,,,,,,,,,,,,,,,,,,,,,,,,,,,,,,,,,,,,,,,,,,,,,,,,,,,,,,,,,,,,,,,,,,,,,,,,,,,,
19.98000717163086,104549,1.3452590703964233,723,40.71765899658203,2.0599453449249268,0.6178691387176514,15544.794446478,1.558977484703064,2.281895875930786,0.6340579390525818,3.0564606189727783,696,2.4165334701538086,35.709449768066406,55.098453521728516,2.9014217853546143,1776943743.1465955,0.3659420907497406,,,,,,,,,,,,,,,,,,,,,,,,,,,,,,,,,,,,,,,,,,,,,,,,,,,,,,,,,,,,,,,,,,,,,,,,,,,,,,,,,
19.96999740600586,104699,1.3562872409820557,724,40.642547607421875,2.0761947631835938,0.6143962740898132,15560.958653223,1.5631158351898193,2.2911624908447266,0.6326515674591064,3.0799224376678467,697,2.4484946727752686,35.6757926940918,55.10682678222656,2.928316116333008,1776943759.3109221,0.36734840273857117,,,,,,,,,,,,,,,,,,,,,,,,,,,,,,,,,,,,,,,,,,,,,,,,,,,,,,,,,,,,,,,,,,,,,,,,,,,,,,,,,
20.165491104125977,104849,1.3322893381118774,725,40.434574127197266,2.0605554580688477,0.6132171154022217,15576.818195822,1.5599002838134766,2.273841381072998,0.6337268948554993,3.0308523178100586,698,2.4733893871307373,35.83695983886719,55.116336822509766,2.9092555046081543,1776943775.171214,0.3662731647491455,,,,,,,,,,,,,,,,,,,,,,,,,,,,,,,,,,,,,,,,,,,,,,,,,,,,,,,,,,,,,,,,,,,,,,,,,,,,,,,,,
,104999,,726,,,,15750.803239767,,,,,699,,,,,1776943949.1482508,,0.16881130635738373,0.784602165222168,0.9972150921821594,17.68398094177246,9885563904.0,126.48974609375,135.25465393066406,0.8525514602661133,5.564433574676514,0.496031254529953,0.598136305809021,0.5912731289863586,0.8934828042984009,0.815844714641571,0.03574342280626297,929.0341186523438,0.7592135667800903,0.014994473196566105,0.6660156846046448,0.19223693013191223,0.33878618478775024,0.0034749996848404408,0.9954251050949097,0.605096697807312,0.13854999840259552,988.32861328125,1784.5948486328125,5.0,0.6801103949546814,0.2627769708633423,0.014949999749660492,0.8413535952568054,17.68398094177246,0.1495828777551651,972.47705078125,0.8998651504516602,5.564433574676514,0.7467092275619507,0.17675000429153442,4.3290863037109375,1.6968685571244757e-14,0.9967958331108093,0.729534924030304,0.9752625823020935,0.50185626745224,0.005387499928474426,0.33364370465278625,0.7455442547798157,0.7636677622795105,0.8677690625190735,8.846330785960976e-15,0.8999938368797302,353.57305908203125,0.6614187359809875,1894.2247314453125,0.7771551012992859,0.3805687427520752,1894.2247314453125,0.1518852561712265,912.8446044921875,0.9416168928146362,0.009612499736249447,0.6606243848800659,1784.5948486328125,4.310485363006592,0.8999938368797302,0.02412840910255909,0.009468750096857548,0.9522091746330261,0.6426806449890137,42.949493408203125,0.011840305291116238,0.08726375550031662,12.416131973266602,10.174715042114258,0.7198237180709839,0.31990623474121094,13.503767967224121,41.729366302490234,326.5147399902344,0.02693125233054161
20.184425354003906,104999,1.3590117692947388,727,40.946372985839844,2.0801122188568115,0.6134827733039856,15752.37417761,1.5647730827331543,2.302753210067749,0.6330652832984924,3.0849575996398926,699,2.4578962326049805,36.438011169433594,55.12374496459961,2.9279446601867676,1776943950.725655,0.36693474650382996,,,,,,,,,,,,,,,,,,,,,,,,,,,,,,,,,,,,,,,,,,,,,,,,,,,,,,,,,,,,,,,,,,,,,,,,,,,,,,,,,
20.11433982849121,105149,1.3462951183319092,728,40.84489822387695,2.077904224395752,0.6123149991035461,15767.323738717,1.5632551908493042,2.3026793003082275,0.6351443529129028,3.057446241378784,700,2.4335670471191406,35.91969299316406,55.132774353027344,2.9201154708862305,1776943965.6762328,0.3648556172847748,,,,,,,,,,,,,,,,,,,,,,,,,,,,,,,,,,,,,,,,,,,,,,,,,,,,,,,,,,,,,,,,,,,,,,,,,,,,,,,,,
20.210474014282227,105299,1.351434350013733,729,40.881980895996094,2.075049877166748,0.6152496933937073,15783.203822615,1.5586388111114502,2.284527063369751,0.6330331563949585,3.069835662841797,701,2.4469659328460693,36.32536315917969,55.143394470214844,2.9180426597595215,1776943981.556356,0.3669668436050415,,,,,,,,,,,,,,,,,,,,,,,,,,,,,,,,,,,,,,,,,,,,,,,,,,,,,,,,,,,,,,,,,,,,,,,,,,,,,,,,,
20.16867446899414,105449,1.3541069030761719,730,40.790889739990234,2.0690598487854004,0.6141078472137451,15799.13242658,1.5608118772506714,2.2939095497131348,0.631691038608551,3.0765228271484375,702,2.44315505027771,35.92498016357422,55.147727966308594,2.917236566543579,1776943997.4851143,0.3683089315891266,,,,,,,,,,,,,,,,,,,,,,,,,,,,,,,,,,,,,,,,,,,,,,,,,,,,,,,,,,,,,,,,,,,,,,,,,,,,,,,,,
20.206825256347656,105599,1.3556350469589233,731,40.78904724121094,2.070054054260254,0.6155242323875427,15814.908658081,1.558986783027649,2.2914645671844482,0.635546088218689,3.075723648071289,703,2.4182300567626953,35.99082946777344,55.153629302978516,2.917065382003784,1776944013.2610955,0.36445385217666626,,,,,,,,,,,,,,,,,,,,,,,,,,,,,,,,,,,,,,,,,,,,,,,,,,,,,,,,,,,,,,,,,,,,,,,,,,,,,,,,,
20.15232276916504,105749,1.3593214750289917,732,40.710628509521484,2.081860303878784,0.6146919131278992,15830.90663702,1.5609393119812012,2.296217918395996,0.6334481835365295,3.0851945877075195,704,2.460191488265991,35.54430389404297,55.16160583496094,2.928015947341919,1776944029.259471,0.36655184626579285,,,,,,,,,,,,,,,,,,,,,,,,,,,,,,,,,,,,,,,,,,,,,,,,,,,,,,,,,,,,,,,,,,,,,,,,,,,,,,,,,
20.13957977294922,105899,1.3617521524429321,733,40.8065071105957,2.0823113918304443,0.6160628795623779,15846.785617459,1.562260389328003,2.3001577854156494,0.6331842541694641,3.090319871902466,705,2.4435839653015137,35.584449768066406,55.1709098815918,2.9251885414123535,1776944045.1380377,0.36681586503982544,,,,,,,,,,,,,,,,,,,,,,,,,,,,,,,,,,,,,,,,,,,,,,,,,,,,,,,,,,,,,,,,,,,,,,,,,,,,,,,,,
20.336524963378906,106049,1.3616124391555786,734,40.95279312133789,2.0862607955932617,0.6151660680770874,15863.068653459,1.5610029697418213,2.3060221672058105,0.6341671347618103,3.0890581607818604,706,2.4600462913513184,35.990108489990234,55.17726516723633,2.939995765686035,1776944061.4215553,0.3658329248428345,,,,,,,,,,,,,,,,,,,,,,,,,,,,,,,,,,,,,,,,,,,,,,,,,,,,,,,,,,,,,,,,,,,,,,,,,,,,,,,,,
20.521137237548828,106199,1.375888466835022,735,40.94089126586914,2.107532501220703,0.614305317401886,15879.001347721,1.5657860040664673,2.321129322052002,0.6336597204208374,3.118117094039917,707,2.456721544265747,35.799461364746094,55.1817512512207,2.9492862224578857,1776944077.3542414,0.3663402199745178,,,,,,,,,,,,,,,,,,,,,,,,,,,,,,,,,,,,,,,,,,,,,,,,,,,,,,,,,,,,,,,,,,,,,,,,,,,,,,,,,
20.28642463684082,106349,1.3569780588150024,736,40.68877029418945,2.07745623588562,0.6158069968223572,15894.94492134,1.557409644126892,2.2799789905548096,0.6329052448272705,3.0810508728027344,708,2.459345817565918,35.845367431640625,55.19072341918945,2.9266164302825928,1776944093.2976818,0.3670946955680847,,,,,,,,,,,,,,,,,,,,,,,,,,,,,,,,,,,,,,,,,,,,,,,,,,,,,,,,,,,,,,,,,,,,,,,,,,,,,,,,,
20.138439178466797,106499,1.3579254150390625,737,40.82493591308594,2.0881781578063965,0.6131885051727295,15910.970055897,1.5618587732315063,2.3097267150878906,0.6335096955299377,3.082341432571411,709,2.4463605880737305,35.32999038696289,55.197410583496094,2.9317336082458496,1776944109.3223734,0.36649030447006226,,,,,,,,,,,,,,,,,,,,,,,,,,,,,,,,,,,,,,,,,,,,,,,,,,,,,,,,,,,,,,,,,,,,,,,,,,,,,,,,,
20.620012283325195,106649,1.3716233968734741,738,40.859153747558594,2.1130282878875732,0.6111571192741394,15926.938985457,1.56817626953125,2.33139705657959,0.6334242224693298,3.1098225116729736,710,2.439471483230591,35.26349639892578,55.206077575683594,2.9354963302612305,1776944125.2919588,0.36657583713531494,,,,,,,,,,,,,,,,,,,,,,,,,,,,,,,,,,,,,,,,,,,,,,,,,,,,,,,,,,,,,,,,,,,,,,,,,,,,,,,,,
20.171306610107422,106799,1.3483023643493652,739,40.36871337890625,2.0675172805786133,0.6180492639541626,15942.769491342,1.5601264238357544,2.2657558917999268,0.6334608197212219,3.0631444454193115,711,2.456197738647461,35.37485122680664,55.21721267700195,2.9160542488098145,1776944141.121351,0.3665391802787781,,,,,,,,,,,,,,,,,,,,,,,,,,,,,,,,,,,,,,,,,,,,,,,,,,,,,,,,,,,,,,,,,,,,,,,,,,,,,,,,,
20.020362854003906,106949,1.3519057035446167,740,40.41313171386719,2.050255298614502,0.618416428565979,15958.80011176,1.5570068359375,2.2587625980377197,0.6329914331436157,3.0708203315734863,712,2.4361820220947266,35.488155364990234,55.225807189941406,2.9041872024536133,1776944157.1526198,0.36700865626335144,,,,,,,,,,,,,,,,,,,,,,,,,,,,,,,,,,,,,,,,,,,,,,,,,,,,,,,,,,,,,,,,,,,,,,,,,,,,,,,,,
20.19957160949707,107099,1.3560611009597778,741,40.93744659423828,2.0801029205322266,0.6145539283752441,15974.991566584,1.5577229261398315,2.295691967010498,0.6328279376029968,3.079293966293335,713,2.436142921447754,35.81079864501953,55.2295036315918,2.9284136295318604,1776944173.344267,0.36717212200164795,,,,,,,,,,,,,,,,,,,,,,,,,,,,,,,,,,,,,,,,,,,,,,,,,,,,,,,,,,,,,,,,,,,,,,,,,,,,,,,,,
20.325090408325195,107249,1.3525971174240112,742,40.90300369262695,2.096094846725464,0.6122273206710815,15990.905834935,1.5652729272842407,2.302757740020752,0.6362778544425964,3.0689165592193604,714,2.442824602127075,36.44321823120117,55.23392105102539,2.9226553440093994,1776944189.258693,0.3637221157550812,,,,,,,,,,,,,,,,,,,,,,,,,,,,,,,,,,,,,,,,,,,,,,,,,,,,,,,,,,,,,,,,,,,,,,,,,,,,,,,,,
20.331127166748047,107399,1.3547028303146362,743,41.07732391357422,2.101294994354248,0.6118748188018799,16007.031289235,1.5649189949035645,2.3127658367156982,0.6332095265388489,3.0761959552764893,715,2.49029541015625,36.515201568603516,55.23881149291992,2.942251205444336,1776944205.3840683,0.36679044365882874,,,,,,,,,,,,,,,,,,,,,,,,,,,,,,,,,,,,,,,,,,,,,,,,,,,,,,,,,,,,,,,,,,,,,,,,,,,,,,,,,
20.402477264404297,107549,1.3746765851974487,744,40.80821990966797,2.099296808242798,0.6103577017784119,16022.860931143,1.5705872774124146,2.3192076683044434,0.6325069069862366,3.1168463230133057,716,2.4484336376190186,35.861183166503906,55.24697494506836,2.9447317123413086,1776944221.2130582,0.3674931526184082,,,,,,,,,,,,,,,,,,,,,,,,,,,,,,,,,,,,,,,,,,,,,,,,,,,,,,,,,,,,,,,,,,,,,,,,,,,,,,,,,
20.45435333251953,107699,1.3616665601730347,745,40.81705856323242,2.095912218093872,0.6106377243995667,16038.83474554,1.5659432411193848,2.3183653354644775,0.6358585357666016,3.0874743461608887,717,2.4352834224700928,35.6655387878418,55.25463104248047,2.926298141479492,1776944237.1873016,0.36414143443107605,,,,,,,,,,,,,,,,,,,,,,,,,,,,,,,,,,,,,,,,,,,,,,,,,,,,,,,,,,,,,,,,,,,,,,,,,,,,,,,,,
20.520570755004883,107849,1.3601181507110596,746,41.28715133666992,2.0954320430755615,0.6146660447120667,16054.699720479,1.560703158378601,2.311924695968628,0.6332046389579773,3.087031602859497,718,2.485560417175293,36.46152877807617,55.25949478149414,2.9331908226013184,1776944253.0521555,0.36679548025131226,,,,,,,,,,,,,,,,,,,,,,,,,,,,,,,,,,,,,,,,,,,,,,,,,,,,,,,,,,,,,,,,,,,,,,,,,,,,,,,,,
20.60782241821289,107999,1.3645659685134888,747,41.12229919433594,2.095931053161621,0.6148355007171631,16070.657599305,1.5600435733795166,2.3117518424987793,0.6346773505210876,3.094454765319824,719,2.4718286991119385,36.10818862915039,55.26829528808594,2.9392142295837402,1776944269.0102358,0.36532267928123474,,,,,,,,,,,,,,,,,,,,,,,,,,,,,,,,,,,,,,,,,,,,,,,,,,,,,,,,,,,,,,,,,,,,,,,,,,,,,,,,,
20.496553421020508,108149,1.3764230012893677,748,41.119590759277344,2.1097424030303955,0.6133288145065308,16086.536972356,1.5644663572311401,2.324697732925415,0.634388267993927,3.118457317352295,720,2.4469683170318604,35.98054504394531,55.27546310424805,2.946216583251953,1776944284.8894649,0.3656117618083954,,,,,,,,,,,,,,,,,,,,,,,,,,,,,,,,,,,,,,,,,,,,,,,,,,,,,,,,,,,,,,,,,,,,,,,,,,,,,,,,,
20.37458038330078,108299,1.368123173713684,749,40.67811584472656,2.102726459503174,0.609683096408844,16102.521768836,1.5683990716934204,2.3204877376556396,0.6319161653518677,3.104330062866211,721,2.4548122882843018,35.341373443603516,55.281036376953125,2.939650774002075,1776944300.8745189,0.3680838644504547,,,,,,,,,,,,,,,,,,,,,,,,,,,,,,,,,,,,,,,,,,,,,,,,,,,,,,,,,,,,,,,,,,,,,,,,,,,,,,,,,
20.226388931274414,108449,1.3626747131347656,750,40.675025939941406,2.0784084796905518,0.6135001182556152,16118.374934987,1.5645312070846558,2.29443359375,0.6341150999069214,3.0912346839904785,722,2.4306812286376953,35.66803741455078,55.29113006591797,2.9237942695617676,1776944316.72736,0.36588501930236816,,,,,,,,,,,,,,,,,,,,,,,,,,,,,,,,,,,,,,,,,,,,,,,,,,,,,,,,,,,,,,,,,,,,,,,,,,,,,,,,,
20.461488723754883,108599,1.3717567920684814,751,41.08823776245117,2.1052684783935547,0.6126518249511719,16134.35301621,1.565479040145874,2.3228816986083984,0.6333227753639221,3.1101908683776855,723,2.472522020339966,36.243839263916016,55.30084991455078,2.9533255100250244,1776944332.7059608,0.3666771352291107,,,,,,,,,,,,,,,,,,,,,,,,,,,,,,,,,,,,,,,,,,,,,,,,,,,,,,,,,,,,,,,,,,,,,,,,,,,,,,,,,
,108749,,752,,,,16307.789191747,,,,,724,,,,,1776944506.1341965,,0.16109353303909302,0.7687637209892273,0.9971573948860168,13.568556785583496,1391303040.0,130.3956298828125,140.2556915283203,0.8486029505729675,5.568632125854492,0.507881224155426,0.5907900929450989,0.579735517501831,0.8868638277053833,0.8106897473335266,0.034779809415340424,958.0228881835938,0.7539487481117249,0.015031605027616024,0.6534136533737183,0.1907486915588379,0.3349457085132599,0.003562500234693289,0.9953250288963318,0.5887662172317505,0.14720624685287476,1023.7001953125,1839.6934814453125,5.0,0.6736651659011841,0.25516292452812195,0.015825001522898674,0.8387479782104492,13.568556785583496,0.15139268338680267,1005.6182861328125,0.9053346514701843,5.568632125854492,0.7411751747131348,0.176618754863739,4.511157989501953,-9.256376047594994e-16,0.9966462254524231,0.7361013293266296,0.9756875038146973,0.5016687512397766,0.005456250160932541,0.3328937590122223,0.7420916557312012,0.7588440775871277,0.8663102388381958,-4.466696110205781e-15,0.9003000259399414,366.09405517578125,0.6595311760902405,1953.5938720703125,0.7639771699905396,0.3798375129699707,1953.5938720703125,0.15295027196407318,941.1078491210938,0.9456380605697632,0.010324999690055847,0.6681400537490845,1839.6934814453125,4.487149715423584,0.9003000259399414,0.024116380140185356,0.009906250052154064,0.9418349266052246,0.6387447714805603,44.527252197265625,0.011899889446794987,0.08419039845466614,12.27634334564209,11.14976692199707,0.7262464761734009,0.3332250118255615,13.457176208496094,43.07768249511719,338.0722961425781,0.02864375337958336
20.591875076293945,108749,1.3750683069229126,753,40.905155181884766,2.115072011947632,0.6056084632873535,16309.41781816,1.5739800930023193,2.342681407928467,0.631180465221405,3.1189563274383545,724,2.4503090381622314,35.564422607421875,55.31237030029297,2.947401285171509,1776944507.7688613,0.36881953477859497,,,,,,,,,,,,,,,,,,,,,,,,,,,,,,,,,,,,,,,,,,,,,,,,,,,,,,,,,,,,,,,,,,,,,,,,,,,,,,,,,
20.631635665893555,108899,1.373545527458191,754,41.074501037597656,2.1156513690948486,0.6096068620681763,16324.292106849,1.5711833238601685,2.344251871109009,0.6328195929527283,3.114271879196167,725,2.4738268852233887,35.9581184387207,55.31779861450195,2.9540624618530273,1776944522.6443954,0.3671804964542389,,,,,,,,,,,,,,,,,,,,,,,,,,,,,,,,,,,,,,,,,,,,,,,,,,,,,,,,,,,,,,,,,,,,,,,,,,,,,,,,,
20.496612548828125,109049,1.3796370029449463,755,40.98051071166992,2.115900993347168,0.6113961338996887,16340.321144577,1.5679727792739868,2.3391716480255127,0.6340941786766052,3.1251792907714844,726,2.443464517593384,35.169769287109375,55.32695770263672,2.9529194831848145,1776944538.673848,0.36590585112571716,,,,,,,,,,,,,,,,,,,,,,,,,,,,,,,,,,,,,,,,,,,,,,,,,,,,,,,,,,,,,,,,,,,,,,,,,,,,,,,,,
20.43665313720703,109199,1.3694266080856323,756,40.84141159057617,2.0999321937561035,0.6113631129264832,16356.227202607,1.566312313079834,2.318852663040161,0.6337780952453613,3.1050751209259033,727,2.460407018661499,35.78113555908203,55.33633804321289,2.944106101989746,1776944554.579903,0.3662218749523163,,,,,,,,,,,,,,,,,,,,,,,,,,,,,,,,,,,,,,,,,,,,,,,,,,,,,,,,,,,,,,,,,,,,,,,,,,,,,,,,,
20.329925537109375,109349,1.3681243658065796,757,41.06295394897461,2.105391263961792,0.6095954775810242,16372.237749448,1.5701977014541626,2.3347253799438477,0.6347354650497437,3.101513385772705,728,2.4675705432891846,35.97996520996094,55.34119415283203,2.942473888397217,1776944570.590747,0.3652644753456116,,,,,,,,,,,,,,,,,,,,,,,,,,,,,,,,,,,,,,,,,,,,,,,,,,,,,,,,,,,,,,,,,,,,,,,,,,,,,,,,,
20.4586124420166,109499,1.3629709482192993,758,41.05510711669922,2.103945255279541,0.6098483800888062,16388.02057205,1.568327784538269,2.3315370082855225,0.6336237192153931,3.092318058013916,729,2.4621310234069824,36.15947341918945,55.3458137512207,2.9364449977874756,1776944586.373368,0.3663763701915741,,,,,,,,,,,,,,,,,,,,,,,,,,,,,,,,,,,,,,,,,,,,,,,,,,,,,,,,,,,,,,,,,,,,,,,,,,,,,,,,,
20.541711807250977,109649,1.3643051385879517,759,41.265384674072266,2.1139657497406006,0.6091471314430237,16403.96426716,1.5706652402877808,2.3396127223968506,0.6347156763076782,3.0938944816589355,730,2.46909761428833,36.69643783569336,55.356380462646484,2.934220314025879,1776944602.3169236,0.3652842938899994,,,,,,,,,,,,,,,,,,,,,,,,,,,,,,,,,,,,,,,,,,,,,,,,,,,,,,,,,,,,,,,,,,,,,,,,,,,,,,,,,
20.563127517700195,109799,1.3775434494018555,760,41.09629821777344,2.1162030696868896,0.6097545027732849,16419.876381904,1.5667436122894287,2.3380393981933594,0.6328041553497314,3.1222822666168213,731,2.4542956352233887,35.87084197998047,55.36332702636719,2.954261302947998,1776944618.2290723,0.36719584465026855,,,,,,,,,,,,,,,,,,,,,,,,,,,,,,,,,,,,,,,,,,,,,,,,,,,,,,,,,,,,,,,,,,,,,,,,,,,,,,,,,
20.486658096313477,109949,1.3800326585769653,761,41.183284759521484,2.120295524597168,0.6077948212623596,16435.943746244,1.5721142292022705,2.3570735454559326,0.6332040429115295,3.126861095428467,732,2.4634251594543457,35.69942855834961,55.36793899536133,2.957973003387451,1776944634.2960556,0.3667958080768585,,,,,,,,,,,,,,,,,,,,,,,,,,,,,,,,,,,,,,,,,,,,,,,,,,,,,,,,,,,,,,,,,,,,,,,,,,,,,,,,,
20.581857681274414,110099,1.379169225692749,762,41.230377197265625,2.1178927421569824,0.6124006509780884,16451.81607483,1.5699405670166016,2.3425896167755127,0.6354252099990845,3.122913360595703,733,2.4475584030151367,36.180908203125,55.374855041503906,2.9497129917144775,1776944650.1688313,0.3645748794078827,,,,,,,,,,,,,,,,,,,,,,,,,,,,,,,,,,,,,,,,,,,,,,,,,,,,,,,,,,,,,,,,,,,,,,,,,,,,,,,,,
20.51249122619629,110249,1.3672207593917847,763,41.103389739990234,2.11274790763855,0.6119077205657959,16467.736627631,1.5691015720367432,2.3383147716522217,0.63227379322052,3.1021673679351807,734,2.4587438106536865,35.970882415771484,55.38146209716797,2.9483819007873535,1776944666.0893624,0.3677261471748352,,,,,,,,,,,,,,,,,,,,,,,,,,,,,,,,,,,,,,,,,,,,,,,,,,,,,,,,,,,,,,,,,,,,,,,,,,,,,,,,,
20.62282943725586,110399,1.3762091398239136,764,41.16025161743164,2.112562894821167,0.6144344806671143,16483.498257786,1.564234972000122,2.330066680908203,0.6351052522659302,3.1173131465911865,735,2.4692718982696533,35.948516845703125,55.39000701904297,2.956040620803833,1776944681.8509433,0.3648947477340698,,,,,,,,,,,,,,,,,,,,,,,,,,,,,,,,,,,,,,,,,,,,,,,,,,,,,,,,,,,,,,,,,,,,,,,,,,,,,,,,,
20.503910064697266,110549,1.3694489002227783,765,40.847747802734375,2.105825424194336,0.6130402684211731,16499.450853881,1.5664805173873901,2.3171260356903076,0.6350651979446411,3.103832721710205,736,2.446214199066162,35.527000427246094,55.39537048339844,2.937544822692871,1776944697.80328,0.3649347722530365,,,,,,,,,,,,,,,,,,,,,,,,,,,,,,,,,,,,,,,,,,,,,,,,,,,,,,,,,,,,,,,,,,,,,,,,,,,,,,,,,
20.618148803710938,110699,1.376468300819397,766,41.12721633911133,2.114868402481079,0.6134160757064819,16515.548457737,1.5666964054107666,2.3290657997131348,0.6356005072593689,3.1173360347747803,737,2.4696848392486572,36.26667785644531,55.399776458740234,2.9557571411132812,1776944713.9012222,0.3643994927406311,,,,,,,,,,,,,,,,,,,,,,,,,,,,,,,,,,,,,,,,,,,,,,,,,,,,,,,,,,,,,,,,,,,,,,,,,,,,,,,,,
20.381677627563477,110849,1.3600367307662964,767,40.83024978637695,2.099719524383545,0.6134295463562012,16531.459070932,1.5671552419662476,2.317690372467041,0.6347558498382568,3.085317611694336,738,2.415733814239502,35.50762939453125,55.40755844116211,2.9261226654052734,1776944729.811604,0.36524415016174316,,,,,,,,,,,,,,,,,,,,,,,,,,,,,,,,,,,,,,,,,,,,,,,,,,,,,,,,,,,,,,,,,,,,,,,,,,,,,,,,,
20.634910583496094,110999,1.3860418796539307,768,40.97391128540039,2.131134033203125,0.6087231040000916,16547.447192448,1.5754916667938232,2.3556156158447266,0.6315154433250427,3.140568971633911,739,2.4541664123535156,35.24585723876953,55.41539764404297,2.956968069076538,1776944745.7997317,0.3684845268726349,,,,,,,,,,,,,,,,,,,,,,,,,,,,,,,,,,,,,,,,,,,,,,,,,,,,,,,,,,,,,,,,,,,,,,,,,,,,,,,,,
20.511394500732422,111149,1.3681038618087769,769,40.655418395996094,2.0983924865722656,0.6117306351661682,16563.362567146,1.5684025287628174,2.315077304840088,0.634724497795105,3.1014838218688965,740,2.441929817199707,35.33186340332031,55.42100524902344,2.925821542739868,1776944761.7153883,0.3652755916118622,,,,,,,,,,,,,,,,,,,,,,,,,,,,,,,,,,,,,,,,,,,,,,,,,,,,,,,,,,,,,,,,,,,,,,,,,,,,,,,,,
20.501995086669922,111299,1.3731480836868286,770,41.32077407836914,2.1239023208618164,0.6106879711151123,16579.373823076,1.5712316036224365,2.351325750350952,0.6332584619522095,3.113037347793579,741,2.4634575843811035,36.39692306518555,55.42802047729492,2.9552206993103027,1776944777.7261477,0.3667415380477905,,,,,,,,,,,,,,,,,,,,,,,,,,,,,,,,,,,,,,,,,,,,,,,,,,,,,,,,,,,,,,,,,,,,,,,,,,,,,,,,,
20.749324798583984,111449,1.3709697723388672,771,41.08707046508789,2.11944580078125,0.6118594408035278,16595.163173969,1.5704752206802368,2.3419573307037354,0.6357506513595581,3.1061887741088867,742,2.4522998332977295,35.75651931762695,55.43777084350586,2.9516923427581787,1776944793.5154312,0.36424925923347473,,,,,,,,,,,,,,,,,,,,,,,,,,,,,,,,,,,,,,,,,,,,,,,,,,,,,,,,,,,,,,,,,,,,,,,,,,,,,,,,,
20.891216278076172,111599,1.3702383041381836,772,41.050323486328125,2.1260385513305664,0.6118068099021912,16611.264529638,1.5647351741790771,2.3324601650238037,0.6346505284309387,3.1058266162872314,743,2.48081111907959,35.72481155395508,55.4449577331543,2.9606940746307373,1776944809.6172824,0.3653496205806732,,,,,,,,,,,,,,,,,,,,,,,,,,,,,,,,,,,,,,,,,,,,,,,,,,,,,,,,,,,,,,,,,,,,,,,,,,,,,,,,,
20.86003875732422,111749,1.3791251182556152,773,41.26027297973633,2.144087314605713,0.6088519096374512,16627.14414649,1.5719791650772095,2.353609085083008,0.6344498991966248,3.12380051612854,744,2.4779016971588135,36.09467315673828,55.45271301269531,2.9660263061523438,1776944825.4968388,0.36555010080337524,,,,,,,,,,,,,,,,,,,,,,,,,,,,,,,,,,,,,,,,,,,,,,,,,,,,,,,,,,,,,,,,,,,,,,,,,,,,,,,,,
20.791383743286133,111899,1.374623417854309,774,41.316978454589844,2.1279213428497314,0.6138504147529602,16643.112134562,1.5685768127441406,2.3420276641845703,0.6338023543357849,3.1154448986053467,745,2.4812164306640625,36.43134689331055,55.45846176147461,2.955092430114746,1776944841.4643354,0.36619749665260315,,,,,,,,,,,,,,,,,,,,,,,,,,,,,,,,,,,,,,,,,,,,,,,,,,,,,,,,,,,,,,,,,,,,,,,,,,,,,,,,,
20.625255584716797,112049,1.355173110961914,775,40.73878479003906,2.1082756519317627,0.6102969646453857,16658.949678988,1.5671863555908203,2.321213960647583,0.6325757503509521,3.077770233154297,746,2.435631275177002,35.103355407714844,55.4621467590332,2.9295523166656494,1776944857.3024874,0.3674241900444031,,,,,,,,,,,,,,,,,,,,,,,,,,,,,,,,,,,,,,,,,,,,,,,,,,,,,,,,,,,,,,,,,,,,,,,,,,,,,,,,,
20.609210968017578,112199,1.372511386871338,776,40.7529182434082,2.117197275161743,0.6090214252471924,16674.893375254,1.5704982280731201,2.331718683242798,0.634527862071991,3.110495090484619,747,2.4518070220947266,34.9759407043457,55.4722900390625,2.9404234886169434,1776944873.246135,0.36547204852104187,,,,,,,,,,,,,,,,,,,,,,,,,,,,,,,,,,,,,,,,,,,,,,,,,,,,,,,,,,,,,,,,,,,,,,,,,,,,,,,,,
20.520347595214844,112349,1.3700722455978394,777,40.77705383300781,2.104031801223755,0.6130064725875854,16690.878669242,1.5655032396316528,2.3226828575134277,0.6349472403526306,3.1051979064941406,748,2.4237632751464844,35.11423873901367,55.48472213745117,2.9361343383789062,1776944889.2308054,0.36505284905433655,,,,,,,,,,,,,,,,,,,,,,,,,,,,,,,,,,,,,,,,,,,,,,,,,,,,,,,,,,,,,,,,,,,,,,,,,,,,,,,,,
,112499,,778,,,,16864.760363527,,,,,749,,,,,1776945063.105154,,0.14553667604923248,0.7745712399482727,0.9972512125968933,17.48341178894043,5107119104.0,127.165283203125,136.57904052734375,0.8273768424987793,5.564093589782715,0.5090062618255615,0.6113057136535645,0.5927947759628296,0.8958954811096191,0.8147746920585632,0.03544493764638901,936.3270263671875,0.7549980878829956,0.01499914936721325,0.6647107601165771,0.18998977541923523,0.3336844742298126,0.0035437496844679117,0.9953250288963318,0.5973201990127563,0.1406562477350235,997.4541625976562,1795.888916015625,5.0,0.677216649055481,0.26411405205726624,0.015131250023841858,0.83057701587677,17.48341178894043,0.15240706503391266,981.9320678710938,0.9004092216491699,5.564093589782715,0.7424867749214172,0.17726251482963562,4.306252479553223,6.5770956389488155e-15,0.9927126169204712,0.7095674276351929,0.975031316280365,0.5019688010215759,0.004968749824911356,0.33445000648498535,0.7490406036376953,0.7667196393013,0.8653188943862915,1.579265147474973e-14,0.899912416934967,356.9612121582031,0.6603624820709229,1912.0594482421875,0.7743788361549377,0.3815250098705292,1912.0594482421875,0.153542622923851,919.4783935546875,0.941127598285675,0.009793750010430813,0.6573259234428406,1795.888916015625,4.2558465003967285,0.899912416934967,0.024143561720848083,0.009643749333918095,0.9501628875732422,0.6345258355140686,43.50790023803711,0.011844819411635399,0.08750946819782257,12.541242599487305,10.207757949829102,0.7136645317077637,0.32781875133514404,13.523039817810059,42.239871978759766,329.2276611328125,0.026924999430775642
20.62152671813965,112499,1.375301718711853,779,41.00676727294922,2.1153769493103027,0.6110134720802307,16866.676312944,1.5705944299697876,2.335570812225342,0.633482813835144,3.117119789123535,749,2.4684062004089355,35.73389434814453,55.489830017089844,2.9578588008880615,1776945065.0267956,0.36651715636253357,,,,,,,,,,,,,,,,,,,,,,,,,,,,,,,,,,,,,,,,,,,,,,,,,,,,,,,,,,,,,,,,,,,,,,,,,,,,,,,,,
20.49544906616211,112649,1.3634328842163086,780,40.888309478759766,2.1071534156799316,0.6105025410652161,16881.300913691,1.5675321817398071,2.323024272918701,0.6344729661941528,3.092392683029175,750,2.451674699783325,35.726802825927734,55.49327087402344,2.937558889389038,1776945079.6534328,0.36552706360816956,,,,,,,,,,,,,,,,,,,,,,,,,,,,,,,,,,,,,,,,,,,,,,,,,,,,,,,,,,,,,,,,,,,,,,,,,,,,,,,,,
20.672584533691406,112799,1.3621206283569336,781,41.30272674560547,2.1075387001037598,0.6157134771347046,16897.127587234,1.5664458274841309,2.318131923675537,0.6344446539878845,3.089796781539917,751,2.4421703815460205,36.744903564453125,55.49965286254883,2.935112237930298,1776945095.4801369,0.3655553460121155,,,,,,,,,,,,,,,,,,,,,,,,,,,,,,,,,,,,,,,,,,,,,,,,,,,,,,,,,,,,,,,,,,,,,,,,,,,,,,,,,
20.585023880004883,112949,1.3681713342666626,782,40.8951301574707,2.1165614128112793,0.6126281023025513,16913.116842171,1.5677683353424072,2.328857660293579,0.6341937184333801,3.10214900970459,752,2.4094932079315186,35.102386474609375,55.50887680053711,2.9354429244995117,1776945111.469382,0.36580631136894226,,,,,,,,,,,,,,,,,,,,,,,,,,,,,,,,,,,,,,,,,,,,,,,,,,,,,,,,,,,,,,,,,,,,,,,,,,,,,,,,,
20.43059730529785,113099,1.3561453819274902,783,41.060508728027344,2.0948636531829834,0.6122697591781616,16928.999230196,1.5666431188583374,2.318998098373413,0.6354259252548218,3.07686448097229,753,2.468331813812256,36.26751708984375,55.51295471191406,2.9401283264160156,1776945127.3519979,0.3645741045475006,,,,,,,,,,,,,,,,,,,,,,,,,,,,,,,,,,,,,,,,,,,,,,,,,,,,,,,,,,,,,,,,,,,,,,,,,,,,,,,,,
20.554832458496094,113249,1.37010657787323,784,41.15863800048828,2.116145610809326,0.6109473705291748,16944.979367768,1.567729115486145,2.337562084197998,0.634067177772522,3.1061460971832275,754,2.45835280418396,35.92638397216797,55.52422332763672,2.9514541625976562,1776945143.3317778,0.3659329414367676,,,,,,,,,,,,,,,,,,,,,,,,,,,,,,,,,,,,,,,,,,,,,,,,,,,,,,,,,,,,,,,,,,,,,,,,,,,,,,,,,
20.59903907775879,113399,1.3683444261550903,785,40.89737319946289,2.1153059005737305,0.6085837483406067,16960.744508192,1.5722379684448242,2.33590030670166,0.6349445581436157,3.1017444133758545,755,2.4592015743255615,35.48846435546875,55.5341682434082,2.945864677429199,1776945159.0972226,0.3650554120540619,,,,,,,,,,,,,,,,,,,,,,,,,,,,,,,,,,,,,,,,,,,,,,,,,,,,,,,,,,,,,,,,,,,,,,,,,,,,,,,,,
20.5366268157959,113549,1.363288402557373,786,41.090789794921875,2.108755588531494,0.612302839756012,16976.345070947,1.5704514980316162,2.3313496112823486,0.633558452129364,3.0930187702178955,756,2.44023060798645,36.01233673095703,55.539588928222656,2.9388794898986816,1776945174.6978,0.36644163727760315,,,,,,,,,,,,,,,,,,,,,,,,,,,,,,,,,,,,,,,,,,,,,,,,,,,,,,,,,,,,,,,,,,,,,,,,,,,,,,,,,
20.322494506835938,113699,1.3690565824508667,787,41.01817321777344,2.1012749671936035,0.6099618077278137,16992.280182464,1.568182110786438,2.3284590244293213,0.6343080401420593,3.1038053035736084,757,2.475822687149048,36.16689682006836,55.54308319091797,2.9463274478912354,1776945190.6324306,0.3656919300556183,,,,,,,,,,,,,,,,,,,,,,,,,,,,,,,,,,,,,,,,,,,,,,,,,,,,,,,,,,,,,,,,,,,,,,,,,,,,,,,,,
20.463624954223633,113849,1.380806803703308,788,40.787681579589844,2.115305185317993,0.610696017742157,17008.055776147,1.5727499723434448,2.3502533435821533,0.6330011487007141,3.128612995147705,758,2.4367103576660156,34.58000183105469,55.55100631713867,2.953348398208618,1776945206.408516,0.3669988512992859,,,,,,,,,,,,,,,,,,,,,,,,,,,,,,,,,,,,,,,,,,,,,,,,,,,,,,,,,,,,,,,,,,,,,,,,,,,,,,,,,
20.552396774291992,113999,1.382846474647522,789,41.010765075683594,2.119572877883911,0.6091802716255188,17024.020446006,1.574796438217163,2.353682041168213,0.6349015831947327,3.130791425704956,759,2.4157633781433105,35.178619384765625,55.557796478271484,2.9511992931365967,1776945222.3726156,0.3650985062122345,,,,,,,,,,,,,,,,,,,,,,,,,,,,,,,,,,,,,,,,,,,,,,,,,,,,,,,,,,,,,,,,,,,,,,,,,,,,,,,,,
20.855613708496094,114149,1.3881033658981323,790,41.067501068115234,2.1406455039978027,0.6068496704101562,17039.823718794,1.573339819908142,2.357947587966919,0.6331856846809387,3.1430211067199707,760,2.445505380630493,35.33966064453125,55.568172454833984,2.962855100631714,1776945238.1758528,0.3668142557144165,,,,,,,,,,,,,,,,,,,,,,,,,,,,,,,,,,,,,,,,,,,,,,,,,,,,,,,,,,,,,,,,,,,,,,,,,,,,,,,,,
20.627696990966797,114299,1.3697060346603394,791,40.84619903564453,2.115579605102539,0.6125739812850952,17055.787574436,1.568932294845581,2.325728416442871,0.6358263492584229,3.103585958480835,761,2.4476165771484375,35.626800537109375,55.578243255615234,2.9383187294006348,1776945254.1398811,0.3641735911369324,,,,,,,,,,,,,,,,,,,,,,,,,,,,,,,,,,,,,,,,,,,,,,,,,,,,,,,,,,,,,,,,,,,,,,,,,,,,,,,,,
20.72686195373535,114449,1.380730152130127,792,41.263519287109375,2.126901626586914,0.6105518341064453,17071.540572605,1.5702389478683472,2.3503527641296387,0.6337484121322632,3.1277122497558594,762,2.472186803817749,36.15418243408203,55.58380889892578,2.9640960693359375,1776945269.8932085,0.36625170707702637,,,,,,,,,,,,,,,,,,,,,,,,,,,,,,,,,,,,,,,,,,,,,,,,,,,,,,,,,,,,,,,,,,,,,,,,,,,,,,,,,
20.59235191345215,114599,1.3638224601745605,793,41.383201599121094,2.1107287406921387,0.6124488711357117,17087.468913917,1.5682969093322754,2.3343098163604736,0.6349763870239258,3.092668056488037,763,2.4654147624969482,36.61869812011719,55.58872985839844,2.9461607933044434,1776945285.8215718,0.3650236427783966,,,,,,,,,,,,,,,,,,,,,,,,,,,,,,,,,,,,,,,,,,,,,,,,,,,,,,,,,,,,,,,,,,,,,,,,,,,,,,,,,
20.567150115966797,114749,1.3717156648635864,794,41.08408737182617,2.1093997955322266,0.6139761805534363,17103.337499145,1.5669044256210327,2.3230173587799072,0.6337565779685974,3.1096744537353516,764,2.431825637817383,36.19273376464844,55.59395217895508,2.9400017261505127,1776945301.6898487,0.366243451833725,,,,,,,,,,,,,,,,,,,,,,,,,,,,,,,,,,,,,,,,,,,,,,,,,,,,,,,,,,,,,,,,,,,,,,,,,,,,,,,,,
20.435121536254883,114899,1.3665565252304077,795,41.11681365966797,2.1088716983795166,0.610764741897583,17119.341871406,1.5685193538665771,2.337109327316284,0.635411262512207,3.0977022647857666,765,2.453007698059082,35.89474105834961,55.601409912109375,2.9428513050079346,1776945317.694547,0.36458873748779297,,,,,,,,,,,,,,,,,,,,,,,,,,,,,,,,,,,,,,,,,,,,,,,,,,,,,,,,,,,,,,,,,,,,,,,,,,,,,,,,,
20.622760772705078,115049,1.3713836669921875,796,40.9422492980957,2.1213228702545166,0.6094291806221008,17135.222368227,1.572160005569458,2.337864637374878,0.6331475377082825,3.1096198558807373,766,2.4686777591705322,35.7185173034668,55.61039733886719,2.9489328861236572,1776945333.5751054,0.36685246229171753,,,,,,,,,,,,,,,,,,,,,,,,,,,,,,,,,,,,,,,,,,,,,,,,,,,,,,,,,,,,,,,,,,,,,,,,,,,,,,,,,
20.689041137695312,115199,1.374045729637146,797,41.054832458496094,2.121467113494873,0.6087470054626465,17151.267643222,1.5718964338302612,2.351557731628418,0.6341299414634705,3.113961696624756,767,2.4360620975494385,35.45322799682617,55.61614227294922,2.9450409412384033,1776945349.6202621,0.3658701479434967,,,,,,,,,,,,,,,,,,,,,,,,,,,,,,,,,,,,,,,,,,,,,,,,,,,,,,,,,,,,,,,,,,,,,,,,,,,,,,,,,
20.51826286315918,115349,1.3740496635437012,798,40.96492385864258,2.119028329849243,0.6099820733070374,17167.179750344,1.5721920728683472,2.341660737991333,0.6354681253433228,3.1126315593719482,768,2.459470748901367,35.84103775024414,55.61822509765625,2.946606159210205,1776945365.5323396,0.364531934261322,,,,,,,,,,,,,,,,,,,,,,,,,,,,,,,,,,,,,,,,,,,,,,,,,,,,,,,,,,,,,,,,,,,,,,,,,,,,,,,,,
20.552095413208008,115499,1.3763694763183594,799,41.34842300415039,2.1246511936187744,0.6084172129631042,17183.180846415,1.5681843757629395,2.355372667312622,0.6350939869880676,3.117645263671875,769,2.45468807220459,36.261478424072266,55.629520416259766,2.962766647338867,1776945381.5336661,0.36490607261657715,,,,,,,,,,,,,,,,,,,,,,,,,,,,,,,,,,,,,,,,,,,,,,,,,,,,,,,,,,,,,,,,,,,,,,,,,,,,,,,,,
20.86381721496582,115649,1.370428442955017,800,41.2597770690918,2.1301186084747314,0.6103823781013489,17198.919809871,1.5709120035171509,2.3477513790130615,0.6344934105873108,3.106363296508789,770,2.4492955207824707,36.03305435180664,55.63683319091797,2.946882724761963,1776945397.2721097,0.36550650000572205,,,,,,,,,,,,,,,,,,,,,,,,,,,,,,,,,,,,,,,,,,,,,,,,,,,,,,,,,,,,,,,,,,,,,,,,,,,,,,,,,
20.549741744995117,115799,1.363275170326233,801,40.9359130859375,2.1131436824798584,0.6078068614006042,17214.896847052,1.5724607706069946,2.3407013416290283,0.6348297595977783,3.0917210578918457,771,2.4468188285827637,35.84857940673828,55.641056060791016,2.9334003925323486,1776945413.249839,0.36517009139060974,,,,,,,,,,,,,,,,,,,,,,,,,,,,,,,,,,,,,,,,,,,,,,,,,,,,,,,,,,,,,,,,,,,,,,,,,,,,,,,,,
20.307308197021484,115949,1.3803881406784058,802,41.09107208251953,2.1091697216033936,0.6122857928276062,17230.759493878,1.568432092666626,2.339355230331421,0.6312903761863708,3.1294853687286377,772,2.4877779483795166,35.596248626708984,55.6497917175293,2.970639944076538,1776945429.1117916,0.36870962381362915,,,,,,,,,,,,,,,,,,,,,,,,,,,,,,,,,,,,,,,,,,,,,,,,,,,,,,,,,,,,,,,,,,,,,,,,,,,,,,,,,
20.636573791503906,116099,1.3707377910614014,803,41.03167724609375,2.1211087703704834,0.6068068146705627,17246.690275223,1.5707539319992065,2.345533609390259,0.6345484852790833,3.1069271564483643,773,2.4852986335754395,35.44232177734375,55.65473556518555,2.9590563774108887,1776945445.0430794,0.36545148491859436,,,,,,,,,,,,,,,,,,,,,,,,,,,,,,,,,,,,,,,,,,,,,,,,,,,,,,,,,,,,,,,,,,,,,,,,,,,,,,,,,
,116249,,804,,,,17419.310289952,,,,,774,,,,,1776945617.6550522,,0.153638556599617,0.7742067575454712,0.9972366094589233,12.946760177612305,2102087936.0,131.15631103515625,141.14500427246094,0.8450298309326172,5.579313278198242,0.4927937686443329,0.6018256545066833,0.5768975019454956,0.8863722085952759,0.8182379007339478,0.03522520139813423,966.0498046875,0.7501962780952454,0.01507890410721302,0.6432018280029297,0.18961681425571442,0.3383464217185974,0.0031312499195337296,0.9953312277793884,0.5969682931900024,0.13529999554157257,1034.2012939453125,1853.146240234375,5.0,0.6528856158256531,0.2584334909915924,0.014318750239908695,0.8404033780097961,12.946760177612305,0.15177221596240997,1014.8325805664062,0.9027503728866577,5.579313278198242,0.7372603416442871,0.17626875638961792,4.484737396240234,-1.2893278025088994e-14,0.9959797859191895,0.7071250677108765,0.9752436876296997,0.49768751859664917,0.0048062498681247234,0.33115625381469727,0.7357494235038757,0.7569187879562378,0.8689624071121216,6.7972971001806215e-15,0.8994937539100647,369.43963623046875,0.6594250202178955,1975.176025390625,0.7761800289154053,0.37853747606277466,1975.176025390625,0.15422366559505463,949.4570922851562,0.9436920881271362,0.009356250055134296,0.6455885767936707,1853.146240234375,4.455157279968262,0.8994937539100647,0.024248840287327766,0.008799999952316284,0.9417189359664917,0.6306177973747253,45.02646255493164,0.011941133998334408,0.08509930223226547,12.222028732299805,11.232341766357422,0.7090558409690857,0.31319376826286316,13.445006370544434,43.359745025634766,341.1416320800781,0.02549375221133232
20.62850570678711,116249,1.3852324485778809,805,40.88225555419922,2.125797748565674,0.6091759204864502,17420.806940834,1.5731624364852905,2.350491762161255,0.6336286067962646,3.136836051940918,774,2.460757255554199,35.22267532348633,55.66012954711914,2.9579551219940186,1776945619.1585145,0.36637142300605774,,,,,,,,,,,,,,,,,,,,,,,,,,,,,,,,,,,,,,,,,,,,,,,,,,,,,,,,,,,,,,,,,,,,,,,,,,,,,,,,,
20.653011322021484,116399,1.376072645187378,806,40.9973030090332,2.1258487701416016,0.6077803373336792,17435.648737837,1.5735397338867188,2.346421718597412,0.6347370743751526,3.117408514022827,775,2.474918842315674,35.66506576538086,55.670921325683594,2.959404230117798,1776945634.0008214,0.3652629256248474,,,,,,,,,,,,,,,,,,,,,,,,,,,,,,,,,,,,,,,,,,,,,,,,,,,,,,,,,,,,,,,,,,,,,,,,,,,,,,,,,
20.776325225830078,116549,1.368970513343811,807,41.172760009765625,2.1285603046417236,0.6070291996002197,17451.751614728,1.5737981796264648,2.356213092803955,0.6353946924209595,3.102546453475952,776,2.418994188308716,35.93855667114258,55.67689514160156,2.9360742568969727,1776945650.10441,0.3646053075790405,,,,,,,,,,,,,,,,,,,,,,,,,,,,,,,,,,,,,,,,,,,,,,,,,,,,,,,,,,,,,,,,,,,,,,,,,,,,,,,,,
20.470829010009766,116699,1.3732928037643433,808,41.22000503540039,2.11479115486145,0.6130905747413635,17467.505065083,1.5716561079025269,2.3389320373535156,0.6341076493263245,3.1124777793884277,777,2.464817762374878,36.51087951660156,55.68294143676758,2.957406520843506,1776945665.8573432,0.36589232087135315,,,,,,,,,,,,,,,,,,,,,,,,,,,,,,,,,,,,,,,,,,,,,,,,,,,,,,,,,,,,,,,,,,,,,,,,,,,,,,,,,
20.526517868041992,116849,1.3713538646697998,809,41.09404373168945,2.107081890106201,0.6120774745941162,17483.519354443,1.567349910736084,2.328610897064209,0.6347572803497314,3.107950448989868,778,2.465305805206299,36.142906188964844,55.69086837768555,2.9441771507263184,1776945681.872196,0.36524271965026855,,,,,,,,,,,,,,,,,,,,,,,,,,,,,,,,,,,,,,,,,,,,,,,,,,,,,,,,,,,,,,,,,,,,,,,,,,,,,,,,,
20.764724731445312,116999,1.3739432096481323,810,41.05008316040039,2.127060651779175,0.6081666946411133,17499.350481557,1.574001669883728,2.3498587608337402,0.6341699957847595,3.113715410232544,779,2.4445056915283203,35.7857666015625,55.7003288269043,2.9483320713043213,1776945697.7028568,0.3658299446105957,,,,,,,,,,,,,,,,,,,,,,,,,,,,,,,,,,,,,,,,,,,,,,,,,,,,,,,,,,,,,,,,,,,,,,,,,,,,,,,,,
20.57932472229004,117149,1.3699408769607544,811,41.00193786621094,2.127206802368164,0.6090057492256165,17515.30583921,1.5739634037017822,2.3479998111724854,0.6360990405082703,3.103782892227173,780,2.4576382637023926,35.636634826660156,55.7071418762207,2.9499478340148926,1776945713.6581738,0.3639009892940521,,,,,,,,,,,,,,,,,,,,,,,,,,,,,,,,,,,,,,,,,,,,,,,,,,,,,,,,,,,,,,,,,,,,,,,,,,,,,,,,,
20.415273666381836,117299,1.3705060482025146,812,41.133262634277344,2.1242690086364746,0.6103480458259583,17531.110023745,1.5682955980300903,2.339829683303833,0.6349095702171326,3.106102466583252,781,2.4497663974761963,35.83346939086914,55.71183776855469,2.947164297103882,1776945729.4626627,0.3650904595851898,,,,,,,,,,,,,,,,,,,,,,,,,,,,,,,,,,,,,,,,,,,,,,,,,,,,,,,,,,,,,,,,,,,,,,,,,,,,,,,,,
20.751184463500977,117449,1.3713244199752808,813,41.40449905395508,2.139514923095703,0.6111592054367065,17547.129207678,1.5696899890899658,2.3476483821868896,0.63545823097229,3.1071903705596924,782,2.4774961471557617,36.349666595458984,55.71704864501953,2.9573638439178467,1776945745.4817986,0.3645419180393219,,,,,,,,,,,,,,,,,,,,,,,,,,,,,,,,,,,,,,,,,,,,,,,,,,,,,,,,,,,,,,,,,,,,,,,,,,,,,,,,,
20.653810501098633,117599,1.3710317611694336,814,41.223350524902344,2.130002498626709,0.6098285913467407,17562.940192771,1.5749372243881226,2.3613579273223877,0.6353728771209717,3.1066904067993164,783,2.44559907913208,35.841609954833984,55.723026275634766,2.9464128017425537,1776945761.2928188,0.3646271228790283,,,,,,,,,,,,,,,,,,,,,,,,,,,,,,,,,,,,,,,,,,,,,,,,,,,,,,,,,,,,,,,,,,,,,,,,,,,,,,,,,
20.586624145507812,117749,1.3741832971572876,815,41.19859313964844,2.1217617988586426,0.6081206798553467,17578.707699313,1.5732921361923218,2.3515872955322266,0.6349896788597107,3.113377332687378,784,2.458045482635498,36.035831451416016,55.72972869873047,2.9505043029785156,1776945777.060516,0.3650103807449341,,,,,,,,,,,,,,,,,,,,,,,,,,,,,,,,,,,,,,,,,,,,,,,,,,,,,,,,,,,,,,,,,,,,,,,,,,,,,,,,,
20.55854606628418,117899,1.3783799409866333,816,41.03153991699219,2.1325314044952393,0.6068140864372253,17594.644467822,1.5737346410751343,2.3603718280792236,0.6330970525741577,3.1236624717712402,785,2.4666080474853516,35.34173583984375,55.73922348022461,2.9585797786712646,1776945792.9971206,0.3669029474258423,,,,,,,,,,,,,,,,,,,,,,,,,,,,,,,,,,,,,,,,,,,,,,,,,,,,,,,,,,,,,,,,,,,,,,,,,,,,,,,,,
20.62059783935547,118049,1.3789364099502563,817,41.11202621459961,2.1163697242736816,0.6088660955429077,17610.364066704,1.5694456100463867,2.3415980339050293,0.632206916809082,3.1256659030914307,786,2.472656011581421,36.0544548034668,55.747535705566406,2.9537744522094727,1776945808.7169805,0.36779314279556274,,,,,,,,,,,,,,,,,,,,,,,,,,,,,,,,,,,,,,,,,,,,,,,,,,,,,,,,,,,,,,,,,,,,,,,,,,,,,,,,,
20.63389778137207,118199,1.3823928833007812,818,41.1144905090332,2.124222993850708,0.6110718250274658,17626.286867695,1.5720587968826294,2.3430662155151367,0.6330114603042603,3.1317741870880127,787,2.439608097076416,36.17580795288086,55.7541389465332,2.9560837745666504,1776945824.6390324,0.36698856949806213,,,,,,,,,,,,,,,,,,,,,,,,,,,,,,,,,,,,,,,,,,,,,,,,,,,,,,,,,,,,,,,,,,,,,,,,,,,,,,,,,
20.621164321899414,118349,1.3776456117630005,819,41.043514251708984,2.135000467300415,0.6051168441772461,17642.070089061,1.573838233947754,2.362091541290283,0.6350371837615967,3.1202542781829834,788,2.453009843826294,35.330745697021484,55.758243560791016,2.965601921081543,1776945840.422556,0.3649628162384033,,,,,,,,,,,,,,,,,,,,,,,,,,,,,,,,,,,,,,,,,,,,,,,,,,,,,,,,,,,,,,,,,,,,,,,,,,,,,,,,,
20.534299850463867,118499,1.3668180704116821,820,40.96520233154297,2.1244499683380127,0.6040356159210205,17658.029322019,1.5777448415756226,2.3560736179351807,0.634648859500885,3.098987340927124,789,2.4472858905792236,35.79397964477539,55.765995025634766,2.941347122192383,1776945856.3820927,0.3653511703014374,,,,,,,,,,,,,,,,,,,,,,,,,,,,,,,,,,,,,,,,,,,,,,,,,,,,,,,,,,,,,,,,,,,,,,,,,,,,,,,,,
20.81905746459961,118649,1.3776105642318726,821,41.3869514465332,2.1289613246917725,0.6072338223457336,17673.753424235,1.5694732666015625,2.3558831214904785,0.6333021521568298,3.1219189167022705,790,2.482771873474121,36.52900695800781,55.774715423583984,2.963675022125244,1776945872.1059508,0.3666977882385254,,,,,,,,,,,,,,,,,,,,,,,,,,,,,,,,,,,,,,,,,,,,,,,,,,,,,,,,,,,,,,,,,,,,,,,,,,,,,,,,,
20.583423614501953,118799,1.379681944847107,822,40.95878601074219,2.1219074726104736,0.6073357462882996,17689.707449991,1.573695421218872,2.350900173187256,0.6353923678398132,3.123971700668335,791,2.4729790687561035,35.312496185302734,55.783203125,2.9605088233947754,1776945888.0601904,0.364607572555542,,,,,,,,,,,,,,,,,,,,,,,,,,,,,,,,,,,,,,,,,,,,,,,,,,,,,,,,,,,,,,,,,,,,,,,,,,,,,,,,,
20.467662811279297,118949,1.3726692199707031,823,41.271949768066406,2.1239020824432373,0.6053003072738647,17705.485327513,1.5775734186172485,2.365191698074341,0.6325586438179016,3.1127798557281494,792,2.455641508102417,36.246463775634766,55.79642105102539,2.955402135848999,1776945903.8380575,0.3674413561820984,,,,,,,,,,,,,,,,,,,,,,,,,,,,,,,,,,,,,,,,,,,,,,,,,,,,,,,,,,,,,,,,,,,,,,,,,,,,,,,,,
20.635393142700195,119099,1.3627901077270508,824,41.206275939941406,2.1056394577026367,0.6105715036392212,17721.413151509,1.569974660873413,2.331289291381836,0.6356923580169678,3.089888095855713,793,2.471346139907837,36.695003509521484,55.80413055419922,2.945033550262451,1776945919.7654045,0.3643076717853546,,,,,,,,,,,,,,,,,,,,,,,,,,,,,,,,,,,,,,,,,,,,,,,,,,,,,,,,,,,,,,,,,,,,,,,,,,,,,,,,,
20.618148803710938,119249,1.371270775794983,825,41.29447555541992,2.1278457641601562,0.6089533567428589,17737.277301548,1.5711222887039185,2.3454301357269287,0.6341183185577393,3.1084227561950684,794,2.456725597381592,36.384639739990234,55.81349563598633,2.9609241485595703,1776945935.6301374,0.36588171124458313,,,,,,,,,,,,,,,,,,,,,,,,,,,,,,,,,,,,,,,,,,,,,,,,,,,,,,,,,,,,,,,,,,,,,,,,,,,,,,,,,
20.608366012573242,119399,1.364300012588501,826,40.90127944946289,2.11263370513916,0.6094140410423279,17753.264891558,1.5706098079681396,2.3342154026031494,0.6355686187744141,3.093031883239746,795,2.4260082244873047,35.64141845703125,55.8187141418457,2.9310555458068848,1776945951.6177442,0.3644314408302307,,,,,,,,,,,,,,,,,,,,,,,,,,,,,,,,,,,,,,,,,,,,,,,,,,,,,,,,,,,,,,,,,,,,,,,,,,,,,,,,,
20.894744873046875,119549,1.3750160932540894,827,40.95166015625,2.1338953971862793,0.6075888276100159,17769.093171602,1.573136568069458,2.349905252456665,0.6344438791275024,3.1155879497528076,796,2.4567463397979736,35.461181640625,55.824337005615234,2.951724052429199,1776945967.4457567,0.3655560612678528,,,,,,,,,,,,,,,,,,,,,,,,,,,,,,,,,,,,,,,,,,,,,,,,,,,,,,,,,,,,,,,,,,,,,,,,,,,,,,,,,
20.476388931274414,119699,1.3793354034423828,828,41.20154571533203,2.124485731124878,0.6094180941581726,17785.034254623,1.5705307722091675,2.350191831588745,0.6352709531784058,3.1233999729156494,797,2.464085102081299,36.022762298583984,55.83631896972656,2.9648711681365967,1776945983.3864548,0.3647290766239166,,,,,,,,,,,,,,,,,,,,,,,,,,,,,,,,,,,,,,,,,,,,,,,,,,,,,,,,,,,,,,,,,,,,,,,,,,,,,,,,,
20.763200759887695,119849,1.3757814168930054,829,41.49610137939453,2.1373519897460938,0.6090908050537109,17800.816894687,1.574414849281311,2.369232654571533,0.6372399926185608,3.1143229007720947,798,2.4468319416046143,36.354652404785156,55.844024658203125,2.9574997425079346,1776945999.1695142,0.3627600371837616,,,,,,,,,,,,,,,,,,,,,,,,,,,,,,,,,,,,,,,,,,,,,,,,,,,,,,,,,,,,,,,,,,,,,,,,,,,,,,,,,
,119999,,830,,,,17974.50110042,,,,,799,,,,,1776946172.8459132,,0.14956547319889069,0.7728587985038757,0.9972425699234009,13.554854393005371,13096802304.0,129.00018310546875,139.01930236816406,0.8432214856147766,5.577798843383789,0.5101562142372131,0.597629725933075,0.5833375453948975,0.8800555467605591,0.8055621981620789,0.035339221358299255,951.7417602539062,0.7519122958183289,0.015086701139807701,0.6521907448768616,0.1869756281375885,0.32972589135169983,0.0035187494941055775,0.9953125715255737,0.6018374562263489,0.1426687389612198,1019.3584594726562,1828.7177734375,5.0,0.6704418063163757,0.26252371072769165,0.014962500892579556,0.8406647443771362,13.554854393005371,0.14729292690753937,1000.9346313476562,0.9013893008232117,5.577798843383789,0.739291787147522,0.17626875638961792,4.38168478012085,-8.30900018927716e-15,0.9917014837265015,0.7152485847473145,0.9755000472068787,0.5001000761985779,0.004781249910593033,0.331074982881546,0.752503514289856,0.756736159324646,0.8701770901679993,1.4300897705626925e-14,0.8997187614440918,364.7581787109375,0.6601124405860901,1944.2196044921875,0.7847248315811157,0.38036251068115234,1944.2196044921875,0.1546715348958969,936.1947631835938,0.94251948595047,0.009893749840557575,0.6567227840423584,1828.7177734375,4.315669536590576,0.8997187614440918,0.024213386699557304,0.009743750095367432,0.9285396337509155,0.6278954744338989,44.27114486694336,0.011935054324567318,0.08657743781805038,12.304198265075684,10.881219863891602,0.7061964869499207,0.32877495884895325,13.369423866271973,42.74925231933594,336.5458679199219,0.026862500235438347
20.727216720581055,119999,1.3709298372268677,831,41.1638298034668,2.1223199367523193,0.6070796847343445,17976.343198951,1.5700430870056152,2.345639228820801,0.6354026198387146,3.106457471847534,799,2.479922294616699,36.059539794921875,55.85005569458008,2.958946704864502,1776946174.6946003,0.3645974397659302,,,,,,,,,,,,,,,,,,,,,,,,,,,,,,,,,,,,,,,,,,,,,,,,,,,,,,,,,,,,,,,,,,,,,,,,,,,,,,,,,
20.5495548248291,120149,1.3741451501846313,832,41.0074462890625,2.1167140007019043,0.6090997457504272,17991.182359446,1.5757226943969727,2.3482606410980225,0.6348847150802612,3.113405227661133,800,2.4537973403930664,35.78313064575195,55.854583740234375,2.952449321746826,1776946189.5349982,0.36511534452438354,,,,,,,,,,,,,,,,,,,,,,,,,,,,,,,,,,,,,,,,,,,,,,,,,,,,,,,,,,,,,,,,,,,,,,,,,,,,,,,,,
20.446298599243164,120299,1.374617338180542,833,41.09665298461914,2.120151996612549,0.608044445514679,18006.972217844,1.5721760988235474,2.3502185344696045,0.6343561410903931,3.114877939224243,801,2.465257167816162,35.930355072021484,55.861167907714844,2.9513134956359863,1776946205.3250453,0.36564382910728455,,,,,,,,,,,,,,,,,,,,,,,,,,,,,,,,,,,,,,,,,,,,,,,,,,,,,,,,,,,,,,,,,,,,,,,,,,,,,,,,,
20.283618927001953,120449,1.3583242893218994,834,40.8497200012207,2.0958094596862793,0.6126304268836975,18022.748146046,1.5632960796356201,2.3110787868499756,0.6356935501098633,3.0809547901153564,802,2.454841375350952,35.51210021972656,55.87018585205078,2.9333062171936035,1776946221.1002178,0.3643065094947815,,,,,,,,,,,,,,,,,,,,,,,,,,,,,,,,,,,,,,,,,,,,,,,,,,,,,,,,,,,,,,,,,,,,,,,,,,,,,,,,,
20.541309356689453,120599,1.3723461627960205,835,41.354530334472656,2.1176438331604004,0.609178900718689,18038.750053185,1.5717568397521973,2.354386329650879,0.6343443393707275,3.11034893989563,803,2.4355316162109375,36.237464904785156,55.87840270996094,2.949176549911499,1776946237.1026835,0.3656556010246277,,,,,,,,,,,,,,,,,,,,,,,,,,,,,,,,,,,,,,,,,,,,,,,,,,,,,,,,,,,,,,,,,,,,,,,,,,,,,,,,,
20.55351448059082,120749,1.3606430292129517,836,40.744300842285156,2.103163003921509,0.613332211971283,18054.875916338,1.5668144226074219,2.3142833709716797,0.6351591944694519,3.0861263275146484,804,2.4407122135162354,35.59324645996094,55.885250091552734,2.9316351413726807,1776946253.2286122,0.3648408055305481,,,,,,,,,,,,,,,,,,,,,,,,,,,,,,,,,,,,,,,,,,,,,,,,,,,,,,,,,,,,,,,,,,,,,,,,,,,,,,,,,
20.585758209228516,120899,1.3631764650344849,837,40.832759857177734,2.1167101860046387,0.6081783175468445,18070.889742998,1.5727858543395996,2.3440816402435303,0.6358925104141235,3.0904605388641357,805,2.460872173309326,35.335628509521484,55.88935852050781,2.9526920318603516,1776946269.2419412,0.3641074299812317,,,,,,,,,,,,,,,,,,,,,,,,,,,,,,,,,,,,,,,,,,,,,,,,,,,,,,,,,,,,,,,,,,,,,,,,,,,,,,,,,
20.394636154174805,121049,1.3697350025177002,838,40.72736358642578,2.1171481609344482,0.6076648235321045,18086.869780944,1.5753686428070068,2.337531328201294,0.634016752243042,3.1054534912109375,806,2.476036548614502,35.6634407043457,55.895545959472656,2.9568092823028564,1776946285.2222967,0.36598318815231323,,,,,,,,,,,,,,,,,,,,,,,,,,,,,,,,,,,,,,,,,,,,,,,,,,,,,,,,,,,,,,,,,,,,,,,,,,,,,,,,,
20.490795135498047,121199,1.3702560663223267,839,40.95458984375,2.1151785850524902,0.6124206781387329,18102.786962037,1.5701110363006592,2.3296806812286377,0.6353573203086853,3.1051552295684814,807,2.463197708129883,35.77751159667969,55.903812408447266,2.953326463699341,1776946301.1397061,0.3646427094936371,,,,,,,,,,,,,,,,,,,,,,,,,,,,,,,,,,,,,,,,,,,,,,,,,,,,,,,,,,,,,,,,,,,,,,,,,,,,,,,,,
20.45306968688965,121349,1.3768224716186523,840,40.978763580322266,2.119630813598633,0.6109208464622498,18118.695960616,1.571920394897461,2.351323366165161,0.635499894618988,3.118145227432251,808,2.4082086086273193,35.056880950927734,55.910682678222656,2.948057174682617,1776946317.0481672,0.3645000457763672,,,,,,,,,,,,,,,,,,,,,,,,,,,,,,,,,,,,,,,,,,,,,,,,,,,,,,,,,,,,,,,,,,,,,,,,,,,,,,,,,
20.6920166015625,121499,1.3741999864578247,841,40.66891860961914,2.122880458831787,0.6041919589042664,18134.672435825,1.578550100326538,2.3556466102600098,0.6344813108444214,3.1139180660247803,809,2.442171335220337,34.86744689941406,55.91752243041992,2.9491918087005615,1776946333.0252595,0.365518718957901,,,,,,,,,,,,,,,,,,,,,,,,,,,,,,,,,,,,,,,,,,,,,,,,,,,,,,,,,,,,,,,,,,,,,,,,,,,,,,,,,
20.660303115844727,121649,1.3744075298309326,842,41.30586624145508,2.123857021331787,0.6076913475990295,18150.471531408,1.5750722885131836,2.35951828956604,0.6350301504135132,3.1137852668762207,810,2.4524903297424316,36.26221466064453,55.924922943115234,2.948552131652832,1776946348.823571,0.364969938993454,,,,,,,,,,,,,,,,,,,,,,,,,,,,,,,,,,,,,,,,,,,,,,,,,,,,,,,,,,,,,,,,,,,,,,,,,,,,,,,,,
20.80035972595215,121799,1.376823902130127,843,41.18349075317383,2.1359965801239014,0.6072440147399902,18166.54369227,1.574863314628601,2.3617196083068848,0.6356498599052429,3.1179981231689453,811,2.4518442153930664,36.02968215942383,55.929378509521484,2.954174041748047,1776946364.8965216,0.3643501102924347,,,,,,,,,,,,,,,,,,,,,,,,,,,,,,,,,,,,,,,,,,,,,,,,,,,,,,,,,,,,,,,,,,,,,,,,,,,,,,,,,
20.52523422241211,121949,1.3907289505004883,844,41.075504302978516,2.1344504356384277,0.607427716255188,18182.33491844,1.5750784873962402,2.3671278953552246,0.6344208717346191,3.1470370292663574,812,2.4286415576934814,35.19236373901367,55.93901443481445,2.9659359455108643,1776946380.6875427,0.36557918787002563,,,,,,,,,,,,,,,,,,,,,,,,,,,,,,,,,,,,,,,,,,,,,,,,,,,,,,,,,,,,,,,,,,,,,,,,,,,,,,,,,
20.9896183013916,122099,1.390840768814087,845,41.27714157104492,2.1541025638580322,0.6077969670295715,18198.21493959,1.5760548114776611,2.375105142593384,0.6357260942459106,3.1459553241729736,813,2.4297568798065186,35.5725212097168,55.95005798339844,2.97072172164917,1776946396.5674942,0.36427393555641174,,,,,,,,,,,,,,,,,,,,,,,,,,,,,,,,,,,,,,,,,,,,,,,,,,,,,,,,,,,,,,,,,,,,,,,,,,,,,,,,,
20.51022720336914,122249,1.370671033859253,846,41.044315338134766,2.1217377185821533,0.6085984110832214,18213.976222249,1.5709385871887207,2.3465158939361572,0.6358039379119873,3.1055383682250977,814,2.4485397338867188,35.57370376586914,55.95756912231445,2.950247049331665,1776946412.3290675,0.36419612169265747,,,,,,,,,,,,,,,,,,,,,,,,,,,,,,,,,,,,,,,,,,,,,,,,,,,,,,,,,,,,,,,,,,,,,,,,,,,,,,,,,
20.751544952392578,122399,1.3674473762512207,847,41.089839935302734,2.1234781742095947,0.6103310585021973,18229.969500896,1.5724332332611084,2.3478615283966064,0.6358206868171692,3.099074125289917,815,2.474358320236206,35.78972244262695,55.964298248291016,2.960026741027832,1776946428.322394,0.364179402589798,,,,,,,,,,,,,,,,,,,,,,,,,,,,,,,,,,,,,,,,,,,,,,,,,,,,,,,,,,,,,,,,,,,,,,,,,,,,,,,,,
20.866455078125,122549,1.376441240310669,848,41.124935150146484,2.1444010734558105,0.6096199750900269,18245.684847301,1.5738564729690552,2.3616387844085693,0.6359918117523193,3.1168909072875977,816,2.433852195739746,35.17287063598633,55.967735290527344,2.953835964202881,1776946444.037677,0.36400824785232544,,,,,,,,,,,,,,,,,,,,,,,,,,,,,,,,,,,,,,,,,,,,,,,,,,,,,,,,,,,,,,,,,,,,,,,,,,,,,,,,,
20.99823760986328,122699,1.3700236082077026,849,41.519527435302734,2.1352593898773193,0.6133542656898499,18261.712845784,1.5704729557037354,2.354489326477051,0.6374754309654236,3.102571964263916,817,2.4358646869659424,36.340362548828125,55.976417541503906,2.9574577808380127,1776946460.064874,0.36252450942993164,,,,,,,,,,,,,,,,,,,,,,,,,,,,,,,,,,,,,,,,,,,,,,,,,,,,,,,,,,,,,,,,,,,,,,,,,,,,,,,,,
20.626537322998047,122849,1.3717955350875854,850,40.92013168334961,2.1214816570281982,0.6089629530906677,18277.595173082,1.5708301067352295,2.3455593585968018,0.6354565620422363,3.1081347465515137,818,2.4432449340820312,35.218605041503906,55.98304748535156,2.943971633911133,1776946475.9478283,0.36454352736473083,,,,,,,,,,,,,,,,,,,,,,,,,,,,,,,,,,,,,,,,,,,,,,,,,,,,,,,,,,,,,,,,,,,,,,,,,,,,,,,,,
20.789958953857422,122999,1.3815664052963257,851,41.363590240478516,2.14631986618042,0.6086645126342773,18293.401755574,1.5748035907745361,2.3713533878326416,0.6347579956054688,3.1283750534057617,819,2.4353160858154297,36.096614837646484,55.989768981933594,2.9637043476104736,1776946491.754372,0.36524203419685364,,,,,,,,,,,,,,,,,,,,,,,,,,,,,,,,,,,,,,,,,,,,,,,,,,,,,,,,,,,,,,,,,,,,,,,,,,,,,,,,,
20.90336799621582,123149,1.3758741617202759,852,41.3153190612793,2.1381494998931885,0.6084434986114502,18309.38984902,1.5733299255371094,2.3554394245147705,0.635667622089386,3.1160807609558105,820,2.4578638076782227,36.32154083251953,55.99656295776367,2.959554672241211,1776946507.7425864,0.3643324375152588,,,,,,,,,,,,,,,,,,,,,,,,,,,,,,,,,,,,,,,,,,,,,,,,,,,,,,,,,,,,,,,,,,,,,,,,,,,,,,,,,
20.744421005249023,123299,1.3683347702026367,853,40.97372055053711,2.127410888671875,0.6076008081436157,18325.15599622,1.575991153717041,2.3508167266845703,0.6360122561454773,3.1006574630737305,821,2.4613733291625977,35.65298843383789,56.00397872924805,2.9459404945373535,1776946523.5085042,0.3639877140522003,,,,,,,,,,,,,,,,,,,,,,,,,,,,,,,,,,,,,,,,,,,,,,,,,,,,,,,,,,,,,,,,,,,,,,,,,,,,,,,,,
20.517744064331055,123449,1.36155366897583,854,41.082645416259766,2.11525559425354,0.6102482080459595,18341.133647041,1.5687166452407837,2.3327510356903076,0.6360390186309814,3.0870683193206787,822,2.425795555114746,35.94095993041992,56.0106315612793,2.943100929260254,1776946539.4864414,0.36396095156669617,,,,,,,,,,,,,,,,,,,,,,,,,,,,,,,,,,,,,,,,,,,,,,,,,,,,,,,,,,,,,,,,,,,,,,,,,,,,,,,,,
20.647443771362305,123599,1.3815947771072388,855,41.28913879394531,2.1368184089660645,0.6093168258666992,18356.93198704,1.5710853338241577,2.356570243835449,0.6349155902862549,3.1282737255096436,823,2.4544248580932617,35.956329345703125,56.015750885009766,2.957556962966919,1776946555.284525,0.3650844693183899,,,,,,,,,,,,,,,,,,,,,,,,,,,,,,,,,,,,,,,,,,,,,,,,,,,,,,,,,,,,,,,,,,,,,,,,,,,,,,,,,
,123749,,856,,,,18530.809115799,,,,,824,,,,,1776946729.153425,,0.15108203887939453,0.7758985757827759,0.9971629977226257,15.457130432128906,1988473216.0,130.83287048339844,140.75889587402344,0.8234597444534302,5.622971057891846,0.5115312933921814,0.5926567912101746,0.5735026597976685,0.8719522356987,0.8005453944206238,0.03467269986867905,960.7196655273438,0.7446391582489014,0.015073402784764767,0.6392590999603271,0.18614350259304047,0.32721731066703796,0.0034749996848404408,0.9952874779701233,0.5845879912376404,0.1407187581062317,1029.9520263671875,1841.8153076171875,5.0,0.6598553657531738,0.2572678327560425,0.014937498606741428,0.8258541822433472,15.457130432128906,0.1490260511636734,1010.7719116210938,0.9032349586486816,5.622971057891846,0.731428861618042,0.17643749713897705,4.5754547119140625,-9.728762934146928e-15,0.9956353902816772,0.6998618245124817,0.9753499627113342,0.5013875365257263,0.0052999998442828655,0.3336062431335449,0.7425188422203064,0.7574037313461304,0.8674394488334656,1.2348412223306404e-14,0.8995124101638794,368.80352783203125,0.660937488079071,1965.306396484375,0.7770880460739136,0.3806687593460083,1965.306396484375,0.1546388864517212,944.1978149414062,0.9443472623825073,0.009643749333918095,0.6550073623657227,1841.8153076171875,4.553467750549316,0.8995124101638794,0.024228043854236603,0.009537500329315662,0.9256812334060669,0.6272127032279968,44.97547912597656,0.01189868338406086,0.08451704680919647,12.452078819274902,11.473029136657715,0.6973637342453003,0.326449990272522,13.519807815551758,43.38213348388672,339.4203796386719,0.027187498286366463
20.847965240478516,123749,1.3771077394485474,857,40.88445281982422,2.1294641494750977,0.6055501699447632,18532.543830208,1.575728178024292,2.3506948947906494,0.6319137215614319,3.1223013401031494,824,2.4429848194122314,35.254905700683594,56.02570343017578,2.9553682804107666,1776946730.895856,0.3680863082408905,,,,,,,,,,,,,,,,,,,,,,,,,,,,,,,,,,,,,,,,,,,,,,,,,,,,,,,,,,,,,,,,,,,,,,,,,,,,,,,,,
20.83747673034668,123899,1.383527159690857,858,41.17679977416992,2.148399829864502,0.6054071187973022,18547.102492032,1.5782546997070312,2.3779873847961426,0.6354256272315979,3.1316285133361816,825,2.4451355934143066,35.417266845703125,56.033355712890625,2.9669551849365234,1776946745.4547331,0.36457446217536926,,,,,,,,,,,,,,,,,,,,,,,,,,,,,,,,,,,,,,,,,,,,,,,,,,,,,,,,,,,,,,,,,,,,,,,,,,,,,,,,,
20.990015029907227,124049,1.3862924575805664,859,41.48099899291992,2.1547107696533203,0.606325089931488,18563.235763602,1.582316517829895,2.3795602321624756,0.635500967502594,3.1370842456817627,826,2.498228073120117,36.76820373535156,56.0391731262207,2.9801392555236816,1776946761.588338,0.3644990622997284,,,,,,,,,,,,,,,,,,,,,,,,,,,,,,,,,,,,,,,,,,,,,,,,,,,,,,,,,,,,,,,,,,,,,,,,,,,,,,,,,
20.7644100189209,124199,1.3750195503234863,860,41.1645622253418,2.1353859901428223,0.6099251508712769,18579.08216114,1.5753583908081055,2.352358341217041,0.6352383494377136,3.1148006916046143,827,2.4635822772979736,36.050472259521484,56.04775619506836,2.958723306655884,1776946777.4349034,0.3647616505622864,,,,,,,,,,,,,,,,,,,,,,,,,,,,,,,,,,,,,,,,,,,,,,,,,,,,,,,,,,,,,,,,,,,,,,,,,,,,,,,,,
20.858186721801758,124349,1.3927932977676392,861,41.65745544433594,2.1406564712524414,0.6100437641143799,18595.10413887,1.5723145008087158,2.367936611175537,0.635101318359375,3.1504852771759033,828,2.456599235534668,37.04591751098633,56.056243896484375,2.9696238040924072,1776946793.4566405,0.36489877104759216,,,,,,,,,,,,,,,,,,,,,,,,,,,,,,,,,,,,,,,,,,,,,,,,,,,,,,,,,,,,,,,,,,,,,,,,,,,,,,,,,
20.72222137451172,124499,1.381281852722168,862,41.09516525268555,2.1446163654327393,0.604943037033081,18610.933337756,1.578548550605774,2.366346597671509,0.6358286738395691,3.126734733581543,829,2.4670627117156982,35.542850494384766,56.05992126464844,2.964426040649414,1776946809.2859557,0.3641713857650757,,,,,,,,,,,,,,,,,,,,,,,,,,,,,,,,,,,,,,,,,,,,,,,,,,,,,,,,,,,,,,,,,,,,,,,,,,,,,,,,,
20.746763229370117,124649,1.385845422744751,863,41.38846969604492,2.1422557830810547,0.6079835295677185,18626.878221791,1.5756865739822388,2.3717150688171387,0.6361836194992065,3.135507822036743,830,2.423602819442749,36.12595748901367,56.06825637817383,2.9590842723846436,1776946825.2309494,0.36381641030311584,,,,,,,,,,,,,,,,,,,,,,,,,,,,,,,,,,,,,,,,,,,,,,,,,,,,,,,,,,,,,,,,,,,,,,,,,,,,,,,,,
20.655988693237305,124799,1.3754091262817383,864,41.29825210571289,2.1330254077911377,0.6110697984695435,18642.659930117,1.5757375955581665,2.3568532466888428,0.6350463628768921,3.115772247314453,831,2.4765067100524902,36.23891067504883,56.07693862915039,2.962217330932617,1776946841.012811,0.3649536967277527,,,,,,,,,,,,,,,,,,,,,,,,,,,,,,,,,,,,,,,,,,,,,,,,,,,,,,,,,,,,,,,,,,,,,,,,,,,,,,,,,
20.46647071838379,124949,1.3752399682998657,865,41.08366012573242,2.1144626140594482,0.6124477386474609,18658.414074345,1.5726157426834106,2.3338065147399902,0.6375108957290649,3.112969160079956,832,2.44207763671875,36.15901565551758,56.0865478515625,2.9426040649414062,1776946856.7664297,0.3624890446662903,,,,,,,,,,,,,,,,,,,,,,,,,,,,,,,,,,,,,,,,,,,,,,,,,,,,,,,,,,,,,,,,,,,,,,,,,,,,,,,,,
20.71969223022461,125099,1.375498652458191,866,40.9904670715332,2.125171661376953,0.612115740776062,18674.539905443,1.567860722541809,2.3282034397125244,0.6353214383125305,3.115675687789917,833,2.419858932495117,35.53080368041992,56.09370803833008,2.9499785900115967,1776946872.8921413,0.3646785020828247,,,,,,,,,,,,,,,,,,,,,,,,,,,,,,,,,,,,,,,,,,,,,,,,,,,,,,,,,,,,,,,,,,,,,,,,,,,,,,,,,
20.77056312561035,125249,1.3814301490783691,867,41.19369125366211,2.14292311668396,0.6111699938774109,18690.271299787,1.574049472808838,2.357980966567993,0.6360452771186829,3.1268150806427,834,2.435232162475586,35.5653190612793,56.09674835205078,2.9542341232299805,1776946888.6240888,0.36395466327667236,,,,,,,,,,,,,,,,,,,,,,,,,,,,,,,,,,,,,,,,,,,,,,,,,,,,,,,,,,,,,,,,,,,,,,,,,,,,,,,,,
20.50965118408203,125399,1.3749853372573853,868,41.04070281982422,2.1385746002197266,0.6064453721046448,18706.121703982,1.5803217887878418,2.3754045963287354,0.6361221671104431,3.113848924636841,835,2.484802484512329,35.21493148803711,56.102149963378906,2.969792604446411,1776946904.474497,0.3638778626918793,,,,,,,,,,,,,,,,,,,,,,,,,,,,,,,,,,,,,,,,,,,,,,,,,,,,,,,,,,,,,,,,,,,,,,,,,,,,,,,,,
20.7511043548584,125549,1.3687036037445068,869,41.122283935546875,2.1291344165802,0.608998715877533,18721.902457989,1.5760302543640137,2.3583004474639893,0.6363919973373413,3.101015329360962,836,2.4694478511810303,35.81581497192383,56.10802459716797,2.9568212032318115,1776946920.2551107,0.3636080324649811,,,,,,,,,,,,,,,,,,,,,,,,,,,,,,,,,,,,,,,,,,,,,,,,,,,,,,,,,,,,,,,,,,,,,,,,,,,,,,,,,
20.454580307006836,125699,1.3612275123596191,870,41.17902374267578,2.1105258464813232,0.6109293103218079,18738.074020238,1.5663673877716064,2.3393914699554443,0.6376232504844666,3.084831953048706,837,2.4333958625793457,35.873207092285156,56.11481857299805,2.941279649734497,1776946936.4265702,0.3623768389225006,,,,,,,,,,,,,,,,,,,,,,,,,,,,,,,,,,,,,,,,,,,,,,,,,,,,,,,,,,,,,,,,,,,,,,,,,,,,,,,,,
20.798498153686523,125849,1.3812295198440552,871,41.23217010498047,2.1397922039031982,0.6095050573348999,18753.899940239,1.5725555419921875,2.3648505210876465,0.6363301277160645,3.126128673553467,838,2.426724672317505,35.45652770996094,56.1177864074707,2.9570322036743164,1776946952.252927,0.36366984248161316,,,,,,,,,,,,,,,,,,,,,,,,,,,,,,,,,,,,,,,,,,,,,,,,,,,,,,,,,,,,,,,,,,,,,,,,,,,,,,,,,
20.9528751373291,125999,1.3786700963974,872,41.11221694946289,2.1436400413513184,0.6070111393928528,18769.839417091,1.5783638954162598,2.365185260772705,0.636296808719635,3.1210429668426514,839,2.4416191577911377,35.76955795288086,56.11924362182617,2.9546828269958496,1776946968.191883,0.36370328068733215,,,,,,,,,,,,,,,,,,,,,,,,,,,,,,,,,,,,,,,,,,,,,,,,,,,,,,,,,,,,,,,,,,,,,,,,,,,,,,,,,
21.130823135375977,126149,1.3916032314300537,873,41.02687072753906,2.1581480503082275,0.6077642440795898,18785.616754612,1.5775583982467651,2.3704872131347656,0.635119616985321,3.1480865478515625,840,2.422197103500366,34.938941955566406,56.125526428222656,2.9662256240844727,1776946983.9691944,0.36488038301467896,,,,,,,,,,,,,,,,,,,,,,,,,,,,,,,,,,,,,,,,,,,,,,,,,,,,,,,,,,,,,,,,,,,,,,,,,,,,,,,,,
20.827699661254883,126299,1.3632705211639404,874,41.00060272216797,2.1202423572540283,0.6119987964630127,18801.552970863,1.5662885904312134,2.327889919281006,0.636947751045227,3.089592695236206,841,2.4792377948760986,35.688236236572266,56.1357307434082,2.9530067443847656,1776946999.905973,0.36305221915245056,,,,,,,,,,,,,,,,,,,,,,,,,,,,,,,,,,,,,,,,,,,,,,,,,,,,,,,,,,,,,,,,,,,,,,,,,,,,,,,,,
20.94763946533203,126449,1.38007652759552,875,41.001583099365234,2.1515767574310303,0.6088184118270874,18817.215448278,1.5744664669036865,2.3473992347717285,0.6349987983703613,3.1251535415649414,842,2.4689271450042725,35.74586486816406,56.13896179199219,2.968371629714966,1776947015.5678864,0.3650011718273163,,,,,,,,,,,,,,,,,,,,,,,,,,,,,,,,,,,,,,,,,,,,,,,,,,,,,,,,,,,,,,,,,,,,,,,,,,,,,,,,,
20.96562957763672,126599,1.3884708881378174,876,41.089210510253906,2.145338296890259,0.6095790863037109,18832.949184034,1.5766972303390503,2.351933002471924,0.6357933878898621,3.141148328781128,843,2.492494583129883,36.060855865478516,56.14714431762695,2.9739952087402344,1776947031.3015068,0.36420658230781555,,,,,,,,,,,,,,,,,,,,,,,,,,,,,,,,,,,,,,,,,,,,,,,,,,,,,,,,,,,,,,,,,,,,,,,,,,,,,,,,,
20.621904373168945,126749,1.3743420839309692,877,41.27029037475586,2.1404833793640137,0.6076290607452393,18848.872779444,1.5741826295852661,2.3618714809417725,0.6365211009979248,3.1121633052825928,844,2.453765392303467,36.26042556762695,56.155670166015625,2.9599692821502686,1776947047.2256205,0.3634788393974304,,,,,,,,,,,,,,,,,,,,,,,,,,,,,,,,,,,,,,,,,,,,,,,,,,,,,,,,,,,,,,,,,,,,,,,,,,,,,,,,,
20.72344398498535,126899,1.369422197341919,878,41.22871398925781,2.1359753608703613,0.609017014503479,18864.615707288,1.5728991031646729,2.3560633659362793,0.6351020336151123,3.1037425994873047,845,2.4421942234039307,36.023197174072266,56.1634635925293,2.9492897987365723,1776947062.968051,0.36489802598953247,,,,,,,,,,,,,,,,,,,,,,,,,,,,,,,,,,,,,,,,,,,,,,,,,,,,,,,,,,,,,,,,,,,,,,,,,,,,,,,,,
20.956680297851562,127049,1.3751355409622192,879,41.05278015136719,2.1445839405059814,0.6082473397254944,18880.594372013,1.577976107597351,2.355943202972412,0.6353001594543457,3.114971399307251,846,2.47908616065979,35.86570358276367,56.17306900024414,2.9608428478240967,1776947078.9470963,0.3646998703479767,,,,,,,,,,,,,,,,,,,,,,,,,,,,,,,,,,,,,,,,,,,,,,,,,,,,,,,,,,,,,,,,,,,,,,,,,,,,,,,,,
20.928943634033203,127199,1.3673838376998901,880,41.324195861816406,2.142028570175171,0.6079887747764587,18896.385952597,1.5766232013702393,2.3612899780273438,0.6369802951812744,3.097787380218506,847,2.438819169998169,36.418006896972656,56.18168258666992,2.9418654441833496,1776947094.7385535,0.363019734621048,,,,,,,,,,,,,,,,,,,,,,,,,,,,,,,,,,,,,,,,,,,,,,,,,,,,,,,,,,,,,,,,,,,,,,,,,,,,,,,,,
20.906715393066406,127349,1.3841356039047241,881,41.20419692993164,2.150467872619629,0.6076484322547913,18912.299092318,1.5754388570785522,2.3689582347869873,0.6363577842712402,3.131913185119629,848,2.454920768737793,35.875450134277344,56.187381744384766,2.9672040939331055,1776947110.6514328,0.36364230513572693,,,,,,,,,,,,,,,,,,,,,,,,,,,,,,,,,,,,,,,,,,,,,,,,,,,,,,,,,,,,,,,,,,,,,,,,,,,,,,,,,
,127499,,882,,,,19085.622546701,,,,,849,,,,,1776947283.9669821,,0.1631920486688614,0.7753807902336121,0.9972192049026489,14.398863792419434,1464582528.0,127.33960723876953,136.78179931640625,0.8479737043380737,5.5842671394348145,0.49883750081062317,0.5912014245986938,0.5753162503242493,0.8805229067802429,0.8097901344299316,0.03496662154793739,933.8311157226562,0.7512530088424683,0.01502535492181778,0.654797375202179,0.1935872733592987,0.34216588735580444,0.0033749998547136784,0.9952750205993652,0.6059781312942505,0.14429377019405365,998.9317626953125,1795.7449951171875,5.0,0.662683367729187,0.26224619150161743,0.014743750914931297,0.8263781666755676,14.398863792419434,0.15005181729793549,981.5906982421875,0.9030839800834656,5.5842671394348145,0.7387431859970093,0.1769624948501587,4.312163829803467,-3.948333630529599e-14,0.9889402389526367,0.7219818234443665,0.9755687713623047,0.5021250247955322,0.005062500014901161,0.33345624804496765,0.7568932771682739,0.7484807372093201,0.862896740436554,5.697373996194077e-15,0.9001999497413635,357.2939147949219,0.6611875891685486,1909.4903564453125,0.7856155037879944,0.3810562789440155,1909.4903564453125,0.151222363114357,918.24609375,0.943427562713623,0.009518750011920929,0.6462885141372681,1795.7449951171875,4.245274066925049,0.9001999497413635,0.024154724553227425,0.00918749999254942,0.9299313426017761,0.634669303894043,43.61941146850586,0.011886565946042538,0.0867978185415268,12.419326782226562,10.226232528686523,0.7193406820297241,0.3270937502384186,13.517511367797852,42.49397659301758,329.8515930175781,0.026843752712011337
20.504043579101562,127499,1.3677037954330444,883,41.172428131103516,2.1255102157592773,0.6076641082763672,19087.207448122,1.578268051147461,2.362706184387207,0.6363586783409119,3.0990488529205322,849,2.427602767944336,35.88999557495117,56.192562103271484,2.951970100402832,1776947285.5590544,0.36364132165908813,,,,,,,,,,,,,,,,,,,,,,,,,,,,,,,,,,,,,,,,,,,,,,,,,,,,,,,,,,,,,,,,,,,,,,,,,,,,,,,,,
20.77562713623047,127649,1.377413272857666,884,41.137638092041016,2.1354846954345703,0.6057026982307434,19102.316913828,1.5759986639022827,2.3616936206817627,0.6371055245399475,3.1177213191986084,850,2.4332077503204346,35.8554801940918,56.2006721496582,2.955467462539673,1776947300.669444,0.3628944456577301,,,,,,,,,,,,,,,,,,,,,,,,,,,,,,,,,,,,,,,,,,,,,,,,,,,,,,,,,,,,,,,,,,,,,,,,,,,,,,,,,
20.5664005279541,127799,1.3758130073547363,885,41.22654724121094,2.138289213180542,0.6076464653015137,19118.212200877,1.5763486623764038,2.366940498352051,0.6375119090080261,3.11411452293396,851,2.452300548553467,35.7491455078125,56.202911376953125,2.956005811691284,1776947316.564965,0.3624882102012634,,,,,,,,,,,,,,,,,,,,,,,,,,,,,,,,,,,,,,,,,,,,,,,,,,,,,,,,,,,,,,,,,,,,,,,,,,,,,,,,,
20.742542266845703,127949,1.3661928176879883,886,40.88407897949219,2.128328800201416,0.6056208610534668,19134.016394913,1.5782923698425293,2.359562635421753,0.63630211353302,3.096083641052246,852,2.420159101486206,35.24947738647461,56.20972442626953,2.9456164836883545,1776947332.3686752,0.36369791626930237,,,,,,,,,,,,,,,,,,,,,,,,,,,,,,,,,,,,,,,,,,,,,,,,,,,,,,,,,,,,,,,,,,,,,,,,,,,,,,,,,
20.606054306030273,128099,1.3712533712387085,887,40.84731674194336,2.127594470977783,0.6020806431770325,19149.914667605,1.5795458555221558,2.355870246887207,0.6346099972724915,3.1078970432281494,853,2.467916250228882,35.51375198364258,56.21760940551758,2.952063798904419,1776947348.2669995,0.3653901219367981,,,,,,,,,,,,,,,,,,,,,,,,,,,,,,,,,,,,,,,,,,,,,,,,,,,,,,,,,,,,,,,,,,,,,,,,,,,,,,,,,
20.67327308654785,128249,1.3620413541793823,888,40.8679313659668,2.1156346797943115,0.6093047857284546,19166.042066851,1.574055790901184,2.332414150238037,0.6367830038070679,3.0872998237609863,854,2.4355530738830566,35.932411193847656,56.223941802978516,2.9339985847473145,1776947364.39499,0.36321696639060974,,,,,,,,,,,,,,,,,,,,,,,,,,,,,,,,,,,,,,,,,,,,,,,,,,,,,,,,,,,,,,,,,,,,,,,,,,,,,,,,,
20.405881881713867,128399,1.3543763160705566,889,40.89725112915039,2.1015870571136475,0.6106092929840088,19181.993647843,1.569643497467041,2.323711395263672,0.6352713108062744,3.0734810829162598,855,2.460939884185791,35.7791862487793,56.2308349609375,2.9357242584228516,1776947380.3460343,0.3647286891937256,,,,,,,,,,,,,,,,,,,,,,,,,,,,,,,,,,,,,,,,,,,,,,,,,,,,,,,,,,,,,,,,,,,,,,,,,,,,,,,,,
20.574928283691406,128549,1.3641753196716309,890,41.19895553588867,2.121701717376709,0.610994815826416,19197.840591752,1.5722345113754272,2.353325128555298,0.6369554996490479,3.091395616531372,856,2.4353346824645996,35.780967712402344,56.239036560058594,2.9410126209259033,1776947396.1932158,0.3630445599555969,,,,,,,,,,,,,,,,,,,,,,,,,,,,,,,,,,,,,,,,,,,,,,,,,,,,,,,,,,,,,,,,,,,,,,,,,,,,,,,,,
20.88317108154297,128699,1.3742777109146118,891,41.049407958984375,2.1367604732513428,0.6075128316879272,19213.907749237,1.5725555419921875,2.355830430984497,0.6357052326202393,3.1128501892089844,857,2.4424824714660645,35.41741180419922,56.24821472167969,2.9570279121398926,1776947412.2605505,0.36429470777511597,,,,,,,,,,,,,,,,,,,,,,,,,,,,,,,,,,,,,,,,,,,,,,,,,,,,,,,,,,,,,,,,,,,,,,,,,,,,,,,,,
20.742900848388672,128849,1.3638038635253906,892,41.09434509277344,2.1318576335906982,0.6099319458007812,19229.68262401,1.5711544752120972,2.3447489738464355,0.6383734345436096,3.0892345905303955,858,2.433804512023926,35.681827545166016,56.256805419921875,2.938525438308716,1776947428.0346036,0.3616267144680023,,,,,,,,,,,,,,,,,,,,,,,,,,,,,,,,,,,,,,,,,,,,,,,,,,,,,,,,,,,,,,,,,,,,,,,,,,,,,,,,,
20.504650115966797,128999,1.378117561340332,893,41.00447463989258,2.122577428817749,0.6117192506790161,19245.728844586,1.5683188438415527,2.336247682571411,0.6386942863464355,3.1175405979156494,859,2.4496750831604004,35.61153793334961,56.26522445678711,2.95811128616333,1776947444.081643,0.36130574345588684,,,,,,,,,,,,,,,,,,,,,,,,,,,,,,,,,,,,,,,,,,,,,,,,,,,,,,,,,,,,,,,,,,,,,,,,,,,,,,,,,
20.718494415283203,129149,1.3721760511398315,894,41.20147705078125,2.130343198776245,0.6097628474235535,19261.452873152,1.5706145763397217,2.3416786193847656,0.6345551013946533,3.1097967624664307,860,2.450366973876953,36.07185363769531,56.27103805541992,2.9561305046081543,1776947459.8057575,0.3654448986053467,,,,,,,,,,,,,,,,,,,,,,,,,,,,,,,,,,,,,,,,,,,,,,,,,,,,,,,,,,,,,,,,,,,,,,,,,,,,,,,,,
20.834747314453125,129299,1.3696078062057495,895,41.23261642456055,2.1384940147399902,0.6090448498725891,19277.393423944,1.5766879320144653,2.3577544689178467,0.6382567286491394,3.1009585857391357,861,2.4707937240600586,36.366477966308594,56.27989959716797,2.9583847522735596,1776947475.7460604,0.3617432117462158,,,,,,,,,,,,,,,,,,,,,,,,,,,,,,,,,,,,,,,,,,,,,,,,,,,,,,,,,,,,,,,,,,,,,,,,,,,,,,,,,
21.064542770385742,129449,1.3758624792099,896,41.289066314697266,2.1547203063964844,0.6082626581192017,19293.176991469,1.578844428062439,2.3733201026916504,0.6369684934616089,3.1147565841674805,862,2.458540201187134,35.836524963378906,56.28416061401367,2.95961332321167,1776947491.5295434,0.3630315065383911,,,,,,,,,,,,,,,,,,,,,,,,,,,,,,,,,,,,,,,,,,,,,,,,,,,,,,,,,,,,,,,,,,,,,,,,,,,,,,,,,
21.05562973022461,129599,1.3699723482131958,897,41.41036605834961,2.1499953269958496,0.607371985912323,19309.048718118,1.571918249130249,2.3691203594207764,0.6376485824584961,3.102295160293579,863,2.4786758422851562,36.086910247802734,56.29207992553711,2.9654667377471924,1776947507.4014452,0.3623514473438263,,,,,,,,,,,,,,,,,,,,,,,,,,,,,,,,,,,,,,,,,,,,,,,,,,,,,,,,,,,,,,,,,,,,,,,,,,,,,,,,,
20.790813446044922,129749,1.3799940347671509,898,41.11528396606445,2.1399624347686768,0.6090532541275024,19324.747797392,1.5729674100875854,2.3663227558135986,0.6364243030548096,3.123563528060913,864,2.432805299758911,35.109619140625,56.2980842590332,2.9661169052124023,1776947523.1002524,0.3635757267475128,,,,,,,,,,,,,,,,,,,,,,,,,,,,,,,,,,,,,,,,,,,,,,,,,,,,,,,,,,,,,,,,,,,,,,,,,,,,,,,,,
20.800241470336914,129899,1.370938777923584,899,41.19073486328125,2.123405694961548,0.6115679740905762,19340.60525546,1.5727750062942505,2.345083236694336,0.6362221837043762,3.1056559085845947,865,2.456071138381958,36.0810546875,56.30583953857422,2.9529876708984375,1776947538.9581413,0.36377784609794617,,,,,,,,,,,,,,,,,,,,,,,,,,,,,,,,,,,,,,,,,,,,,,,,,,,,,,,,,,,,,,,,,,,,,,,,,,,,,,,,,
20.526662826538086,130049,1.371482253074646,900,41.116756439208984,2.127197265625,0.6104020476341248,19356.367904562,1.5727498531341553,2.3530969619750977,0.6357693076133728,3.1071953773498535,866,2.445427417755127,35.66276168823242,56.3104133605957,2.9538538455963135,1776947554.7195766,0.36423060297966003,,,,,,,,,,,,,,,,,,,,,,,,,,,,,,,,,,,,,,,,,,,,,,,,,,,,,,,,,,,,,,,,,,,,,,,,,,,,,,,,,
20.669029235839844,130199,1.3765857219696045,901,41.26139831542969,2.132920980453491,0.6103376150131226,19372.456601226,1.5759162902832031,2.3641765117645264,0.6363691091537476,3.116802453994751,867,2.4521896839141846,35.86587905883789,56.31513977050781,2.9594764709472656,1776947570.8095021,0.36363083124160767,,,,,,,,,,,,,,,,,,,,,,,,,,,,,,,,,,,,,,,,,,,,,,,,,,,,,,,,,,,,,,,,,,,,,,,,,,,,,,,,,
20.691326141357422,130349,1.379107117652893,902,41.30670928955078,2.144413948059082,0.6056928038597107,19388.255775566,1.576689600944519,2.3868861198425293,0.6366920471191406,3.1215221881866455,868,2.4377684593200684,35.56547927856445,56.3194580078125,2.9640560150146484,1776947586.6084902,0.3633079528808594,,,,,,,,,,,,,,,,,,,,,,,,,,,,,,,,,,,,,,,,,,,,,,,,,,,,,,,,,,,,,,,,,,,,,,,,,,,,,,,,,
20.784168243408203,130499,1.3798424005508423,903,41.6783447265625,2.152651309967041,0.6094099283218384,19404.247130686,1.5775105953216553,2.3888444900512695,0.6380792260169983,3.121605396270752,869,2.4755311012268066,36.51151657104492,56.326087951660156,2.9775280952453613,1776947602.599909,0.36192068457603455,,,,,,,,,,,,,,,,,,,,,,,,,,,,,,,,,,,,,,,,,,,,,,,,,,,,,,,,,,,,,,,,,,,,,,,,,,,,,,,,,
20.733190536499023,130649,1.3766409158706665,904,41.570011138916016,2.1469457149505615,0.6093339920043945,19419.986116567,1.578107476234436,2.3828842639923096,0.636119544506073,3.1171627044677734,870,2.4611613750457764,36.400630950927734,56.335208892822266,2.973154067993164,1776947618.338604,0.3638804256916046,,,,,,,,,,,,,,,,,,,,,,,,,,,,,,,,,,,,,,,,,,,,,,,,,,,,,,,,,,,,,,,,,,,,,,,,,,,,,,,,,
20.928590774536133,130799,1.378841519355774,905,41.3944206237793,2.1439921855926514,0.6124509572982788,19435.716433422,1.5733476877212524,2.3707714080810547,0.6358036398887634,3.1218788623809814,871,2.434877872467041,35.80485153198242,56.34228515625,2.971642255783081,1776947634.0691397,0.3641963303089142,,,,,,,,,,,,,,,,,,,,,,,,,,,,,,,,,,,,,,,,,,,,,,,,,,,,,,,,,,,,,,,,,,,,,,,,,,,,,,,,,
20.773502349853516,130949,1.3880139589309692,906,41.28596496582031,2.1477303504943848,0.6068505644798279,19451.747249849,1.5771404504776,2.3717198371887207,0.6371889114379883,3.1388392448425293,872,2.489238977432251,36.149879455566406,56.348297119140625,2.9788196086883545,1776947650.0999508,0.36281102895736694,,,,,,,,,,,,,,,,,,,,,,,,,,,,,,,,,,,,,,,,,,,,,,,,,,,,,,,,,,,,,,,,,,,,,,,,,,,,,,,,,
20.955305099487305,131099,1.3828861713409424,907,41.40478515625,2.164092779159546,0.6040268540382385,19467.51617104,1.583056926727295,2.393171548843384,0.6370707750320435,3.1287014484405518,873,2.444160223007202,36.11693572998047,56.3565559387207,2.971846103668213,1776947665.8689682,0.3629292845726013,,,,,,,,,,,,,,,,,,,,,,,,,,,,,,,,,,,,,,,,,,,,,,,,,,,,,,,,,,,,,,,,,,,,,,,,,,,,,,,,,
,131249,,908,,,,19641.025392306,,,,,874,,,,,1776947839.3696697,,0.1739652007818222,0.783293604850769,0.9972469210624695,14.699731826782227,534691744.0,132.74949645996094,142.68263244628906,0.8478631973266602,5.572148323059082,0.5163125395774841,0.6062082052230835,0.5924726724624634,0.8940483331680298,0.8171087503433228,0.03415677696466446,976.677734375,0.7575215101242065,0.015065847896039486,0.6579505205154419,0.1864190250635147,0.32737576961517334,0.0036937498953193426,0.9953188300132751,0.6032096147537231,0.14534376561641693,1044.4168701171875,1876.6124267578125,5.0,0.6772149801254272,0.2560245096683502,0.0155687490478158,0.8354835510253906,14.699731826782227,0.14563606679439545,1025.0615234375,0.9047300219535828,5.572148323059082,0.7451303005218506,0.17572499811649323,4.592055320739746,-2.4946570417044844e-14,0.9929546117782593,0.7159029245376587,0.9756625890731812,0.4994625449180603,0.0055312504991889,0.33133748173713684,0.7462761402130127,0.7694700360298157,0.8654347658157349,1.9395726344462183e-14,0.8997250199317932,373.79315185546875,0.6593561768531799,1993.0665283203125,0.7744910717010498,0.37990620732307434,1993.0665283203125,0.15473900735378265,960.1484985351562,0.9448462724685669,0.010256250388920307,0.675715446472168,1876.6124267578125,4.549195766448975,0.8997250199317932,0.024205295369029045,0.009925000369548798,0.9517938494682312,0.633155345916748,45.49123764038086,0.011922655627131462,0.08402179181575775,12.328497886657715,11.81718921661377,0.7103825211524963,0.3337687849998474,13.411087989807129,43.88692855834961,345.0927429199219,0.027906252071261406
21.196008682250977,131249,1.3927264213562012,909,41.50490951538086,2.1867024898529053,0.6048535704612732,19642.686232488,1.5823873281478882,2.4110710620880127,0.6354686617851257,3.149984359741211,874,2.4505646228790283,35.703250885009766,56.36181640625,2.985119104385376,1776947841.03786,0.36453133821487427,,,,,,,,,,,,,,,,,,,,,,,,,,,,,,,,,,,,,,,,,,,,,,,,,,,,,,,,,,,,,,,,,,,,,,,,,,,,,,,,,
20.879905700683594,131399,1.392015814781189,910,41.42607116699219,2.1667683124542236,0.6083707809448242,19657.52818916,1.5748066902160645,2.386563301086426,0.636375367641449,3.147655963897705,875,2.443856954574585,35.5323600769043,56.37093734741211,2.979229211807251,1776947855.8809888,0.36362460255622864,,,,,,,,,,,,,,,,,,,,,,,,,,,,,,,,,,,,,,,,,,,,,,,,,,,,,,,,,,,,,,,,,,,,,,,,,,,,,,,,,
21.057222366333008,131549,1.3862357139587402,911,41.388282775878906,2.169248104095459,0.607515275478363,19673.45568189,1.5816715955734253,2.393702745437622,0.6369824409484863,3.135488986968994,876,2.4701802730560303,35.72905349731445,56.37678527832031,2.9844863414764404,1776947871.8077993,0.36301761865615845,,,,,,,,,,,,,,,,,,,,,,,,,,,,,,,,,,,,,,,,,,,,,,,,,,,,,,,,,,,,,,,,,,,,,,,,,,,,,,,,,
20.7762393951416,131699,1.3882125616073608,912,41.56568908691406,2.154000759124756,0.6095997095108032,19689.194196754,1.5786595344543457,2.383854866027832,0.6354345679283142,3.1409912109375,877,2.4556782245635986,36.472103118896484,56.382057189941406,2.9748871326446533,1776947887.5469525,0.36456534266471863,,,,,,,,,,,,,,,,,,,,,,,,,,,,,,,,,,,,,,,,,,,,,,,,,,,,,,,,,,,,,,,,,,,,,,,,,,,,,,,,,
21.056245803833008,131849,1.384167194366455,913,41.196834564208984,2.1570451259613037,0.6082881093025208,19705.141929696,1.5742560625076294,2.373528003692627,0.6380569338798523,3.130277395248413,878,2.433734655380249,35.215858459472656,56.38859939575195,2.9666130542755127,1776947903.4944787,0.3619430661201477,,,,,,,,,,,,,,,,,,,,,,,,,,,,,,,,,,,,,,,,,,,,,,,,,,,,,,,,,,,,,,,,,,,,,,,,,,,,,,,,,
21.011802673339844,131999,1.3903453350067139,914,41.419490814208984,2.16336989402771,0.6033778786659241,19721.063234336,1.5827528238296509,2.394158363342285,0.6363268494606018,3.1443638801574707,879,2.4906275272369385,36.29777526855469,56.39370346069336,2.981218099594116,1776947919.4159942,0.36367321014404297,,,,,,,,,,,,,,,,,,,,,,,,,,,,,,,,,,,,,,,,,,,,,,,,,,,,,,,,,,,,,,,,,,,,,,,,,,,,,,,,,
20.96965217590332,132149,1.3790589570999146,915,41.30757141113281,2.153182029724121,0.6104929447174072,19737.012056485,1.5762633085250854,2.3734967708587646,0.637689471244812,3.1204288005828857,880,2.475480079650879,35.57899475097656,56.40058898925781,2.977721691131592,1776947935.3648052,0.36231058835983276,,,,,,,,,,,,,,,,,,,,,,,,,,,,,,,,,,,,,,,,,,,,,,,,,,,,,,,,,,,,,,,,,,,,,,,,,,,,,,,,,
21.32444190979004,132299,1.3884445428848267,916,41.43423843383789,2.183335542678833,0.6044335961341858,19752.749820013,1.5811632871627808,2.400989532470703,0.6352952718734741,3.141594171524048,881,2.4507951736450195,35.576995849609375,56.40921401977539,2.979011297225952,1776947951.102351,0.36470475792884827,,,,,,,,,,,,,,,,,,,,,,,,,,,,,,,,,,,,,,,,,,,,,,,,,,,,,,,,,,,,,,,,,,,,,,,,,,,,,,,,,
21.1788272857666,132449,1.383121371269226,917,41.427337646484375,2.1844935417175293,0.603219747543335,19768.519349185,1.5835638046264648,2.4068498611450195,0.6367630958557129,3.12947940826416,882,2.4481239318847656,35.52348709106445,56.42104721069336,2.970778703689575,1776947966.8720522,0.3632369041442871,,,,,,,,,,,,,,,,,,,,,,,,,,,,,,,,,,,,,,,,,,,,,,,,,,,,,,,,,,,,,,,,,,,,,,,,,,,,,,,,,
21.040138244628906,132599,1.3859546184539795,918,41.74168395996094,2.1606695652008057,0.6073623895645142,19784.490592724,1.5774749517440796,2.3872087001800537,0.6375778913497925,3.134331464767456,883,2.4634573459625244,36.92400360107422,56.426849365234375,2.969961643218994,1776947982.8431828,0.3624221086502075,,,,,,,,,,,,,,,,,,,,,,,,,,,,,,,,,,,,,,,,,,,,,,,,,,,,,,,,,,,,,,,,,,,,,,,,,,,,,,,,,
21.071552276611328,132749,1.3932420015335083,919,41.34430694580078,2.180443286895752,0.6043565273284912,19800.209850106,1.580255150794983,2.4018149375915527,0.6367456316947937,3.149738311767578,884,2.451883554458618,35.369773864746094,56.429256439208984,2.984550714492798,1776947998.5624986,0.3632543981075287,,,,,,,,,,,,,,,,,,,,,,,,,,,,,,,,,,,,,,,,,,,,,,,,,,,,,,,,,,,,,,,,,,,,,,,,,,,,,,,,,
21.041101455688477,132899,1.3956722021102905,920,41.59654235839844,2.172006130218506,0.6051651239395142,19816.129950324,1.5819038152694702,2.4072067737579346,0.6359334588050842,3.1554107666015625,885,2.448814868927002,35.8748893737793,56.437171936035156,2.985516309738159,1776948014.482466,0.36406657099723816,,,,,,,,,,,,,,,,,,,,,,,,,,,,,,,,,,,,,,,,,,,,,,,,,,,,,,,,,,,,,,,,,,,,,,,,,,,,,,,,,
21.198286056518555,133049,1.3873170614242554,921,41.427886962890625,2.172743558883667,0.6064502000808716,19831.913821285,1.5789786577224731,2.3959500789642334,0.6382744908332825,3.136359453201294,886,2.4432032108306885,35.614322662353516,56.4459228515625,2.9740896224975586,1776948030.2664335,0.3617255389690399,,,,,,,,,,,,,,,,,,,,,,,,,,,,,,,,,,,,,,,,,,,,,,,,,,,,,,,,,,,,,,,,,,,,,,,,,,,,,,,,,
20.773178100585938,133199,1.3794608116149902,922,41.39036178588867,2.153808355331421,0.6074763536453247,19847.913235109,1.5772262811660767,2.382718324661255,0.6370547413825989,3.1218674182891846,887,2.415633201599121,35.67873001098633,56.452369689941406,2.9590485095977783,1776948046.2656815,0.36294540762901306,,,,,,,,,,,,,,,,,,,,,,,,,,,,,,,,,,,,,,,,,,,,,,,,,,,,,,,,,,,,,,,,,,,,,,,,,,,,,,,,,
20.9178409576416,133349,1.3757799863815308,923,41.425533294677734,2.1556496620178223,0.6076489686965942,19863.757300601,1.5784533023834229,2.3863024711608887,0.6381421089172363,3.113417863845825,888,2.4615585803985596,35.8746452331543,56.4586181640625,2.971395254135132,1776948062.1101851,0.36185792088508606,,,,,,,,,,,,,,,,,,,,,,,,,,,,,,,,,,,,,,,,,,,,,,,,,,,,,,,,,,,,,,,,,,,,,,,,,,,,,,,,,
20.85112190246582,133499,1.384146809577942,924,41.46439743041992,2.157376766204834,0.6076322197914124,19879.768165259,1.5804998874664307,2.3827245235443115,0.6397865414619446,3.128506898880005,889,2.4698219299316406,36.26585006713867,56.4656867980957,2.9705827236175537,1776948078.1205022,0.36021336913108826,,,,,,,,,,,,,,,,,,,,,,,,,,,,,,,,,,,,,,,,,,,,,,,,,,,,,,,,,,,,,,,,,,,,,,,,,,,,,,,,,
20.925514221191406,133649,1.3745352029800415,925,41.57571792602539,2.160172700881958,0.6089291572570801,19895.556997195,1.5802398920059204,2.3884918689727783,0.6353925466537476,3.113677978515625,890,2.4631123542785645,36.489810943603516,56.47054672241211,2.975154399871826,1776948093.909694,0.36460739374160767,,,,,,,,,,,,,,,,,,,,,,,,,,,,,,,,,,,,,,,,,,,,,,,,,,,,,,,,,,,,,,,,,,,,,,,,,,,,,,,,,
21.060686111450195,133799,1.3755848407745361,926,41.44514465332031,2.15352463722229,0.6090832948684692,19911.586979287,1.5761263370513916,2.3739171028137207,0.6356019973754883,3.115567684173584,891,2.449418067932129,36.244728088378906,56.47416687011719,2.95713210105896,1776948109.9395075,0.3643980324268341,,,,,,,,,,,,,,,,,,,,,,,,,,,,,,,,,,,,,,,,,,,,,,,,,,,,,,,,,,,,,,,,,,,,,,,,,,,,,,,,,
20.869930267333984,133949,1.3730177879333496,927,40.915775299072266,2.144116163253784,0.6063483953475952,19927.341954679,1.5793497562408447,2.3605830669403076,0.6363269686698914,3.109708309173584,892,2.4534807205200195,35.37086868286133,56.484771728515625,2.963207721710205,1776948125.6947646,0.36367297172546387,,,,,,,,,,,,,,,,,,,,,,,,,,,,,,,,,,,,,,,,,,,,,,,,,,,,,,,,,,,,,,,,,,,,,,,,,,,,,,,,,
20.609935760498047,134099,1.3672552108764648,928,41.28117370605469,2.1260862350463867,0.6093204021453857,19943.274840861,1.5752594470977783,2.352576494216919,0.6378427147865295,3.096668004989624,893,2.4588186740875244,36.699981689453125,56.49232864379883,2.9561688899993896,1776948141.6274698,0.36215734481811523,,,,,,,,,,,,,,,,,,,,,,,,,,,,,,,,,,,,,,,,,,,,,,,,,,,,,,,,,,,,,,,,,,,,,,,,,,,,,,,,,
20.75143814086914,134249,1.3749215602874756,929,41.22893524169922,2.140523672103882,0.605579674243927,19958.957203193,1.5766351222991943,2.372406005859375,0.6357406377792358,3.114102602005005,894,2.443685293197632,35.60759735107422,56.49906921386719,2.9591898918151855,1776948157.3096921,0.36425939202308655,,,,,,,,,,,,,,,,,,,,,,,,,,,,,,,,,,,,,,,,,,,,,,,,,,,,,,,,,,,,,,,,,,,,,,,,,,,,,,,,,
20.7908992767334,134399,1.376700520515442,930,41.128501892089844,2.1356308460235596,0.6118506193161011,19975.11973153,1.5742616653442383,2.351111888885498,0.6376782059669495,3.115722894668579,895,2.450208902359009,36.07194137573242,56.50333786010742,2.9590163230895996,1776948173.472491,0.3623218536376953,,,,,,,,,,,,,,,,,,,,,,,,,,,,,,,,,,,,,,,,,,,,,,,,,,,,,,,,,,,,,,,,,,,,,,,,,,,,,,,,,
20.88010597229004,134549,1.3701562881469727,931,41.34709548950195,2.1414365768432617,0.6108542680740356,19990.829237318,1.5720990896224976,2.354564905166626,0.6391630172729492,3.101149082183838,896,2.477902889251709,36.395599365234375,56.51078796386719,2.968266487121582,1776948189.181644,0.3608369827270508,,,,,,,,,,,,,,,,,,,,,,,,,,,,,,,,,,,,,,,,,,,,,,,,,,,,,,,,,,,,,,,,,,,,,,,,,,,,,,,,,
20.52780532836914,134699,1.3758870363235474,932,41.58013916015625,2.1273722648620605,0.6092151403427124,20006.801443975,1.5707521438598633,2.364529848098755,0.6374439001083374,3.114330291748047,897,2.47194242477417,36.64850997924805,56.519256591796875,2.9633920192718506,1776948205.1543043,0.3625560700893402,,,,,,,,,,,,,,,,,,,,,,,,,,,,,,,,,,,,,,,,,,,,,,,,,,,,,,,,,,,,,,,,,,,,,,,,,,,,,,,,,
20.863813400268555,134849,1.378758430480957,933,41.38438415527344,2.1470677852630615,0.607764482498169,20022.686831515,1.5768290758132935,2.381831645965576,0.6366519927978516,3.120864152908325,898,2.4432525634765625,35.75722885131836,56.52475357055664,2.9653944969177246,1776948221.0205605,0.3633481562137604,,,,,,,,,,,,,,,,,,,,,,,,,,,,,,,,,,,,,,,,,,,,,,,,,,,,,,,,,,,,,,,,,,,,,,,,,,,,,,,,,
,134999,,934,,,,20196.024120779,,,,,899,,,,,1776948394.3684294,,0.17401467263698578,0.7737952470779419,0.9972174763679504,15.819466590881348,2788891392.0,129.60369873046875,139.23667907714844,0.8385912179946899,5.586677551269531,0.5124187469482422,0.5967524647712708,0.5713004469871521,0.8764339685440063,0.8026687502861023,0.03420769423246384,951.4119873046875,0.7466734051704407,0.015063083730638027,0.6450873613357544,0.18675386905670166,0.33029118180274963,0.0036249998956918716,0.9953250288963318,0.582617461681366,0.14349375665187836,1018.7303466796875,1829.0987548828125,5.0,0.6541727781295776,0.25939685106277466,0.015393749810755253,0.8430843353271484,15.819466590881348,0.14426635205745697,999.5659790039062,0.9032179713249207,5.586677551269531,0.7335574626922607,0.17608126997947693,4.490213871002197,-7.134050294954619e-15,0.9958764910697937,0.7016449570655823,0.9751812219619751,0.4995812773704529,0.005293749738484621,0.33201876282691956,0.7438233494758606,0.7628085017204285,0.8671243786811829,-2.525540540587734e-14,0.8991750478744507,364.1931457519531,0.6592562198638916,1944.2254638671875,0.7708040475845337,0.38001251220703125,1944.2254638671875,0.15457861125469208,936.8300170898438,0.9442375898361206,0.009906250052154064,0.6435666084289551,1829.0987548828125,4.465346336364746,0.8991750478744507,0.024233249947428703,0.009868749417364597,0.9314354062080383,0.6284767389297485,44.35452651977539,0.01189851388335228,0.0854368582367897,12.383912086486816,11.020256042480469,0.7034032940864563,0.3314625024795532,13.431695938110352,42.76276397705078,337.1191711425781,0.027425002306699753
20.83393096923828,134999,1.3669096231460571,935,41.1462287902832,2.1234688758850098,0.6117197871208191,20197.504881582,1.5732427835464478,2.347318649291992,0.6366376280784607,3.097182035446167,899,2.470393180847168,36.11867141723633,56.532588958740234,2.9594991207122803,1776948395.8568192,0.3633623421192169,,,,,,,,,,,,,,,,,,,,,,,,,,,,,,,,,,,,,,,,,,,,,,,,,,,,,,,,,,,,,,,,,,,,,,,,,,,,,,,,,
20.7171688079834,135149,1.3733747005462646,936,41.20362091064453,2.1320855617523193,0.6093035340309143,20212.461630581,1.5738515853881836,2.3579511642456055,0.6366667747497559,3.1100826263427734,900,2.45174503326416,35.93898010253906,56.537391662597656,2.9582998752593994,1776948410.814034,0.36333316564559937,,,,,,,,,,,,,,,,,,,,,,,,,,,,,,,,,,,,,,,,,,,,,,,,,,,,,,,,,,,,,,,,,,,,,,,,,,,,,,,,,
21.020877838134766,135299,1.3863283395767212,937,41.47410583496094,2.16318416595459,0.6049517393112183,20228.274490766,1.5802762508392334,2.3903939723968506,0.6366775035858154,3.1359784603118896,901,2.458285093307495,36.16481399536133,56.54621505737305,2.9778332710266113,1776948426.626077,0.36332231760025024,,,,,,,,,,,,,,,,,,,,,,,,,,,,,,,,,,,,,,,,,,,,,,,,,,,,,,,,,,,,,,,,,,,,,,,,,,,,,,,,,
20.789344787597656,135449,1.383198618888855,938,41.255653381347656,2.144533395767212,0.6107878684997559,20244.215222557,1.5750491619110107,2.362703561782837,0.6365814805030823,3.1298158168792725,902,2.4659135341644287,35.800106048583984,56.553829193115234,2.9694814682006836,1776948442.5678117,0.36341845989227295,,,,,,,,,,,,,,,,,,,,,,,,,,,,,,,,,,,,,,,,,,,,,,,,,,,,,,,,,,,,,,,,,,,,,,,,,,,,,,,,,
20.84588050842285,135599,1.367388129234314,939,41.26823043823242,2.144951343536377,0.6051855087280273,20259.995102113,1.580141305923462,2.374147415161133,0.6365999579429626,3.0981764793395996,903,2.466872453689575,35.96377944946289,56.559329986572266,2.9630000591278076,1776948458.3479145,0.3634001612663269,,,,,,,,,,,,,,,,,,,,,,,,,,,,,,,,,,,,,,,,,,,,,,,,,,,,,,,,,,,,,,,,,,,,,,,,,,,,,,,,,
21.12537384033203,135749,1.3741331100463867,940,41.40853500366211,2.1704769134521484,0.6047207117080688,20276.137631625,1.5826435089111328,2.386744499206543,0.6365706920623779,3.111696243286133,904,2.460390090942383,36.21843338012695,56.56568145751953,2.9677927494049072,1776948474.4901638,0.3634292781352997,,,,,,,,,,,,,,,,,,,,,,,,,,,,,,,,,,,,,,,,,,,,,,,,,,,,,,,,,,,,,,,,,,,,,,,,,,,,,,,,,
21.03026580810547,135899,1.3892357349395752,941,41.43883514404297,2.1658103466033936,0.6031571626663208,20291.920933242,1.5827341079711914,2.394986629486084,0.6352759003639221,3.143195867538452,905,2.4850142002105713,36.09381103515625,56.57548522949219,2.9918594360351562,1776948490.2737086,0.36472415924072266,,,,,,,,,,,,,,,,,,,,,,,,,,,,,,,,,,,,,,,,,,,,,,,,,,,,,,,,,,,,,,,,,,,,,,,,,,,,,,,,,
21.029672622680664,136049,1.3832308053970337,942,41.61404037475586,2.1719367504119873,0.6058205366134644,20307.833572635,1.577422022819519,2.3945202827453613,0.6383243799209595,3.1281371116638184,906,2.439063549041748,36.000877380371094,56.58131790161133,2.977659225463867,1776948506.186037,0.3616757094860077,,,,,,,,,,,,,,,,,,,,,,,,,,,,,,,,,,,,,,,,,,,,,,,,,,,,,,,,,,,,,,,,,,,,,,,,,,,,,,,,,
20.877513885498047,136199,1.390540361404419,943,41.30720138549805,2.1519052982330322,0.6058706045150757,20323.685571994,1.5793088674545288,2.376756191253662,0.6351971626281738,3.1458845138549805,907,2.469147205352783,36.021156311035156,56.589454650878906,2.978816509246826,1776948522.0379999,0.36480289697647095,,,,,,,,,,,,,,,,,,,,,,,,,,,,,,,,,,,,,,,,,,,,,,,,,,,,,,,,,,,,,,,,,,,,,,,,,,,,,,,,,
20.63174057006836,136349,1.3760883808135986,944,41.3240852355957,2.1240525245666504,0.610624372959137,20339.595141493,1.5721912384033203,2.347580909729004,0.6377828121185303,3.1143932342529297,908,2.4498291015625,36.59073257446289,56.59782791137695,2.9535481929779053,1776948537.939275,0.3622172176837921,,,,,,,,,,,,,,,,,,,,,,,,,,,,,,,,,,,,,,,,,,,,,,,,,,,,,,,,,,,,,,,,,,,,,,,,,,,,,,,,,
20.89410400390625,136499,1.383326768875122,945,41.375247955322266,2.1509435176849365,0.6095916032791138,20355.451810204,1.5707398653030396,2.3637924194335938,0.6360569596290588,3.1305973529815674,909,2.459832191467285,35.898284912109375,56.6016731262207,2.9864628314971924,1776948553.8038778,0.3639429807662964,,,,,,,,,,,,,,,,,,,,,,,,,,,,,,,,,,,,,,,,,,,,,,,,,,,,,,,,,,,,,,,,,,,,,,,,,,,,,,,,,
20.83962631225586,136649,1.3827296495437622,946,41.21751022338867,2.1512770652770996,0.60491943359375,20371.233962074,1.580246090888977,2.373530864715576,0.6351497769355774,3.130309581756592,910,2.4722323417663574,35.984920501708984,56.60554504394531,2.9695658683776855,1776948569.5868194,0.364850252866745,,,,,,,,,,,,,,,,,,,,,,,,,,,,,,,,,,,,,,,,,,,,,,,,,,,,,,,,,,,,,,,,,,,,,,,,,,,,,,,,,
21.048887252807617,136799,1.3833421468734741,947,41.45193862915039,2.169808864593506,0.6049513816833496,20387.123463308,1.5831466913223267,2.3923256397247314,0.6373358964920044,3.1293485164642334,911,2.4496331214904785,36.23936462402344,56.61494445800781,2.9699788093566895,1776948585.4760773,0.3626641035079956,,,,,,,,,,,,,,,,,,,,,,,,,,,,,,,,,,,,,,,,,,,,,,,,,,,,,,,,,,,,,,,,,,,,,,,,,,,,,,,,,
21.055551528930664,136949,1.3943397998809814,948,41.591941833496094,2.1683547496795654,0.6055331230163574,20403.010212162,1.5766292810440063,2.3953001499176025,0.6377779245376587,3.150902271270752,912,2.469820737838745,36.1000862121582,56.62397384643555,2.9933509826660156,1776948601.362954,0.3622221350669861,,,,,,,,,,,,,,,,,,,,,,,,,,,,,,,,,,,,,,,,,,,,,,,,,,,,,,,,,,,,,,,,,,,,,,,,,,,,,,,,,
20.77741050720215,137099,1.3717467784881592,949,41.394569396972656,2.1397764682769775,0.6100884675979614,20419.052677165,1.5744394063949585,2.3598058223724365,0.6377729773521423,3.1057207584381104,913,2.438554525375366,36.297142028808594,56.632503509521484,2.9539058208465576,1776948617.405174,0.3622271418571472,,,,,,,,,,,,,,,,,,,,,,,,,,,,,,,,,,,,,,,,,,,,,,,,,,,,,,,,,,,,,,,,,,,,,,,,,,,,,,,,,
20.846893310546875,137249,1.3761436939239502,950,41.556312561035156,2.143508195877075,0.6089926958084106,20434.813988025,1.573360800743103,2.3632233142852783,0.636670708656311,3.1156165599823,914,2.4876086711883545,36.6434211730957,56.64345932006836,2.97196364402771,1776948633.1667802,0.36332929134368896,,,,,,,,,,,,,,,,,,,,,,,,,,,,,,,,,,,,,,,,,,,,,,,,,,,,,,,,,,,,,,,,,,,,,,,,,,,,,,,,,
20.827896118164062,137399,1.3972073793411255,951,41.6380615234375,2.164890766143799,0.6048576235771179,20450.88911221,1.5810047388076782,2.405729055404663,0.6367379426956177,3.1576764583587646,915,2.4811010360717773,36.24916076660156,56.648193359375,2.9964165687561035,1776948649.2411969,0.36326199769973755,,,,,,,,,,,,,,,,,,,,,,,,,,,,,,,,,,,,,,,,,,,,,,,,,,,,,,,,,,,,,,,,,,,,,,,,,,,,,,,,,
20.679887771606445,137549,1.3869998455047607,952,41.58915710449219,2.150074005126953,0.6075201630592346,20466.659714859,1.5765478610992432,2.381382703781128,0.6370042562484741,3.136995553970337,916,2.461390495300293,36.718875885009766,56.6588134765625,2.9801907539367676,1776948665.0121942,0.36299577355384827,,,,,,,,,,,,,,,,,,,,,,,,,,,,,,,,,,,,,,,,,,,,,,,,,,,,,,,,,,,,,,,,,,,,,,,,,,,,,,,,,
20.75333595275879,137699,1.3838834762573242,953,41.54325866699219,2.155672311782837,0.6103783845901489,20482.490523774,1.5740008354187012,2.3758347034454346,0.637572169303894,3.130194902420044,917,2.460737943649292,36.22785949707031,56.66638946533203,2.98363995552063,1776948680.8433368,0.36242780089378357,,,,,,,,,,,,,,,,,,,,,,,,,,,,,,,,,,,,,,,,,,,,,,,,,,,,,,,,,,,,,,,,,,,,,,,,,,,,,,,,,
20.94186782836914,137849,1.3705271482467651,954,41.246826171875,2.151660203933716,0.6039299964904785,20498.31186752,1.580532431602478,2.3748950958251953,0.6383011937141418,3.102753162384033,918,2.4634130001068115,36.278629302978516,56.67168045043945,2.968951940536499,1776948696.6644733,0.36169886589050293,,,,,,,,,,,,,,,,,,,,,,,,,,,,,,,,,,,,,,,,,,,,,,,,,,,,,,,,,,,,,,,,,,,,,,,,,,,,,,,,,
20.906173706054688,137999,1.3850444555282593,955,41.180747985839844,2.148392677307129,0.6092699766159058,20514.333981708,1.5775104761123657,2.366565704345703,0.6360763907432556,3.13401198387146,919,2.477778434753418,35.98390197753906,56.67695236206055,2.9773030281066895,1776948712.6868472,0.363923579454422,,,,,,,,,,,,,,,,,,,,,,,,,,,,,,,,,,,,,,,,,,,,,,,,,,,,,,,,,,,,,,,,,,,,,,,,,,,,,,,,,
21.13547706604004,138149,1.3839566707611084,956,41.39197540283203,2.1720826625823975,0.6086956262588501,20530.157938402,1.578611969947815,2.384894609451294,0.6362501382827759,3.1316633224487305,920,2.4436237812042236,35.64240264892578,56.683223724365234,2.97157621383667,1776948728.5102592,0.36374983191490173,,,,,,,,,,,,,,,,,,,,,,,,,,,,,,,,,,,,,,,,,,,,,,,,,,,,,,,,,,,,,,,,,,,,,,,,,,,,,,,,,
20.83251953125,138299,1.3857574462890625,957,41.33150100708008,2.149585485458374,0.606988787651062,20546.093868237,1.578337550163269,2.3757846355438232,0.6377606391906738,3.1337544918060303,921,2.4471595287323,36.133426666259766,56.68795394897461,2.9662630558013916,1776948744.4464633,0.36223939061164856,,,,,,,,,,,,,,,,,,,,,,,,,,,,,,,,,,,,,,,,,,,,,,,,,,,,,,,,,,,,,,,,,,,,,,,,,,,,,,,,,
20.818012237548828,138449,1.3749873638153076,958,41.527034759521484,2.1461246013641357,0.6086426973342896,20561.829486285,1.5787014961242676,2.3782870769500732,0.6392947435379028,3.110680103302002,922,2.4539592266082764,36.511356353759766,56.694244384765625,2.9644644260406494,1776948760.182011,0.36070528626441956,,,,,,,,,,,,,,,,,,,,,,,,,,,,,,,,,,,,,,,,,,,,,,,,,,,,,,,,,,,,,,,,,,,,,,,,,,,,,,,,,
20.77806282043457,138599,1.3804599046707153,959,41.66398620605469,2.155381441116333,0.6100764870643616,20577.617363686,1.5789847373962402,2.388662815093994,0.6376268863677979,3.1232926845550537,923,2.4439280033111572,36.47137451171875,56.699501037597656,2.9653711318969727,1776948775.9701815,0.36237311363220215,,,,,,,,,,,,,,,,,,,,,,,,,,,,,,,,,,,,,,,,,,,,,,,,,,,,,,,,,,,,,,,,,,,,,,,,,,,,,,,,,
,138749,,960,,,,20750.522169161,,,,,924,,,,,1776948948.8666701,,0.1633901596069336,0.7804733514785767,0.9971808195114136,13.75312614440918,1626447872.0,128.9222869873047,138.0685577392578,0.8643159866333008,5.559216499328613,0.5076813101768494,0.6273856163024902,0.5964900255203247,0.8754002451896667,0.8321380615234375,0.034099191427230835,944.6928100585938,0.759178638458252,0.015080385841429234,0.6688092947006226,0.19096671044826508,0.3357694745063782,0.003775000339373946,0.9953499436378479,0.5981720089912415,0.14836250245571136,1006.6356201171875,1816.9705810546875,5.0,0.6937572360038757,0.2571966052055359,0.01589374989271164,0.8477727174758911,13.75312614440918,0.1503654569387436,988.9545288085938,0.9053036570549011,5.559216499328613,0.7465737462043762,0.17636872828006744,4.469412326812744,-8.923688610967817e-15,0.9986712336540222,0.7414587736129761,0.9756249785423279,0.497681200504303,0.005868749693036079,0.331843763589859,0.7148116230964661,0.7617401480674744,0.8732873201370239,-7.495848559913032e-15,0.8994812369346619,360.97637939453125,0.6572250723838806,1924.9151611328125,0.7439309358596802,0.37890002131462097,1924.9151611328125,0.1527630090713501,928.7149658203125,0.9456710815429688,0.01034375000745058,0.6609012484550476,1816.9705810546875,4.474499702453613,0.8994812369346619,0.024205980822443962,0.010624999180436134,0.9278958439826965,0.646898627281189,44.03525161743164,0.011954433284699917,0.08467588573694229,12.243614196777344,10.641454696655273,0.7292628288269043,0.3335750102996826,13.448646545410156,42.79922866821289,334.3012390136719,0.0283375047147274
20.785627365112305,138749,1.3735979795455933,961,41.24643325805664,2.138843297958374,0.6116516590118408,20752.063759483,1.5752654075622559,2.3552451133728027,0.6388853192329407,3.1083104610443115,924,2.4605140686035156,35.86741256713867,56.70524597167969,2.964301824569702,1776948950.4153354,0.3611147999763489,,,,,,,,,,,,,,,,,,,,,,,,,,,,,,,,,,,,,,,,,,,,,,,,,,,,,,,,,,,,,,,,,,,,,,,,,,,,,,,,,
21.049461364746094,138899,1.3753232955932617,962,41.23764419555664,2.1432087421417236,0.6098273992538452,20766.793554732,1.5770728588104248,2.358999729156494,0.6369398236274719,3.113706588745117,925,2.448596239089966,36.123722076416016,56.710693359375,2.9624407291412354,1776948965.1461506,0.36306026577949524,,,,,,,,,,,,,,,,,,,,,,,,,,,,,,,,,,,,,,,,,,,,,,,,,,,,,,,,,,,,,,,,,,,,,,,,,,,,,,,,,
21.200523376464844,139049,1.3868087530136108,963,41.565460205078125,2.164834499359131,0.6073490977287292,20782.566721757,1.579201340675354,2.389423131942749,0.6365417242050171,3.1370761394500732,926,2.467369556427002,36.37427520751953,56.7198371887207,2.9836266040802,1776948980.9191852,0.3634582459926605,,,,,,,,,,,,,,,,,,,,,,,,,,,,,,,,,,,,,,,,,,,,,,,,,,,,,,,,,,,,,,,,,,,,,,,,,,,,,,,,,
20.978036880493164,139199,1.3761909008026123,964,41.30617141723633,2.150259017944336,0.6059780120849609,20798.570101321,1.5824742317199707,2.375319242477417,0.6388848423957825,3.113496780395508,927,2.4805750846862793,36.185794830322266,56.73008346557617,2.972931385040283,1776948996.9226818,0.36111515760421753,,,,,,,,,,,,,,,,,,,,,,,,,,,,,,,,,,,,,,,,,,,,,,,,,,,,,,,,,,,,,,,,,,,,,,,,,,,,,,,,,
20.73115348815918,139349,1.3767441511154175,965,41.319149017333984,2.137213945388794,0.6090158820152283,20814.322225607,1.5770349502563477,2.361621141433716,0.6390041708946228,3.1144843101501465,928,2.466043710708618,36.608489990234375,56.734806060791016,2.963202714920044,1776949012.6748703,0.3609957993030548,,,,,,,,,,,,,,,,,,,,,,,,,,,,,,,,,,,,,,,,,,,,,,,,,,,,,,,,,,,,,,,,,,,,,,,,,,,,,,,,,
20.825902938842773,139499,1.3759849071502686,966,41.37592315673828,2.1424319744110107,0.6106146574020386,20830.36962008,1.5753744840621948,2.367418050765991,0.6374308466911316,3.1145384311676025,929,2.4512417316436768,36.08543395996094,56.74158477783203,2.9680514335632324,1776949028.7225723,0.3625692129135132,,,,,,,,,,,,,,,,,,,,,,,,,,,,,,,,,,,,,,,,,,,,,,,,,,,,,,,,,,,,,,,,,,,,,,,,,,,,,,,,,
20.65235710144043,139649,1.3535650968551636,967,40.976070404052734,2.12502121925354,0.608919620513916,20846.211516897,1.5769907236099243,2.342231512069702,0.637425422668457,3.069705009460449,930,2.4638242721557617,35.870872497558594,56.751644134521484,2.9445738792419434,1776949044.5639775,0.36257466673851013,,,,,,,,,,,,,,,,,,,,,,,,,,,,,,,,,,,,,,,,,,,,,,,,,,,,,,,,,,,,,,,,,,,,,,,,,,,,,,,,,
20.777822494506836,139799,1.3483308553695679,968,40.79258728027344,2.1116397380828857,0.6105241775512695,20862.164088146,1.5742442607879639,2.319305419921875,0.6370733976364136,3.0595881938934326,931,2.473224639892578,36.010581970214844,56.75702667236328,2.9323554039001465,1776949060.5165656,0.3629266023635864,,,,,,,,,,,,,,,,,,,,,,,,,,,,,,,,,,,,,,,,,,,,,,,,,,,,,,,,,,,,,,,,,,,,,,,,,,,,,,,,,
20.781219482421875,139949,1.366803765296936,969,41.027225494384766,2.137634754180908,0.6043115854263306,20877.961219782,1.5787519216537476,2.3595738410949707,0.6371716856956482,3.096435785293579,932,2.4590072631835938,35.70771789550781,56.7664794921875,2.950470447540283,1776949076.3140304,0.3628283143043518,,,,,,,,,,,,,,,,,,,,,,,,,,,,,,,,,,,,,,,,,,,,,,,,,,,,,,,,,,,,,,,,,,,,,,,,,,,,,,,,,
20.827434539794922,140099,1.3611118793487549,970,41.33024597167969,2.131263494491577,0.610200047492981,20894.163317426,1.5735636949539185,2.3506927490234375,0.6392707228660583,3.0829524993896484,933,2.4605233669281006,36.322364807128906,56.7696647644043,2.9541828632354736,1776949092.51581,0.36072927713394165,,,,,,,,,,,,,,,,,,,,,,,,,,,,,,,,,,,,,,,,,,,,,,,,,,,,,,,,,,,,,,,,,,,,,,,,,,,,,,,,,
20.546466827392578,140249,1.3781079053878784,971,41.10331344604492,2.118455171585083,0.6101347804069519,20909.963278871,1.5743862390518188,2.354811668395996,0.6359256505966187,3.1202900409698486,934,2.4435477256774902,35.51698303222656,56.778045654296875,2.9558918476104736,1776949108.3159783,0.3640744090080261,,,,,,,,,,,,,,,,,,,,,,,,,,,,,,,,,,,,,,,,,,,,,,,,,,,,,,,,,,,,,,,,,,,,,,,,,,,,,,,,,
20.734830856323242,140399,1.3739039897918701,972,41.08583450317383,2.135732650756836,0.6114522814750671,20925.960910467,1.5757157802581787,2.3531692028045654,0.6368182301521301,3.110989809036255,935,2.4635350704193115,35.853782653808594,56.783599853515625,2.9617927074432373,1776949124.3135672,0.3631817698478699,,,,,,,,,,,,,,,,,,,,,,,,,,,,,,,,,,,,,,,,,,,,,,,,,,,,,,,,,,,,,,,,,,,,,,,,,,,,,,,,,
20.757606506347656,140549,1.3800504207611084,973,41.41542434692383,2.1392929553985596,0.6095600724220276,20941.844767148,1.5773980617523193,2.3701672554016113,0.6389261484146118,3.121175527572632,936,2.459514617919922,36.31245803833008,56.789546966552734,2.9655396938323975,1776949140.1973712,0.36107388138771057,,,,,,,,,,,,,,,,,,,,,,,,,,,,,,,,,,,,,,,,,,,,,,,,,,,,,,,,,,,,,,,,,,,,,,,,,,,,,,,,,
20.740489959716797,140699,1.375301718711853,974,41.088558197021484,2.147650718688965,0.6048768162727356,20957.856848888,1.576776385307312,2.3759474754333496,0.6381551027297974,3.1124489307403564,937,2.454469919204712,35.44550323486328,56.79476547241211,2.971503496170044,1776949156.2095366,0.361844927072525,,,,,,,,,,,,,,,,,,,,,,,,,,,,,,,,,,,,,,,,,,,,,,,,,,,,,,,,,,,,,,,,,,,,,,,,,,,,,,,,,
20.623315811157227,140849,1.3685094118118286,975,41.40705871582031,2.1297457218170166,0.6103936433792114,20973.68946755,1.5765718221664429,2.361478090286255,0.6381312608718872,3.0988874435424805,938,2.4667956829071045,36.51667785644531,56.802162170410156,2.9652793407440186,1776949172.0423148,0.3618687391281128,,,,,,,,,,,,,,,,,,,,,,,,,,,,,,,,,,,,,,,,,,,,,,,,,,,,,,,,,,,,,,,,,,,,,,,,,,,,,,,,,
20.677196502685547,140999,1.387833833694458,976,41.025604248046875,2.139982223510742,0.6075831055641174,20989.569571284,1.5769003629684448,2.3672220706939697,0.6377480626106262,3.1379191875457764,939,2.4302761554718018,35.232078552246094,56.80497741699219,2.9657795429229736,1776949187.9216373,0.3622519075870514,,,,,,,,,,,,,,,,,,,,,,,,,,,,,,,,,,,,,,,,,,,,,,,,,,,,,,,,,,,,,,,,,,,,,,,,,,,,,,,,,
20.888744354248047,141149,1.3801546096801758,977,41.69038391113281,2.1411423683166504,0.6129560470581055,21005.793634274,1.5728585720062256,2.3656463623046875,0.6370177268981934,3.1232919692993164,940,2.458017349243164,36.725189208984375,56.8134651184082,2.9678430557250977,1776949204.1463723,0.3629823327064514,,,,,,,,,,,,,,,,,,,,,,,,,,,,,,,,,,,,,,,,,,,,,,,,,,,,,,,,,,,,,,,,,,,,,,,,,,,,,,,,,
